date,company_id,supplier_id,customer_id,invoice_id,receivable_id,transaction_id,amount,balance,status,issue_date,discount_percentage,discount_deadline,late_penalty_percentage,currency,payment_method,actual_payment_date,invoice_date,expected_date,collection_probability,expected_delay_days,type,category,description,reference_type,reference_id,cash_account_id,opening_balance,daily_inflow,daily_outflow,available_balance,reserved_balance,deployable_cash,invoices_created_count,invoices_created_amount,obligations_created_count,obligations_created_amount,customer_payment_amount,operating_expense_amount,supplier_payment_amount,customer_payment_count,operating_expense_count,supplier_payment_count,unexpected_expense_amount,unexpected_expense_count,loan_draw_amount,loan_draw_count,loan_repayment_amount,loan_repayment_count,interest_payment_amount,interest_payment_count,events_logged_count
2026-08-28,TATA001,SUP003,,INV_FUT_0260,,,68902.88,,PAID,2026-08-28,0.0,,2.0,INR,NEFT,2026-10-12,,,,,,,,,,,,,,,,,,,,,,,,,,,,,,,,,,,
2026-08-29,TATA001,SUP003,,INV_FUT_0261,,,140555.66,,PAID,2026-08-29,0.0,,2.0,INR,NEFT,2026-10-13,,,,,,,,,,,,,,,,,,,,,,,,,,,,,,,,,,,
2026-08-31,TATA001,SUP002,,INV_FUT_0262,,,21563.53,,PAID,2026-08-31,0.0,,2.0,INR,NEFT,2026-09-30,,,,,,,,,,,,,,,,,,,,,,,,,,,,,,,,,,,
2026-09-01,TATA001,SUP003,,INV_FUT_0263,,,69820.02,,PAID,2026-09-01,0.0,,2.0,INR,NEFT,2026-10-16,,,,,,,,,,,,,,,,,,,,,,,,,,,,,,,,,,,
2026-09-01,TATA001,SUP006,,INV_FUT_0264,,,140756.65,,PAID,2026-09-01,0.0,,2.0,INR,NEFT,2026-10-16,,,,,,,,,,,,,,,,,,,,,,,,,,,,,,,,,,,
2026-09-03,TATA001,SUP008,,INV_FUT_0265,,,81395.73,,PAID,2026-09-03,0.0,,2.0,INR,NEFT,2026-10-18,,,,,,,,,,,,,,,,,,,,,,,,,,,,,,,,,,,
2026-09-05,TATA001,SUP004,,INV_FUT_0266,,,68573.91,,PAID,2026-09-05,0.0,,2.0,INR,NEFT,2026-10-05,,,,,,,,,,,,,,,,,,,,,,,,,,,,,,,,,,,
2026-09-05,TATA001,SUP009,,INV_FUT_0267,,,50394.63,,PAID,2026-09-05,0.0,,2.0,INR,NEFT,2026-09-20,,,,,,,,,,,,,,,,,,,,,,,,,,,,,,,,,,,
2026-09-06,TATA001,SUP004,,INV_FUT_0268,,,148629.8,,PAID,2026-09-06,0.0,,2.0,INR,NEFT,2026-10-06,,,,,,,,,,,,,,,,,,,,,,,,,,,,,,,,,,,
2026-09-08,TATA001,SUP001,,INV_FUT_0269,,,203280.38,,PAID,2026-09-08,0.0,,2.0,INR,NEFT,2026-10-23,,,,,,,,,,,,,,,,,,,,,,,,,,,,,,,,,,,
2026-09-11,TATA001,SUP008,,INV_FUT_0270,,,81469.81,,PAID,2026-09-11,1.0,2026-09-21,2.0,INR,NEFT,2026-10-26,,,,,,,,,,,,,,,,,,,,,,,,,,,,,,,,,,,
2026-09-12,TATA001,SUP011,,INV_FUT_0271,,,101727.84,,PAID,2026-09-12,0.0,,2.0,INR,NEFT,2026-10-12,,,,,,,,,,,,,,,,,,,,,,,,,,,,,,,,,,,
2026-09-15,TATA001,SUP007,,INV_FUT_0272,,,75933.54,,PAID,2026-09-15,0.0,,2.0,INR,NEFT,2026-11-14,,,,,,,,,,,,,,,,,,,,,,,,,,,,,,,,,,,
2026-09-15,TATA001,SUP012,,INV_FUT_0273,,,48347.47,,PAID,2026-09-15,1.0,2026-09-25,2.0,INR,NEFT,2026-10-30,,,,,,,,,,,,,,,,,,,,,,,,,,,,,,,,,,,
2026-09-17,TATA001,SUP010,,INV_FUT_0274,,,460062.9,,PAID,2026-09-17,0.0,,2.0,INR,NEFT,2026-11-01,,,,,,,,,,,,,,,,,,,,,,,,,,,,,,,,,,,
2026-09-20,TATA001,SUP001,,INV_FUT_0275,,,233913.71,,PAID,2026-09-20,0.0,,2.0,INR,NEFT,2026-11-04,,,,,,,,,,,,,,,,,,,,,,,,,,,,,,,,,,,
2026-09-21,TATA001,SUP007,,INV_FUT_0276,,,24945.27,,PAID,2026-09-21,0.0,,2.0,INR,NEFT,2026-11-20,,,,,,,,,,,,,,,,,,,,,,,,,,,,,,,,,,,
2026-09-22,TATA001,SUP001,,INV_FUT_0277,,,35069.2,,PAID,2026-09-22,0.0,,2.0,INR,NEFT,2026-11-06,,,,,,,,,,,,,,,,,,,,,,,,,,,,,,,,,,,
2026-09-23,TATA001,SUP004,,INV_FUT_0278,,,71129.12,,PAID,2026-09-23,0.0,,2.0,INR,NEFT,2026-10-23,,,,,,,,,,,,,,,,,,,,,,,,,,,,,,,,,,,
2026-09-25,TATA001,SUP004,,INV_FUT_0279,,,32902.92,,PAID,2026-09-25,0.0,,2.0,INR,NEFT,2026-10-25,,,,,,,,,,,,,,,,,,,,,,,,,,,,,,,,,,,
2026-09-25,TATA001,SUP006,,INV_FUT_0280,,,160726.26,,PAID,2026-09-25,0.0,,2.0,INR,NEFT,2026-11-09,,,,,,,,,,,,,,,,,,,,,,,,,,,,,,,,,,,
2026-09-26,TATA001,SUP009,,INV_FUT_0281,,,83546.76,,PAID,2026-09-26,0.0,,2.0,INR,NEFT,2026-10-11,,,,,,,,,,,,,,,,,,,,,,,,,,,,,,,,,,,
2026-09-28,TATA001,SUP012,,INV_FUT_0282,,,44431.48,,PAID,2026-09-28,0.0,,2.0,INR,NEFT,2026-11-12,,,,,,,,,,,,,,,,,,,,,,,,,,,,,,,,,,,
2026-09-28,TATA001,SUP010,,INV_FUT_0283,,,49179.14,,PAID,2026-09-28,0.0,,2.0,INR,NEFT,2026-11-12,,,,,,,,,,,,,,,,,,,,,,,,,,,,,,,,,,,
2026-09-30,TATA001,SUP012,,INV_FUT_0284,,,54245.79,,PAID,2026-09-30,0.0,,2.0,INR,NEFT,2026-11-14,,,,,,,,,,,,,,,,,,,,,,,,,,,,,,,,,,,
2026-10-03,TATA001,SUP011,,INV_FUT_0285,,,121339.23,,PAID,2026-10-03,0.0,,2.0,INR,NEFT,2026-11-02,,,,,,,,,,,,,,,,,,,,,,,,,,,,,,,,,,,
2026-10-04,TATA001,SUP006,,INV_FUT_0286,,,21750.78,,PAID,2026-10-04,0.0,,2.0,INR,NEFT,2026-11-18,,,,,,,,,,,,,,,,,,,,,,,,,,,,,,,,,,,
2026-10-07,TATA001,SUP001,,INV_FUT_0287,,,91921.69,,PAID,2026-10-07,0.0,,2.0,INR,NEFT,2026-11-21,,,,,,,,,,,,,,,,,,,,,,,,,,,,,,,,,,,
2026-10-08,TATA001,SUP003,,INV_FUT_0288,,,123851.11,,PAID,2026-10-08,0.0,,2.0,INR,NEFT,2026-11-22,,,,,,,,,,,,,,,,,,,,,,,,,,,,,,,,,,,
2026-10-08,TATA001,SUP012,,INV_FUT_0289,,,365186.56,,PAID,2026-10-08,1.0,2026-10-18,2.0,INR,NEFT,2026-11-22,,,,,,,,,,,,,,,,,,,,,,,,,,,,,,,,,,,
2026-10-12,TATA001,SUP009,,INV_FUT_0290,,,87468.18,,PAID,2026-10-12,0.0,,2.0,INR,NEFT,2026-10-27,,,,,,,,,,,,,,,,,,,,,,,,,,,,,,,,,,,
2026-10-13,TATA001,SUP007,,INV_FUT_0291,,,47825.06,,PAID,2026-10-13,0.0,,2.0,INR,NEFT,2026-12-12,,,,,,,,,,,,,,,,,,,,,,,,,,,,,,,,,,,
2026-10-13,TATA001,SUP009,,INV_FUT_0292,,,210891.66,,PAID,2026-10-13,0.0,,2.0,INR,NEFT,2026-10-28,,,,,,,,,,,,,,,,,,,,,,,,,,,,,,,,,,,
2026-10-15,TATA001,SUP009,,INV_FUT_0293,,,19702.15,,PAID,2026-10-15,0.0,,2.0,INR,NEFT,2026-10-30,,,,,,,,,,,,,,,,,,,,,,,,,,,,,,,,,,,
2026-10-16,TATA001,SUP004,,INV_FUT_0294,,,177542.07,,PAID,2026-10-16,2.0,2026-10-26,2.0,INR,NEFT,2026-11-15,,,,,,,,,,,,,,,,,,,,,,,,,,,,,,,,,,,
2026-10-16,TATA001,SUP002,,INV_FUT_0295,,,140981.75,,PAID,2026-10-16,0.0,,2.0,INR,NEFT,2026-11-15,,,,,,,,,,,,,,,,,,,,,,,,,,,,,,,,,,,
2026-10-18,TATA001,SUP001,,INV_FUT_0296,,,122880.54,,PAID,2026-10-18,0.0,,2.0,INR,NEFT,2026-12-02,,,,,,,,,,,,,,,,,,,,,,,,,,,,,,,,,,,
2026-10-18,TATA001,SUP012,,INV_FUT_0297,,,54379.43,,PAID,2026-10-18,0.0,,2.0,INR,NEFT,2026-12-02,,,,,,,,,,,,,,,,,,,,,,,,,,,,,,,,,,,
2026-10-19,TATA001,SUP002,,INV_FUT_0298,,,42123.78,,PAID,2026-10-19,0.0,,2.0,INR,NEFT,2026-11-18,,,,,,,,,,,,,,,,,,,,,,,,,,,,,,,,,,,
2026-10-21,TATA001,SUP010,,INV_FUT_0299,,,102191.32,,PAID,2026-10-21,0.0,,2.0,INR,NEFT,2026-12-05,,,,,,,,,,,,,,,,,,,,,,,,,,,,,,,,,,,
2026-10-22,TATA001,SUP010,,INV_FUT_0300,,,100743.16,,PAID,2026-10-22,0.0,,2.0,INR,NEFT,2026-12-06,,,,,,,,,,,,,,,,,,,,,,,,,,,,,,,,,,,
2026-10-23,TATA001,SUP005,,INV_FUT_0301,,,140674.24,,PAID,2026-10-23,0.0,,2.0,INR,NEFT,2026-11-22,,,,,,,,,,,,,,,,,,,,,,,,,,,,,,,,,,,
2026-10-24,TATA001,SUP010,,INV_FUT_0302,,,22214.17,,PAID,2026-10-24,0.0,,2.0,INR,NEFT,2026-12-08,,,,,,,,,,,,,,,,,,,,,,,,,,,,,,,,,,,
2026-10-24,TATA001,SUP001,,INV_FUT_0303,,,74586.42,,PAID,2026-10-24,0.0,,2.0,INR,NEFT,2026-12-08,,,,,,,,,,,,,,,,,,,,,,,,,,,,,,,,,,,
2026-10-25,TATA001,SUP005,,INV_FUT_0304,,,412752.65,,PAID,2026-10-25,0.0,,2.0,INR,NEFT,2026-11-24,,,,,,,,,,,,,,,,,,,,,,,,,,,,,,,,,,,
2026-10-26,TATA001,SUP001,,INV_FUT_0305,,,89277.69,,PAID,2026-10-26,0.0,,2.0,INR,NEFT,2026-12-10,,,,,,,,,,,,,,,,,,,,,,,,,,,,,,,,,,,
2026-10-27,TATA001,SUP006,,INV_FUT_0306,,,23081.91,,PAID,2026-10-27,0.0,,2.0,INR,NEFT,2026-12-11,,,,,,,,,,,,,,,,,,,,,,,,,,,,,,,,,,,
2026-10-27,TATA001,SUP008,,INV_FUT_0307,,,84156.77,,PAID,2026-10-27,2.0,2026-11-06,2.0,INR,NEFT,2026-12-11,,,,,,,,,,,,,,,,,,,,,,,,,,,,,,,,,,,
2026-10-30,TATA001,SUP011,,INV_FUT_0308,,,49806.19,,PAID,2026-10-30,0.0,,2.0,INR,NEFT,2026-11-29,,,,,,,,,,,,,,,,,,,,,,,,,,,,,,,,,,,
2026-10-30,TATA001,SUP005,,INV_FUT_0309,,,81003.06,,PAID,2026-10-30,1.0,2026-11-09,2.0,INR,NEFT,2026-11-29,,,,,,,,,,,,,,,,,,,,,,,,,,,,,,,,,,,
2026-11-02,TATA001,SUP010,,INV_FUT_0310,,,22961.84,,PAID,2026-11-02,0.0,,2.0,INR,NEFT,2026-12-17,,,,,,,,,,,,,,,,,,,,,,,,,,,,,,,,,,,
2026-11-08,TATA001,SUP004,,INV_FUT_0311,,,67552.43,,PAID,2026-11-08,0.0,,2.0,INR,NEFT,2026-12-08,,,,,,,,,,,,,,,,,,,,,,,,,,,,,,,,,,,
2026-11-09,TATA001,SUP010,,INV_FUT_0312,,,31067.96,,PAID,2026-11-09,0.0,,2.0,INR,NEFT,2026-12-24,,,,,,,,,,,,,,,,,,,,,,,,,,,,,,,,,,,
2026-11-09,TATA001,SUP011,,INV_FUT_0313,,,149988.04,,PAID,2026-11-09,0.0,,2.0,INR,NEFT,2026-12-09,,,,,,,,,,,,,,,,,,,,,,,,,,,,,,,,,,,
2026-11-13,TATA001,SUP012,,INV_FUT_0314,,,90738.36,,PAID,2026-11-13,0.0,,2.0,INR,NEFT,2026-12-28,,,,,,,,,,,,,,,,,,,,,,,,,,,,,,,,,,,
2026-11-14,TATA001,SUP003,,INV_FUT_0315,,,60837.09,,PAID,2026-11-14,0.0,,2.0,INR,NEFT,2026-12-29,,,,,,,,,,,,,,,,,,,,,,,,,,,,,,,,,,,
2026-11-16,TATA001,SUP007,,INV_FUT_0316,,,122293.38,,PENDING,2026-11-16,0.0,,2.0,INR,NEFT,,,,,,,,,,,,,,,,,,,,,,,,,,,,,,,,,,,,
2026-11-17,TATA001,SUP008,,INV_FUT_0317,,,85580.86,,PAID,2026-11-17,0.0,,2.0,INR,NEFT,2027-01-01,,,,,,,,,,,,,,,,,,,,,,,,,,,,,,,,,,,
2026-11-18,TATA001,SUP011,,INV_FUT_0318,,,128952.97,,PAID,2026-11-18,0.0,,2.0,INR,NEFT,2026-12-18,,,,,,,,,,,,,,,,,,,,,,,,,,,,,,,,,,,
2026-11-19,TATA001,SUP001,,INV_FUT_0319,,,68064.53,,PENDING,2026-11-19,0.0,,2.0,INR,NEFT,,,,,,,,,,,,,,,,,,,,,,,,,,,,,,,,,,,,
2026-11-20,TATA001,SUP010,,INV_FUT_0320,,,98714.03,,PENDING,2026-11-20,0.0,,2.0,INR,NEFT,,,,,,,,,,,,,,,,,,,,,,,,,,,,,,,,,,,,
2026-11-23,TATA001,SUP011,,INV_FUT_0321,,,40430.27,,PAID,2026-11-23,0.0,,2.0,INR,NEFT,2026-12-23,,,,,,,,,,,,,,,,,,,,,,,,,,,,,,,,,,,
2026-11-25,TATA001,SUP006,,INV_FUT_0322,,,114893.5,,PENDING,2026-11-25,0.0,,2.0,INR,NEFT,,,,,,,,,,,,,,,,,,,,,,,,,,,,,,,,,,,,
2026-11-26,TATA001,SUP007,,INV_FUT_0323,,,50927.33,,PENDING,2026-11-26,0.0,,2.0,INR,NEFT,,,,,,,,,,,,,,,,,,,,,,,,,,,,,,,,,,,,
2026-11-27,TATA001,SUP004,,INV_FUT_0324,,,134367.21,,PAID,2026-11-27,2.0,2026-12-07,2.0,INR,NEFT,2026-12-27,,,,,,,,,,,,,,,,,,,,,,,,,,,,,,,,,,,
2026-11-29,TATA001,SUP011,,INV_FUT_0325,,,102782.05,,PAID,2026-11-29,0.0,,2.0,INR,NEFT,2026-12-29,,,,,,,,,,,,,,,,,,,,,,,,,,,,,,,,,,,
2026-12-01,TATA001,SUP003,,INV_FUT_0326,,,28949.5,,PENDING,2026-12-01,0.0,,2.0,INR,NEFT,,,,,,,,,,,,,,,,,,,,,,,,,,,,,,,,,,,,
2026-12-01,TATA001,SUP012,,INV_FUT_0327,,,243462.61,,PENDING,2026-12-01,0.0,,2.0,INR,NEFT,,,,,,,,,,,,,,,,,,,,,,,,,,,,,,,,,,,,
2026-12-03,TATA001,SUP004,,INV_FUT_0328,,,75367.26,,PENDING,2026-12-03,2.0,2026-12-13,2.0,INR,NEFT,,,,,,,,,,,,,,,,,,,,,,,,,,,,,,,,,,,,
2026-12-03,TATA001,SUP005,,INV_FUT_0329,,,32817.07,,PENDING,2026-12-03,0.0,,2.0,INR,NEFT,,,,,,,,,,,,,,,,,,,,,,,,,,,,,,,,,,,,
2026-12-04,TATA001,SUP007,,INV_FUT_0330,,,161313.7,,PENDING,2026-12-04,0.0,,2.0,INR,NEFT,,,,,,,,,,,,,,,,,,,,,,,,,,,,,,,,,,,,
2026-12-05,TATA001,SUP004,,INV_FUT_0331,,,49277.84,,PENDING,2026-12-05,1.0,2026-12-15,2.0,INR,NEFT,,,,,,,,,,,,,,,,,,,,,,,,,,,,,,,,,,,,
2026-12-07,TATA001,SUP012,,INV_FUT_0332,,,38606.03,,PENDING,2026-12-07,0.0,,2.0,INR,NEFT,,,,,,,,,,,,,,,,,,,,,,,,,,,,,,,,,,,,
2026-12-07,TATA001,SUP004,,INV_FUT_0333,,,311633.81,,PENDING,2026-12-07,0.0,,2.0,INR,NEFT,,,,,,,,,,,,,,,,,,,,,,,,,,,,,,,,,,,,
2026-12-08,TATA001,SUP012,,INV_FUT_0334,,,149664.98,,PENDING,2026-12-08,0.0,,2.0,INR,NEFT,,,,,,,,,,,,,,,,,,,,,,,,,,,,,,,,,,,,
2026-12-11,TATA001,SUP012,,INV_FUT_0335,,,100818.27,,PENDING,2026-12-11,0.0,,2.0,INR,NEFT,,,,,,,,,,,,,,,,,,,,,,,,,,,,,,,,,,,,
2026-12-11,TATA001,SUP006,,INV_FUT_0336,,,419159.01,,PENDING,2026-12-11,0.0,,2.0,INR,NEFT,,,,,,,,,,,,,,,,,,,,,,,,,,,,,,,,,,,,
2026-12-13,TATA001,SUP003,,INV_FUT_0337,,,119964.27,,PENDING,2026-12-13,0.0,,2.0,INR,NEFT,,,,,,,,,,,,,,,,,,,,,,,,,,,,,,,,,,,,
2026-12-14,TATA001,SUP001,,INV_FUT_0338,,,34663.04,,PENDING,2026-12-14,0.0,,2.0,INR,NEFT,,,,,,,,,,,,,,,,,,,,,,,,,,,,,,,,,,,,
2026-12-14,TATA001,SUP006,,INV_FUT_0339,,,133607.36,,PENDING,2026-12-14,0.0,,2.0,INR,NEFT,,,,,,,,,,,,,,,,,,,,,,,,,,,,,,,,,,,,
2026-12-15,TATA001,SUP010,,INV_FUT_0340,,,114854.56,,PENDING,2026-12-15,0.0,,2.0,INR,NEFT,,,,,,,,,,,,,,,,,,,,,,,,,,,,,,,,,,,,
2026-12-15,TATA001,SUP001,,INV_FUT_0341,,,48932.42,,PENDING,2026-12-15,0.0,,2.0,INR,NEFT,,,,,,,,,,,,,,,,,,,,,,,,,,,,,,,,,,,,
2026-12-16,TATA001,SUP006,,INV_FUT_0342,,,66930.71,,PENDING,2026-12-16,0.0,,2.0,INR,NEFT,,,,,,,,,,,,,,,,,,,,,,,,,,,,,,,,,,,,
2026-12-17,TATA001,SUP009,,INV_FUT_0343,,,49684.63,,PAID,2026-12-17,1.0,2026-12-27,2.0,INR,NEFT,2027-01-01,,,,,,,,,,,,,,,,,,,,,,,,,,,,,,,,,,,
2026-12-18,TATA001,SUP007,,INV_FUT_0344,,,27429.86,,PENDING,2026-12-18,0.0,,2.0,INR,NEFT,,,,,,,,,,,,,,,,,,,,,,,,,,,,,,,,,,,,
2026-12-22,TATA001,SUP011,,INV_FUT_0345,,,173328.63,,PENDING,2026-12-22,0.0,,2.0,INR,NEFT,,,,,,,,,,,,,,,,,,,,,,,,,,,,,,,,,,,,
2026-12-22,TATA001,SUP006,,INV_FUT_0346,,,70911.88,,PENDING,2026-12-22,0.0,,2.0,INR,NEFT,,,,,,,,,,,,,,,,,,,,,,,,,,,,,,,,,,,,
2026-12-24,TATA001,SUP006,,INV_FUT_0347,,,138745.78,,PENDING,2026-12-24,0.0,,2.0,INR,NEFT,,,,,,,,,,,,,,,,,,,,,,,,,,,,,,,,,,,,
2026-12-24,TATA001,SUP009,,INV_FUT_0348,,,84408.19,,PENDING,2026-12-24,0.0,,2.0,INR,NEFT,,,,,,,,,,,,,,,,,,,,,,,,,,,,,,,,,,,,
2026-12-26,TATA001,SUP011,,INV_FUT_0349,,,220013.19,,PENDING,2026-12-26,0.0,,2.0,INR,NEFT,,,,,,,,,,,,,,,,,,,,,,,,,,,,,,,,,,,,
2026-12-27,TATA001,SUP004,,INV_FUT_0350,,,42256.43,,PENDING,2026-12-27,0.0,,2.0,INR,NEFT,,,,,,,,,,,,,,,,,,,,,,,,,,,,,,,,,,,,
2026-12-28,TATA001,SUP012,,INV_FUT_0351,,,57919.42,,PENDING,2026-12-28,0.0,,2.0,INR,NEFT,,,,,,,,,,,,,,,,,,,,,,,,,,,,,,,,,,,,
2026-12-28,TATA001,SUP011,,INV_FUT_0352,,,19528.05,,PENDING,2026-12-28,0.0,,2.0,INR,NEFT,,,,,,,,,,,,,,,,,,,,,,,,,,,,,,,,,,,,
2026-12-31,TATA001,SUP007,,INV_FUT_0353,,,15000.0,,PENDING,2026-12-31,0.0,,2.0,INR,NEFT,,,,,,,,,,,,,,,,,,,,,,,,,,,,,,,,,,,,
2026-12-31,TATA001,SUP007,,INV_FUT_0354,,,88270.38,,PENDING,2026-12-31,0.0,,2.0,INR,NEFT,,,,,,,,,,,,,,,,,,,,,,,,,,,,,,,,,,,,
2026-09-28,TATA001,,CUST011,,REC_FUT_0365,,31760.96,,PAID,,,,,,,2026-09-22,2026-08-28,2026-09-28,0.87,1.0,,,,,,,,,,,,,,,,,,,,,,,,,,,,,,,
2026-10-18,TATA001,,CUST001,,REC_FUT_0366,,243018.94,,PAID,,,,,,,2026-10-13,2026-08-28,2026-10-18,0.66,6.0,,,,,,,,,,,,,,,,,,,,,,,,,,,,,,,
2026-10-03,TATA001,,CUST009,,REC_FUT_0367,,42841.35,,PAID,,,,,,,2026-10-10,2026-08-29,2026-10-03,0.78,5.0,,,,,,,,,,,,,,,,,,,,,,,,,,,,,,,
2026-10-08,TATA001,,CUST014,,REC_FUT_0368,,168225.96,,PAID,,,,,,,2026-09-24,2026-08-30,2026-10-08,0.8,9.0,,,,,,,,,,,,,,,,,,,,,,,,,,,,,,,
2026-10-12,TATA001,,CUST013,,REC_FUT_0369,,268441.43,,PAID,,,,,,,2026-10-25,2026-08-30,2026-10-12,0.77,13.0,,,,,,,,,,,,,,,,,,,,,,,,,,,,,,,
2026-11-20,TATA001,,CUST005,,REC_FUT_0370,,229474.43,,PAID,,,,,,,2026-11-06,2026-08-31,2026-11-20,0.38,21.0,,,,,,,,,,,,,,,,,,,,,,,,,,,,,,,
2026-10-04,TATA001,,CUST002,,REC_FUT_0371,,149141.05,,PAID,,,,,,,2026-09-29,2026-09-04,2026-10-04,0.85,0.0,,,,,,,,,,,,,,,,,,,,,,,,,,,,,,,
2026-10-12,TATA001,,CUST012,,REC_FUT_0372,,93967.98,,PAID,,,,,,,2026-10-03,2026-09-05,2026-10-12,0.73,7.0,,,,,,,,,,,,,,,,,,,,,,,,,,,,,,,
2026-10-13,TATA001,,CUST006,,REC_FUT_0373,,240469.52,,PAID,,,,,,,2026-10-03,2026-09-05,2026-10-13,0.69,8.0,,,,,,,,,,,,,,,,,,,,,,,,,,,,,,,
2026-10-28,TATA001,,CUST001,,REC_FUT_0374,,40797.99,,PAID,,,,,,,2026-10-23,2026-09-07,2026-10-28,0.66,6.0,,,,,,,,,,,,,,,,,,,,,,,,,,,,,,,
2026-10-28,TATA001,,CUST001,,REC_FUT_0375,,154929.17,,PAID,,,,,,,2026-10-23,2026-09-07,2026-10-28,0.66,6.0,,,,,,,,,,,,,,,,,,,,,,,,,,,,,,,
2026-10-28,TATA001,,CUST004,,REC_FUT_0376,,52588.91,,PAID,,,,,,,2026-10-19,2026-09-08,2026-10-28,0.8,5.0,,,,,,,,,,,,,,,,,,,,,,,,,,,,,,,
2026-10-11,TATA001,,CUST002,,REC_FUT_0377,,90878.7,,PAID,,,,,,,2026-10-07,2026-09-11,2026-10-11,0.85,0.0,,,,,,,,,,,,,,,,,,,,,,,,,,,,,,,
2026-10-02,TATA001,,CUST010,,REC_FUT_0378,,226495.9,,PAID,,,,,,,2026-09-23,2026-09-13,2026-10-02,0.96,4.0,,,,,,,,,,,,,,,,,,,,,,,,,,,,,,,
2026-11-03,TATA001,,CUST001,,REC_FUT_0379,,200272.76,,PAID,,,,,,,2026-11-04,2026-09-13,2026-11-03,0.66,6.0,,,,,,,,,,,,,,,,,,,,,,,,,,,,,,,
2026-10-14,TATA001,,CUST002,,REC_FUT_0380,,133002.41,,PAID,,,,,,,2026-10-15,2026-09-14,2026-10-14,0.85,0.0,,,,,,,,,,,,,,,,,,,,,,,,,,,,,,,
2026-10-23,TATA001,,CUST014,,REC_FUT_0381,,179760.32,,PAID,,,,,,,2026-10-29,2026-09-14,2026-10-23,0.8,9.0,,,,,,,,,,,,,,,,,,,,,,,,,,,,,,,
2026-10-24,TATA001,,CUST006,,REC_FUT_0382,,292594.57,,PAID,,,,,,,2026-10-12,2026-09-16,2026-10-24,0.69,8.0,,,,,,,,,,,,,,,,,,,,,,,,,,,,,,,
2026-10-05,TATA001,,CUST007,,REC_FUT_0383,,84627.37,,PAID,,,,,,,2026-10-01,2026-09-18,2026-10-05,0.94,2.0,,,,,,,,,,,,,,,,,,,,,,,,,,,,,,,
2026-10-21,TATA001,,CUST011,,REC_FUT_0384,,79869.41,,PAID,,,,,,,2026-10-21,2026-09-20,2026-10-21,0.87,1.0,,,,,,,,,,,,,,,,,,,,,,,,,,,,,,,
2026-10-29,TATA001,,CUST006,,REC_FUT_0385,,59228.53,,PAID,,,,,,,2026-10-19,2026-09-21,2026-10-29,0.69,8.0,,,,,,,,,,,,,,,,,,,,,,,,,,,,,,,
2026-10-29,TATA001,,CUST006,,REC_FUT_0386,,190148.49,,PAID,,,,,,,2026-10-23,2026-09-21,2026-10-29,0.69,8.0,,,,,,,,,,,,,,,,,,,,,,,,,,,,,,,
2026-11-13,TATA001,,CUST001,,REC_FUT_0387,,54019.56,,PAID,,,,,,,2026-11-08,2026-09-23,2026-11-13,0.66,6.0,,,,,,,,,,,,,,,,,,,,,,,,,,,,,,,
2026-12-16,TATA001,,CUST008,,REC_FUT_0388,,63738.35,,PAID,,,,,,,2026-11-08,2026-09-23,2026-12-16,0.47,39.0,,,,,,,,,,,,,,,,,,,,,,,,,,,,,,,
2026-12-14,TATA001,,CUST005,,REC_FUT_0389,,128534.2,,PAID,,,,,,,2026-11-18,2026-09-24,2026-12-14,0.38,21.0,,,,,,,,,,,,,,,,,,,,,,,,,,,,,,,
2026-10-30,TATA001,,CUST009,,REC_FUT_0390,,322981.51,,PAID,,,,,,,2026-10-22,2026-09-25,2026-10-30,0.78,5.0,,,,,,,,,,,,,,,,,,,,,,,,,,,,,,,
2026-11-04,TATA001,,CUST014,,REC_FUT_0391,,93920.86,,PAID,,,,,,,2026-11-22,2026-09-26,2026-11-04,0.8,9.0,,,,,,,,,,,,,,,,,,,,,,,,,,,,,,,
2026-11-16,TATA001,,CUST001,,REC_FUT_0392,,549523.01,,PAID,,,,,,,2026-11-09,2026-09-26,2026-11-16,0.66,6.0,,,,,,,,,,,,,,,,,,,,,,,,,,,,,,,
2026-11-02,TATA001,,CUST012,,REC_FUT_0393,,68546.81,,PAID,,,,,,,2026-10-28,2026-09-26,2026-11-02,0.73,7.0,,,,,,,,,,,,,,,,,,,,,,,,,,,,,,,
2026-10-28,TATA001,,CUST011,,REC_FUT_0394,,154001.23,,PAID,,,,,,,2026-10-22,2026-09-27,2026-10-28,0.87,1.0,,,,,,,,,,,,,,,,,,,,,,,,,,,,,,,
2026-11-04,TATA001,,CUST012,,REC_FUT_0395,,69813.45,,PAID,,,,,,,2026-10-30,2026-09-28,2026-11-04,0.73,7.0,,,,,,,,,,,,,,,,,,,,,,,,,,,,,,,
2026-11-10,TATA001,,CUST013,,REC_FUT_0396,,75229.76,,PAID,,,,,,,2026-10-26,2026-09-28,2026-11-10,0.77,13.0,,,,,,,,,,,,,,,,,,,,,,,,,,,,,,,
2026-10-29,TATA001,,CUST011,,REC_FUT_0397,,160936.28,,PAID,,,,,,,2026-10-28,2026-09-28,2026-10-29,0.87,1.0,,,,,,,,,,,,,,,,,,,,,,,,,,,,,,,
2026-10-18,TATA001,,CUST010,,REC_FUT_0398,,96985.77,,PAID,,,,,,,2026-10-12,2026-09-29,2026-10-18,0.96,4.0,,,,,,,,,,,,,,,,,,,,,,,,,,,,,,,
2026-10-20,TATA001,,CUST010,,REC_FUT_0399,,47978.14,,PAID,,,,,,,2026-10-15,2026-10-01,2026-10-20,0.96,4.0,,,,,,,,,,,,,,,,,,,,,,,,,,,,,,,
2026-11-08,TATA001,,CUST006,,REC_FUT_0400,,190448.02,,PAID,,,,,,,2026-11-02,2026-10-01,2026-11-08,0.69,8.0,,,,,,,,,,,,,,,,,,,,,,,,,,,,,,,
2026-10-20,TATA001,,CUST010,,REC_FUT_0401,,227287.65,,PAID,,,,,,,2026-10-15,2026-10-01,2026-10-20,0.96,4.0,,,,,,,,,,,,,,,,,,,,,,,,,,,,,,,
2026-11-01,TATA001,,CUST002,,REC_FUT_0402,,74120.24,,PAID,,,,,,,2026-10-29,2026-10-02,2026-11-01,0.85,0.0,,,,,,,,,,,,,,,,,,,,,,,,,,,,,,,
2026-11-24,TATA001,,CUST001,,REC_FUT_0403,,125749.37,,PAID,,,,,,,2026-11-14,2026-10-04,2026-11-24,0.66,6.0,,,,,,,,,,,,,,,,,,,,,,,,,,,,,,,
2026-10-24,TATA001,,CUST003,,REC_FUT_0404,,322305.02,,PAID,,,,,,,2026-10-19,2026-10-06,2026-10-24,0.94,3.0,,,,,,,,,,,,,,,,,,,,,,,,,,,,,,,
2026-10-22,TATA001,,CUST015,,REC_FUT_0405,,383507.47,,PAID,,,,,,,2026-10-20,2026-10-06,2026-10-22,0.94,1.0,,,,,,,,,,,,,,,,,,,,,,,,,,,,,,,
2026-10-26,TATA001,,CUST010,,REC_FUT_0406,,71043.52,,PAID,,,,,,,2026-10-22,2026-10-07,2026-10-26,0.96,4.0,,,,,,,,,,,,,,,,,,,,,,,,,,,,,,,
2026-11-26,TATA001,,CUST004,,REC_FUT_0407,,83167.25,,PAID,,,,,,,2026-11-16,2026-10-07,2026-11-26,0.8,5.0,,,,,,,,,,,,,,,,,,,,,,,,,,,,,,,
2026-11-07,TATA001,,CUST002,,REC_FUT_0408,,137877.34,,PAID,,,,,,,2026-11-03,2026-10-08,2026-11-07,0.85,0.0,,,,,,,,,,,,,,,,,,,,,,,,,,,,,,,
2026-10-25,TATA001,,CUST015,,REC_FUT_0409,,96388.0,,PAID,,,,,,,2026-10-19,2026-10-09,2026-10-25,0.94,1.0,,,,,,,,,,,,,,,,,,,,,,,,,,,,,,,
2026-10-26,TATA001,,CUST007,,REC_FUT_0410,,62391.97,,PAID,,,,,,,2026-10-20,2026-10-09,2026-10-26,0.94,2.0,,,,,,,,,,,,,,,,,,,,,,,,,,,,,,,
2026-10-28,TATA001,,CUST010,,REC_FUT_0411,,41542.68,,PAID,,,,,,,2026-10-20,2026-10-09,2026-10-28,0.96,4.0,,,,,,,,,,,,,,,,,,,,,,,,,,,,,,,
2026-10-27,TATA001,,CUST007,,REC_FUT_0412,,65404.67,,PAID,,,,,,,2026-10-25,2026-10-10,2026-10-27,0.94,2.0,,,,,,,,,,,,,,,,,,,,,,,,,,,,,,,
2026-10-26,TATA001,,CUST015,,REC_FUT_0413,,106597.05,,PAID,,,,,,,2026-10-22,2026-10-10,2026-10-26,0.94,1.0,,,,,,,,,,,,,,,,,,,,,,,,,,,,,,,
2026-11-10,TATA001,,CUST011,,REC_FUT_0414,,383153.32,,PAID,,,,,,,2026-11-05,2026-10-10,2026-11-10,0.87,1.0,,,,,,,,,,,,,,,,,,,,,,,,,,,,,,,
2027-01-03,TATA001,,CUST008,,REC_FUT_0415,,75937.97,,PAID,,,,,,,2026-11-22,2026-10-11,2027-01-03,0.47,39.0,,,,,,,,,,,,,,,,,,,,,,,,,,,,,,,
2026-12-03,TATA001,,CUST001,,REC_FUT_0416,,639762.76,,PAID,,,,,,,2026-12-09,2026-10-13,2026-12-03,0.66,6.0,,,,,,,,,,,,,,,,,,,,,,,,,,,,,,,
2026-12-03,TATA001,,CUST004,,REC_FUT_0417,,49401.14,,PAID,,,,,,,2026-11-23,2026-10-14,2026-12-03,0.8,5.0,,,,,,,,,,,,,,,,,,,,,,,,,,,,,,,
2026-11-15,TATA001,,CUST002,,REC_FUT_0418,,150811.2,,PAID,,,,,,,2026-11-16,2026-10-16,2026-11-15,0.85,0.0,,,,,,,,,,,,,,,,,,,,,,,,,,,,,,,
2027-01-08,TATA001,,CUST008,,REC_FUT_0419,,164960.01,,PAID,,,,,,,2026-11-26,2026-10-16,2027-01-08,0.47,39.0,,,,,,,,,,,,,,,,,,,,,,,,,,,,,,,
2026-11-17,TATA001,,CUST011,,REC_FUT_0420,,155607.46,,PAID,,,,,,,2026-11-15,2026-10-17,2026-11-17,0.87,1.0,,,,,,,,,,,,,,,,,,,,,,,,,,,,,,,
2027-01-06,TATA001,,CUST005,,REC_FUT_0421,,230192.75,,PAID,,,,,,,2026-12-16,2026-10-17,2027-01-06,0.38,21.0,,,,,,,,,,,,,,,,,,,,,,,,,,,,,,,
2026-11-02,TATA001,,CUST015,,REC_FUT_0422,,247336.96,,PAID,,,,,,,2026-10-27,2026-10-17,2026-11-02,0.94,1.0,,,,,,,,,,,,,,,,,,,,,,,,,,,,,,,
2027-01-07,TATA001,,CUST005,,REC_FUT_0423,,287078.59,,PAID,,,,,,,2026-12-21,2026-10-18,2027-01-07,0.38,21.0,,,,,,,,,,,,,,,,,,,,,,,,,,,,,,,
2026-11-05,TATA001,,CUST007,,REC_FUT_0424,,60870.79,,PAID,,,,,,,2026-11-02,2026-10-19,2026-11-05,0.94,2.0,,,,,,,,,,,,,,,,,,,,,,,,,,,,,,,
2026-11-07,TATA001,,CUST007,,REC_FUT_0425,,154271.43,,PAID,,,,,,,2026-11-05,2026-10-21,2026-11-07,0.94,2.0,,,,,,,,,,,,,,,,,,,,,,,,,,,,,,,
2026-12-13,TATA001,,CUST001,,REC_FUT_0426,,93153.17,,PAID,,,,,,,2026-12-04,2026-10-23,2026-12-13,0.66,6.0,,,,,,,,,,,,,,,,,,,,,,,,,,,,,,,
2026-11-29,TATA001,,CUST012,,REC_FUT_0427,,109358.89,,PAID,,,,,,,2026-11-22,2026-10-23,2026-11-29,0.73,7.0,,,,,,,,,,,,,,,,,,,,,,,,,,,,,,,
2026-12-07,TATA001,,CUST013,,REC_FUT_0428,,116188.52,,PAID,,,,,,,2026-11-29,2026-10-25,2026-12-07,0.77,13.0,,,,,,,,,,,,,,,,,,,,,,,,,,,,,,,
2026-12-03,TATA001,,CUST014,,REC_FUT_0429,,171414.34,,PAID,,,,,,,2026-11-20,2026-10-25,2026-12-03,0.8,9.0,,,,,,,,,,,,,,,,,,,,,,,,,,,,,,,
2026-12-08,TATA001,,CUST013,,REC_FUT_0430,,87952.77,,PAID,,,,,,,2026-11-23,2026-10-26,2026-12-08,0.77,13.0,,,,,,,,,,,,,,,,,,,,,,,,,,,,,,,
2026-11-11,TATA001,,CUST015,,REC_FUT_0431,,127185.92,,PAID,,,,,,,2026-11-06,2026-10-26,2026-11-11,0.94,1.0,,,,,,,,,,,,,,,,,,,,,,,,,,,,,,,
2027-01-16,TATA001,,CUST005,,REC_FUT_0432,,329133.03,,PENDING,,,,,,,,2026-10-27,2027-01-16,0.38,21.0,,,,,,,,,,,,,,,,,,,,,,,,,,,,,,,
2026-12-03,TATA001,,CUST012,,REC_FUT_0433,,254304.43,,PAID,,,,,,,2026-11-24,2026-10-27,2026-12-03,0.73,7.0,,,,,,,,,,,,,,,,,,,,,,,,,,,,,,,
2026-11-16,TATA001,,CUST010,,REC_FUT_0434,,82185.48,,PAID,,,,,,,2026-11-07,2026-10-28,2026-11-16,0.96,4.0,,,,,,,,,,,,,,,,,,,,,,,,,,,,,,,
2026-12-07,TATA001,,CUST014,,REC_FUT_0435,,84620.34,,PAID,,,,,,,2026-11-28,2026-10-29,2026-12-07,0.8,9.0,,,,,,,,,,,,,,,,,,,,,,,,,,,,,,,
2026-11-17,TATA001,,CUST010,,REC_FUT_0436,,123284.19,,PAID,,,,,,,2026-11-10,2026-10-29,2026-11-17,0.96,4.0,,,,,,,,,,,,,,,,,,,,,,,,,,,,,,,
2026-11-29,TATA001,,CUST011,,REC_FUT_0437,,30731.05,,PAID,,,,,,,2026-11-23,2026-10-29,2026-11-29,0.87,1.0,,,,,,,,,,,,,,,,,,,,,,,,,,,,,,,
2027-01-19,TATA001,,CUST005,,REC_FUT_0438,,214381.08,,PAID,,,,,,,2026-12-29,2026-10-30,2027-01-19,0.38,21.0,,,,,,,,,,,,,,,,,,,,,,,,,,,,,,,
2026-12-13,TATA001,,CUST013,,REC_FUT_0439,,141064.37,,PAID,,,,,,,2026-12-01,2026-10-31,2026-12-13,0.77,13.0,,,,,,,,,,,,,,,,,,,,,,,,,,,,,,,
2026-11-17,TATA001,,CUST007,,REC_FUT_0440,,75503.65,,PAID,,,,,,,2026-11-15,2026-10-31,2026-11-17,0.94,2.0,,,,,,,,,,,,,,,,,,,,,,,,,,,,,,,
2026-11-17,TATA001,,CUST015,,REC_FUT_0441,,326396.06,,PAID,,,,,,,2026-11-11,2026-11-01,2026-11-17,0.94,1.0,,,,,,,,,,,,,,,,,,,,,,,,,,,,,,,
2026-12-21,TATA001,,CUST004,,REC_FUT_0442,,104190.35,,PAID,,,,,,,2026-12-16,2026-11-01,2026-12-21,0.8,5.0,,,,,,,,,,,,,,,,,,,,,,,,,,,,,,,
2026-12-10,TATA001,,CUST014,,REC_FUT_0443,,73965.96,,PAID,,,,,,,2026-11-28,2026-11-01,2026-12-10,0.8,9.0,,,,,,,,,,,,,,,,,,,,,,,,,,,,,,,
2026-12-02,TATA001,,CUST002,,REC_FUT_0444,,407098.3,,PAID,,,,,,,2026-12-02,2026-11-02,2026-12-02,0.85,0.0,,,,,,,,,,,,,,,,,,,,,,,,,,,,,,,
2026-12-16,TATA001,,CUST013,,REC_FUT_0445,,30000.0,,PAID,,,,,,,2026-12-06,2026-11-03,2026-12-16,0.77,13.0,,,,,,,,,,,,,,,,,,,,,,,,,,,,,,,
2026-11-21,TATA001,,CUST007,,REC_FUT_0446,,171792.98,,PAID,,,,,,,2026-11-20,2026-11-04,2026-11-21,0.94,2.0,,,,,,,,,,,,,,,,,,,,,,,,,,,,,,,
2026-12-25,TATA001,,CUST004,,REC_FUT_0447,,217752.9,,PAID,,,,,,,2026-12-18,2026-11-05,2026-12-25,0.8,5.0,,,,,,,,,,,,,,,,,,,,,,,,,,,,,,,
2026-12-26,TATA001,,CUST004,,REC_FUT_0448,,129399.59,,PAID,,,,,,,2026-12-20,2026-11-06,2026-12-26,0.8,5.0,,,,,,,,,,,,,,,,,,,,,,,,,,,,,,,
2026-12-11,TATA001,,CUST009,,REC_FUT_0449,,73507.66,,PAID,,,,,,,2026-12-03,2026-11-06,2026-12-11,0.78,5.0,,,,,,,,,,,,,,,,,,,,,,,,,,,,,,,
2026-12-13,TATA001,,CUST012,,REC_FUT_0450,,44524.15,,PAID,,,,,,,2026-12-01,2026-11-06,2026-12-13,0.73,7.0,,,,,,,,,,,,,,,,,,,,,,,,,,,,,,,
2026-11-26,TATA001,,CUST010,,REC_FUT_0451,,200931.66,,PAID,,,,,,,2026-11-17,2026-11-07,2026-11-26,0.96,4.0,,,,,,,,,,,,,,,,,,,,,,,,,,,,,,,
2026-12-08,TATA001,,CUST011,,REC_FUT_0452,,171981.26,,PAID,,,,,,,2026-12-02,2026-11-07,2026-12-08,0.87,1.0,,,,,,,,,,,,,,,,,,,,,,,,,,,,,,,
2026-12-30,TATA001,,CUST001,,REC_FUT_0453,,397379.05,,PAID,,,,,,,2026-12-28,2026-11-09,2026-12-30,0.66,6.0,,,,,,,,,,,,,,,,,,,,,,,,,,,,,,,
2026-12-23,TATA001,,CUST013,,REC_FUT_0454,,94410.07,,PAID,,,,,,,2026-12-10,2026-11-10,2026-12-23,0.77,13.0,,,,,,,,,,,,,,,,,,,,,,,,,,,,,,,
2026-12-17,TATA001,,CUST012,,REC_FUT_0455,,66329.48,,PAID,,,,,,,2026-12-07,2026-11-10,2026-12-17,0.73,7.0,,,,,,,,,,,,,,,,,,,,,,,,,,,,,,,
2026-12-11,TATA001,,CUST011,,REC_FUT_0456,,68296.6,,PAID,,,,,,,2026-12-07,2026-11-10,2026-12-11,0.87,1.0,,,,,,,,,,,,,,,,,,,,,,,,,,,,,,,
2026-11-27,TATA001,,CUST015,,REC_FUT_0457,,114914.58,,PAID,,,,,,,2026-11-21,2026-11-11,2026-11-27,0.94,1.0,,,,,,,,,,,,,,,,,,,,,,,,,,,,,,,
2026-12-21,TATA001,,CUST014,,REC_FUT_0458,,85812.24,,PAID,,,,,,,2026-12-10,2026-11-12,2026-12-21,0.8,9.0,,,,,,,,,,,,,,,,,,,,,,,,,,,,,,,
2026-11-28,TATA001,,CUST015,,REC_FUT_0459,,155414.54,,PAID,,,,,,,2026-11-26,2026-11-12,2026-11-28,0.94,1.0,,,,,,,,,,,,,,,,,,,,,,,,,,,,,,,
2026-12-13,TATA001,,CUST011,,REC_FUT_0460,,106911.06,,PAID,,,,,,,2026-12-11,2026-11-12,2026-12-13,0.87,1.0,,,,,,,,,,,,,,,,,,,,,,,,,,,,,,,
2027-02-07,TATA001,,CUST008,,REC_FUT_0461,,179046.51,,PENDING,,,,,,,,2026-11-15,2027-02-07,0.47,39.0,,,,,,,,,,,,,,,,,,,,,,,,,,,,,,,
2027-02-05,TATA001,,CUST005,,REC_FUT_0462,,180914.18,,PENDING,,,,,,,,2026-11-16,2027-02-05,0.38,21.0,,,,,,,,,,,,,,,,,,,,,,,,,,,,,,,
2027-02-09,TATA001,,CUST008,,REC_FUT_0463,,276621.87,,PAID,,,,,,,2026-12-31,2026-11-17,2027-02-09,0.47,39.0,,,,,,,,,,,,,,,,,,,,,,,,,,,,,,,
2027-01-10,TATA001,,CUST001,,REC_FUT_0464,,298965.08,,PENDING,,,,,,,,2026-11-20,2027-01-10,0.66,6.0,,,,,,,,,,,,,,,,,,,,,,,,,,,,,,,
2026-12-07,TATA001,,CUST015,,REC_FUT_0465,,64203.97,,PAID,,,,,,,2026-12-02,2026-11-21,2026-12-07,0.94,1.0,,,,,,,,,,,,,,,,,,,,,,,,,,,,,,,
2026-12-22,TATA001,,CUST011,,REC_FUT_0466,,42159.28,,PAID,,,,,,,2026-12-18,2026-11-21,2026-12-22,0.87,1.0,,,,,,,,,,,,,,,,,,,,,,,,,,,,,,,
2026-12-28,TATA001,,CUST009,,REC_FUT_0467,,87442.04,,PAID,,,,,,,2026-12-22,2026-11-23,2026-12-28,0.78,5.0,,,,,,,,,,,,,,,,,,,,,,,,,,,,,,,
2027-02-16,TATA001,,CUST008,,REC_FUT_0468,,108012.01,,PENDING,,,,,,,,2026-11-24,2027-02-16,0.47,39.0,,,,,,,,,,,,,,,,,,,,,,,,,,,,,,,
2027-01-03,TATA001,,CUST014,,REC_FUT_0469,,35811.23,,PAID,,,,,,,2026-12-22,2026-11-25,2027-01-03,0.8,9.0,,,,,,,,,,,,,,,,,,,,,,,,,,,,,,,
2027-01-16,TATA001,,CUST001,,REC_FUT_0470,,69966.82,,PENDING,,,,,,,,2026-11-26,2027-01-16,0.66,6.0,,,,,,,,,,,,,,,,,,,,,,,,,,,,,,,
2027-02-18,TATA001,,CUST008,,REC_FUT_0471,,219043.71,,PENDING,,,,,,,,2026-11-26,2027-02-18,0.47,39.0,,,,,,,,,,,,,,,,,,,,,,,,,,,,,,,
2027-01-06,TATA001,,CUST014,,REC_FUT_0472,,189105.46,,PAID,,,,,,,2026-12-28,2026-11-28,2027-01-06,0.8,9.0,,,,,,,,,,,,,,,,,,,,,,,,,,,,,,,
2027-02-22,TATA001,,CUST008,,REC_FUT_0473,,55443.33,,PENDING,,,,,,,,2026-11-30,2027-02-22,0.47,39.0,,,,,,,,,,,,,,,,,,,,,,,,,,,,,,,
2027-01-04,TATA001,,CUST009,,REC_FUT_0474,,105514.33,,PAID,,,,,,,2026-12-28,2026-11-30,2027-01-04,0.78,5.0,,,,,,,,,,,,,,,,,,,,,,,,,,,,,,,
2026-12-18,TATA001,,CUST007,,REC_FUT_0475,,108823.03,,PAID,,,,,,,2026-12-14,2026-12-01,2026-12-18,0.94,2.0,,,,,,,,,,,,,,,,,,,,,,,,,,,,,,,
2027-01-07,TATA001,,CUST009,,REC_FUT_0476,,201622.74,,PENDING,,,,,,,,2026-12-03,2027-01-07,0.78,5.0,,,,,,,,,,,,,,,,,,,,,,,,,,,,,,,
2026-12-20,TATA001,,CUST007,,REC_FUT_0477,,59075.82,,PAID,,,,,,,2026-12-20,2026-12-03,2026-12-20,0.94,2.0,,,,,,,,,,,,,,,,,,,,,,,,,,,,,,,
2027-01-10,TATA001,,CUST012,,REC_FUT_0478,,89610.68,,PENDING,,,,,,,,2026-12-04,2027-01-10,0.73,7.0,,,,,,,,,,,,,,,,,,,,,,,,,,,,,,,
2027-01-25,TATA001,,CUST001,,REC_FUT_0479,,168774.18,,PENDING,,,,,,,,2026-12-05,2027-01-25,0.66,6.0,,,,,,,,,,,,,,,,,,,,,,,,,,,,,,,
2026-12-24,TATA001,,CUST003,,REC_FUT_0480,,79898.45,,PAID,,,,,,,2026-12-21,2026-12-06,2026-12-24,0.94,3.0,,,,,,,,,,,,,,,,,,,,,,,,,,,,,,,
2027-01-18,TATA001,,CUST013,,REC_FUT_0481,,132303.97,,PENDING,,,,,,,,2026-12-06,2027-01-18,0.77,13.0,,,,,,,,,,,,,,,,,,,,,,,,,,,,,,,
2027-01-20,TATA001,,CUST013,,REC_FUT_0482,,140161.14,,PENDING,,,,,,,,2026-12-08,2027-01-20,0.77,13.0,,,,,,,,,,,,,,,,,,,,,,,,,,,,,,,
2027-01-21,TATA001,,CUST013,,REC_FUT_0483,,170181.41,,PENDING,,,,,,,,2026-12-09,2027-01-21,0.77,13.0,,,,,,,,,,,,,,,,,,,,,,,,,,,,,,,
2027-01-23,TATA001,,CUST013,,REC_FUT_0484,,118204.72,,PENDING,,,,,,,,2026-12-11,2027-01-23,0.77,13.0,,,,,,,,,,,,,,,,,,,,,,,,,,,,,,,
2027-03-05,TATA001,,CUST008,,REC_FUT_0485,,212161.24,,PENDING,,,,,,,,2026-12-11,2027-03-05,0.47,39.0,,,,,,,,,,,,,,,,,,,,,,,,,,,,,,,
2027-01-16,TATA001,,CUST009,,REC_FUT_0486,,52992.02,,PENDING,,,,,,,,2026-12-12,2027-01-16,0.78,5.0,,,,,,,,,,,,,,,,,,,,,,,,,,,,,,,
2027-01-24,TATA001,,CUST013,,REC_FUT_0487,,75319.27,,PENDING,,,,,,,,2026-12-12,2027-01-24,0.77,13.0,,,,,,,,,,,,,,,,,,,,,,,,,,,,,,,
2027-01-20,TATA001,,CUST012,,REC_FUT_0488,,240512.44,,PENDING,,,,,,,,2026-12-14,2027-01-20,0.73,7.0,,,,,,,,,,,,,,,,,,,,,,,,,,,,,,,
2027-02-03,TATA001,,CUST001,,REC_FUT_0489,,869355.36,,PENDING,,,,,,,,2026-12-14,2027-02-03,0.66,6.0,,,,,,,,,,,,,,,,,,,,,,,,,,,,,,,
2027-03-05,TATA001,,CUST005,,REC_FUT_0490,,101962.44,,PENDING,,,,,,,,2026-12-14,2027-03-05,0.38,21.0,,,,,,,,,,,,,,,,,,,,,,,,,,,,,,,
2026-12-31,TATA001,,CUST015,,REC_FUT_0491,,49539.27,,PAID,,,,,,,2026-12-26,2026-12-15,2026-12-31,0.94,1.0,,,,,,,,,,,,,,,,,,,,,,,,,,,,,,,
2027-01-16,TATA001,,CUST011,,REC_FUT_0492,,126515.04,,PENDING,,,,,,,,2026-12-16,2027-01-16,0.87,1.0,,,,,,,,,,,,,,,,,,,,,,,,,,,,,,,
2027-03-07,TATA001,,CUST005,,REC_FUT_0493,,234153.53,,PENDING,,,,,,,,2026-12-16,2027-03-07,0.38,21.0,,,,,,,,,,,,,,,,,,,,,,,,,,,,,,,
2027-01-30,TATA001,,CUST013,,REC_FUT_0494,,328335.34,,PENDING,,,,,,,,2026-12-18,2027-01-30,0.77,13.0,,,,,,,,,,,,,,,,,,,,,,,,,,,,,,,
2027-01-27,TATA001,,CUST006,,REC_FUT_0495,,39141.46,,PENDING,,,,,,,,2026-12-20,2027-01-27,0.69,8.0,,,,,,,,,,,,,,,,,,,,,,,,,,,,,,,
2027-01-25,TATA001,,CUST009,,REC_FUT_0496,,127658.79,,PENDING,,,,,,,,2026-12-21,2027-01-25,0.78,5.0,,,,,,,,,,,,,,,,,,,,,,,,,,,,,,,
2027-01-29,TATA001,,CUST014,,REC_FUT_0497,,227059.83,,PENDING,,,,,,,,2026-12-21,2027-01-29,0.8,9.0,,,,,,,,,,,,,,,,,,,,,,,,,,,,,,,
2027-03-16,TATA001,,CUST008,,REC_FUT_0498,,354601.32,,PENDING,,,,,,,,2026-12-22,2027-03-16,0.47,39.0,,,,,,,,,,,,,,,,,,,,,,,,,,,,,,,
2027-01-10,TATA001,,CUST010,,REC_FUT_0499,,79124.75,,PENDING,,,,,,,,2026-12-22,2027-01-10,0.96,4.0,,,,,,,,,,,,,,,,,,,,,,,,,,,,,,,
2027-02-04,TATA001,,CUST013,,REC_FUT_0500,,96679.91,,PENDING,,,,,,,,2026-12-23,2027-02-04,0.77,13.0,,,,,,,,,,,,,,,,,,,,,,,,,,,,,,,
2027-03-15,TATA001,,CUST005,,REC_FUT_0501,,202513.53,,PENDING,,,,,,,,2026-12-24,2027-03-15,0.38,21.0,,,,,,,,,,,,,,,,,,,,,,,,,,,,,,,
2027-02-14,TATA001,,CUST001,,REC_FUT_0502,,158419.51,,PENDING,,,,,,,,2026-12-25,2027-02-14,0.66,6.0,,,,,,,,,,,,,,,,,,,,,,,,,,,,,,,
2027-01-25,TATA001,,CUST002,,REC_FUT_0503,,45357.65,,PENDING,,,,,,,,2026-12-26,2027-01-25,0.85,0.0,,,,,,,,,,,,,,,,,,,,,,,,,,,,,,,
2027-01-27,TATA001,,CUST002,,REC_FUT_0504,,136852.65,,PENDING,,,,,,,,2026-12-28,2027-01-27,0.85,0.0,,,,,,,,,,,,,,,,,,,,,,,,,,,,,,,
2027-01-28,TATA001,,CUST002,,REC_FUT_0505,,105314.25,,PENDING,,,,,,,,2026-12-29,2027-01-28,0.85,0.0,,,,,,,,,,,,,,,,,,,,,,,,,,,,,,,
2027-02-18,TATA001,,CUST001,,REC_FUT_0506,,97761.75,,PENDING,,,,,,,,2026-12-29,2027-02-18,0.66,6.0,,,,,,,,,,,,,,,,,,,,,,,,,,,,,,,
2027-01-30,TATA001,,CUST002,,REC_FUT_0507,,229505.22,,PENDING,,,,,,,,2026-12-31,2027-01-30,0.85,0.0,,,,,,,,,,,,,,,,,,,,,,,,,,,,,,,
2026-08-28,TATA001,,,,,TX_FUT_OPS_00001,1650000.0,,CLEARED,,,,,,,,,,,,OPERATING_EXPENSE,SALARY,Corporate Employee Payroll,NONE,,,,,,,,,,,,,,,,,,,,,,,,,,,
2026-09-01,TATA001,,,,,TX_FUT_OPS_00002,120000.0,,CLEARED,,,,,,,,,,,,OPERATING_EXPENSE,RENT,Facility Rental Charge,NONE,,,,,,,,,,,,,,,,,,,,,,,,,,,
2026-09-20,TATA001,,,,,TX_FUT_OUT_00003,50394.63,,CLEARED,,,,,,,,,,,,SUPPLIER_PAYMENT,RAW_MATERIAL,Payment cleared for future invoice INV_FUT_0267,INVOICE,INV_FUT_0267,,,,,,,,,,,,,,,,,,,,,,,,,,
2026-09-22,TATA001,,,,,TX_FUT_IN_00004,31760.96,,CLEARED,,,,,,,,,,,,CUSTOMER_PAYMENT,CUSTOMER_COLLECTION,Collection of future receivable REC_FUT_0365,RECEIVABLE,REC_FUT_0365,,,,,,,,,,,,,,,,,,,,,,,,,,
2026-09-23,TATA001,,,,,TX_FUT_IN_00005,226495.9,,CLEARED,,,,,,,,,,,,CUSTOMER_PAYMENT,CUSTOMER_COLLECTION,Collection of future receivable REC_FUT_0378,RECEIVABLE,REC_FUT_0378,,,,,,,,,,,,,,,,,,,,,,,,,,
2026-09-24,TATA001,,,,,TX_FUT_IN_00006,168225.96,,CLEARED,,,,,,,,,,,,CUSTOMER_PAYMENT,CUSTOMER_COLLECTION,Collection of future receivable REC_FUT_0368,RECEIVABLE,REC_FUT_0368,,,,,,,,,,,,,,,,,,,,,,,,,,
2026-09-28,TATA001,,,,,TX_FUT_OPS_00007,1650000.0,,CLEARED,,,,,,,,,,,,OPERATING_EXPENSE,SALARY,Corporate Employee Payroll,NONE,,,,,,,,,,,,,,,,,,,,,,,,,,,
2026-09-29,TATA001,,,,,TX_FUT_IN_00008,149141.05,,CLEARED,,,,,,,,,,,,CUSTOMER_PAYMENT,CUSTOMER_COLLECTION,Collection of future receivable REC_FUT_0371,RECEIVABLE,REC_FUT_0371,,,,,,,,,,,,,,,,,,,,,,,,,,
2026-09-30,TATA001,,,,,TX_FUT_OUT_00009,21563.53,,CLEARED,,,,,,,,,,,,SUPPLIER_PAYMENT,RAW_MATERIAL,Payment cleared for future invoice INV_FUT_0262,INVOICE,INV_FUT_0262,,,,,,,,,,,,,,,,,,,,,,,,,,
2026-10-01,TATA001,,,,,TX_FUT_IN_00010,84627.37,,CLEARED,,,,,,,,,,,,CUSTOMER_PAYMENT,CUSTOMER_COLLECTION,Collection of future receivable REC_FUT_0383,RECEIVABLE,REC_FUT_0383,,,,,,,,,,,,,,,,,,,,,,,,,,
2026-10-01,TATA001,,,,,TX_FUT_OPS_00011,120000.0,,CLEARED,,,,,,,,,,,,OPERATING_EXPENSE,RENT,Facility Rental Charge,NONE,,,,,,,,,,,,,,,,,,,,,,,,,,,
2026-10-03,TATA001,,,,,TX_FUT_IN_00012,93967.98,,CLEARED,,,,,,,,,,,,CUSTOMER_PAYMENT,CUSTOMER_COLLECTION,Collection of future receivable REC_FUT_0372,RECEIVABLE,REC_FUT_0372,,,,,,,,,,,,,,,,,,,,,,,,,,
2026-10-03,TATA001,,,,,TX_FUT_IN_00013,240469.52,,CLEARED,,,,,,,,,,,,CUSTOMER_PAYMENT,CUSTOMER_COLLECTION,Collection of future receivable REC_FUT_0373,RECEIVABLE,REC_FUT_0373,,,,,,,,,,,,,,,,,,,,,,,,,,
2026-10-05,TATA001,,,,,TX_FUT_OUT_00014,68573.91,,CLEARED,,,,,,,,,,,,SUPPLIER_PAYMENT,RAW_MATERIAL,Payment cleared for future invoice INV_FUT_0266,INVOICE,INV_FUT_0266,,,,,,,,,,,,,,,,,,,,,,,,,,
2026-10-06,TATA001,,,,,TX_FUT_OUT_00015,148629.8,,CLEARED,,,,,,,,,,,,SUPPLIER_PAYMENT,RAW_MATERIAL,Payment cleared for future invoice INV_FUT_0268,INVOICE,INV_FUT_0268,,,,,,,,,,,,,,,,,,,,,,,,,,
2026-10-07,TATA001,,,,,TX_FUT_IN_00016,90878.7,,CLEARED,,,,,,,,,,,,CUSTOMER_PAYMENT,CUSTOMER_COLLECTION,Collection of future receivable REC_FUT_0377,RECEIVABLE,REC_FUT_0377,,,,,,,,,,,,,,,,,,,,,,,,,,
2026-10-10,TATA001,,,,,TX_FUT_IN_00017,42841.35,,CLEARED,,,,,,,,,,,,CUSTOMER_PAYMENT,CUSTOMER_COLLECTION,Collection of future receivable REC_FUT_0367,RECEIVABLE,REC_FUT_0367,,,,,,,,,,,,,,,,,,,,,,,,,,
2026-10-11,TATA001,,,,,TX_FUT_OUT_00018,83546.76,,CLEARED,,,,,,,,,,,,SUPPLIER_PAYMENT,RAW_MATERIAL,Payment cleared for future invoice INV_FUT_0281,INVOICE,INV_FUT_0281,,,,,,,,,,,,,,,,,,,,,,,,,,
2026-10-12,TATA001,,,,,TX_FUT_IN_00019,292594.57,,CLEARED,,,,,,,,,,,,CUSTOMER_PAYMENT,CUSTOMER_COLLECTION,Collection of future receivable REC_FUT_0382,RECEIVABLE,REC_FUT_0382,,,,,,,,,,,,,,,,,,,,,,,,,,
2026-10-12,TATA001,,,,,TX_FUT_IN_00020,96985.77,,CLEARED,,,,,,,,,,,,CUSTOMER_PAYMENT,CUSTOMER_COLLECTION,Collection of future receivable REC_FUT_0398,RECEIVABLE,REC_FUT_0398,,,,,,,,,,,,,,,,,,,,,,,,,,
2026-10-12,TATA001,,,,,TX_FUT_OUT_00021,68902.88,,CLEARED,,,,,,,,,,,,SUPPLIER_PAYMENT,RAW_MATERIAL,Payment cleared for future invoice INV_FUT_0260,INVOICE,INV_FUT_0260,,,,,,,,,,,,,,,,,,,,,,,,,,
2026-10-12,TATA001,,,,,TX_FUT_OUT_00022,101727.84,,CLEARED,,,,,,,,,,,,SUPPLIER_PAYMENT,RAW_MATERIAL,Payment cleared for future invoice INV_FUT_0271,INVOICE,INV_FUT_0271,,,,,,,,,,,,,,,,,,,,,,,,,,
2026-10-13,TATA001,,,,,TX_FUT_IN_00023,243018.94,,CLEARED,,,,,,,,,,,,CUSTOMER_PAYMENT,CUSTOMER_COLLECTION,Collection of future receivable REC_FUT_0366,RECEIVABLE,REC_FUT_0366,,,,,,,,,,,,,,,,,,,,,,,,,,
2026-10-13,TATA001,,,,,TX_FUT_OUT_00024,140555.66,,CLEARED,,,,,,,,,,,,SUPPLIER_PAYMENT,RAW_MATERIAL,Payment cleared for future invoice INV_FUT_0261,INVOICE,INV_FUT_0261,,,,,,,,,,,,,,,,,,,,,,,,,,
2026-10-15,TATA001,,,,,TX_FUT_IN_00025,133002.41,,CLEARED,,,,,,,,,,,,CUSTOMER_PAYMENT,CUSTOMER_COLLECTION,Collection of future receivable REC_FUT_0380,RECEIVABLE,REC_FUT_0380,,,,,,,,,,,,,,,,,,,,,,,,,,
2026-10-15,TATA001,,,,,TX_FUT_IN_00026,47978.14,,CLEARED,,,,,,,,,,,,CUSTOMER_PAYMENT,CUSTOMER_COLLECTION,Collection of future receivable REC_FUT_0399,RECEIVABLE,REC_FUT_0399,,,,,,,,,,,,,,,,,,,,,,,,,,
2026-10-15,TATA001,,,,,TX_FUT_IN_00027,227287.65,,CLEARED,,,,,,,,,,,,CUSTOMER_PAYMENT,CUSTOMER_COLLECTION,Collection of future receivable REC_FUT_0401,RECEIVABLE,REC_FUT_0401,,,,,,,,,,,,,,,,,,,,,,,,,,
2026-10-16,TATA001,,,,,TX_FUT_OUT_00028,69820.02,,CLEARED,,,,,,,,,,,,SUPPLIER_PAYMENT,RAW_MATERIAL,Payment cleared for future invoice INV_FUT_0263,INVOICE,INV_FUT_0263,,,,,,,,,,,,,,,,,,,,,,,,,,
2026-10-16,TATA001,,,,,TX_FUT_OUT_00029,140756.65,,CLEARED,,,,,,,,,,,,SUPPLIER_PAYMENT,RAW_MATERIAL,Payment cleared for future invoice INV_FUT_0264,INVOICE,INV_FUT_0264,,,,,,,,,,,,,,,,,,,,,,,,,,
2026-10-18,TATA001,,,,,TX_FUT_OUT_00030,81395.73,,CLEARED,,,,,,,,,,,,SUPPLIER_PAYMENT,RAW_MATERIAL,Payment cleared for future invoice INV_FUT_0265,INVOICE,INV_FUT_0265,,,,,,,,,,,,,,,,,,,,,,,,,,
2026-10-19,TATA001,,,,,TX_FUT_IN_00031,52588.91,,CLEARED,,,,,,,,,,,,CUSTOMER_PAYMENT,CUSTOMER_COLLECTION,Collection of future receivable REC_FUT_0376,RECEIVABLE,REC_FUT_0376,,,,,,,,,,,,,,,,,,,,,,,,,,
2026-10-19,TATA001,,,,,TX_FUT_IN_00032,59228.53,,CLEARED,,,,,,,,,,,,CUSTOMER_PAYMENT,CUSTOMER_COLLECTION,Collection of future receivable REC_FUT_0385,RECEIVABLE,REC_FUT_0385,,,,,,,,,,,,,,,,,,,,,,,,,,
2026-10-19,TATA001,,,,,TX_FUT_IN_00033,322305.02,,CLEARED,,,,,,,,,,,,CUSTOMER_PAYMENT,CUSTOMER_COLLECTION,Collection of future receivable REC_FUT_0404,RECEIVABLE,REC_FUT_0404,,,,,,,,,,,,,,,,,,,,,,,,,,
2026-10-19,TATA001,,,,,TX_FUT_IN_00034,96388.0,,CLEARED,,,,,,,,,,,,CUSTOMER_PAYMENT,CUSTOMER_COLLECTION,Collection of future receivable REC_FUT_0409,RECEIVABLE,REC_FUT_0409,,,,,,,,,,,,,,,,,,,,,,,,,,
2026-10-20,TATA001,,,,,TX_FUT_IN_00035,383507.47,,CLEARED,,,,,,,,,,,,CUSTOMER_PAYMENT,CUSTOMER_COLLECTION,Collection of future receivable REC_FUT_0405,RECEIVABLE,REC_FUT_0405,,,,,,,,,,,,,,,,,,,,,,,,,,
2026-10-20,TATA001,,,,,TX_FUT_IN_00036,62391.97,,CLEARED,,,,,,,,,,,,CUSTOMER_PAYMENT,CUSTOMER_COLLECTION,Collection of future receivable REC_FUT_0410,RECEIVABLE,REC_FUT_0410,,,,,,,,,,,,,,,,,,,,,,,,,,
2026-10-20,TATA001,,,,,TX_FUT_IN_00037,41542.68,,CLEARED,,,,,,,,,,,,CUSTOMER_PAYMENT,CUSTOMER_COLLECTION,Collection of future receivable REC_FUT_0411,RECEIVABLE,REC_FUT_0411,,,,,,,,,,,,,,,,,,,,,,,,,,
2026-10-21,TATA001,,,,,TX_FUT_IN_00038,79869.41,,CLEARED,,,,,,,,,,,,CUSTOMER_PAYMENT,CUSTOMER_COLLECTION,Collection of future receivable REC_FUT_0384,RECEIVABLE,REC_FUT_0384,,,,,,,,,,,,,,,,,,,,,,,,,,
2026-10-22,TATA001,,,,,TX_FUT_IN_00039,322981.51,,CLEARED,,,,,,,,,,,,CUSTOMER_PAYMENT,CUSTOMER_COLLECTION,Collection of future receivable REC_FUT_0390,RECEIVABLE,REC_FUT_0390,,,,,,,,,,,,,,,,,,,,,,,,,,
2026-10-22,TATA001,,,,,TX_FUT_IN_00040,154001.23,,CLEARED,,,,,,,,,,,,CUSTOMER_PAYMENT,CUSTOMER_COLLECTION,Collection of future receivable REC_FUT_0394,RECEIVABLE,REC_FUT_0394,,,,,,,,,,,,,,,,,,,,,,,,,,
2026-10-22,TATA001,,,,,TX_FUT_IN_00041,71043.52,,CLEARED,,,,,,,,,,,,CUSTOMER_PAYMENT,CUSTOMER_COLLECTION,Collection of future receivable REC_FUT_0406,RECEIVABLE,REC_FUT_0406,,,,,,,,,,,,,,,,,,,,,,,,,,
2026-10-22,TATA001,,,,,TX_FUT_IN_00042,106597.05,,CLEARED,,,,,,,,,,,,CUSTOMER_PAYMENT,CUSTOMER_COLLECTION,Collection of future receivable REC_FUT_0413,RECEIVABLE,REC_FUT_0413,,,,,,,,,,,,,,,,,,,,,,,,,,
2026-10-23,TATA001,,,,,TX_FUT_IN_00043,40797.99,,CLEARED,,,,,,,,,,,,CUSTOMER_PAYMENT,CUSTOMER_COLLECTION,Collection of future receivable REC_FUT_0374,RECEIVABLE,REC_FUT_0374,,,,,,,,,,,,,,,,,,,,,,,,,,
2026-10-23,TATA001,,,,,TX_FUT_IN_00044,154929.17,,CLEARED,,,,,,,,,,,,CUSTOMER_PAYMENT,CUSTOMER_COLLECTION,Collection of future receivable REC_FUT_0375,RECEIVABLE,REC_FUT_0375,,,,,,,,,,,,,,,,,,,,,,,,,,
2026-10-23,TATA001,,,,,TX_FUT_IN_00045,190148.49,,CLEARED,,,,,,,,,,,,CUSTOMER_PAYMENT,CUSTOMER_COLLECTION,Collection of future receivable REC_FUT_0386,RECEIVABLE,REC_FUT_0386,,,,,,,,,,,,,,,,,,,,,,,,,,
2026-10-23,TATA001,,,,,TX_FUT_OUT_00046,203280.38,,CLEARED,,,,,,,,,,,,SUPPLIER_PAYMENT,RAW_MATERIAL,Payment cleared for future invoice INV_FUT_0269,INVOICE,INV_FUT_0269,,,,,,,,,,,,,,,,,,,,,,,,,,
2026-10-23,TATA001,,,,,TX_FUT_OUT_00047,71129.12,,CLEARED,,,,,,,,,,,,SUPPLIER_PAYMENT,RAW_MATERIAL,Payment cleared for future invoice INV_FUT_0278,INVOICE,INV_FUT_0278,,,,,,,,,,,,,,,,,,,,,,,,,,
2026-10-25,TATA001,,,,,TX_FUT_IN_00048,268441.43,,CLEARED,,,,,,,,,,,,CUSTOMER_PAYMENT,CUSTOMER_COLLECTION,Collection of future receivable REC_FUT_0369,RECEIVABLE,REC_FUT_0369,,,,,,,,,,,,,,,,,,,,,,,,,,
2026-10-25,TATA001,,,,,TX_FUT_IN_00049,65404.67,,CLEARED,,,,,,,,,,,,CUSTOMER_PAYMENT,CUSTOMER_COLLECTION,Collection of future receivable REC_FUT_0412,RECEIVABLE,REC_FUT_0412,,,,,,,,,,,,,,,,,,,,,,,,,,
2026-10-25,TATA001,,,,,TX_FUT_OUT_00050,32902.92,,CLEARED,,,,,,,,,,,,SUPPLIER_PAYMENT,RAW_MATERIAL,Payment cleared for future invoice INV_FUT_0279,INVOICE,INV_FUT_0279,,,,,,,,,,,,,,,,,,,,,,,,,,
2026-10-26,TATA001,,,,,TX_FUT_IN_00051,75229.76,,CLEARED,,,,,,,,,,,,CUSTOMER_PAYMENT,CUSTOMER_COLLECTION,Collection of future receivable REC_FUT_0396,RECEIVABLE,REC_FUT_0396,,,,,,,,,,,,,,,,,,,,,,,,,,
2026-10-26,TATA001,,,,,TX_FUT_OUT_00052,81469.81,,CLEARED,,,,,,,,,,,,SUPPLIER_PAYMENT,RAW_MATERIAL,Payment cleared for future invoice INV_FUT_0270,INVOICE,INV_FUT_0270,,,,,,,,,,,,,,,,,,,,,,,,,,
2026-10-27,TATA001,,,,,TX_FUT_IN_00053,247336.96,,CLEARED,,,,,,,,,,,,CUSTOMER_PAYMENT,CUSTOMER_COLLECTION,Collection of future receivable REC_FUT_0422,RECEIVABLE,REC_FUT_0422,,,,,,,,,,,,,,,,,,,,,,,,,,
2026-10-27,TATA001,,,,,TX_FUT_OUT_00054,87468.18,,CLEARED,,,,,,,,,,,,SUPPLIER_PAYMENT,RAW_MATERIAL,Payment cleared for future invoice INV_FUT_0290,INVOICE,INV_FUT_0290,,,,,,,,,,,,,,,,,,,,,,,,,,
2026-10-28,TATA001,,,,,TX_FUT_IN_00055,68546.81,,CLEARED,,,,,,,,,,,,CUSTOMER_PAYMENT,CUSTOMER_COLLECTION,Collection of future receivable REC_FUT_0393,RECEIVABLE,REC_FUT_0393,,,,,,,,,,,,,,,,,,,,,,,,,,
2026-10-28,TATA001,,,,,TX_FUT_IN_00056,160936.28,,CLEARED,,,,,,,,,,,,CUSTOMER_PAYMENT,CUSTOMER_COLLECTION,Collection of future receivable REC_FUT_0397,RECEIVABLE,REC_FUT_0397,,,,,,,,,,,,,,,,,,,,,,,,,,
2026-10-28,TATA001,,,,,TX_FUT_OUT_00057,210891.66,,CLEARED,,,,,,,,,,,,SUPPLIER_PAYMENT,RAW_MATERIAL,Payment cleared for future invoice INV_FUT_0292,INVOICE,INV_FUT_0292,,,,,,,,,,,,,,,,,,,,,,,,,,
2026-10-28,TATA001,,,,,TX_FUT_OPS_00058,1650000.0,,CLEARED,,,,,,,,,,,,OPERATING_EXPENSE,SALARY,Corporate Employee Payroll,NONE,,,,,,,,,,,,,,,,,,,,,,,,,,,
2026-10-29,TATA001,,,,,TX_FUT_IN_00059,179760.32,,CLEARED,,,,,,,,,,,,CUSTOMER_PAYMENT,CUSTOMER_COLLECTION,Collection of future receivable REC_FUT_0381,RECEIVABLE,REC_FUT_0381,,,,,,,,,,,,,,,,,,,,,,,,,,
2026-10-29,TATA001,,,,,TX_FUT_IN_00060,74120.24,,CLEARED,,,,,,,,,,,,CUSTOMER_PAYMENT,CUSTOMER_COLLECTION,Collection of future receivable REC_FUT_0402,RECEIVABLE,REC_FUT_0402,,,,,,,,,,,,,,,,,,,,,,,,,,
2026-10-30,TATA001,,,,,TX_FUT_IN_00061,69813.45,,CLEARED,,,,,,,,,,,,CUSTOMER_PAYMENT,CUSTOMER_COLLECTION,Collection of future receivable REC_FUT_0395,RECEIVABLE,REC_FUT_0395,,,,,,,,,,,,,,,,,,,,,,,,,,
2026-10-30,TATA001,,,,,TX_FUT_OUT_00062,48347.47,,CLEARED,,,,,,,,,,,,SUPPLIER_PAYMENT,RAW_MATERIAL,Payment cleared for future invoice INV_FUT_0273,INVOICE,INV_FUT_0273,,,,,,,,,,,,,,,,,,,,,,,,,,
2026-10-30,TATA001,,,,,TX_FUT_OUT_00063,19702.15,,CLEARED,,,,,,,,,,,,SUPPLIER_PAYMENT,RAW_MATERIAL,Payment cleared for future invoice INV_FUT_0293,INVOICE,INV_FUT_0293,,,,,,,,,,,,,,,,,,,,,,,,,,
2026-11-01,TATA001,,,,,TX_FUT_OUT_00064,460062.9,,CLEARED,,,,,,,,,,,,SUPPLIER_PAYMENT,RAW_MATERIAL,Payment cleared for future invoice INV_FUT_0274,INVOICE,INV_FUT_0274,,,,,,,,,,,,,,,,,,,,,,,,,,
2026-11-01,TATA001,,,,,TX_FUT_OPS_00065,120000.0,,CLEARED,,,,,,,,,,,,OPERATING_EXPENSE,RENT,Facility Rental Charge,NONE,,,,,,,,,,,,,,,,,,,,,,,,,,,
2026-11-02,TATA001,,,,,TX_FUT_IN_00066,190448.02,,CLEARED,,,,,,,,,,,,CUSTOMER_PAYMENT,CUSTOMER_COLLECTION,Collection of future receivable REC_FUT_0400,RECEIVABLE,REC_FUT_0400,,,,,,,,,,,,,,,,,,,,,,,,,,
2026-11-02,TATA001,,,,,TX_FUT_IN_00067,60870.79,,CLEARED,,,,,,,,,,,,CUSTOMER_PAYMENT,CUSTOMER_COLLECTION,Collection of future receivable REC_FUT_0424,RECEIVABLE,REC_FUT_0424,,,,,,,,,,,,,,,,,,,,,,,,,,
2026-11-02,TATA001,,,,,TX_FUT_OUT_00068,121339.23,,CLEARED,,,,,,,,,,,,SUPPLIER_PAYMENT,RAW_MATERIAL,Payment cleared for future invoice INV_FUT_0285,INVOICE,INV_FUT_0285,,,,,,,,,,,,,,,,,,,,,,,,,,
2026-11-03,TATA001,,,,,TX_FUT_IN_00069,137877.34,,CLEARED,,,,,,,,,,,,CUSTOMER_PAYMENT,CUSTOMER_COLLECTION,Collection of future receivable REC_FUT_0408,RECEIVABLE,REC_FUT_0408,,,,,,,,,,,,,,,,,,,,,,,,,,
2026-11-04,TATA001,,,,,TX_FUT_IN_00070,200272.76,,CLEARED,,,,,,,,,,,,CUSTOMER_PAYMENT,CUSTOMER_COLLECTION,Collection of future receivable REC_FUT_0379,RECEIVABLE,REC_FUT_0379,,,,,,,,,,,,,,,,,,,,,,,,,,
2026-11-04,TATA001,,,,,TX_FUT_OUT_00071,233913.71,,CLEARED,,,,,,,,,,,,SUPPLIER_PAYMENT,RAW_MATERIAL,Payment cleared for future invoice INV_FUT_0275,INVOICE,INV_FUT_0275,,,,,,,,,,,,,,,,,,,,,,,,,,
2026-11-05,TATA001,,,,,TX_FUT_IN_00072,383153.32,,CLEARED,,,,,,,,,,,,CUSTOMER_PAYMENT,CUSTOMER_COLLECTION,Collection of future receivable REC_FUT_0414,RECEIVABLE,REC_FUT_0414,,,,,,,,,,,,,,,,,,,,,,,,,,
2026-11-05,TATA001,,,,,TX_FUT_IN_00073,154271.43,,CLEARED,,,,,,,,,,,,CUSTOMER_PAYMENT,CUSTOMER_COLLECTION,Collection of future receivable REC_FUT_0425,RECEIVABLE,REC_FUT_0425,,,,,,,,,,,,,,,,,,,,,,,,,,
2026-11-06,TATA001,,,,,TX_FUT_IN_00074,229474.43,,CLEARED,,,,,,,,,,,,CUSTOMER_PAYMENT,CUSTOMER_COLLECTION,Collection of future receivable REC_FUT_0370,RECEIVABLE,REC_FUT_0370,,,,,,,,,,,,,,,,,,,,,,,,,,
2026-11-06,TATA001,,,,,TX_FUT_IN_00075,127185.92,,CLEARED,,,,,,,,,,,,CUSTOMER_PAYMENT,CUSTOMER_COLLECTION,Collection of future receivable REC_FUT_0431,RECEIVABLE,REC_FUT_0431,,,,,,,,,,,,,,,,,,,,,,,,,,
2026-11-06,TATA001,,,,,TX_FUT_OUT_00076,35069.2,,CLEARED,,,,,,,,,,,,SUPPLIER_PAYMENT,RAW_MATERIAL,Payment cleared for future invoice INV_FUT_0277,INVOICE,INV_FUT_0277,,,,,,,,,,,,,,,,,,,,,,,,,,
2026-11-07,TATA001,,,,,TX_FUT_IN_00077,82185.48,,CLEARED,,,,,,,,,,,,CUSTOMER_PAYMENT,CUSTOMER_COLLECTION,Collection of future receivable REC_FUT_0434,RECEIVABLE,REC_FUT_0434,,,,,,,,,,,,,,,,,,,,,,,,,,
2026-11-08,TATA001,,,,,TX_FUT_IN_00078,54019.56,,CLEARED,,,,,,,,,,,,CUSTOMER_PAYMENT,CUSTOMER_COLLECTION,Collection of future receivable REC_FUT_0387,RECEIVABLE,REC_FUT_0387,,,,,,,,,,,,,,,,,,,,,,,,,,
2026-11-08,TATA001,,,,,TX_FUT_IN_00079,63738.35,,CLEARED,,,,,,,,,,,,CUSTOMER_PAYMENT,CUSTOMER_COLLECTION,Collection of future receivable REC_FUT_0388,RECEIVABLE,REC_FUT_0388,,,,,,,,,,,,,,,,,,,,,,,,,,
2026-11-09,TATA001,,,,,TX_FUT_IN_00080,549523.01,,CLEARED,,,,,,,,,,,,CUSTOMER_PAYMENT,CUSTOMER_COLLECTION,Collection of future receivable REC_FUT_0392,RECEIVABLE,REC_FUT_0392,,,,,,,,,,,,,,,,,,,,,,,,,,
2026-11-09,TATA001,,,,,TX_FUT_OUT_00081,160726.26,,CLEARED,,,,,,,,,,,,SUPPLIER_PAYMENT,RAW_MATERIAL,Payment cleared for future invoice INV_FUT_0280,INVOICE,INV_FUT_0280,,,,,,,,,,,,,,,,,,,,,,,,,,
2026-11-10,TATA001,,,,,TX_FUT_IN_00082,123284.19,,CLEARED,,,,,,,,,,,,CUSTOMER_PAYMENT,CUSTOMER_COLLECTION,Collection of future receivable REC_FUT_0436,RECEIVABLE,REC_FUT_0436,,,,,,,,,,,,,,,,,,,,,,,,,,
2026-11-11,TATA001,,,,,TX_FUT_IN_00083,326396.06,,CLEARED,,,,,,,,,,,,CUSTOMER_PAYMENT,CUSTOMER_COLLECTION,Collection of future receivable REC_FUT_0441,RECEIVABLE,REC_FUT_0441,,,,,,,,,,,,,,,,,,,,,,,,,,
2026-11-12,TATA001,,,,,TX_FUT_OUT_00084,44431.48,,CLEARED,,,,,,,,,,,,SUPPLIER_PAYMENT,RAW_MATERIAL,Payment cleared for future invoice INV_FUT_0282,INVOICE,INV_FUT_0282,,,,,,,,,,,,,,,,,,,,,,,,,,
2026-11-12,TATA001,,,,,TX_FUT_OUT_00085,49179.14,,CLEARED,,,,,,,,,,,,SUPPLIER_PAYMENT,RAW_MATERIAL,Payment cleared for future invoice INV_FUT_0283,INVOICE,INV_FUT_0283,,,,,,,,,,,,,,,,,,,,,,,,,,
2026-11-14,TATA001,,,,,TX_FUT_IN_00086,125749.37,,CLEARED,,,,,,,,,,,,CUSTOMER_PAYMENT,CUSTOMER_COLLECTION,Collection of future receivable REC_FUT_0403,RECEIVABLE,REC_FUT_0403,,,,,,,,,,,,,,,,,,,,,,,,,,
2026-11-14,TATA001,,,,,TX_FUT_OUT_00087,75933.54,,CLEARED,,,,,,,,,,,,SUPPLIER_PAYMENT,RAW_MATERIAL,Payment cleared for future invoice INV_FUT_0272,INVOICE,INV_FUT_0272,,,,,,,,,,,,,,,,,,,,,,,,,,
2026-11-14,TATA001,,,,,TX_FUT_OUT_00088,54245.79,,CLEARED,,,,,,,,,,,,SUPPLIER_PAYMENT,RAW_MATERIAL,Payment cleared for future invoice INV_FUT_0284,INVOICE,INV_FUT_0284,,,,,,,,,,,,,,,,,,,,,,,,,,
2026-11-15,TATA001,,,,,TX_FUT_IN_00089,155607.46,,CLEARED,,,,,,,,,,,,CUSTOMER_PAYMENT,CUSTOMER_COLLECTION,Collection of future receivable REC_FUT_0420,RECEIVABLE,REC_FUT_0420,,,,,,,,,,,,,,,,,,,,,,,,,,
2026-11-15,TATA001,,,,,TX_FUT_IN_00090,75503.65,,CLEARED,,,,,,,,,,,,CUSTOMER_PAYMENT,CUSTOMER_COLLECTION,Collection of future receivable REC_FUT_0440,RECEIVABLE,REC_FUT_0440,,,,,,,,,,,,,,,,,,,,,,,,,,
2026-11-15,TATA001,,,,,TX_FUT_OUT_00091,177542.07,,CLEARED,,,,,,,,,,,,SUPPLIER_PAYMENT,RAW_MATERIAL,Payment cleared for future invoice INV_FUT_0294,INVOICE,INV_FUT_0294,,,,,,,,,,,,,,,,,,,,,,,,,,
2026-11-15,TATA001,,,,,TX_FUT_OUT_00092,140981.75,,CLEARED,,,,,,,,,,,,SUPPLIER_PAYMENT,RAW_MATERIAL,Payment cleared for future invoice INV_FUT_0295,INVOICE,INV_FUT_0295,,,,,,,,,,,,,,,,,,,,,,,,,,
2026-11-16,TATA001,,,,,TX_FUT_IN_00093,83167.25,,CLEARED,,,,,,,,,,,,CUSTOMER_PAYMENT,CUSTOMER_COLLECTION,Collection of future receivable REC_FUT_0407,RECEIVABLE,REC_FUT_0407,,,,,,,,,,,,,,,,,,,,,,,,,,
2026-11-16,TATA001,,,,,TX_FUT_IN_00094,150811.2,,CLEARED,,,,,,,,,,,,CUSTOMER_PAYMENT,CUSTOMER_COLLECTION,Collection of future receivable REC_FUT_0418,RECEIVABLE,REC_FUT_0418,,,,,,,,,,,,,,,,,,,,,,,,,,
2026-11-17,TATA001,,,,,TX_FUT_IN_00095,200931.66,,CLEARED,,,,,,,,,,,,CUSTOMER_PAYMENT,CUSTOMER_COLLECTION,Collection of future receivable REC_FUT_0451,RECEIVABLE,REC_FUT_0451,,,,,,,,,,,,,,,,,,,,,,,,,,
2026-11-18,TATA001,,,,,TX_FUT_IN_00096,128534.2,,CLEARED,,,,,,,,,,,,CUSTOMER_PAYMENT,CUSTOMER_COLLECTION,Collection of future receivable REC_FUT_0389,RECEIVABLE,REC_FUT_0389,,,,,,,,,,,,,,,,,,,,,,,,,,
2026-11-18,TATA001,,,,,TX_FUT_OUT_00097,21750.78,,CLEARED,,,,,,,,,,,,SUPPLIER_PAYMENT,RAW_MATERIAL,Payment cleared for future invoice INV_FUT_0286,INVOICE,INV_FUT_0286,,,,,,,,,,,,,,,,,,,,,,,,,,
2026-11-18,TATA001,,,,,TX_FUT_OUT_00098,42123.78,,CLEARED,,,,,,,,,,,,SUPPLIER_PAYMENT,RAW_MATERIAL,Payment cleared for future invoice INV_FUT_0298,INVOICE,INV_FUT_0298,,,,,,,,,,,,,,,,,,,,,,,,,,
2026-11-20,TATA001,,,,,TX_FUT_IN_00099,171414.34,,CLEARED,,,,,,,,,,,,CUSTOMER_PAYMENT,CUSTOMER_COLLECTION,Collection of future receivable REC_FUT_0429,RECEIVABLE,REC_FUT_0429,,,,,,,,,,,,,,,,,,,,,,,,,,
2026-11-20,TATA001,,,,,TX_FUT_IN_00100,171792.98,,CLEARED,,,,,,,,,,,,CUSTOMER_PAYMENT,CUSTOMER_COLLECTION,Collection of future receivable REC_FUT_0446,RECEIVABLE,REC_FUT_0446,,,,,,,,,,,,,,,,,,,,,,,,,,
2026-11-20,TATA001,,,,,TX_FUT_OUT_00101,24945.27,,CLEARED,,,,,,,,,,,,SUPPLIER_PAYMENT,RAW_MATERIAL,Payment cleared for future invoice INV_FUT_0276,INVOICE,INV_FUT_0276,,,,,,,,,,,,,,,,,,,,,,,,,,
2026-11-21,TATA001,,,,,TX_FUT_IN_00102,114914.58,,CLEARED,,,,,,,,,,,,CUSTOMER_PAYMENT,CUSTOMER_COLLECTION,Collection of future receivable REC_FUT_0457,RECEIVABLE,REC_FUT_0457,,,,,,,,,,,,,,,,,,,,,,,,,,
2026-11-21,TATA001,,,,,TX_FUT_OUT_00103,91921.69,,CLEARED,,,,,,,,,,,,SUPPLIER_PAYMENT,RAW_MATERIAL,Payment cleared for future invoice INV_FUT_0287,INVOICE,INV_FUT_0287,,,,,,,,,,,,,,,,,,,,,,,,,,
2026-11-22,TATA001,,,,,TX_FUT_IN_00104,93920.86,,CLEARED,,,,,,,,,,,,CUSTOMER_PAYMENT,CUSTOMER_COLLECTION,Collection of future receivable REC_FUT_0391,RECEIVABLE,REC_FUT_0391,,,,,,,,,,,,,,,,,,,,,,,,,,
2026-11-22,TATA001,,,,,TX_FUT_IN_00105,75937.97,,CLEARED,,,,,,,,,,,,CUSTOMER_PAYMENT,CUSTOMER_COLLECTION,Collection of future receivable REC_FUT_0415,RECEIVABLE,REC_FUT_0415,,,,,,,,,,,,,,,,,,,,,,,,,,
2026-11-22,TATA001,,,,,TX_FUT_IN_00106,109358.89,,CLEARED,,,,,,,,,,,,CUSTOMER_PAYMENT,CUSTOMER_COLLECTION,Collection of future receivable REC_FUT_0427,RECEIVABLE,REC_FUT_0427,,,,,,,,,,,,,,,,,,,,,,,,,,
2026-11-22,TATA001,,,,,TX_FUT_OUT_00107,123851.11,,CLEARED,,,,,,,,,,,,SUPPLIER_PAYMENT,RAW_MATERIAL,Payment cleared for future invoice INV_FUT_0288,INVOICE,INV_FUT_0288,,,,,,,,,,,,,,,,,,,,,,,,,,
2026-11-22,TATA001,,,,,TX_FUT_OUT_00108,365186.56,,CLEARED,,,,,,,,,,,,SUPPLIER_PAYMENT,RAW_MATERIAL,Payment cleared for future invoice INV_FUT_0289,INVOICE,INV_FUT_0289,,,,,,,,,,,,,,,,,,,,,,,,,,
2026-11-22,TATA001,,,,,TX_FUT_OUT_00109,140674.24,,CLEARED,,,,,,,,,,,,SUPPLIER_PAYMENT,RAW_MATERIAL,Payment cleared for future invoice INV_FUT_0301,INVOICE,INV_FUT_0301,,,,,,,,,,,,,,,,,,,,,,,,,,
2026-11-23,TATA001,,,,,TX_FUT_IN_00110,49401.14,,CLEARED,,,,,,,,,,,,CUSTOMER_PAYMENT,CUSTOMER_COLLECTION,Collection of future receivable REC_FUT_0417,RECEIVABLE,REC_FUT_0417,,,,,,,,,,,,,,,,,,,,,,,,,,
2026-11-23,TATA001,,,,,TX_FUT_IN_00111,87952.77,,CLEARED,,,,,,,,,,,,CUSTOMER_PAYMENT,CUSTOMER_COLLECTION,Collection of future receivable REC_FUT_0430,RECEIVABLE,REC_FUT_0430,,,,,,,,,,,,,,,,,,,,,,,,,,
2026-11-23,TATA001,,,,,TX_FUT_IN_00112,30731.05,,CLEARED,,,,,,,,,,,,CUSTOMER_PAYMENT,CUSTOMER_COLLECTION,Collection of future receivable REC_FUT_0437,RECEIVABLE,REC_FUT_0437,,,,,,,,,,,,,,,,,,,,,,,,,,
2026-11-24,TATA001,,,,,TX_FUT_IN_00113,254304.43,,CLEARED,,,,,,,,,,,,CUSTOMER_PAYMENT,CUSTOMER_COLLECTION,Collection of future receivable REC_FUT_0433,RECEIVABLE,REC_FUT_0433,,,,,,,,,,,,,,,,,,,,,,,,,,
2026-11-24,TATA001,,,,,TX_FUT_OUT_00114,412752.65,,CLEARED,,,,,,,,,,,,SUPPLIER_PAYMENT,RAW_MATERIAL,Payment cleared for future invoice INV_FUT_0304,INVOICE,INV_FUT_0304,,,,,,,,,,,,,,,,,,,,,,,,,,
2026-11-26,TATA001,,,,,TX_FUT_IN_00115,164960.01,,CLEARED,,,,,,,,,,,,CUSTOMER_PAYMENT,CUSTOMER_COLLECTION,Collection of future receivable REC_FUT_0419,RECEIVABLE,REC_FUT_0419,,,,,,,,,,,,,,,,,,,,,,,,,,
2026-11-26,TATA001,,,,,TX_FUT_IN_00116,155414.54,,CLEARED,,,,,,,,,,,,CUSTOMER_PAYMENT,CUSTOMER_COLLECTION,Collection of future receivable REC_FUT_0459,RECEIVABLE,REC_FUT_0459,,,,,,,,,,,,,,,,,,,,,,,,,,
2026-11-28,TATA001,,,,,TX_FUT_IN_00117,84620.34,,CLEARED,,,,,,,,,,,,CUSTOMER_PAYMENT,CUSTOMER_COLLECTION,Collection of future receivable REC_FUT_0435,RECEIVABLE,REC_FUT_0435,,,,,,,,,,,,,,,,,,,,,,,,,,
2026-11-28,TATA001,,,,,TX_FUT_IN_00118,73965.96,,CLEARED,,,,,,,,,,,,CUSTOMER_PAYMENT,CUSTOMER_COLLECTION,Collection of future receivable REC_FUT_0443,RECEIVABLE,REC_FUT_0443,,,,,,,,,,,,,,,,,,,,,,,,,,
2026-11-28,TATA001,,,,,TX_FUT_OPS_00119,1650000.0,,CLEARED,,,,,,,,,,,,OPERATING_EXPENSE,SALARY,Corporate Employee Payroll,NONE,,,,,,,,,,,,,,,,,,,,,,,,,,,
2026-11-29,TATA001,,,,,TX_FUT_IN_00120,116188.52,,CLEARED,,,,,,,,,,,,CUSTOMER_PAYMENT,CUSTOMER_COLLECTION,Collection of future receivable REC_FUT_0428,RECEIVABLE,REC_FUT_0428,,,,,,,,,,,,,,,,,,,,,,,,,,
2026-11-29,TATA001,,,,,TX_FUT_OUT_00121,49806.19,,CLEARED,,,,,,,,,,,,SUPPLIER_PAYMENT,RAW_MATERIAL,Payment cleared for future invoice INV_FUT_0308,INVOICE,INV_FUT_0308,,,,,,,,,,,,,,,,,,,,,,,,,,
2026-11-29,TATA001,,,,,TX_FUT_OUT_00122,81003.06,,CLEARED,,,,,,,,,,,,SUPPLIER_PAYMENT,RAW_MATERIAL,Payment cleared for future invoice INV_FUT_0309,INVOICE,INV_FUT_0309,,,,,,,,,,,,,,,,,,,,,,,,,,
2026-12-01,TATA001,,,,,TX_FUT_IN_00123,141064.37,,CLEARED,,,,,,,,,,,,CUSTOMER_PAYMENT,CUSTOMER_COLLECTION,Collection of future receivable REC_FUT_0439,RECEIVABLE,REC_FUT_0439,,,,,,,,,,,,,,,,,,,,,,,,,,
2026-12-01,TATA001,,,,,TX_FUT_IN_00124,44524.15,,CLEARED,,,,,,,,,,,,CUSTOMER_PAYMENT,CUSTOMER_COLLECTION,Collection of future receivable REC_FUT_0450,RECEIVABLE,REC_FUT_0450,,,,,,,,,,,,,,,,,,,,,,,,,,
2026-12-01,TATA001,,,,,TX_FUT_OPS_00125,120000.0,,CLEARED,,,,,,,,,,,,OPERATING_EXPENSE,RENT,Facility Rental Charge,NONE,,,,,,,,,,,,,,,,,,,,,,,,,,,
2026-12-02,TATA001,,,,,TX_FUT_IN_00126,407098.3,,CLEARED,,,,,,,,,,,,CUSTOMER_PAYMENT,CUSTOMER_COLLECTION,Collection of future receivable REC_FUT_0444,RECEIVABLE,REC_FUT_0444,,,,,,,,,,,,,,,,,,,,,,,,,,
2026-12-02,TATA001,,,,,TX_FUT_IN_00127,171981.26,,CLEARED,,,,,,,,,,,,CUSTOMER_PAYMENT,CUSTOMER_COLLECTION,Collection of future receivable REC_FUT_0452,RECEIVABLE,REC_FUT_0452,,,,,,,,,,,,,,,,,,,,,,,,,,
2026-12-02,TATA001,,,,,TX_FUT_IN_00128,64203.97,,CLEARED,,,,,,,,,,,,CUSTOMER_PAYMENT,CUSTOMER_COLLECTION,Collection of future receivable REC_FUT_0465,RECEIVABLE,REC_FUT_0465,,,,,,,,,,,,,,,,,,,,,,,,,,
2026-12-02,TATA001,,,,,TX_FUT_OUT_00129,122880.54,,CLEARED,,,,,,,,,,,,SUPPLIER_PAYMENT,RAW_MATERIAL,Payment cleared for future invoice INV_FUT_0296,INVOICE,INV_FUT_0296,,,,,,,,,,,,,,,,,,,,,,,,,,
2026-12-02,TATA001,,,,,TX_FUT_OUT_00130,54379.43,,CLEARED,,,,,,,,,,,,SUPPLIER_PAYMENT,RAW_MATERIAL,Payment cleared for future invoice INV_FUT_0297,INVOICE,INV_FUT_0297,,,,,,,,,,,,,,,,,,,,,,,,,,
2026-12-03,TATA001,,,,,TX_FUT_IN_00131,73507.66,,CLEARED,,,,,,,,,,,,CUSTOMER_PAYMENT,CUSTOMER_COLLECTION,Collection of future receivable REC_FUT_0449,RECEIVABLE,REC_FUT_0449,,,,,,,,,,,,,,,,,,,,,,,,,,
2026-12-04,TATA001,,,,,TX_FUT_IN_00132,93153.17,,CLEARED,,,,,,,,,,,,CUSTOMER_PAYMENT,CUSTOMER_COLLECTION,Collection of future receivable REC_FUT_0426,RECEIVABLE,REC_FUT_0426,,,,,,,,,,,,,,,,,,,,,,,,,,
2026-12-05,TATA001,,,,,TX_FUT_OUT_00133,102191.32,,CLEARED,,,,,,,,,,,,SUPPLIER_PAYMENT,RAW_MATERIAL,Payment cleared for future invoice INV_FUT_0299,INVOICE,INV_FUT_0299,,,,,,,,,,,,,,,,,,,,,,,,,,
2026-12-06,TATA001,,,,,TX_FUT_IN_00134,30000.0,,CLEARED,,,,,,,,,,,,CUSTOMER_PAYMENT,CUSTOMER_COLLECTION,Collection of future receivable REC_FUT_0445,RECEIVABLE,REC_FUT_0445,,,,,,,,,,,,,,,,,,,,,,,,,,
2026-12-06,TATA001,,,,,TX_FUT_OUT_00135,100743.16,,CLEARED,,,,,,,,,,,,SUPPLIER_PAYMENT,RAW_MATERIAL,Payment cleared for future invoice INV_FUT_0300,INVOICE,INV_FUT_0300,,,,,,,,,,,,,,,,,,,,,,,,,,
2026-12-07,TATA001,,,,,TX_FUT_IN_00136,66329.48,,CLEARED,,,,,,,,,,,,CUSTOMER_PAYMENT,CUSTOMER_COLLECTION,Collection of future receivable REC_FUT_0455,RECEIVABLE,REC_FUT_0455,,,,,,,,,,,,,,,,,,,,,,,,,,
2026-12-07,TATA001,,,,,TX_FUT_IN_00137,68296.6,,CLEARED,,,,,,,,,,,,CUSTOMER_PAYMENT,CUSTOMER_COLLECTION,Collection of future receivable REC_FUT_0456,RECEIVABLE,REC_FUT_0456,,,,,,,,,,,,,,,,,,,,,,,,,,
2026-12-08,TATA001,,,,,TX_FUT_OUT_00138,22214.17,,CLEARED,,,,,,,,,,,,SUPPLIER_PAYMENT,RAW_MATERIAL,Payment cleared for future invoice INV_FUT_0302,INVOICE,INV_FUT_0302,,,,,,,,,,,,,,,,,,,,,,,,,,
2026-12-08,TATA001,,,,,TX_FUT_OUT_00139,74586.42,,CLEARED,,,,,,,,,,,,SUPPLIER_PAYMENT,RAW_MATERIAL,Payment cleared for future invoice INV_FUT_0303,INVOICE,INV_FUT_0303,,,,,,,,,,,,,,,,,,,,,,,,,,
2026-12-08,TATA001,,,,,TX_FUT_OUT_00140,67552.43,,CLEARED,,,,,,,,,,,,SUPPLIER_PAYMENT,RAW_MATERIAL,Payment cleared for future invoice INV_FUT_0311,INVOICE,INV_FUT_0311,,,,,,,,,,,,,,,,,,,,,,,,,,
2026-12-09,TATA001,,,,,TX_FUT_IN_00141,639762.76,,CLEARED,,,,,,,,,,,,CUSTOMER_PAYMENT,CUSTOMER_COLLECTION,Collection of future receivable REC_FUT_0416,RECEIVABLE,REC_FUT_0416,,,,,,,,,,,,,,,,,,,,,,,,,,
2026-12-09,TATA001,,,,,TX_FUT_OUT_00142,149988.04,,CLEARED,,,,,,,,,,,,SUPPLIER_PAYMENT,RAW_MATERIAL,Payment cleared for future invoice INV_FUT_0313,INVOICE,INV_FUT_0313,,,,,,,,,,,,,,,,,,,,,,,,,,
2026-12-10,TATA001,,,,,TX_FUT_IN_00143,94410.07,,CLEARED,,,,,,,,,,,,CUSTOMER_PAYMENT,CUSTOMER_COLLECTION,Collection of future receivable REC_FUT_0454,RECEIVABLE,REC_FUT_0454,,,,,,,,,,,,,,,,,,,,,,,,,,
2026-12-10,TATA001,,,,,TX_FUT_IN_00144,85812.24,,CLEARED,,,,,,,,,,,,CUSTOMER_PAYMENT,CUSTOMER_COLLECTION,Collection of future receivable REC_FUT_0458,RECEIVABLE,REC_FUT_0458,,,,,,,,,,,,,,,,,,,,,,,,,,
2026-12-10,TATA001,,,,,TX_FUT_OUT_00145,89277.69,,CLEARED,,,,,,,,,,,,SUPPLIER_PAYMENT,RAW_MATERIAL,Payment cleared for future invoice INV_FUT_0305,INVOICE,INV_FUT_0305,,,,,,,,,,,,,,,,,,,,,,,,,,
2026-12-11,TATA001,,,,,TX_FUT_IN_00146,106911.06,,CLEARED,,,,,,,,,,,,CUSTOMER_PAYMENT,CUSTOMER_COLLECTION,Collection of future receivable REC_FUT_0460,RECEIVABLE,REC_FUT_0460,,,,,,,,,,,,,,,,,,,,,,,,,,
2026-12-11,TATA001,,,,,TX_FUT_OUT_00147,23081.91,,CLEARED,,,,,,,,,,,,SUPPLIER_PAYMENT,RAW_MATERIAL,Payment cleared for future invoice INV_FUT_0306,INVOICE,INV_FUT_0306,,,,,,,,,,,,,,,,,,,,,,,,,,
2026-12-11,TATA001,,,,,TX_FUT_OUT_00148,84156.77,,CLEARED,,,,,,,,,,,,SUPPLIER_PAYMENT,RAW_MATERIAL,Payment cleared for future invoice INV_FUT_0307,INVOICE,INV_FUT_0307,,,,,,,,,,,,,,,,,,,,,,,,,,
2026-12-12,TATA001,,,,,TX_FUT_OUT_00149,47825.06,,CLEARED,,,,,,,,,,,,SUPPLIER_PAYMENT,RAW_MATERIAL,Payment cleared for future invoice INV_FUT_0291,INVOICE,INV_FUT_0291,,,,,,,,,,,,,,,,,,,,,,,,,,
2026-12-14,TATA001,,,,,TX_FUT_IN_00150,108823.03,,CLEARED,,,,,,,,,,,,CUSTOMER_PAYMENT,CUSTOMER_COLLECTION,Collection of future receivable REC_FUT_0475,RECEIVABLE,REC_FUT_0475,,,,,,,,,,,,,,,,,,,,,,,,,,
2026-12-16,TATA001,,,,,TX_FUT_IN_00151,230192.75,,CLEARED,,,,,,,,,,,,CUSTOMER_PAYMENT,CUSTOMER_COLLECTION,Collection of future receivable REC_FUT_0421,RECEIVABLE,REC_FUT_0421,,,,,,,,,,,,,,,,,,,,,,,,,,
2026-12-16,TATA001,,,,,TX_FUT_IN_00152,104190.35,,CLEARED,,,,,,,,,,,,CUSTOMER_PAYMENT,CUSTOMER_COLLECTION,Collection of future receivable REC_FUT_0442,RECEIVABLE,REC_FUT_0442,,,,,,,,,,,,,,,,,,,,,,,,,,
2026-12-17,TATA001,,,,,TX_FUT_OUT_00153,22961.84,,CLEARED,,,,,,,,,,,,SUPPLIER_PAYMENT,RAW_MATERIAL,Payment cleared for future invoice INV_FUT_0310,INVOICE,INV_FUT_0310,,,,,,,,,,,,,,,,,,,,,,,,,,
2026-12-18,TATA001,,,,,TX_FUT_IN_00154,217752.9,,CLEARED,,,,,,,,,,,,CUSTOMER_PAYMENT,CUSTOMER_COLLECTION,Collection of future receivable REC_FUT_0447,RECEIVABLE,REC_FUT_0447,,,,,,,,,,,,,,,,,,,,,,,,,,
2026-12-18,TATA001,,,,,TX_FUT_IN_00155,42159.28,,CLEARED,,,,,,,,,,,,CUSTOMER_PAYMENT,CUSTOMER_COLLECTION,Collection of future receivable REC_FUT_0466,RECEIVABLE,REC_FUT_0466,,,,,,,,,,,,,,,,,,,,,,,,,,
2026-12-18,TATA001,,,,,TX_FUT_OUT_00156,128952.97,,CLEARED,,,,,,,,,,,,SUPPLIER_PAYMENT,RAW_MATERIAL,Payment cleared for future invoice INV_FUT_0318,INVOICE,INV_FUT_0318,,,,,,,,,,,,,,,,,,,,,,,,,,
2026-12-20,TATA001,,,,,TX_FUT_IN_00157,129399.59,,CLEARED,,,,,,,,,,,,CUSTOMER_PAYMENT,CUSTOMER_COLLECTION,Collection of future receivable REC_FUT_0448,RECEIVABLE,REC_FUT_0448,,,,,,,,,,,,,,,,,,,,,,,,,,
2026-12-20,TATA001,,,,,TX_FUT_IN_00158,59075.82,,CLEARED,,,,,,,,,,,,CUSTOMER_PAYMENT,CUSTOMER_COLLECTION,Collection of future receivable REC_FUT_0477,RECEIVABLE,REC_FUT_0477,,,,,,,,,,,,,,,,,,,,,,,,,,
2026-12-21,TATA001,,,,,TX_FUT_IN_00159,287078.59,,CLEARED,,,,,,,,,,,,CUSTOMER_PAYMENT,CUSTOMER_COLLECTION,Collection of future receivable REC_FUT_0423,RECEIVABLE,REC_FUT_0423,,,,,,,,,,,,,,,,,,,,,,,,,,
2026-12-21,TATA001,,,,,TX_FUT_IN_00160,79898.45,,CLEARED,,,,,,,,,,,,CUSTOMER_PAYMENT,CUSTOMER_COLLECTION,Collection of future receivable REC_FUT_0480,RECEIVABLE,REC_FUT_0480,,,,,,,,,,,,,,,,,,,,,,,,,,
2026-12-22,TATA001,,,,,TX_FUT_IN_00161,87442.04,,CLEARED,,,,,,,,,,,,CUSTOMER_PAYMENT,CUSTOMER_COLLECTION,Collection of future receivable REC_FUT_0467,RECEIVABLE,REC_FUT_0467,,,,,,,,,,,,,,,,,,,,,,,,,,
2026-12-22,TATA001,,,,,TX_FUT_IN_00162,35811.23,,CLEARED,,,,,,,,,,,,CUSTOMER_PAYMENT,CUSTOMER_COLLECTION,Collection of future receivable REC_FUT_0469,RECEIVABLE,REC_FUT_0469,,,,,,,,,,,,,,,,,,,,,,,,,,
2026-12-23,TATA001,,,,,TX_FUT_OUT_00163,40430.27,,CLEARED,,,,,,,,,,,,SUPPLIER_PAYMENT,RAW_MATERIAL,Payment cleared for future invoice INV_FUT_0321,INVOICE,INV_FUT_0321,,,,,,,,,,,,,,,,,,,,,,,,,,
2026-12-24,TATA001,,,,,TX_FUT_OUT_00164,31067.96,,CLEARED,,,,,,,,,,,,SUPPLIER_PAYMENT,RAW_MATERIAL,Payment cleared for future invoice INV_FUT_0312,INVOICE,INV_FUT_0312,,,,,,,,,,,,,,,,,,,,,,,,,,
2026-12-26,TATA001,,,,,TX_FUT_IN_00165,49539.27,,CLEARED,,,,,,,,,,,,CUSTOMER_PAYMENT,CUSTOMER_COLLECTION,Collection of future receivable REC_FUT_0491,RECEIVABLE,REC_FUT_0491,,,,,,,,,,,,,,,,,,,,,,,,,,
2026-12-27,TATA001,,,,,TX_FUT_OUT_00166,134367.21,,CLEARED,,,,,,,,,,,,SUPPLIER_PAYMENT,RAW_MATERIAL,Payment cleared for future invoice INV_FUT_0324,INVOICE,INV_FUT_0324,,,,,,,,,,,,,,,,,,,,,,,,,,
2026-12-28,TATA001,,,,,TX_FUT_IN_00167,397379.05,,CLEARED,,,,,,,,,,,,CUSTOMER_PAYMENT,CUSTOMER_COLLECTION,Collection of future receivable REC_FUT_0453,RECEIVABLE,REC_FUT_0453,,,,,,,,,,,,,,,,,,,,,,,,,,
2026-12-28,TATA001,,,,,TX_FUT_IN_00168,189105.46,,CLEARED,,,,,,,,,,,,CUSTOMER_PAYMENT,CUSTOMER_COLLECTION,Collection of future receivable REC_FUT_0472,RECEIVABLE,REC_FUT_0472,,,,,,,,,,,,,,,,,,,,,,,,,,
2026-12-28,TATA001,,,,,TX_FUT_IN_00169,105514.33,,CLEARED,,,,,,,,,,,,CUSTOMER_PAYMENT,CUSTOMER_COLLECTION,Collection of future receivable REC_FUT_0474,RECEIVABLE,REC_FUT_0474,,,,,,,,,,,,,,,,,,,,,,,,,,
2026-12-28,TATA001,,,,,TX_FUT_OUT_00170,90738.36,,CLEARED,,,,,,,,,,,,SUPPLIER_PAYMENT,RAW_MATERIAL,Payment cleared for future invoice INV_FUT_0314,INVOICE,INV_FUT_0314,,,,,,,,,,,,,,,,,,,,,,,,,,
2026-12-28,TATA001,,,,,TX_FUT_OPS_00171,1650000.0,,CLEARED,,,,,,,,,,,,OPERATING_EXPENSE,SALARY,Corporate Employee Payroll,NONE,,,,,,,,,,,,,,,,,,,,,,,,,,,
2026-12-29,TATA001,,,,,TX_FUT_IN_00172,214381.08,,CLEARED,,,,,,,,,,,,CUSTOMER_PAYMENT,CUSTOMER_COLLECTION,Collection of future receivable REC_FUT_0438,RECEIVABLE,REC_FUT_0438,,,,,,,,,,,,,,,,,,,,,,,,,,
2026-12-29,TATA001,,,,,TX_FUT_OUT_00173,60837.09,,CLEARED,,,,,,,,,,,,SUPPLIER_PAYMENT,RAW_MATERIAL,Payment cleared for future invoice INV_FUT_0315,INVOICE,INV_FUT_0315,,,,,,,,,,,,,,,,,,,,,,,,,,
2026-12-29,TATA001,,,,,TX_FUT_OUT_00174,102782.05,,CLEARED,,,,,,,,,,,,SUPPLIER_PAYMENT,RAW_MATERIAL,Payment cleared for future invoice INV_FUT_0325,INVOICE,INV_FUT_0325,,,,,,,,,,,,,,,,,,,,,,,,,,
2026-12-31,TATA001,,,,,TX_FUT_IN_00175,276621.87,,CLEARED,,,,,,,,,,,,CUSTOMER_PAYMENT,CUSTOMER_COLLECTION,Collection of future receivable REC_FUT_0463,RECEIVABLE,REC_FUT_0463,,,,,,,,,,,,,,,,,,,,,,,,,,
2026-08-28,TATA001,,,,,,,2554079.97,,,,,,,,,,,,,,,,,,CASH001,4204079.97,0.0,1650000.0,1954079.97,970000.0,984079.97,,,,,,,,,,,,,,,,,,,
2026-08-29,TATA001,,,,,,,2554079.97,,,,,,,,,,,,,,,,,,CASH001,2554079.97,0.0,0.0,1954079.97,970000.0,984079.97,,,,,,,,,,,,,,,,,,,
2026-08-30,TATA001,,,,,,,2554079.97,,,,,,,,,,,,,,,,,,CASH001,2554079.97,0.0,0.0,1954079.97,970000.0,984079.97,,,,,,,,,,,,,,,,,,,
2026-08-31,TATA001,,,,,,,2554079.97,,,,,,,,,,,,,,,,,,CASH001,2554079.97,0.0,0.0,1954079.97,970000.0,984079.97,,,,,,,,,,,,,,,,,,,
2026-09-01,TATA001,,,,,,,2434079.97,,,,,,,,,,,,,,,,,,CASH001,2554079.97,0.0,120000.0,1834079.97,970000.0,864079.97,,,,,,,,,,,,,,,,,,,
2026-09-02,TATA001,,,,,,,2434079.97,,,,,,,,,,,,,,,,,,CASH001,2434079.97,0.0,0.0,1834079.97,850000.0,984079.97,,,,,,,,,,,,,,,,,,,
2026-09-03,TATA001,,,,,,,2434079.97,,,,,,,,,,,,,,,,,,CASH001,2434079.97,0.0,0.0,1834079.97,850000.0,984079.97,,,,,,,,,,,,,,,,,,,
2026-09-04,TATA001,,,,,,,2434079.97,,,,,,,,,,,,,,,,,,CASH001,2434079.97,0.0,0.0,1834079.97,850000.0,984079.97,,,,,,,,,,,,,,,,,,,
2026-09-05,TATA001,,,,,,,2434079.97,,,,,,,,,,,,,,,,,,CASH001,2434079.97,0.0,0.0,1834079.97,850000.0,984079.97,,,,,,,,,,,,,,,,,,,
2026-09-06,TATA001,,,,,,,2434079.97,,,,,,,,,,,,,,,,,,CASH001,2434079.97,0.0,0.0,1834079.97,850000.0,984079.97,,,,,,,,,,,,,,,,,,,
2026-09-07,TATA001,,,,,,,2434079.97,,,,,,,,,,,,,,,,,,CASH001,2434079.97,0.0,0.0,1834079.97,850000.0,984079.97,,,,,,,,,,,,,,,,,,,
2026-09-08,TATA001,,,,,,,2434079.97,,,,,,,,,,,,,,,,,,CASH001,2434079.97,0.0,0.0,1834079.97,850000.0,984079.97,,,,,,,,,,,,,,,,,,,
2026-09-09,TATA001,,,,,,,2434079.97,,,,,,,,,,,,,,,,,,CASH001,2434079.97,0.0,0.0,1834079.97,850000.0,984079.97,,,,,,,,,,,,,,,,,,,
2026-09-10,TATA001,,,,,,,2434079.97,,,,,,,,,,,,,,,,,,CASH001,2434079.97,0.0,0.0,1834079.97,850000.0,984079.97,,,,,,,,,,,,,,,,,,,
2026-09-11,TATA001,,,,,,,2434079.97,,,,,,,,,,,,,,,,,,CASH001,2434079.97,0.0,0.0,1834079.97,850000.0,984079.97,,,,,,,,,,,,,,,,,,,
2026-09-12,TATA001,,,,,,,2434079.97,,,,,,,,,,,,,,,,,,CASH001,2434079.97,0.0,0.0,1834079.97,850000.0,984079.97,,,,,,,,,,,,,,,,,,,
2026-09-13,TATA001,,,,,,,2434079.97,,,,,,,,,,,,,,,,,,CASH001,2434079.97,0.0,0.0,1834079.97,850000.0,984079.97,,,,,,,,,,,,,,,,,,,
2026-09-14,TATA001,,,,,,,2434079.97,,,,,,,,,,,,,,,,,,CASH001,2434079.97,0.0,0.0,1834079.97,850000.0,984079.97,,,,,,,,,,,,,,,,,,,
2026-09-15,TATA001,,,,,,,2434079.97,,,,,,,,,,,,,,,,,,CASH001,2434079.97,0.0,0.0,1834079.97,850000.0,984079.97,,,,,,,,,,,,,,,,,,,
2026-09-16,TATA001,,,,,,,2434079.97,,,,,,,,,,,,,,,,,,CASH001,2434079.97,0.0,0.0,1834079.97,850000.0,984079.97,,,,,,,,,,,,,,,,,,,
2026-09-17,TATA001,,,,,,,2434079.97,,,,,,,,,,,,,,,,,,CASH001,2434079.97,0.0,0.0,1834079.97,850000.0,984079.97,,,,,,,,,,,,,,,,,,,
2026-09-18,TATA001,,,,,,,2434079.97,,,,,,,,,,,,,,,,,,CASH001,2434079.97,0.0,0.0,1834079.97,850000.0,984079.97,,,,,,,,,,,,,,,,,,,
2026-09-19,TATA001,,,,,,,2434079.97,,,,,,,,,,,,,,,,,,CASH001,2434079.97,0.0,0.0,1834079.97,850000.0,984079.97,,,,,,,,,,,,,,,,,,,
2026-09-20,TATA001,,,,,,,2383685.34,,,,,,,,,,,,,,,,,,CASH001,2434079.97,0.0,50394.63,1783685.34,850000.0,933685.34,,,,,,,,,,,,,,,,,,,
2026-09-21,TATA001,,,,,,,2383685.34,,,,,,,,,,,,,,,,,,CASH001,2383685.34,0.0,0.0,1783685.34,2500000.0,0.0,,,,,,,,,,,,,,,,,,,
2026-09-22,TATA001,,,,,,,2415446.3,,,,,,,,,,,,,,,,,,CASH001,2383685.34,31760.96,0.0,1815446.3,2500000.0,0.0,,,,,,,,,,,,,,,,,,,
2026-09-23,TATA001,,,,,,,2641942.2,,,,,,,,,,,,,,,,,,CASH001,2415446.3,226495.9,0.0,2041942.2,2500000.0,0.0,,,,,,,,,,,,,,,,,,,
2026-09-24,TATA001,,,,,,,2810168.16,,,,,,,,,,,,,,,,,,CASH001,2641942.2,168225.96,0.0,2210168.16,2500000.0,0.0,,,,,,,,,,,,,,,,,,,
2026-09-25,TATA001,,,,,,,2810168.16,,,,,,,,,,,,,,,,,,CASH001,2810168.16,0.0,0.0,2210168.16,2500000.0,0.0,,,,,,,,,,,,,,,,,,,
2026-09-26,TATA001,,,,,,,2810168.16,,,,,,,,,,,,,,,,,,CASH001,2810168.16,0.0,0.0,2210168.16,2500000.0,0.0,,,,,,,,,,,,,,,,,,,
2026-09-27,TATA001,,,,,,,2810168.16,,,,,,,,,,,,,,,,,,CASH001,2810168.16,0.0,0.0,2210168.16,2500000.0,0.0,,,,,,,,,,,,,,,,,,,
2026-09-28,TATA001,,,,,,,1160168.16,,,,,,,,,,,,,,,,,,CASH001,2810168.16,0.0,1650000.0,560168.16,970000.0,0.0,,,,,,,,,,,,,,,,,,,
2026-09-29,TATA001,,,,,,,1309309.21,,,,,,,,,,,,,,,,,,CASH001,1160168.16,149141.05,0.0,709309.21,970000.0,0.0,,,,,,,,,,,,,,,,,,,
2026-09-30,TATA001,,,,,,,1287745.68,,,,,,,,,,,,,,,,,,CASH001,1309309.21,0.0,21563.53,687745.68,970000.0,0.0,,,,,,,,,,,,,,,,,,,
2026-10-01,TATA001,,,,,,,1252373.05,,,,,,,,,,,,,,,,,,CASH001,1287745.68,84627.37,120000.0,652373.05,970000.0,0.0,,,,,,,,,,,,,,,,,,,
2026-10-02,TATA001,,,,,,,1252373.05,,,,,,,,,,,,,,,,,,CASH001,1252373.05,0.0,0.0,652373.05,850000.0,0.0,,,,,,,,,,,,,,,,,,,
2026-10-03,TATA001,,,,,,,1586810.55,,,,,,,,,,,,,,,,,,CASH001,1252373.05,334437.5,0.0,986810.55,850000.0,136810.55,,,,,,,,,,,,,,,,,,,
2026-10-04,TATA001,,,,,,,1586810.55,,,,,,,,,,,,,,,,,,CASH001,1586810.55,0.0,0.0,986810.55,850000.0,136810.55,,,,,,,,,,,,,,,,,,,
2026-10-05,TATA001,,,,,,,1518236.64,,,,,,,,,,,,,,,,,,CASH001,1586810.55,0.0,68573.91,918236.64,850000.0,68236.64,,,,,,,,,,,,,,,,,,,
2026-10-06,TATA001,,,,,,,1369606.84,,,,,,,,,,,,,,,,,,CASH001,1518236.64,0.0,148629.8,769606.84,850000.0,0.0,,,,,,,,,,,,,,,,,,,
2026-10-07,TATA001,,,,,,,1460485.54,,,,,,,,,,,,,,,,,,CASH001,1369606.84,90878.7,0.0,860485.54,850000.0,10485.54,,,,,,,,,,,,,,,,,,,
2026-10-08,TATA001,,,,,,,1460485.54,,,,,,,,,,,,,,,,,,CASH001,1460485.54,0.0,0.0,860485.54,850000.0,10485.54,,,,,,,,,,,,,,,,,,,
2026-10-09,TATA001,,,,,,,1460485.54,,,,,,,,,,,,,,,,,,CASH001,1460485.54,0.0,0.0,860485.54,850000.0,10485.54,,,,,,,,,,,,,,,,,,,
2026-10-10,TATA001,,,,,,,1503326.89,,,,,,,,,,,,,,,,,,CASH001,1460485.54,42841.35,0.0,903326.89,850000.0,53326.89,,,,,,,,,,,,,,,,,,,
2026-10-11,TATA001,,,,,,,1419780.13,,,,,,,,,,,,,,,,,,CASH001,1503326.89,0.0,83546.76,819780.13,850000.0,0.0,,,,,,,,,,,,,,,,,,,
2026-10-12,TATA001,,,,,,,1638729.75,,,,,,,,,,,,,,,,,,CASH001,1419780.13,389580.34,170630.72,1038729.75,850000.0,188729.75,,,,,,,,,,,,,,,,,,,
2026-10-13,TATA001,,,,,,,1741193.03,,,,,,,,,,,,,,,,,,CASH001,1638729.75,243018.94,140555.66,1141193.03,850000.0,291193.03,,,,,,,,,,,,,,,,,,,
2026-10-14,TATA001,,,,,,,1741193.03,,,,,,,,,,,,,,,,,,CASH001,1741193.03,0.0,0.0,1141193.03,850000.0,291193.03,,,,,,,,,,,,,,,,,,,
2026-10-15,TATA001,,,,,,,2149461.23,,,,,,,,,,,,,,,,,,CASH001,1741193.03,408268.2,0.0,1549461.23,850000.0,699461.23,,,,,,,,,,,,,,,,,,,
2026-10-16,TATA001,,,,,,,1938884.56,,,,,,,,,,,,,,,,,,CASH001,2149461.23,0.0,210576.67,1338884.56,850000.0,488884.56,,,,,,,,,,,,,,,,,,,
2026-10-17,TATA001,,,,,,,1938884.56,,,,,,,,,,,,,,,,,,CASH001,1938884.56,0.0,0.0,1338884.56,850000.0,488884.56,,,,,,,,,,,,,,,,,,,
2026-10-18,TATA001,,,,,,,1857488.83,,,,,,,,,,,,,,,,,,CASH001,1938884.56,0.0,81395.73,1257488.83,850000.0,407488.83,,,,,,,,,,,,,,,,,,,
2026-10-19,TATA001,,,,,,,2387999.29,,,,,,,,,,,,,,,,,,CASH001,1857488.83,530510.46,0.0,1787999.29,850000.0,937999.29,,,,,,,,,,,,,,,,,,,
2026-10-20,TATA001,,,,,,,2875441.41,,,,,,,,,,,,,,,,,,CASH001,2387999.29,487442.12,0.0,2275441.41,850000.0,1425441.41,,,,,,,,,,,,,,,,,,,
2026-10-21,TATA001,,,,,,,2955310.82,,,,,,,,,,,,,,,,,,CASH001,2875441.41,79869.41,0.0,2355310.82,2500000.0,0.0,,,,,,,,,,,,,,,,,,,
2026-10-22,TATA001,,,,,,,3609934.13,,,,,,,,,,,,,,,,,,CASH001,2955310.82,654623.31,0.0,3009934.13,2500000.0,509934.13,,,,,,,,,,,,,,,,,,,
2026-10-23,TATA001,,,,,,,3721400.28,,,,,,,,,,,,,,,,,,CASH001,3609934.13,385875.65,274409.5,3121400.28,2500000.0,621400.28,,,,,,,,,,,,,,,,,,,
2026-10-24,TATA001,,,,,,,3721400.28,,,,,,,,,,,,,,,,,,CASH001,3721400.28,0.0,0.0,3121400.28,2500000.0,621400.28,,,,,,,,,,,,,,,,,,,
2026-10-25,TATA001,,,,,,,4022343.46,,,,,,,,,,,,,,,,,,CASH001,3721400.28,333846.1,32902.92,3422343.46,2500000.0,922343.46,,,,,,,,,,,,,,,,,,,
2026-10-26,TATA001,,,,,,,4016103.41,,,,,,,,,,,,,,,,,,CASH001,4022343.46,75229.76,81469.81,3416103.41,2500000.0,916103.41,,,,,,,,,,,,,,,,,,,
2026-10-27,TATA001,,,,,,,4175972.19,,,,,,,,,,,,,,,,,,CASH001,4016103.41,247336.96,87468.18,3575972.19,2500000.0,1075972.19,,,,,,,,,,,,,,,,,,,
2026-10-28,TATA001,,,,,,,2544563.62,,,,,,,,,,,,,,,,,,CASH001,4175972.19,229483.09,1860891.66,1944563.62,970000.0,974563.62,,,,,,,,,,,,,,,,,,,
2026-10-29,TATA001,,,,,,,2798444.18,,,,,,,,,,,,,,,,,,CASH001,2544563.62,253880.56,0.0,2198444.18,970000.0,1228444.18,,,,,,,,,,,,,,,,,,,
2026-10-30,TATA001,,,,,,,2800208.01,,,,,,,,,,,,,,,,,,CASH001,2798444.18,69813.45,68049.62,2200208.01,970000.0,1230208.01,,,,,,,,,,,,,,,,,,,
2026-10-31,TATA001,,,,,,,2800208.01,,,,,,,,,,,,,,,,,,CASH001,2800208.01,0.0,0.0,2200208.01,970000.0,1230208.01,,,,,,,,,,,,,,,,,,,
2026-11-01,TATA001,,,,,,,2220145.11,,,,,,,,,,,,,,,,,,CASH001,2800208.01,0.0,580062.9,1620145.11,970000.0,650145.11,,,,,,,,,,,,,,,,,,,
2026-11-02,TATA001,,,,,,,2350124.69,,,,,,,,,,,,,,,,,,CASH001,2220145.11,251318.81,121339.23,1750124.69,850000.0,900124.69,,,,,,,,,,,,,,,,,,,
2026-11-03,TATA001,,,,,,,2488002.03,,,,,,,,,,,,,,,,,,CASH001,2350124.69,137877.34,0.0,1888002.03,850000.0,1038002.03,,,,,,,,,,,,,,,,,,,
2026-11-04,TATA001,,,,,,,2454361.08,,,,,,,,,,,,,,,,,,CASH001,2488002.03,200272.76,233913.71,1854361.08,850000.0,1004361.08,,,,,,,,,,,,,,,,,,,
2026-11-05,TATA001,,,,,,,2991785.83,,,,,,,,,,,,,,,,,,CASH001,2454361.08,537424.75,0.0,2391785.83,850000.0,1541785.83,,,,,,,,,,,,,,,,,,,
2026-11-06,TATA001,,,,,,,3313376.98,,,,,,,,,,,,,,,,,,CASH001,2991785.83,356660.35,35069.2,2713376.98,850000.0,1863376.98,,,,,,,,,,,,,,,,,,,
2026-11-07,TATA001,,,,,,,3395562.46,,,,,,,,,,,,,,,,,,CASH001,3313376.98,82185.48,0.0,2795562.46,850000.0,1945562.46,,,,,,,,,,,,,,,,,,,
2026-11-08,TATA001,,,,,,,3513320.37,,,,,,,,,,,,,,,,,,CASH001,3395562.46,117757.91,0.0,2913320.37,850000.0,2063320.37,,,,,,,,,,,,,,,,,,,
2026-11-09,TATA001,,,,,,,3902117.12,,,,,,,,,,,,,,,,,,CASH001,3513320.37,549523.01,160726.26,3302117.12,850000.0,2452117.12,,,,,,,,,,,,,,,,,,,
2026-11-10,TATA001,,,,,,,4025401.31,,,,,,,,,,,,,,,,,,CASH001,3902117.12,123284.19,0.0,3425401.31,850000.0,2575401.31,,,,,,,,,,,,,,,,,,,
2026-11-11,TATA001,,,,,,,4351797.37,,,,,,,,,,,,,,,,,,CASH001,4025401.31,326396.06,0.0,3751797.37,850000.0,2901797.37,,,,,,,,,,,,,,,,,,,
2026-11-12,TATA001,,,,,,,4258186.75,,,,,,,,,,,,,,,,,,CASH001,4351797.37,0.0,93610.62,3658186.75,850000.0,2808186.75,,,,,,,,,,,,,,,,,,,
2026-11-13,TATA001,,,,,,,4258186.75,,,,,,,,,,,,,,,,,,CASH001,4258186.75,0.0,0.0,3658186.75,850000.0,2808186.75,,,,,,,,,,,,,,,,,,,
2026-11-14,TATA001,,,,,,,4253756.79,,,,,,,,,,,,,,,,,,CASH001,4258186.75,125749.37,130179.33,3653756.79,850000.0,2803756.79,,,,,,,,,,,,,,,,,,,
2026-11-15,TATA001,,,,,,,4166344.08,,,,,,,,,,,,,,,,,,CASH001,4253756.79,231111.11,318523.82,3566344.08,850000.0,2716344.08,,,,,,,,,,,,,,,,,,,
2026-11-16,TATA001,,,,,,,4400322.53,,,,,,,,,,,,,,,,,,CASH001,4166344.08,233978.45,0.0,3800322.53,850000.0,2950322.53,,,,,,,,,,,,,,,,,,,
2026-11-17,TATA001,,,,,,,4601254.19,,,,,,,,,,,,,,,,,,CASH001,4400322.53,200931.66,0.0,4001254.19,850000.0,3151254.19,,,,,,,,,,,,,,,,,,,
2026-11-18,TATA001,,,,,,,4665913.83,,,,,,,,,,,,,,,,,,CASH001,4601254.19,128534.2,63874.56,4065913.83,850000.0,3215913.83,,,,,,,,,,,,,,,,,,,
2026-11-19,TATA001,,,,,,,4665913.83,,,,,,,,,,,,,,,,,,CASH001,4665913.83,0.0,0.0,4065913.83,850000.0,3215913.83,,,,,,,,,,,,,,,,,,,
2026-11-20,TATA001,,,,,,,4984175.88,,,,,,,,,,,,,,,,,,CASH001,4665913.83,343207.32,24945.27,4384175.88,850000.0,3534175.88,,,,,,,,,,,,,,,,,,,
2026-11-21,TATA001,,,,,,,5007168.77,,,,,,,,,,,,,,,,,,CASH001,4984175.88,114914.58,91921.69,4407168.77,2500000.0,1907168.77,,,,,,,,,,,,,,,,,,,
2026-11-22,TATA001,,,,,,,4656674.58,,,,,,,,,,,,,,,,,,CASH001,5007168.77,279217.72,629711.91,4056674.58,2500000.0,1556674.58,,,,,,,,,,,,,,,,,,,
2026-11-23,TATA001,,,,,,,4824759.54,,,,,,,,,,,,,,,,,,CASH001,4656674.58,168084.96,0.0,4224759.54,2500000.0,1724759.54,,,,,,,,,,,,,,,,,,,
2026-11-24,TATA001,,,,,,,4666311.32,,,,,,,,,,,,,,,,,,CASH001,4824759.54,254304.43,412752.65,4066311.32,2500000.0,1566311.32,,,,,,,,,,,,,,,,,,,
2026-11-25,TATA001,,,,,,,4666311.32,,,,,,,,,,,,,,,,,,CASH001,4666311.32,0.0,0.0,4066311.32,2500000.0,1566311.32,,,,,,,,,,,,,,,,,,,
2026-11-26,TATA001,,,,,,,4986685.87,,,,,,,,,,,,,,,,,,CASH001,4666311.32,320374.55,0.0,4386685.87,2500000.0,1886685.87,,,,,,,,,,,,,,,,,,,
2026-11-27,TATA001,,,,,,,4986685.87,,,,,,,,,,,,,,,,,,CASH001,4986685.87,0.0,0.0,4386685.87,2500000.0,1886685.87,,,,,,,,,,,,,,,,,,,
2026-11-28,TATA001,,,,,,,3495272.17,,,,,,,,,,,,,,,,,,CASH001,4986685.87,158586.3,1650000.0,2895272.17,970000.0,1925272.17,,,,,,,,,,,,,,,,,,,
2026-11-29,TATA001,,,,,,,3480651.44,,,,,,,,,,,,,,,,,,CASH001,3495272.17,116188.52,130809.25,2880651.44,970000.0,1910651.44,,,,,,,,,,,,,,,,,,,
2026-11-30,TATA001,,,,,,,3480651.44,,,,,,,,,,,,,,,,,,CASH001,3480651.44,0.0,0.0,2880651.44,970000.0,1910651.44,,,,,,,,,,,,,,,,,,,
2026-12-01,TATA001,,,,,,,3546239.96,,,,,,,,,,,,,,,,,,CASH001,3480651.44,185588.52,120000.0,2946239.96,970000.0,1976239.96,,,,,,,,,,,,,,,,,,,
2026-12-02,TATA001,,,,,,,4012263.52,,,,,,,,,,,,,,,,,,CASH001,3546239.96,643283.53,177259.97,3412263.52,850000.0,2562263.52,,,,,,,,,,,,,,,,,,,
2026-12-03,TATA001,,,,,,,4085771.18,,,,,,,,,,,,,,,,,,CASH001,4012263.52,73507.66,0.0,3485771.18,850000.0,2635771.18,,,,,,,,,,,,,,,,,,,
2026-12-04,TATA001,,,,,,,4178924.35,,,,,,,,,,,,,,,,,,CASH001,4085771.18,93153.17,0.0,3578924.35,850000.0,2728924.35,,,,,,,,,,,,,,,,,,,
2026-12-05,TATA001,,,,,,,4076733.03,,,,,,,,,,,,,,,,,,CASH001,4178924.35,0.0,102191.32,3476733.03,850000.0,2626733.03,,,,,,,,,,,,,,,,,,,
2026-12-06,TATA001,,,,,,,4005989.87,,,,,,,,,,,,,,,,,,CASH001,4076733.03,30000.0,100743.16,3405989.87,850000.0,2555989.87,,,,,,,,,,,,,,,,,,,
2026-12-07,TATA001,,,,,,,4140615.95,,,,,,,,,,,,,,,,,,CASH001,4005989.87,134626.08,0.0,3540615.95,850000.0,2690615.95,,,,,,,,,,,,,,,,,,,
2026-12-08,TATA001,,,,,,,3976262.93,,,,,,,,,,,,,,,,,,CASH001,4140615.95,0.0,164353.02,3376262.93,850000.0,2526262.93,,,,,,,,,,,,,,,,,,,
2026-12-09,TATA001,,,,,,,4466037.65,,,,,,,,,,,,,,,,,,CASH001,3976262.93,639762.76,149988.04,3866037.65,850000.0,3016037.65,,,,,,,,,,,,,,,,,,,
2026-12-10,TATA001,,,,,,,4556982.27,,,,,,,,,,,,,,,,,,CASH001,4466037.65,180222.31,89277.69,3956982.27,850000.0,3106982.27,,,,,,,,,,,,,,,,,,,
2026-12-11,TATA001,,,,,,,4556654.65,,,,,,,,,,,,,,,,,,CASH001,4556982.27,106911.06,107238.68,3956654.65,850000.0,3106654.65,,,,,,,,,,,,,,,,,,,
2026-12-12,TATA001,,,,,,,4508829.59,,,,,,,,,,,,,,,,,,CASH001,4556654.65,0.0,47825.06,3908829.59,850000.0,3058829.59,,,,,,,,,,,,,,,,,,,
2026-12-13,TATA001,,,,,,,4508829.59,,,,,,,,,,,,,,,,,,CASH001,4508829.59,0.0,0.0,3908829.59,850000.0,3058829.59,,,,,,,,,,,,,,,,,,,
2026-12-14,TATA001,,,,,,,4617652.62,,,,,,,,,,,,,,,,,,CASH001,4508829.59,108823.03,0.0,4017652.62,850000.0,3167652.62,,,,,,,,,,,,,,,,,,,
2026-12-15,TATA001,,,,,,,4617652.62,,,,,,,,,,,,,,,,,,CASH001,4617652.62,0.0,0.0,4017652.62,850000.0,3167652.62,,,,,,,,,,,,,,,,,,,
2026-12-16,TATA001,,,,,,,4952035.72,,,,,,,,,,,,,,,,,,CASH001,4617652.62,334383.1,0.0,4352035.72,850000.0,3502035.72,,,,,,,,,,,,,,,,,,,
2026-12-17,TATA001,,,,,,,4929073.88,,,,,,,,,,,,,,,,,,CASH001,4952035.72,0.0,22961.84,4329073.88,850000.0,3479073.88,,,,,,,,,,,,,,,,,,,
2026-12-18,TATA001,,,,,,,5060033.09,,,,,,,,,,,,,,,,,,CASH001,4929073.88,259912.18,128952.97,4460033.09,850000.0,3610033.09,,,,,,,,,,,,,,,,,,,
2026-12-19,TATA001,,,,,,,5060033.09,,,,,,,,,,,,,,,,,,CASH001,5060033.09,0.0,0.0,4460033.09,850000.0,3610033.09,,,,,,,,,,,,,,,,,,,
2026-12-20,TATA001,,,,,,,5248508.5,,,,,,,,,,,,,,,,,,CASH001,5060033.09,188475.41,0.0,4648508.5,850000.0,3798508.5,,,,,,,,,,,,,,,,,,,
2026-12-21,TATA001,,,,,,,5615485.54,,,,,,,,,,,,,,,,,,CASH001,5248508.5,366977.04,0.0,5015485.54,2500000.0,2515485.54,,,,,,,,,,,,,,,,,,,
2026-12-22,TATA001,,,,,,,5738738.81,,,,,,,,,,,,,,,,,,CASH001,5615485.54,123253.27,0.0,5138738.81,2500000.0,2638738.81,,,,,,,,,,,,,,,,,,,
2026-12-23,TATA001,,,,,,,5698308.54,,,,,,,,,,,,,,,,,,CASH001,5738738.81,0.0,40430.27,5098308.54,2500000.0,2598308.54,,,,,,,,,,,,,,,,,,,
2026-12-24,TATA001,,,,,,,5667240.58,,,,,,,,,,,,,,,,,,CASH001,5698308.54,0.0,31067.96,5067240.58,2500000.0,2567240.58,,,,,,,,,,,,,,,,,,,
2026-12-25,TATA001,,,,,,,5667240.58,,,,,,,,,,,,,,,,,,CASH001,5667240.58,0.0,0.0,5067240.58,2500000.0,2567240.58,,,,,,,,,,,,,,,,,,,
2026-12-26,TATA001,,,,,,,5716779.85,,,,,,,,,,,,,,,,,,CASH001,5667240.58,49539.27,0.0,5116779.85,2500000.0,2616779.85,,,,,,,,,,,,,,,,,,,
2026-12-27,TATA001,,,,,,,5582412.64,,,,,,,,,,,,,,,,,,CASH001,5716779.85,0.0,134367.21,4982412.64,2500000.0,2482412.64,,,,,,,,,,,,,,,,,,,
2026-12-28,TATA001,,,,,,,4533673.12,,,,,,,,,,,,,,,,,,CASH001,5582412.64,691998.84,1740738.36,3933673.12,970000.0,2963673.12,,,,,,,,,,,,,,,,,,,
2026-12-29,TATA001,,,,,,,4584435.06,,,,,,,,,,,,,,,,,,CASH001,4533673.12,214381.08,163619.14,3984435.06,970000.0,3014435.06,,,,,,,,,,,,,,,,,,,
2026-12-30,TATA001,,,,,,,4584435.06,,,,,,,,,,,,,,,,,,CASH001,4584435.06,0.0,0.0,3984435.06,970000.0,3014435.06,,,,,,,,,,,,,,,,,,,
2026-12-31,TATA001,,,,,,,4861056.93,,,,,,,,,,,,,,,,,,CASH001,4584435.06,276621.87,0.0,4261056.93,970000.0,3291056.93,,,,,,,,,,,,,,,,,,,
2026-08-28,TATA001,,,,,,,2554079.97,,,,,,,,,,,,,,,,,,CASH001,4204079.97,0.0,1650000.0,1954079.97,970000.0,984079.97,1.0,68902.88,0.0,0.0,0.0,1650000.0,0.0,0.0,1.0,0.0,0.0,0.0,0.0,0.0,0.0,0.0,0.0,0.0,0.0
2026-08-29,TATA001,,,,,,,2554079.97,,,,,,,,,,,,,,,,,,CASH001,2554079.97,0.0,0.0,1954079.97,970000.0,984079.97,1.0,140555.66,0.0,0.0,0.0,0.0,0.0,0.0,0.0,0.0,0.0,0.0,0.0,0.0,0.0,0.0,0.0,0.0,0.0
2026-08-30,TATA001,,,,,,,2554079.97,,,,,,,,,,,,,,,,,,CASH001,2554079.97,0.0,0.0,1954079.97,970000.0,984079.97,0.0,0.0,0.0,0.0,0.0,0.0,0.0,0.0,0.0,0.0,0.0,0.0,0.0,0.0,0.0,0.0,0.0,0.0,0.0
2026-08-31,TATA001,,,,,,,2554079.97,,,,,,,,,,,,,,,,,,CASH001,2554079.97,0.0,0.0,1954079.97,970000.0,984079.97,1.0,21563.53,0.0,0.0,0.0,0.0,0.0,0.0,0.0,0.0,0.0,0.0,0.0,0.0,0.0,0.0,0.0,0.0,0.0
2026-09-01,TATA001,,,,,,,2434079.97,,,,,,,,,,,,,,,,,,CASH001,2554079.97,0.0,120000.0,1834079.97,970000.0,864079.97,2.0,210576.67,0.0,0.0,0.0,120000.0,0.0,0.0,1.0,0.0,0.0,0.0,0.0,0.0,0.0,0.0,0.0,0.0,0.0
2026-09-02,TATA001,,,,,,,2434079.97,,,,,,,,,,,,,,,,,,CASH001,2434079.97,0.0,0.0,1834079.97,850000.0,984079.97,0.0,0.0,0.0,0.0,0.0,0.0,0.0,0.0,0.0,0.0,0.0,0.0,0.0,0.0,0.0,0.0,0.0,0.0,0.0
2026-09-03,TATA001,,,,,,,2434079.97,,,,,,,,,,,,,,,,,,CASH001,2434079.97,0.0,0.0,1834079.97,850000.0,984079.97,1.0,81395.73,0.0,0.0,0.0,0.0,0.0,0.0,0.0,0.0,0.0,0.0,0.0,0.0,0.0,0.0,0.0,0.0,0.0
2026-09-04,TATA001,,,,,,,2434079.97,,,,,,,,,,,,,,,,,,CASH001,2434079.97,0.0,0.0,1834079.97,850000.0,984079.97,0.0,0.0,0.0,0.0,0.0,0.0,0.0,0.0,0.0,0.0,0.0,0.0,0.0,0.0,0.0,0.0,0.0,0.0,0.0
2026-09-05,TATA001,,,,,,,2434079.97,,,,,,,,,,,,,,,,,,CASH001,2434079.97,0.0,0.0,1834079.97,850000.0,984079.97,2.0,118968.54,0.0,0.0,0.0,0.0,0.0,0.0,0.0,0.0,0.0,0.0,0.0,0.0,0.0,0.0,0.0,0.0,0.0
2026-09-06,TATA001,,,,,,,2434079.97,,,,,,,,,,,,,,,,,,CASH001,2434079.97,0.0,0.0,1834079.97,850000.0,984079.97,1.0,148629.8,0.0,0.0,0.0,0.0,0.0,0.0,0.0,0.0,0.0,0.0,0.0,0.0,0.0,0.0,0.0,0.0,0.0
2026-09-07,TATA001,,,,,,,2434079.97,,,,,,,,,,,,,,,,,,CASH001,2434079.97,0.0,0.0,1834079.97,850000.0,984079.97,0.0,0.0,0.0,0.0,0.0,0.0,0.0,0.0,0.0,0.0,0.0,0.0,0.0,0.0,0.0,0.0,0.0,0.0,0.0
2026-09-08,TATA001,,,,,,,2434079.97,,,,,,,,,,,,,,,,,,CASH001,2434079.97,0.0,0.0,1834079.97,850000.0,984079.97,1.0,203280.38,0.0,0.0,0.0,0.0,0.0,0.0,0.0,0.0,0.0,0.0,0.0,0.0,0.0,0.0,0.0,0.0,0.0
2026-09-09,TATA001,,,,,,,2434079.97,,,,,,,,,,,,,,,,,,CASH001,2434079.97,0.0,0.0,1834079.97,850000.0,984079.97,0.0,0.0,0.0,0.0,0.0,0.0,0.0,0.0,0.0,0.0,0.0,0.0,0.0,0.0,0.0,0.0,0.0,0.0,0.0
2026-09-10,TATA001,,,,,,,2434079.97,,,,,,,,,,,,,,,,,,CASH001,2434079.97,0.0,0.0,1834079.97,850000.0,984079.97,0.0,0.0,0.0,0.0,0.0,0.0,0.0,0.0,0.0,0.0,0.0,0.0,0.0,0.0,0.0,0.0,0.0,0.0,0.0
2026-09-11,TATA001,,,,,,,2434079.97,,,,,,,,,,,,,,,,,,CASH001,2434079.97,0.0,0.0,1834079.97,850000.0,984079.97,1.0,81469.81,0.0,0.0,0.0,0.0,0.0,0.0,0.0,0.0,0.0,0.0,0.0,0.0,0.0,0.0,0.0,0.0,0.0
2026-09-12,TATA001,,,,,,,2434079.97,,,,,,,,,,,,,,,,,,CASH001,2434079.97,0.0,0.0,1834079.97,850000.0,984079.97,1.0,101727.84,0.0,0.0,0.0,0.0,0.0,0.0,0.0,0.0,0.0,0.0,0.0,0.0,0.0,0.0,0.0,0.0,0.0
2026-09-13,TATA001,,,,,,,2434079.97,,,,,,,,,,,,,,,,,,CASH001,2434079.97,0.0,0.0,1834079.97,850000.0,984079.97,0.0,0.0,0.0,0.0,0.0,0.0,0.0,0.0,0.0,0.0,0.0,0.0,0.0,0.0,0.0,0.0,0.0,0.0,0.0
2026-09-14,TATA001,,,,,,,2434079.97,,,,,,,,,,,,,,,,,,CASH001,2434079.97,0.0,0.0,1834079.97,850000.0,984079.97,0.0,0.0,0.0,0.0,0.0,0.0,0.0,0.0,0.0,0.0,0.0,0.0,0.0,0.0,0.0,0.0,0.0,0.0,0.0
2026-09-15,TATA001,,,,,,,2434079.97,,,,,,,,,,,,,,,,,,CASH001,2434079.97,0.0,0.0,1834079.97,850000.0,984079.97,2.0,124281.01,0.0,0.0,0.0,0.0,0.0,0.0,0.0,0.0,0.0,0.0,0.0,0.0,0.0,0.0,0.0,0.0,0.0
2026-09-16,TATA001,,,,,,,2434079.97,,,,,,,,,,,,,,,,,,CASH001,2434079.97,0.0,0.0,1834079.97,850000.0,984079.97,0.0,0.0,0.0,0.0,0.0,0.0,0.0,0.0,0.0,0.0,0.0,0.0,0.0,0.0,0.0,0.0,0.0,0.0,0.0
2026-09-17,TATA001,,,,,,,2434079.97,,,,,,,,,,,,,,,,,,CASH001,2434079.97,0.0,0.0,1834079.97,850000.0,984079.97,1.0,460062.9,0.0,0.0,0.0,0.0,0.0,0.0,0.0,0.0,0.0,0.0,0.0,0.0,0.0,0.0,0.0,0.0,0.0
2026-09-18,TATA001,,,,,,,2434079.97,,,,,,,,,,,,,,,,,,CASH001,2434079.97,0.0,0.0,1834079.97,850000.0,984079.97,0.0,0.0,0.0,0.0,0.0,0.0,0.0,0.0,0.0,0.0,0.0,0.0,0.0,0.0,0.0,0.0,0.0,0.0,0.0
2026-09-19,TATA001,,,,,,,2434079.97,,,,,,,,,,,,,,,,,,CASH001,2434079.97,0.0,0.0,1834079.97,850000.0,984079.97,0.0,0.0,0.0,0.0,0.0,0.0,0.0,0.0,0.0,0.0,0.0,0.0,0.0,0.0,0.0,0.0,0.0,0.0,0.0
2026-09-20,TATA001,,,,,,,2383685.34,,,,,,,,,,,,,,,,,,CASH001,2434079.97,0.0,50394.63,1783685.34,850000.0,933685.34,1.0,233913.71,0.0,0.0,0.0,0.0,50394.63,0.0,0.0,1.0,0.0,0.0,0.0,0.0,0.0,0.0,0.0,0.0,0.0
2026-09-21,TATA001,,,,,,,2383685.34,,,,,,,,,,,,,,,,,,CASH001,2383685.34,0.0,0.0,1783685.34,2500000.0,0.0,1.0,24945.27,0.0,0.0,0.0,0.0,0.0,0.0,0.0,0.0,0.0,0.0,0.0,0.0,0.0,0.0,0.0,0.0,0.0
2026-09-22,TATA001,,,,,,,2415446.3,,,,,,,,,,,,,,,,,,CASH001,2383685.34,31760.96,0.0,1815446.3,2500000.0,0.0,1.0,35069.2,0.0,0.0,31760.96,0.0,0.0,1.0,0.0,0.0,0.0,0.0,0.0,0.0,0.0,0.0,0.0,0.0,0.0
2026-09-23,TATA001,,,,,,,2641942.2,,,,,,,,,,,,,,,,,,CASH001,2415446.3,226495.9,0.0,2041942.2,2500000.0,0.0,1.0,71129.12,0.0,0.0,226495.9,0.0,0.0,1.0,0.0,0.0,0.0,0.0,0.0,0.0,0.0,0.0,0.0,0.0,0.0
2026-09-24,TATA001,,,,,,,2810168.16,,,,,,,,,,,,,,,,,,CASH001,2641942.2,168225.96,0.0,2210168.16,2500000.0,0.0,0.0,0.0,0.0,0.0,168225.96,0.0,0.0,1.0,0.0,0.0,0.0,0.0,0.0,0.0,0.0,0.0,0.0,0.0,0.0
2026-09-25,TATA001,,,,,,,2810168.16,,,,,,,,,,,,,,,,,,CASH001,2810168.16,0.0,0.0,2210168.16,2500000.0,0.0,2.0,193629.18,0.0,0.0,0.0,0.0,0.0,0.0,0.0,0.0,0.0,0.0,0.0,0.0,0.0,0.0,0.0,0.0,0.0
2026-09-26,TATA001,,,,,,,2810168.16,,,,,,,,,,,,,,,,,,CASH001,2810168.16,0.0,0.0,2210168.16,2500000.0,0.0,1.0,83546.76,0.0,0.0,0.0,0.0,0.0,0.0,0.0,0.0,0.0,0.0,0.0,0.0,0.0,0.0,0.0,0.0,0.0
2026-09-27,TATA001,,,,,,,2810168.16,,,,,,,,,,,,,,,,,,CASH001,2810168.16,0.0,0.0,2210168.16,2500000.0,0.0,0.0,0.0,0.0,0.0,0.0,0.0,0.0,0.0,0.0,0.0,0.0,0.0,0.0,0.0,0.0,0.0,0.0,0.0,0.0
2026-09-28,TATA001,,,,,,,1160168.16,,,,,,,,,,,,,,,,,,CASH001,2810168.16,0.0,1650000.0,560168.16,970000.0,0.0,2.0,93610.62,0.0,0.0,0.0,1650000.0,0.0,0.0,1.0,0.0,0.0,0.0,0.0,0.0,0.0,0.0,0.0,0.0,0.0
2026-09-29,TATA001,,,,,,,1309309.21,,,,,,,,,,,,,,,,,,CASH001,1160168.16,149141.05,0.0,709309.21,970000.0,0.0,0.0,0.0,0.0,0.0,149141.05,0.0,0.0,1.0,0.0,0.0,0.0,0.0,0.0,0.0,0.0,0.0,0.0,0.0,0.0
2026-09-30,TATA001,,,,,,,1287745.68,,,,,,,,,,,,,,,,,,CASH001,1309309.21,0.0,21563.53,687745.68,970000.0,0.0,1.0,54245.79,0.0,0.0,0.0,0.0,21563.53,0.0,0.0,1.0,0.0,0.0,0.0,0.0,0.0,0.0,0.0,0.0,0.0
2026-10-01,TATA001,,,,,,,1252373.05,,,,,,,,,,,,,,,,,,CASH001,1287745.68,84627.37,120000.0,652373.05,970000.0,0.0,0.0,0.0,0.0,0.0,84627.37,120000.0,0.0,1.0,1.0,0.0,0.0,0.0,0.0,0.0,0.0,0.0,0.0,0.0,0.0
2026-10-02,TATA001,,,,,,,1252373.05,,,,,,,,,,,,,,,,,,CASH001,1252373.05,0.0,0.0,652373.05,850000.0,0.0,0.0,0.0,0.0,0.0,0.0,0.0,0.0,0.0,0.0,0.0,0.0,0.0,0.0,0.0,0.0,0.0,0.0,0.0,0.0
2026-10-03,TATA001,,,,,,,1586810.55,,,,,,,,,,,,,,,,,,CASH001,1252373.05,334437.5,0.0,986810.55,850000.0,136810.55,1.0,121339.23,0.0,0.0,334437.5,0.0,0.0,2.0,0.0,0.0,0.0,0.0,0.0,0.0,0.0,0.0,0.0,0.0,0.0
2026-10-04,TATA001,,,,,,,1586810.55,,,,,,,,,,,,,,,,,,CASH001,1586810.55,0.0,0.0,986810.55,850000.0,136810.55,1.0,21750.78,0.0,0.0,0.0,0.0,0.0,0.0,0.0,0.0,0.0,0.0,0.0,0.0,0.0,0.0,0.0,0.0,0.0
2026-10-05,TATA001,,,,,,,1518236.64,,,,,,,,,,,,,,,,,,CASH001,1586810.55,0.0,68573.91,918236.64,850000.0,68236.64,0.0,0.0,0.0,0.0,0.0,0.0,68573.91,0.0,0.0,1.0,0.0,0.0,0.0,0.0,0.0,0.0,0.0,0.0,0.0
2026-10-06,TATA001,,,,,,,1369606.84,,,,,,,,,,,,,,,,,,CASH001,1518236.64,0.0,148629.8,769606.84,850000.0,0.0,0.0,0.0,0.0,0.0,0.0,0.0,148629.8,0.0,0.0,1.0,0.0,0.0,0.0,0.0,0.0,0.0,0.0,0.0,0.0
2026-10-07,TATA001,,,,,,,1460485.54,,,,,,,,,,,,,,,,,,CASH001,1369606.84,90878.7,0.0,860485.54,850000.0,10485.54,1.0,91921.69,0.0,0.0,90878.7,0.0,0.0,1.0,0.0,0.0,0.0,0.0,0.0,0.0,0.0,0.0,0.0,0.0,0.0
2026-10-08,TATA001,,,,,,,1460485.54,,,,,,,,,,,,,,,,,,CASH001,1460485.54,0.0,0.0,860485.54,850000.0,10485.54,2.0,489037.67,0.0,0.0,0.0,0.0,0.0,0.0,0.0,0.0,0.0,0.0,0.0,0.0,0.0,0.0,0.0,0.0,0.0
2026-10-09,TATA001,,,,,,,1460485.54,,,,,,,,,,,,,,,,,,CASH001,1460485.54,0.0,0.0,860485.54,850000.0,10485.54,0.0,0.0,0.0,0.0,0.0,0.0,0.0,0.0,0.0,0.0,0.0,0.0,0.0,0.0,0.0,0.0,0.0,0.0,0.0
2026-10-10,TATA001,,,,,,,1503326.89,,,,,,,,,,,,,,,,,,CASH001,1460485.54,42841.35,0.0,903326.89,850000.0,53326.89,0.0,0.0,0.0,0.0,42841.35,0.0,0.0,1.0,0.0,0.0,0.0,0.0,0.0,0.0,0.0,0.0,0.0,0.0,0.0
2026-10-11,TATA001,,,,,,,1419780.13,,,,,,,,,,,,,,,,,,CASH001,1503326.89,0.0,83546.76,819780.13,850000.0,0.0,0.0,0.0,0.0,0.0,0.0,0.0,83546.76,0.0,0.0,1.0,0.0,0.0,0.0,0.0,0.0,0.0,0.0,0.0,0.0
2026-10-12,TATA001,,,,,,,1638729.75,,,,,,,,,,,,,,,,,,CASH001,1419780.13,389580.34,170630.72,1038729.75,850000.0,188729.75,1.0,87468.18,0.0,0.0,389580.34,0.0,170630.72,2.0,0.0,2.0,0.0,0.0,0.0,0.0,0.0,0.0,0.0,0.0,0.0
2026-10-13,TATA001,,,,,,,1741193.03,,,,,,,,,,,,,,,,,,CASH001,1638729.75,243018.94,140555.66,1141193.03,850000.0,291193.03,2.0,258716.72,0.0,0.0,243018.94,0.0,140555.66,1.0,0.0,1.0,0.0,0.0,0.0,0.0,0.0,0.0,0.0,0.0,0.0
2026-10-14,TATA001,,,,,,,1741193.03,,,,,,,,,,,,,,,,,,CASH001,1741193.03,0.0,0.0,1141193.03,850000.0,291193.03,0.0,0.0,0.0,0.0,0.0,0.0,0.0,0.0,0.0,0.0,0.0,0.0,0.0,0.0,0.0,0.0,0.0,0.0,0.0
2026-10-15,TATA001,,,,,,,2149461.23,,,,,,,,,,,,,,,,,,CASH001,1741193.03,408268.2,0.0,1549461.23,850000.0,699461.23,1.0,19702.15,0.0,0.0,408268.2,0.0,0.0,3.0,0.0,0.0,0.0,0.0,0.0,0.0,0.0,0.0,0.0,0.0,0.0
2026-10-16,TATA001,,,,,,,1938884.56,,,,,,,,,,,,,,,,,,CASH001,2149461.23,0.0,210576.67,1338884.56,850000.0,488884.56,2.0,318523.82,0.0,0.0,0.0,0.0,210576.67,0.0,0.0,2.0,0.0,0.0,0.0,0.0,0.0,0.0,0.0,0.0,0.0
2026-10-17,TATA001,,,,,,,1938884.56,,,,,,,,,,,,,,,,,,CASH001,1938884.56,0.0,0.0,1338884.56,850000.0,488884.56,0.0,0.0,0.0,0.0,0.0,0.0,0.0,0.0,0.0,0.0,0.0,0.0,0.0,0.0,0.0,0.0,0.0,0.0,0.0
2026-10-18,TATA001,,,,,,,1857488.83,,,,,,,,,,,,,,,,,,CASH001,1938884.56,0.0,81395.73,1257488.83,850000.0,407488.83,2.0,177259.97,0.0,0.0,0.0,0.0,81395.73,0.0,0.0,1.0,0.0,0.0,0.0,0.0,0.0,0.0,0.0,0.0,0.0
2026-10-19,TATA001,,,,,,,2387999.29,,,,,,,,,,,,,,,,,,CASH001,1857488.83,530510.46,0.0,1787999.29,850000.0,937999.29,1.0,42123.78,0.0,0.0,530510.46,0.0,0.0,4.0,0.0,0.0,0.0,0.0,0.0,0.0,0.0,0.0,0.0,0.0,0.0
2026-10-20,TATA001,,,,,,,2875441.41,,,,,,,,,,,,,,,,,,CASH001,2387999.29,487442.12,0.0,2275441.41,850000.0,1425441.41,0.0,0.0,0.0,0.0,487442.12,0.0,0.0,3.0,0.0,0.0,0.0,0.0,0.0,0.0,0.0,0.0,0.0,0.0,0.0
2026-10-21,TATA001,,,,,,,2955310.82,,,,,,,,,,,,,,,,,,CASH001,2875441.41,79869.41,0.0,2355310.82,2500000.0,0.0,1.0,102191.32,0.0,0.0,79869.41,0.0,0.0,1.0,0.0,0.0,0.0,0.0,0.0,0.0,0.0,0.0,0.0,0.0,0.0
2026-10-22,TATA001,,,,,,,3609934.13,,,,,,,,,,,,,,,,,,CASH001,2955310.82,654623.31,0.0,3009934.13,2500000.0,509934.13,1.0,100743.16,0.0,0.0,654623.31,0.0,0.0,4.0,0.0,0.0,0.0,0.0,0.0,0.0,0.0,0.0,0.0,0.0,0.0
2026-10-23,TATA001,,,,,,,3721400.28,,,,,,,,,,,,,,,,,,CASH001,3609934.13,385875.65,274409.5,3121400.28,2500000.0,621400.28,1.0,140674.24,0.0,0.0,385875.65,0.0,274409.5,3.0,0.0,2.0,0.0,0.0,0.0,0.0,0.0,0.0,0.0,0.0,0.0
2026-10-24,TATA001,,,,,,,3721400.28,,,,,,,,,,,,,,,,,,CASH001,3721400.28,0.0,0.0,3121400.28,2500000.0,621400.28,2.0,96800.59,0.0,0.0,0.0,0.0,0.0,0.0,0.0,0.0,0.0,0.0,0.0,0.0,0.0,0.0,0.0,0.0,0.0
2026-10-25,TATA001,,,,,,,4022343.46,,,,,,,,,,,,,,,,,,CASH001,3721400.28,333846.1,32902.92,3422343.46,2500000.0,922343.46,1.0,412752.65,0.0,0.0,333846.1,0.0,32902.92,2.0,0.0,1.0,0.0,0.0,0.0,0.0,0.0,0.0,0.0,0.0,0.0
2026-10-26,TATA001,,,,,,,4016103.41,,,,,,,,,,,,,,,,,,CASH001,4022343.46,75229.76,81469.81,3416103.41,2500000.0,916103.41,1.0,89277.69,0.0,0.0,75229.76,0.0,81469.81,1.0,0.0,1.0,0.0,0.0,0.0,0.0,0.0,0.0,0.0,0.0,0.0
2026-10-27,TATA001,,,,,,,4175972.19,,,,,,,,,,,,,,,,,,CASH001,4016103.41,247336.96,87468.18,3575972.19,2500000.0,1075972.19,2.0,107238.68,0.0,0.0,247336.96,0.0,87468.18,1.0,0.0,1.0,0.0,0.0,0.0,0.0,0.0,0.0,0.0,0.0,0.0
2026-10-28,TATA001,,,,,,,2544563.62,,,,,,,,,,,,,,,,,,CASH001,4175972.19,229483.09,1860891.66,1944563.62,970000.0,974563.62,0.0,0.0,0.0,0.0,229483.09,1650000.0,210891.66,2.0,1.0,1.0,0.0,0.0,0.0,0.0,0.0,0.0,0.0,0.0,0.0
2026-10-29,TATA001,,,,,,,2798444.18,,,,,,,,,,,,,,,,,,CASH001,2544563.62,253880.56,0.0,2198444.18,970000.0,1228444.18,0.0,0.0,0.0,0.0,253880.56,0.0,0.0,2.0,0.0,0.0,0.0,0.0,0.0,0.0,0.0,0.0,0.0,0.0,0.0
2026-10-30,TATA001,,,,,,,2800208.01,,,,,,,,,,,,,,,,,,CASH001,2798444.18,69813.45,68049.62,2200208.01,970000.0,1230208.01,2.0,130809.25,0.0,0.0,69813.45,0.0,68049.62,1.0,0.0,2.0,0.0,0.0,0.0,0.0,0.0,0.0,0.0,0.0,0.0
2026-10-31,TATA001,,,,,,,2800208.01,,,,,,,,,,,,,,,,,,CASH001,2800208.01,0.0,0.0,2200208.01,970000.0,1230208.01,0.0,0.0,0.0,0.0,0.0,0.0,0.0,0.0,0.0,0.0,0.0,0.0,0.0,0.0,0.0,0.0,0.0,0.0,0.0
2026-11-01,TATA001,,,,,,,2220145.11,,,,,,,,,,,,,,,,,,CASH001,2800208.01,0.0,580062.9,1620145.11,970000.0,650145.11,0.0,0.0,0.0,0.0,0.0,120000.0,460062.9,0.0,1.0,1.0,0.0,0.0,0.0,0.0,0.0,0.0,0.0,0.0,0.0
2026-11-02,TATA001,,,,,,,2350124.69,,,,,,,,,,,,,,,,,,CASH001,2220145.11,251318.81,121339.23,1750124.69,850000.0,900124.69,1.0,22961.84,0.0,0.0,251318.81,0.0,121339.23,2.0,0.0,1.0,0.0,0.0,0.0,0.0,0.0,0.0,0.0,0.0,0.0
2026-11-03,TATA001,,,,,,,2488002.03,,,,,,,,,,,,,,,,,,CASH001,2350124.69,137877.34,0.0,1888002.03,850000.0,1038002.03,0.0,0.0,0.0,0.0,137877.34,0.0,0.0,1.0,0.0,0.0,0.0,0.0,0.0,0.0,0.0,0.0,0.0,0.0,0.0
2026-11-04,TATA001,,,,,,,2454361.08,,,,,,,,,,,,,,,,,,CASH001,2488002.03,200272.76,233913.71,1854361.08,850000.0,1004361.08,0.0,0.0,0.0,0.0,200272.76,0.0,233913.71,1.0,0.0,1.0,0.0,0.0,0.0,0.0,0.0,0.0,0.0,0.0,0.0
2026-11-05,TATA001,,,,,,,2991785.83,,,,,,,,,,,,,,,,,,CASH001,2454361.08,537424.75,0.0,2391785.83,850000.0,1541785.83,0.0,0.0,0.0,0.0,537424.75,0.0,0.0,2.0,0.0,0.0,0.0,0.0,0.0,0.0,0.0,0.0,0.0,0.0,0.0
2026-11-06,TATA001,,,,,,,3313376.98,,,,,,,,,,,,,,,,,,CASH001,2991785.83,356660.35,35069.2,2713376.98,850000.0,1863376.98,0.0,0.0,0.0,0.0,356660.35,0.0,35069.2,2.0,0.0,1.0,0.0,0.0,0.0,0.0,0.0,0.0,0.0,0.0,0.0
2026-11-07,TATA001,,,,,,,3395562.46,,,,,,,,,,,,,,,,,,CASH001,3313376.98,82185.48,0.0,2795562.46,850000.0,1945562.46,0.0,0.0,0.0,0.0,82185.48,0.0,0.0,1.0,0.0,0.0,0.0,0.0,0.0,0.0,0.0,0.0,0.0,0.0,0.0
2026-11-08,TATA001,,,,,,,3513320.37,,,,,,,,,,,,,,,,,,CASH001,3395562.46,117757.91,0.0,2913320.37,850000.0,2063320.37,1.0,67552.43,0.0,0.0,117757.91,0.0,0.0,2.0,0.0,0.0,0.0,0.0,0.0,0.0,0.0,0.0,0.0,0.0,0.0
2026-11-09,TATA001,,,,,,,3902117.12,,,,,,,,,,,,,,,,,,CASH001,3513320.37,549523.01,160726.26,3302117.12,850000.0,2452117.12,2.0,181056.0,0.0,0.0,549523.01,0.0,160726.26,1.0,0.0,1.0,0.0,0.0,0.0,0.0,0.0,0.0,0.0,0.0,0.0
2026-11-10,TATA001,,,,,,,4025401.31,,,,,,,,,,,,,,,,,,CASH001,3902117.12,123284.19,0.0,3425401.31,850000.0,2575401.31,0.0,0.0,0.0,0.0,123284.19,0.0,0.0,1.0,0.0,0.0,0.0,0.0,0.0,0.0,0.0,0.0,0.0,0.0,0.0
2026-11-11,TATA001,,,,,,,4351797.37,,,,,,,,,,,,,,,,,,CASH001,4025401.31,326396.06,0.0,3751797.37,850000.0,2901797.37,0.0,0.0,0.0,0.0,326396.06,0.0,0.0,1.0,0.0,0.0,0.0,0.0,0.0,0.0,0.0,0.0,0.0,0.0,0.0
2026-11-12,TATA001,,,,,,,4258186.75,,,,,,,,,,,,,,,,,,CASH001,4351797.37,0.0,93610.62,3658186.75,850000.0,2808186.75,0.0,0.0,0.0,0.0,0.0,0.0,93610.62,0.0,0.0,2.0,0.0,0.0,0.0,0.0,0.0,0.0,0.0,0.0,0.0
2026-11-13,TATA001,,,,,,,4258186.75,,,,,,,,,,,,,,,,,,CASH001,4258186.75,0.0,0.0,3658186.75,850000.0,2808186.75,1.0,90738.36,0.0,0.0,0.0,0.0,0.0,0.0,0.0,0.0,0.0,0.0,0.0,0.0,0.0,0.0,0.0,0.0,0.0
2026-11-14,TATA001,,,,,,,4253756.79,,,,,,,,,,,,,,,,,,CASH001,4258186.75,125749.37,130179.33,3653756.79,850000.0,2803756.79,1.0,60837.09,0.0,0.0,125749.37,0.0,130179.33,1.0,0.0,2.0,0.0,0.0,0.0,0.0,0.0,0.0,0.0,0.0,0.0
2026-11-15,TATA001,,,,,,,4166344.08,,,,,,,,,,,,,,,,,,CASH001,4253756.79,231111.11,318523.82,3566344.08,850000.0,2716344.08,0.0,0.0,0.0,0.0,231111.11,0.0,318523.82,2.0,0.0,2.0,0.0,0.0,0.0,0.0,0.0,0.0,0.0,0.0,0.0
2026-11-16,TATA001,,,,,,,4400322.53,,,,,,,,,,,,,,,,,,CASH001,4166344.08,233978.45,0.0,3800322.53,850000.0,2950322.53,1.0,122293.38,0.0,0.0,233978.45,0.0,0.0,2.0,0.0,0.0,0.0,0.0,0.0,0.0,0.0,0.0,0.0,0.0,0.0
2026-11-17,TATA001,,,,,,,4601254.19,,,,,,,,,,,,,,,,,,CASH001,4400322.53,200931.66,0.0,4001254.19,850000.0,3151254.19,1.0,85580.86,0.0,0.0,200931.66,0.0,0.0,1.0,0.0,0.0,0.0,0.0,0.0,0.0,0.0,0.0,0.0,0.0,0.0
2026-11-18,TATA001,,,,,,,4665913.83,,,,,,,,,,,,,,,,,,CASH001,4601254.19,128534.2,63874.56,4065913.83,850000.0,3215913.83,1.0,128952.97,0.0,0.0,128534.2,0.0,63874.56,1.0,0.0,2.0,0.0,0.0,0.0,0.0,0.0,0.0,0.0,0.0,0.0
2026-11-19,TATA001,,,,,,,4665913.83,,,,,,,,,,,,,,,,,,CASH001,4665913.83,0.0,0.0,4065913.83,850000.0,3215913.83,1.0,68064.53,0.0,0.0,0.0,0.0,0.0,0.0,0.0,0.0,0.0,0.0,0.0,0.0,0.0,0.0,0.0,0.0,0.0
2026-11-20,TATA001,,,,,,,4984175.88,,,,,,,,,,,,,,,,,,CASH001,4665913.83,343207.32,24945.27,4384175.88,850000.0,3534175.88,1.0,98714.03,0.0,0.0,343207.32,0.0,24945.27,2.0,0.0,1.0,0.0,0.0,0.0,0.0,0.0,0.0,0.0,0.0,0.0
2026-11-21,TATA001,,,,,,,5007168.77,,,,,,,,,,,,,,,,,,CASH001,4984175.88,114914.58,91921.69,4407168.77,2500000.0,1907168.77,0.0,0.0,0.0,0.0,114914.58,0.0,91921.69,1.0,0.0,1.0,0.0,0.0,0.0,0.0,0.0,0.0,0.0,0.0,0.0
2026-11-22,TATA001,,,,,,,4656674.58,,,,,,,,,,,,,,,,,,CASH001,5007168.77,279217.72,629711.91,4056674.58,2500000.0,1556674.58,0.0,0.0,0.0,0.0,279217.72,0.0,629711.9099999999,3.0,0.0,3.0,0.0,0.0,0.0,0.0,0.0,0.0,0.0,0.0,0.0
2026-11-23,TATA001,,,,,,,4824759.54,,,,,,,,,,,,,,,,,,CASH001,4656674.58,168084.96,0.0,4224759.54,2500000.0,1724759.54,1.0,40430.27,0.0,0.0,168084.96,0.0,0.0,3.0,0.0,0.0,0.0,0.0,0.0,0.0,0.0,0.0,0.0,0.0,0.0
2026-11-24,TATA001,,,,,,,4666311.32,,,,,,,,,,,,,,,,,,CASH001,4824759.54,254304.43,412752.65,4066311.32,2500000.0,1566311.32,0.0,0.0,0.0,0.0,254304.43,0.0,412752.65,1.0,0.0,1.0,0.0,0.0,0.0,0.0,0.0,0.0,0.0,0.0,0.0
2026-11-25,TATA001,,,,,,,4666311.32,,,,,,,,,,,,,,,,,,CASH001,4666311.32,0.0,0.0,4066311.32,2500000.0,1566311.32,1.0,114893.5,0.0,0.0,0.0,0.0,0.0,0.0,0.0,0.0,0.0,0.0,0.0,0.0,0.0,0.0,0.0,0.0,0.0
2026-11-26,TATA001,,,,,,,4986685.87,,,,,,,,,,,,,,,,,,CASH001,4666311.32,320374.55,0.0,4386685.87,2500000.0,1886685.87,1.0,50927.33,0.0,0.0,320374.55000000005,0.0,0.0,2.0,0.0,0.0,0.0,0.0,0.0,0.0,0.0,0.0,0.0,0.0,0.0
2026-11-27,TATA001,,,,,,,4986685.87,,,,,,,,,,,,,,,,,,CASH001,4986685.87,0.0,0.0,4386685.87,2500000.0,1886685.87,1.0,134367.21,0.0,0.0,0.0,0.0,0.0,0.0,0.0,0.0,0.0,0.0,0.0,0.0,0.0,0.0,0.0,0.0,0.0
2026-11-28,TATA001,,,,,,,3495272.17,,,,,,,,,,,,,,,,,,CASH001,4986685.87,158586.3,1650000.0,2895272.17,970000.0,1925272.17,0.0,0.0,0.0,0.0,158586.3,1650000.0,0.0,2.0,1.0,0.0,0.0,0.0,0.0,0.0,0.0,0.0,0.0,0.0,0.0
2026-11-29,TATA001,,,,,,,3480651.44,,,,,,,,,,,,,,,,,,CASH001,3495272.17,116188.52,130809.25,2880651.44,970000.0,1910651.44,1.0,102782.05,0.0,0.0,116188.52,0.0,130809.25,1.0,0.0,2.0,0.0,0.0,0.0,0.0,0.0,0.0,0.0,0.0,0.0
2026-11-30,TATA001,,,,,,,3480651.44,,,,,,,,,,,,,,,,,,CASH001,3480651.44,0.0,0.0,2880651.44,970000.0,1910651.44,0.0,0.0,0.0,0.0,0.0,0.0,0.0,0.0,0.0,0.0,0.0,0.0,0.0,0.0,0.0,0.0,0.0,0.0,0.0
2026-12-01,TATA001,,,,,,,3546239.96,,,,,,,,,,,,,,,,,,CASH001,3480651.44,185588.52,120000.0,2946239.96,970000.0,1976239.96,2.0,272412.11,0.0,0.0,185588.52,120000.0,0.0,2.0,1.0,0.0,0.0,0.0,0.0,0.0,0.0,0.0,0.0,0.0,0.0
2026-12-02,TATA001,,,,,,,4012263.52,,,,,,,,,,,,,,,,,,CASH001,3546239.96,643283.53,177259.97,3412263.52,850000.0,2562263.52,0.0,0.0,0.0,0.0,643283.53,0.0,177259.97,3.0,0.0,2.0,0.0,0.0,0.0,0.0,0.0,0.0,0.0,0.0,0.0
2026-12-03,TATA001,,,,,,,4085771.18,,,,,,,,,,,,,,,,,,CASH001,4012263.52,73507.66,0.0,3485771.18,850000.0,2635771.18,2.0,108184.33,0.0,0.0,73507.66,0.0,0.0,1.0,0.0,0.0,0.0,0.0,0.0,0.0,0.0,0.0,0.0,0.0,0.0
2026-12-04,TATA001,,,,,,,4178924.35,,,,,,,,,,,,,,,,,,CASH001,4085771.18,93153.17,0.0,3578924.35,850000.0,2728924.35,1.0,161313.7,0.0,0.0,93153.17,0.0,0.0,1.0,0.0,0.0,0.0,0.0,0.0,0.0,0.0,0.0,0.0,0.0,0.0
2026-12-05,TATA001,,,,,,,4076733.03,,,,,,,,,,,,,,,,,,CASH001,4178924.35,0.0,102191.32,3476733.03,850000.0,2626733.03,1.0,49277.84,0.0,0.0,0.0,0.0,102191.32,0.0,0.0,1.0,0.0,0.0,0.0,0.0,0.0,0.0,0.0,0.0,0.0
2026-12-06,TATA001,,,,,,,4005989.87,,,,,,,,,,,,,,,,,,CASH001,4076733.03,30000.0,100743.16,3405989.87,850000.0,2555989.87,0.0,0.0,0.0,0.0,30000.0,0.0,100743.16,1.0,0.0,1.0,0.0,0.0,0.0,0.0,0.0,0.0,0.0,0.0,0.0
2026-12-07,TATA001,,,,,,,4140615.95,,,,,,,,,,,,,,,,,,CASH001,4005989.87,134626.08,0.0,3540615.95,850000.0,2690615.95,2.0,350239.84,0.0,0.0,134626.08000000002,0.0,0.0,2.0,0.0,0.0,0.0,0.0,0.0,0.0,0.0,0.0,0.0,0.0,0.0
2026-12-08,TATA001,,,,,,,3976262.93,,,,,,,,,,,,,,,,,,CASH001,4140615.95,0.0,164353.02,3376262.93,850000.0,2526262.93,1.0,149664.98,0.0,0.0,0.0,0.0,164353.02,0.0,0.0,3.0,0.0,0.0,0.0,0.0,0.0,0.0,0.0,0.0,0.0
2026-12-09,TATA001,,,,,,,4466037.65,,,,,,,,,,,,,,,,,,CASH001,3976262.93,639762.76,149988.04,3866037.65,850000.0,3016037.65,0.0,0.0,0.0,0.0,639762.76,0.0,149988.04,1.0,0.0,1.0,0.0,0.0,0.0,0.0,0.0,0.0,0.0,0.0,0.0
2026-12-10,TATA001,,,,,,,4556982.27,,,,,,,,,,,,,,,,,,CASH001,4466037.65,180222.31,89277.69,3956982.27,850000.0,3106982.27,0.0,0.0,0.0,0.0,180222.31,0.0,89277.69,2.0,0.0,1.0,0.0,0.0,0.0,0.0,0.0,0.0,0.0,0.0,0.0
2026-12-11,TATA001,,,,,,,4556654.65,,,,,,,,,,,,,,,,,,CASH001,4556982.27,106911.06,107238.68,3956654.65,850000.0,3106654.65,2.0,519977.28,0.0,0.0,106911.06,0.0,107238.68,1.0,0.0,2.0,0.0,0.0,0.0,0.0,0.0,0.0,0.0,0.0,0.0
2026-12-12,TATA001,,,,,,,4508829.59,,,,,,,,,,,,,,,,,,CASH001,4556654.65,0.0,47825.06,3908829.59,850000.0,3058829.59,0.0,0.0,0.0,0.0,0.0,0.0,47825.06,0.0,0.0,1.0,0.0,0.0,0.0,0.0,0.0,0.0,0.0,0.0,0.0
2026-12-13,TATA001,,,,,,,4508829.59,,,,,,,,,,,,,,,,,,CASH001,4508829.59,0.0,0.0,3908829.59,850000.0,3058829.59,1.0,119964.27,0.0,0.0,0.0,0.0,0.0,0.0,0.0,0.0,0.0,0.0,0.0,0.0,0.0,0.0,0.0,0.0,0.0
2026-12-14,TATA001,,,,,,,4617652.62,,,,,,,,,,,,,,,,,,CASH001,4508829.59,108823.03,0.0,4017652.62,850000.0,3167652.62,2.0,168270.4,0.0,0.0,108823.03,0.0,0.0,1.0,0.0,0.0,0.0,0.0,0.0,0.0,0.0,0.0,0.0,0.0,0.0
2026-12-15,TATA001,,,,,,,4617652.62,,,,,,,,,,,,,,,,,,CASH001,4617652.62,0.0,0.0,4017652.62,850000.0,3167652.62,2.0,163786.97999999998,0.0,0.0,0.0,0.0,0.0,0.0,0.0,0.0,0.0,0.0,0.0,0.0,0.0,0.0,0.0,0.0,0.0
2026-12-16,TATA001,,,,,,,4952035.72,,,,,,,,,,,,,,,,,,CASH001,4617652.62,334383.1,0.0,4352035.72,850000.0,3502035.72,1.0,66930.71,0.0,0.0,334383.1,0.0,0.0,2.0,0.0,0.0,0.0,0.0,0.0,0.0,0.0,0.0,0.0,0.0,0.0
2026-12-17,TATA001,,,,,,,4929073.88,,,,,,,,,,,,,,,,,,CASH001,4952035.72,0.0,22961.84,4329073.88,850000.0,3479073.88,1.0,49684.63,0.0,0.0,0.0,0.0,22961.84,0.0,0.0,1.0,0.0,0.0,0.0,0.0,0.0,0.0,0.0,0.0,0.0
2026-12-18,TATA001,,,,,,,5060033.09,,,,,,,,,,,,,,,,,,CASH001,4929073.88,259912.18,128952.97,4460033.09,850000.0,3610033.09,1.0,27429.86,0.0,0.0,259912.18,0.0,128952.97,2.0,0.0,1.0,0.0,0.0,0.0,0.0,0.0,0.0,0.0,0.0,0.0
2026-12-19,TATA001,,,,,,,5060033.09,,,,,,,,,,,,,,,,,,CASH001,5060033.09,0.0,0.0,4460033.09,850000.0,3610033.09,0.0,0.0,0.0,0.0,0.0,0.0,0.0,0.0,0.0,0.0,0.0,0.0,0.0,0.0,0.0,0.0,0.0,0.0,0.0
2026-12-20,TATA001,,,,,,,5248508.5,,,,,,,,,,,,,,,,,,CASH001,5060033.09,188475.41,0.0,4648508.5,850000.0,3798508.5,0.0,0.0,0.0,0.0,188475.41,0.0,0.0,2.0,0.0,0.0,0.0,0.0,0.0,0.0,0.0,0.0,0.0,0.0,0.0
2026-12-21,TATA001,,,,,,,5615485.54,,,,,,,,,,,,,,,,,,CASH001,5248508.5,366977.04,0.0,5015485.54,2500000.0,2515485.54,0.0,0.0,0.0,0.0,366977.04,0.0,0.0,2.0,0.0,0.0,0.0,0.0,0.0,0.0,0.0,0.0,0.0,0.0,0.0
2026-12-22,TATA001,,,,,,,5738738.81,,,,,,,,,,,,,,,,,,CASH001,5615485.54,123253.27,0.0,5138738.81,2500000.0,2638738.81,2.0,244240.51,0.0,0.0,123253.27,0.0,0.0,2.0,0.0,0.0,0.0,0.0,0.0,0.0,0.0,0.0,0.0,0.0,0.0
2026-12-23,TATA001,,,,,,,5698308.54,,,,,,,,,,,,,,,,,,CASH001,5738738.81,0.0,40430.27,5098308.54,2500000.0,2598308.54,0.0,0.0,0.0,0.0,0.0,0.0,40430.27,0.0,0.0,1.0,0.0,0.0,0.0,0.0,0.0,0.0,0.0,0.0,0.0
2026-12-24,TATA001,,,,,,,5667240.58,,,,,,,,,,,,,,,,,,CASH001,5698308.54,0.0,31067.96,5067240.58,2500000.0,2567240.58,2.0,223153.97,0.0,0.0,0.0,0.0,31067.96,0.0,0.0,1.0,0.0,0.0,0.0,0.0,0.0,0.0,0.0,0.0,0.0
2026-12-25,TATA001,,,,,,,5667240.58,,,,,,,,,,,,,,,,,,CASH001,5667240.58,0.0,0.0,5067240.58,2500000.0,2567240.58,0.0,0.0,0.0,0.0,0.0,0.0,0.0,0.0,0.0,0.0,0.0,0.0,0.0,0.0,0.0,0.0,0.0,0.0,0.0
2026-12-26,TATA001,,,,,,,5716779.85,,,,,,,,,,,,,,,,,,CASH001,5667240.58,49539.27,0.0,5116779.85,2500000.0,2616779.85,1.0,220013.19,0.0,0.0,49539.27,0.0,0.0,1.0,0.0,0.0,0.0,0.0,0.0,0.0,0.0,0.0,0.0,0.0,0.0
2026-12-27,TATA001,,,,,,,5582412.64,,,,,,,,,,,,,,,,,,CASH001,5716779.85,0.0,134367.21,4982412.64,2500000.0,2482412.64,1.0,42256.43,0.0,0.0,0.0,0.0,134367.21,0.0,0.0,1.0,0.0,0.0,0.0,0.0,0.0,0.0,0.0,0.0,0.0
2026-12-28,TATA001,,,,,,,4533673.12,,,,,,,,,,,,,,,,,,CASH001,5582412.64,691998.84,1740738.36,3933673.12,970000.0,2963673.12,2.0,77447.47,0.0,0.0,691998.84,1650000.0,90738.36,3.0,1.0,1.0,0.0,0.0,0.0,0.0,0.0,0.0,0.0,0.0,0.0
2026-12-29,TATA001,,,,,,,4584435.06,,,,,,,,,,,,,,,,,,CASH001,4533673.12,214381.08,163619.14,3984435.06,970000.0,3014435.06,0.0,0.0,0.0,0.0,214381.08,0.0,163619.14,1.0,0.0,2.0,0.0,0.0,0.0,0.0,0.0,0.0,0.0,0.0,0.0
2026-12-30,TATA001,,,,,,,4584435.06,,,,,,,,,,,,,,,,,,CASH001,4584435.06,0.0,0.0,3984435.06,970000.0,3014435.06,0.0,0.0,0.0,0.0,0.0,0.0,0.0,0.0,0.0,0.0,0.0,0.0,0.0,0.0,0.0,0.0,0.0,0.0,0.0
2026-12-31,TATA001,,,,,,,4861056.93,,,,,,,,,,,,,,,,,,CASH001,4584435.06,276621.87,0.0,4261056.93,970000.0,3291056.93,2.0,103270.38,0.0,0.0,276621.87,0.0,0.0,1.0,0.0,0.0,0.0,0.0,0.0,0.0,0.0,0.0,0.0,0.0,0.0
