source_table,date,company_id,cash_account_id,opening_balance,daily_inflow,daily_outflow,balance,available_balance,reserved_balance,deployable_cash,alternative_id,decision_id,action,score,cost,benefit,liquidity_impact,risk,item_id,invoice_id,amount,expected_cost,expected_benefit,risk_score,created_at,decision_type,chosen_action,confidence,reasoning,status,snapshot_id,forecast_horizon_days,projected_cash,minimum_projected_cash,liquidity_risk,expected_inflows,expected_outflows,reserve_requirement,risk_probability,invoices_created_count,invoices_created_amount,obligations_created_count,obligations_created_amount,customer_payment_amount,operating_expense_amount,supplier_payment_amount,customer_payment_count,operating_expense_count,supplier_payment_count,unexpected_expense_amount,unexpected_expense_count,loan_draw_amount,loan_draw_count,loan_repayment_amount,loan_repayment_count,interest_payment_amount,interest_payment_count,events_logged_count,supplier_id,issue_date,discount_percentage,discount_deadline,late_penalty_percentage,currency,payment_method,actual_payment_date,receivable_id,customer_id,invoice_date,expected_date,collection_probability,expected_delay_days,transaction_id,type,category,description,reference_type,reference_id
cash_accounts,2026-08-28,TATA001,CASH001,4204079.97,0.0,1650000.0,2554079.97,1954079.97,970000.0,984079.97,,,,,,,,,,,,,,,,,,,,,,,,,,,,,,,,,,,,,,,,,,,,,,,,,,,,,,,,,,,,,,,,,,,,
cash_accounts,2026-08-29,TATA001,CASH001,2554079.97,0.0,0.0,2554079.97,1954079.97,970000.0,984079.97,,,,,,,,,,,,,,,,,,,,,,,,,,,,,,,,,,,,,,,,,,,,,,,,,,,,,,,,,,,,,,,,,,,,
cash_accounts,2026-08-30,TATA001,CASH001,2554079.97,0.0,0.0,2554079.97,1954079.97,970000.0,984079.97,,,,,,,,,,,,,,,,,,,,,,,,,,,,,,,,,,,,,,,,,,,,,,,,,,,,,,,,,,,,,,,,,,,,
cash_accounts,2026-08-31,TATA001,CASH001,2554079.97,0.0,0.0,2554079.97,1954079.97,970000.0,984079.97,,,,,,,,,,,,,,,,,,,,,,,,,,,,,,,,,,,,,,,,,,,,,,,,,,,,,,,,,,,,,,,,,,,,
cash_accounts,2026-09-01,TATA001,CASH001,2554079.97,0.0,120000.0,2434079.97,1834079.97,970000.0,864079.97,,,,,,,,,,,,,,,,,,,,,,,,,,,,,,,,,,,,,,,,,,,,,,,,,,,,,,,,,,,,,,,,,,,,
cash_accounts,2026-09-02,TATA001,CASH001,2434079.97,0.0,0.0,2434079.97,1834079.97,850000.0,984079.97,,,,,,,,,,,,,,,,,,,,,,,,,,,,,,,,,,,,,,,,,,,,,,,,,,,,,,,,,,,,,,,,,,,,
cash_accounts,2026-09-03,TATA001,CASH001,2434079.97,0.0,0.0,2434079.97,1834079.97,850000.0,984079.97,,,,,,,,,,,,,,,,,,,,,,,,,,,,,,,,,,,,,,,,,,,,,,,,,,,,,,,,,,,,,,,,,,,,
cash_accounts,2026-09-04,TATA001,CASH001,2434079.97,0.0,0.0,2434079.97,1834079.97,850000.0,984079.97,,,,,,,,,,,,,,,,,,,,,,,,,,,,,,,,,,,,,,,,,,,,,,,,,,,,,,,,,,,,,,,,,,,,
cash_accounts,2026-09-05,TATA001,CASH001,2434079.97,0.0,0.0,2434079.97,1834079.97,850000.0,984079.97,,,,,,,,,,,,,,,,,,,,,,,,,,,,,,,,,,,,,,,,,,,,,,,,,,,,,,,,,,,,,,,,,,,,
cash_accounts,2026-09-06,TATA001,CASH001,2434079.97,0.0,0.0,2434079.97,1834079.97,850000.0,984079.97,,,,,,,,,,,,,,,,,,,,,,,,,,,,,,,,,,,,,,,,,,,,,,,,,,,,,,,,,,,,,,,,,,,,
cash_accounts,2026-09-07,TATA001,CASH001,2434079.97,0.0,0.0,2434079.97,1834079.97,850000.0,984079.97,,,,,,,,,,,,,,,,,,,,,,,,,,,,,,,,,,,,,,,,,,,,,,,,,,,,,,,,,,,,,,,,,,,,
cash_accounts,2026-09-08,TATA001,CASH001,2434079.97,0.0,0.0,2434079.97,1834079.97,850000.0,984079.97,,,,,,,,,,,,,,,,,,,,,,,,,,,,,,,,,,,,,,,,,,,,,,,,,,,,,,,,,,,,,,,,,,,,
cash_accounts,2026-09-09,TATA001,CASH001,2434079.97,0.0,0.0,2434079.97,1834079.97,850000.0,984079.97,,,,,,,,,,,,,,,,,,,,,,,,,,,,,,,,,,,,,,,,,,,,,,,,,,,,,,,,,,,,,,,,,,,,
cash_accounts,2026-09-10,TATA001,CASH001,2434079.97,0.0,0.0,2434079.97,1834079.97,850000.0,984079.97,,,,,,,,,,,,,,,,,,,,,,,,,,,,,,,,,,,,,,,,,,,,,,,,,,,,,,,,,,,,,,,,,,,,
cash_accounts,2026-09-11,TATA001,CASH001,2434079.97,0.0,0.0,2434079.97,1834079.97,850000.0,984079.97,,,,,,,,,,,,,,,,,,,,,,,,,,,,,,,,,,,,,,,,,,,,,,,,,,,,,,,,,,,,,,,,,,,,
cash_accounts,2026-09-12,TATA001,CASH001,2434079.97,0.0,0.0,2434079.97,1834079.97,850000.0,984079.97,,,,,,,,,,,,,,,,,,,,,,,,,,,,,,,,,,,,,,,,,,,,,,,,,,,,,,,,,,,,,,,,,,,,
cash_accounts,2026-09-13,TATA001,CASH001,2434079.97,0.0,0.0,2434079.97,1834079.97,850000.0,984079.97,,,,,,,,,,,,,,,,,,,,,,,,,,,,,,,,,,,,,,,,,,,,,,,,,,,,,,,,,,,,,,,,,,,,
cash_accounts,2026-09-14,TATA001,CASH001,2434079.97,0.0,0.0,2434079.97,1834079.97,850000.0,984079.97,,,,,,,,,,,,,,,,,,,,,,,,,,,,,,,,,,,,,,,,,,,,,,,,,,,,,,,,,,,,,,,,,,,,
cash_accounts,2026-09-15,TATA001,CASH001,2434079.97,0.0,0.0,2434079.97,1834079.97,850000.0,984079.97,,,,,,,,,,,,,,,,,,,,,,,,,,,,,,,,,,,,,,,,,,,,,,,,,,,,,,,,,,,,,,,,,,,,
cash_accounts,2026-09-16,TATA001,CASH001,2434079.97,0.0,0.0,2434079.97,1834079.97,850000.0,984079.97,,,,,,,,,,,,,,,,,,,,,,,,,,,,,,,,,,,,,,,,,,,,,,,,,,,,,,,,,,,,,,,,,,,,
cash_accounts,2026-09-17,TATA001,CASH001,2434079.97,0.0,0.0,2434079.97,1834079.97,850000.0,984079.97,,,,,,,,,,,,,,,,,,,,,,,,,,,,,,,,,,,,,,,,,,,,,,,,,,,,,,,,,,,,,,,,,,,,
cash_accounts,2026-09-18,TATA001,CASH001,2434079.97,0.0,0.0,2434079.97,1834079.97,850000.0,984079.97,,,,,,,,,,,,,,,,,,,,,,,,,,,,,,,,,,,,,,,,,,,,,,,,,,,,,,,,,,,,,,,,,,,,
cash_accounts,2026-09-19,TATA001,CASH001,2434079.97,0.0,0.0,2434079.97,1834079.97,850000.0,984079.97,,,,,,,,,,,,,,,,,,,,,,,,,,,,,,,,,,,,,,,,,,,,,,,,,,,,,,,,,,,,,,,,,,,,
cash_accounts,2026-09-20,TATA001,CASH001,2434079.97,0.0,50394.63,2383685.34,1783685.34,850000.0,933685.34,,,,,,,,,,,,,,,,,,,,,,,,,,,,,,,,,,,,,,,,,,,,,,,,,,,,,,,,,,,,,,,,,,,,
cash_accounts,2026-09-21,TATA001,CASH001,2383685.34,0.0,0.0,2383685.34,1783685.34,2500000.0,0.0,,,,,,,,,,,,,,,,,,,,,,,,,,,,,,,,,,,,,,,,,,,,,,,,,,,,,,,,,,,,,,,,,,,,
cash_accounts,2026-09-22,TATA001,CASH001,2383685.34,31760.96,0.0,2415446.3,1815446.3,2500000.0,0.0,,,,,,,,,,,,,,,,,,,,,,,,,,,,,,,,,,,,,,,,,,,,,,,,,,,,,,,,,,,,,,,,,,,,
cash_accounts,2026-09-23,TATA001,CASH001,2415446.3,226495.9,0.0,2641942.2,2041942.2,2500000.0,0.0,,,,,,,,,,,,,,,,,,,,,,,,,,,,,,,,,,,,,,,,,,,,,,,,,,,,,,,,,,,,,,,,,,,,
cash_accounts,2026-09-24,TATA001,CASH001,2641942.2,168225.96,0.0,2810168.16,2210168.16,2500000.0,0.0,,,,,,,,,,,,,,,,,,,,,,,,,,,,,,,,,,,,,,,,,,,,,,,,,,,,,,,,,,,,,,,,,,,,
cash_accounts,2026-09-25,TATA001,CASH001,2810168.16,0.0,0.0,2810168.16,2210168.16,2500000.0,0.0,,,,,,,,,,,,,,,,,,,,,,,,,,,,,,,,,,,,,,,,,,,,,,,,,,,,,,,,,,,,,,,,,,,,
cash_accounts,2026-09-26,TATA001,CASH001,2810168.16,0.0,0.0,2810168.16,2210168.16,2500000.0,0.0,,,,,,,,,,,,,,,,,,,,,,,,,,,,,,,,,,,,,,,,,,,,,,,,,,,,,,,,,,,,,,,,,,,,
cash_accounts,2026-09-27,TATA001,CASH001,2810168.16,0.0,0.0,2810168.16,2210168.16,2500000.0,0.0,,,,,,,,,,,,,,,,,,,,,,,,,,,,,,,,,,,,,,,,,,,,,,,,,,,,,,,,,,,,,,,,,,,,
cash_accounts,2026-09-28,TATA001,CASH001,2810168.16,0.0,1650000.0,1160168.16,560168.16,970000.0,0.0,,,,,,,,,,,,,,,,,,,,,,,,,,,,,,,,,,,,,,,,,,,,,,,,,,,,,,,,,,,,,,,,,,,,
cash_accounts,2026-09-29,TATA001,CASH001,1160168.16,149141.05,0.0,1309309.21,709309.21,970000.0,0.0,,,,,,,,,,,,,,,,,,,,,,,,,,,,,,,,,,,,,,,,,,,,,,,,,,,,,,,,,,,,,,,,,,,,
cash_accounts,2026-09-30,TATA001,CASH001,1309309.21,0.0,21563.53,1287745.68,687745.68,970000.0,0.0,,,,,,,,,,,,,,,,,,,,,,,,,,,,,,,,,,,,,,,,,,,,,,,,,,,,,,,,,,,,,,,,,,,,
cash_accounts,2026-10-01,TATA001,CASH001,1287745.68,84627.37,120000.0,1252373.05,652373.05,970000.0,0.0,,,,,,,,,,,,,,,,,,,,,,,,,,,,,,,,,,,,,,,,,,,,,,,,,,,,,,,,,,,,,,,,,,,,
cash_accounts,2026-10-02,TATA001,CASH001,1252373.05,0.0,0.0,1252373.05,652373.05,850000.0,0.0,,,,,,,,,,,,,,,,,,,,,,,,,,,,,,,,,,,,,,,,,,,,,,,,,,,,,,,,,,,,,,,,,,,,
cash_accounts,2026-10-03,TATA001,CASH001,1252373.05,334437.5,0.0,1586810.55,986810.55,850000.0,136810.55,,,,,,,,,,,,,,,,,,,,,,,,,,,,,,,,,,,,,,,,,,,,,,,,,,,,,,,,,,,,,,,,,,,,
cash_accounts,2026-10-04,TATA001,CASH001,1586810.55,0.0,0.0,1586810.55,986810.55,850000.0,136810.55,,,,,,,,,,,,,,,,,,,,,,,,,,,,,,,,,,,,,,,,,,,,,,,,,,,,,,,,,,,,,,,,,,,,
cash_accounts,2026-10-05,TATA001,CASH001,1586810.55,0.0,68573.91,1518236.64,918236.64,850000.0,68236.64,,,,,,,,,,,,,,,,,,,,,,,,,,,,,,,,,,,,,,,,,,,,,,,,,,,,,,,,,,,,,,,,,,,,
cash_accounts,2026-10-06,TATA001,CASH001,1518236.64,0.0,148629.8,1369606.84,769606.84,850000.0,0.0,,,,,,,,,,,,,,,,,,,,,,,,,,,,,,,,,,,,,,,,,,,,,,,,,,,,,,,,,,,,,,,,,,,,
cash_accounts,2026-10-07,TATA001,CASH001,1369606.84,90878.7,0.0,1460485.54,860485.54,850000.0,10485.54,,,,,,,,,,,,,,,,,,,,,,,,,,,,,,,,,,,,,,,,,,,,,,,,,,,,,,,,,,,,,,,,,,,,
cash_accounts,2026-10-08,TATA001,CASH001,1460485.54,0.0,0.0,1460485.54,860485.54,850000.0,10485.54,,,,,,,,,,,,,,,,,,,,,,,,,,,,,,,,,,,,,,,,,,,,,,,,,,,,,,,,,,,,,,,,,,,,
cash_accounts,2026-10-09,TATA001,CASH001,1460485.54,0.0,0.0,1460485.54,860485.54,850000.0,10485.54,,,,,,,,,,,,,,,,,,,,,,,,,,,,,,,,,,,,,,,,,,,,,,,,,,,,,,,,,,,,,,,,,,,,
cash_accounts,2026-10-10,TATA001,CASH001,1460485.54,42841.35,0.0,1503326.89,903326.89,850000.0,53326.89,,,,,,,,,,,,,,,,,,,,,,,,,,,,,,,,,,,,,,,,,,,,,,,,,,,,,,,,,,,,,,,,,,,,
cash_accounts,2026-10-11,TATA001,CASH001,1503326.89,0.0,83546.76,1419780.13,819780.13,850000.0,0.0,,,,,,,,,,,,,,,,,,,,,,,,,,,,,,,,,,,,,,,,,,,,,,,,,,,,,,,,,,,,,,,,,,,,
cash_accounts,2026-10-12,TATA001,CASH001,1419780.13,389580.34,170630.72,1638729.75,1038729.75,850000.0,188729.75,,,,,,,,,,,,,,,,,,,,,,,,,,,,,,,,,,,,,,,,,,,,,,,,,,,,,,,,,,,,,,,,,,,,
cash_accounts,2026-10-13,TATA001,CASH001,1638729.75,243018.94,140555.66,1741193.03,1141193.03,850000.0,291193.03,,,,,,,,,,,,,,,,,,,,,,,,,,,,,,,,,,,,,,,,,,,,,,,,,,,,,,,,,,,,,,,,,,,,
cash_accounts,2026-10-14,TATA001,CASH001,1741193.03,0.0,0.0,1741193.03,1141193.03,850000.0,291193.03,,,,,,,,,,,,,,,,,,,,,,,,,,,,,,,,,,,,,,,,,,,,,,,,,,,,,,,,,,,,,,,,,,,,
cash_accounts,2026-10-15,TATA001,CASH001,1741193.03,408268.2,0.0,2149461.23,1549461.23,850000.0,699461.23,,,,,,,,,,,,,,,,,,,,,,,,,,,,,,,,,,,,,,,,,,,,,,,,,,,,,,,,,,,,,,,,,,,,
cash_accounts,2026-10-16,TATA001,CASH001,2149461.23,0.0,210576.67,1938884.56,1338884.56,850000.0,488884.56,,,,,,,,,,,,,,,,,,,,,,,,,,,,,,,,,,,,,,,,,,,,,,,,,,,,,,,,,,,,,,,,,,,,
cash_accounts,2026-10-17,TATA001,CASH001,1938884.56,0.0,0.0,1938884.56,1338884.56,850000.0,488884.56,,,,,,,,,,,,,,,,,,,,,,,,,,,,,,,,,,,,,,,,,,,,,,,,,,,,,,,,,,,,,,,,,,,,
cash_accounts,2026-10-18,TATA001,CASH001,1938884.56,0.0,81395.73,1857488.83,1257488.83,850000.0,407488.83,,,,,,,,,,,,,,,,,,,,,,,,,,,,,,,,,,,,,,,,,,,,,,,,,,,,,,,,,,,,,,,,,,,,
cash_accounts,2026-10-19,TATA001,CASH001,1857488.83,530510.46,0.0,2387999.29,1787999.29,850000.0,937999.29,,,,,,,,,,,,,,,,,,,,,,,,,,,,,,,,,,,,,,,,,,,,,,,,,,,,,,,,,,,,,,,,,,,,
cash_accounts,2026-10-20,TATA001,CASH001,2387999.29,487442.12,0.0,2875441.41,2275441.41,850000.0,1425441.41,,,,,,,,,,,,,,,,,,,,,,,,,,,,,,,,,,,,,,,,,,,,,,,,,,,,,,,,,,,,,,,,,,,,
cash_accounts,2026-10-21,TATA001,CASH001,2875441.41,79869.41,0.0,2955310.82,2355310.82,2500000.0,0.0,,,,,,,,,,,,,,,,,,,,,,,,,,,,,,,,,,,,,,,,,,,,,,,,,,,,,,,,,,,,,,,,,,,,
cash_accounts,2026-10-22,TATA001,CASH001,2955310.82,654623.31,0.0,3609934.13,3009934.13,2500000.0,509934.13,,,,,,,,,,,,,,,,,,,,,,,,,,,,,,,,,,,,,,,,,,,,,,,,,,,,,,,,,,,,,,,,,,,,
cash_accounts,2026-10-23,TATA001,CASH001,3609934.13,385875.65,274409.5,3721400.28,3121400.28,2500000.0,621400.28,,,,,,,,,,,,,,,,,,,,,,,,,,,,,,,,,,,,,,,,,,,,,,,,,,,,,,,,,,,,,,,,,,,,
cash_accounts,2026-10-24,TATA001,CASH001,3721400.28,0.0,0.0,3721400.28,3121400.28,2500000.0,621400.28,,,,,,,,,,,,,,,,,,,,,,,,,,,,,,,,,,,,,,,,,,,,,,,,,,,,,,,,,,,,,,,,,,,,
cash_accounts,2026-10-25,TATA001,CASH001,3721400.28,333846.1,32902.92,4022343.46,3422343.46,2500000.0,922343.46,,,,,,,,,,,,,,,,,,,,,,,,,,,,,,,,,,,,,,,,,,,,,,,,,,,,,,,,,,,,,,,,,,,,
cash_accounts,2026-10-26,TATA001,CASH001,4022343.46,75229.76,81469.81,4016103.41,3416103.41,2500000.0,916103.41,,,,,,,,,,,,,,,,,,,,,,,,,,,,,,,,,,,,,,,,,,,,,,,,,,,,,,,,,,,,,,,,,,,,
cash_accounts,2026-10-27,TATA001,CASH001,4016103.41,247336.96,87468.18,4175972.19,3575972.19,2500000.0,1075972.19,,,,,,,,,,,,,,,,,,,,,,,,,,,,,,,,,,,,,,,,,,,,,,,,,,,,,,,,,,,,,,,,,,,,
cash_accounts,2026-10-28,TATA001,CASH001,4175972.19,229483.09,1860891.66,2544563.62,1944563.62,970000.0,974563.62,,,,,,,,,,,,,,,,,,,,,,,,,,,,,,,,,,,,,,,,,,,,,,,,,,,,,,,,,,,,,,,,,,,,
cash_accounts,2026-10-29,TATA001,CASH001,2544563.62,253880.56,0.0,2798444.18,2198444.18,970000.0,1228444.18,,,,,,,,,,,,,,,,,,,,,,,,,,,,,,,,,,,,,,,,,,,,,,,,,,,,,,,,,,,,,,,,,,,,
cash_accounts,2026-10-30,TATA001,CASH001,2798444.18,69813.45,68049.62,2800208.01,2200208.01,970000.0,1230208.01,,,,,,,,,,,,,,,,,,,,,,,,,,,,,,,,,,,,,,,,,,,,,,,,,,,,,,,,,,,,,,,,,,,,
cash_accounts,2026-10-31,TATA001,CASH001,2800208.01,0.0,0.0,2800208.01,2200208.01,970000.0,1230208.01,,,,,,,,,,,,,,,,,,,,,,,,,,,,,,,,,,,,,,,,,,,,,,,,,,,,,,,,,,,,,,,,,,,,
cash_accounts,2026-11-01,TATA001,CASH001,2800208.01,0.0,580062.9,2220145.11,1620145.11,970000.0,650145.11,,,,,,,,,,,,,,,,,,,,,,,,,,,,,,,,,,,,,,,,,,,,,,,,,,,,,,,,,,,,,,,,,,,,
cash_accounts,2026-11-02,TATA001,CASH001,2220145.11,251318.81,121339.23,2350124.69,1750124.69,850000.0,900124.69,,,,,,,,,,,,,,,,,,,,,,,,,,,,,,,,,,,,,,,,,,,,,,,,,,,,,,,,,,,,,,,,,,,,
cash_accounts,2026-11-03,TATA001,CASH001,2350124.69,137877.34,0.0,2488002.03,1888002.03,850000.0,1038002.03,,,,,,,,,,,,,,,,,,,,,,,,,,,,,,,,,,,,,,,,,,,,,,,,,,,,,,,,,,,,,,,,,,,,
cash_accounts,2026-11-04,TATA001,CASH001,2488002.03,200272.76,233913.71,2454361.08,1854361.08,850000.0,1004361.08,,,,,,,,,,,,,,,,,,,,,,,,,,,,,,,,,,,,,,,,,,,,,,,,,,,,,,,,,,,,,,,,,,,,
cash_accounts,2026-11-05,TATA001,CASH001,2454361.08,537424.75,0.0,2991785.83,2391785.83,850000.0,1541785.83,,,,,,,,,,,,,,,,,,,,,,,,,,,,,,,,,,,,,,,,,,,,,,,,,,,,,,,,,,,,,,,,,,,,
cash_accounts,2026-11-06,TATA001,CASH001,2991785.83,356660.35,35069.2,3313376.98,2713376.98,850000.0,1863376.98,,,,,,,,,,,,,,,,,,,,,,,,,,,,,,,,,,,,,,,,,,,,,,,,,,,,,,,,,,,,,,,,,,,,
cash_accounts,2026-11-07,TATA001,CASH001,3313376.98,82185.48,0.0,3395562.46,2795562.46,850000.0,1945562.46,,,,,,,,,,,,,,,,,,,,,,,,,,,,,,,,,,,,,,,,,,,,,,,,,,,,,,,,,,,,,,,,,,,,
cash_accounts,2026-11-08,TATA001,CASH001,3395562.46,117757.91,0.0,3513320.37,2913320.37,850000.0,2063320.37,,,,,,,,,,,,,,,,,,,,,,,,,,,,,,,,,,,,,,,,,,,,,,,,,,,,,,,,,,,,,,,,,,,,
cash_accounts,2026-11-09,TATA001,CASH001,3513320.37,549523.01,160726.26,3902117.12,3302117.12,850000.0,2452117.12,,,,,,,,,,,,,,,,,,,,,,,,,,,,,,,,,,,,,,,,,,,,,,,,,,,,,,,,,,,,,,,,,,,,
cash_accounts,2026-11-10,TATA001,CASH001,3902117.12,123284.19,0.0,4025401.31,3425401.31,850000.0,2575401.31,,,,,,,,,,,,,,,,,,,,,,,,,,,,,,,,,,,,,,,,,,,,,,,,,,,,,,,,,,,,,,,,,,,,
cash_accounts,2026-11-11,TATA001,CASH001,4025401.31,326396.06,0.0,4351797.37,3751797.37,850000.0,2901797.37,,,,,,,,,,,,,,,,,,,,,,,,,,,,,,,,,,,,,,,,,,,,,,,,,,,,,,,,,,,,,,,,,,,,
cash_accounts,2026-11-12,TATA001,CASH001,4351797.37,0.0,93610.62,4258186.75,3658186.75,850000.0,2808186.75,,,,,,,,,,,,,,,,,,,,,,,,,,,,,,,,,,,,,,,,,,,,,,,,,,,,,,,,,,,,,,,,,,,,
cash_accounts,2026-11-13,TATA001,CASH001,4258186.75,0.0,0.0,4258186.75,3658186.75,850000.0,2808186.75,,,,,,,,,,,,,,,,,,,,,,,,,,,,,,,,,,,,,,,,,,,,,,,,,,,,,,,,,,,,,,,,,,,,
cash_accounts,2026-11-14,TATA001,CASH001,4258186.75,125749.37,130179.33,4253756.79,3653756.79,850000.0,2803756.79,,,,,,,,,,,,,,,,,,,,,,,,,,,,,,,,,,,,,,,,,,,,,,,,,,,,,,,,,,,,,,,,,,,,
cash_accounts,2026-11-15,TATA001,CASH001,4253756.79,231111.11,318523.82,4166344.08,3566344.08,850000.0,2716344.08,,,,,,,,,,,,,,,,,,,,,,,,,,,,,,,,,,,,,,,,,,,,,,,,,,,,,,,,,,,,,,,,,,,,
cash_accounts,2026-11-16,TATA001,CASH001,4166344.08,233978.45,0.0,4400322.53,3800322.53,850000.0,2950322.53,,,,,,,,,,,,,,,,,,,,,,,,,,,,,,,,,,,,,,,,,,,,,,,,,,,,,,,,,,,,,,,,,,,,
cash_accounts,2026-11-17,TATA001,CASH001,4400322.53,200931.66,0.0,4601254.19,4001254.19,850000.0,3151254.19,,,,,,,,,,,,,,,,,,,,,,,,,,,,,,,,,,,,,,,,,,,,,,,,,,,,,,,,,,,,,,,,,,,,
cash_accounts,2026-11-18,TATA001,CASH001,4601254.19,128534.2,63874.56,4665913.83,4065913.83,850000.0,3215913.83,,,,,,,,,,,,,,,,,,,,,,,,,,,,,,,,,,,,,,,,,,,,,,,,,,,,,,,,,,,,,,,,,,,,
cash_accounts,2026-11-19,TATA001,CASH001,4665913.83,0.0,0.0,4665913.83,4065913.83,850000.0,3215913.83,,,,,,,,,,,,,,,,,,,,,,,,,,,,,,,,,,,,,,,,,,,,,,,,,,,,,,,,,,,,,,,,,,,,
cash_accounts,2026-11-20,TATA001,CASH001,4665913.83,343207.32,24945.27,4984175.88,4384175.88,850000.0,3534175.88,,,,,,,,,,,,,,,,,,,,,,,,,,,,,,,,,,,,,,,,,,,,,,,,,,,,,,,,,,,,,,,,,,,,
cash_accounts,2026-11-21,TATA001,CASH001,4984175.88,114914.58,91921.69,5007168.77,4407168.77,2500000.0,1907168.77,,,,,,,,,,,,,,,,,,,,,,,,,,,,,,,,,,,,,,,,,,,,,,,,,,,,,,,,,,,,,,,,,,,,
cash_accounts,2026-11-22,TATA001,CASH001,5007168.77,279217.72,629711.91,4656674.58,4056674.58,2500000.0,1556674.58,,,,,,,,,,,,,,,,,,,,,,,,,,,,,,,,,,,,,,,,,,,,,,,,,,,,,,,,,,,,,,,,,,,,
cash_accounts,2026-11-23,TATA001,CASH001,4656674.58,168084.96,0.0,4824759.54,4224759.54,2500000.0,1724759.54,,,,,,,,,,,,,,,,,,,,,,,,,,,,,,,,,,,,,,,,,,,,,,,,,,,,,,,,,,,,,,,,,,,,
cash_accounts,2026-11-24,TATA001,CASH001,4824759.54,254304.43,412752.65,4666311.32,4066311.32,2500000.0,1566311.32,,,,,,,,,,,,,,,,,,,,,,,,,,,,,,,,,,,,,,,,,,,,,,,,,,,,,,,,,,,,,,,,,,,,
cash_accounts,2026-11-25,TATA001,CASH001,4666311.32,0.0,0.0,4666311.32,4066311.32,2500000.0,1566311.32,,,,,,,,,,,,,,,,,,,,,,,,,,,,,,,,,,,,,,,,,,,,,,,,,,,,,,,,,,,,,,,,,,,,
cash_accounts,2026-11-26,TATA001,CASH001,4666311.32,320374.55,0.0,4986685.87,4386685.87,2500000.0,1886685.87,,,,,,,,,,,,,,,,,,,,,,,,,,,,,,,,,,,,,,,,,,,,,,,,,,,,,,,,,,,,,,,,,,,,
cash_accounts,2026-11-27,TATA001,CASH001,4986685.87,0.0,0.0,4986685.87,4386685.87,2500000.0,1886685.87,,,,,,,,,,,,,,,,,,,,,,,,,,,,,,,,,,,,,,,,,,,,,,,,,,,,,,,,,,,,,,,,,,,,
cash_accounts,2026-11-28,TATA001,CASH001,4986685.87,158586.3,1650000.0,3495272.17,2895272.17,970000.0,1925272.17,,,,,,,,,,,,,,,,,,,,,,,,,,,,,,,,,,,,,,,,,,,,,,,,,,,,,,,,,,,,,,,,,,,,
cash_accounts,2026-11-29,TATA001,CASH001,3495272.17,116188.52,130809.25,3480651.44,2880651.44,970000.0,1910651.44,,,,,,,,,,,,,,,,,,,,,,,,,,,,,,,,,,,,,,,,,,,,,,,,,,,,,,,,,,,,,,,,,,,,
cash_accounts,2026-11-30,TATA001,CASH001,3480651.44,0.0,0.0,3480651.44,2880651.44,970000.0,1910651.44,,,,,,,,,,,,,,,,,,,,,,,,,,,,,,,,,,,,,,,,,,,,,,,,,,,,,,,,,,,,,,,,,,,,
cash_accounts,2026-12-01,TATA001,CASH001,3480651.44,185588.52,120000.0,3546239.96,2946239.96,970000.0,1976239.96,,,,,,,,,,,,,,,,,,,,,,,,,,,,,,,,,,,,,,,,,,,,,,,,,,,,,,,,,,,,,,,,,,,,
cash_accounts,2026-12-02,TATA001,CASH001,3546239.96,643283.53,177259.97,4012263.52,3412263.52,850000.0,2562263.52,,,,,,,,,,,,,,,,,,,,,,,,,,,,,,,,,,,,,,,,,,,,,,,,,,,,,,,,,,,,,,,,,,,,
cash_accounts,2026-12-03,TATA001,CASH001,4012263.52,73507.66,0.0,4085771.18,3485771.18,850000.0,2635771.18,,,,,,,,,,,,,,,,,,,,,,,,,,,,,,,,,,,,,,,,,,,,,,,,,,,,,,,,,,,,,,,,,,,,
cash_accounts,2026-12-04,TATA001,CASH001,4085771.18,93153.17,0.0,4178924.35,3578924.35,850000.0,2728924.35,,,,,,,,,,,,,,,,,,,,,,,,,,,,,,,,,,,,,,,,,,,,,,,,,,,,,,,,,,,,,,,,,,,,
cash_accounts,2026-12-05,TATA001,CASH001,4178924.35,0.0,102191.32,4076733.03,3476733.03,850000.0,2626733.03,,,,,,,,,,,,,,,,,,,,,,,,,,,,,,,,,,,,,,,,,,,,,,,,,,,,,,,,,,,,,,,,,,,,
cash_accounts,2026-12-06,TATA001,CASH001,4076733.03,30000.0,100743.16,4005989.87,3405989.87,850000.0,2555989.87,,,,,,,,,,,,,,,,,,,,,,,,,,,,,,,,,,,,,,,,,,,,,,,,,,,,,,,,,,,,,,,,,,,,
cash_accounts,2026-12-07,TATA001,CASH001,4005989.87,134626.08,0.0,4140615.95,3540615.95,850000.0,2690615.95,,,,,,,,,,,,,,,,,,,,,,,,,,,,,,,,,,,,,,,,,,,,,,,,,,,,,,,,,,,,,,,,,,,,
cash_accounts,2026-12-08,TATA001,CASH001,4140615.95,0.0,164353.02,3976262.93,3376262.93,850000.0,2526262.93,,,,,,,,,,,,,,,,,,,,,,,,,,,,,,,,,,,,,,,,,,,,,,,,,,,,,,,,,,,,,,,,,,,,
cash_accounts,2026-12-09,TATA001,CASH001,3976262.93,639762.76,149988.04,4466037.65,3866037.65,850000.0,3016037.65,,,,,,,,,,,,,,,,,,,,,,,,,,,,,,,,,,,,,,,,,,,,,,,,,,,,,,,,,,,,,,,,,,,,
cash_accounts,2026-12-10,TATA001,CASH001,4466037.65,180222.31,89277.69,4556982.27,3956982.27,850000.0,3106982.27,,,,,,,,,,,,,,,,,,,,,,,,,,,,,,,,,,,,,,,,,,,,,,,,,,,,,,,,,,,,,,,,,,,,
cash_accounts,2026-12-11,TATA001,CASH001,4556982.27,106911.06,107238.68,4556654.65,3956654.65,850000.0,3106654.65,,,,,,,,,,,,,,,,,,,,,,,,,,,,,,,,,,,,,,,,,,,,,,,,,,,,,,,,,,,,,,,,,,,,
cash_accounts,2026-12-12,TATA001,CASH001,4556654.65,0.0,47825.06,4508829.59,3908829.59,850000.0,3058829.59,,,,,,,,,,,,,,,,,,,,,,,,,,,,,,,,,,,,,,,,,,,,,,,,,,,,,,,,,,,,,,,,,,,,
cash_accounts,2026-12-13,TATA001,CASH001,4508829.59,0.0,0.0,4508829.59,3908829.59,850000.0,3058829.59,,,,,,,,,,,,,,,,,,,,,,,,,,,,,,,,,,,,,,,,,,,,,,,,,,,,,,,,,,,,,,,,,,,,
cash_accounts,2026-12-14,TATA001,CASH001,4508829.59,108823.03,0.0,4617652.62,4017652.62,850000.0,3167652.62,,,,,,,,,,,,,,,,,,,,,,,,,,,,,,,,,,,,,,,,,,,,,,,,,,,,,,,,,,,,,,,,,,,,
cash_accounts,2026-12-15,TATA001,CASH001,4617652.62,0.0,0.0,4617652.62,4017652.62,850000.0,3167652.62,,,,,,,,,,,,,,,,,,,,,,,,,,,,,,,,,,,,,,,,,,,,,,,,,,,,,,,,,,,,,,,,,,,,
cash_accounts,2026-12-16,TATA001,CASH001,4617652.62,334383.1,0.0,4952035.72,4352035.72,850000.0,3502035.72,,,,,,,,,,,,,,,,,,,,,,,,,,,,,,,,,,,,,,,,,,,,,,,,,,,,,,,,,,,,,,,,,,,,
cash_accounts,2026-12-17,TATA001,CASH001,4952035.72,0.0,22961.84,4929073.88,4329073.88,850000.0,3479073.88,,,,,,,,,,,,,,,,,,,,,,,,,,,,,,,,,,,,,,,,,,,,,,,,,,,,,,,,,,,,,,,,,,,,
cash_accounts,2026-12-18,TATA001,CASH001,4929073.88,259912.18,128952.97,5060033.09,4460033.09,850000.0,3610033.09,,,,,,,,,,,,,,,,,,,,,,,,,,,,,,,,,,,,,,,,,,,,,,,,,,,,,,,,,,,,,,,,,,,,
cash_accounts,2026-12-19,TATA001,CASH001,5060033.09,0.0,0.0,5060033.09,4460033.09,850000.0,3610033.09,,,,,,,,,,,,,,,,,,,,,,,,,,,,,,,,,,,,,,,,,,,,,,,,,,,,,,,,,,,,,,,,,,,,
cash_accounts,2026-12-20,TATA001,CASH001,5060033.09,188475.41,0.0,5248508.5,4648508.5,850000.0,3798508.5,,,,,,,,,,,,,,,,,,,,,,,,,,,,,,,,,,,,,,,,,,,,,,,,,,,,,,,,,,,,,,,,,,,,
cash_accounts,2026-12-21,TATA001,CASH001,5248508.5,366977.04,0.0,5615485.54,5015485.54,2500000.0,2515485.54,,,,,,,,,,,,,,,,,,,,,,,,,,,,,,,,,,,,,,,,,,,,,,,,,,,,,,,,,,,,,,,,,,,,
cash_accounts,2026-12-22,TATA001,CASH001,5615485.54,123253.27,0.0,5738738.81,5138738.81,2500000.0,2638738.81,,,,,,,,,,,,,,,,,,,,,,,,,,,,,,,,,,,,,,,,,,,,,,,,,,,,,,,,,,,,,,,,,,,,
cash_accounts,2026-12-23,TATA001,CASH001,5738738.81,0.0,40430.27,5698308.54,5098308.54,2500000.0,2598308.54,,,,,,,,,,,,,,,,,,,,,,,,,,,,,,,,,,,,,,,,,,,,,,,,,,,,,,,,,,,,,,,,,,,,
cash_accounts,2026-12-24,TATA001,CASH001,5698308.54,0.0,31067.96,5667240.58,5067240.58,2500000.0,2567240.58,,,,,,,,,,,,,,,,,,,,,,,,,,,,,,,,,,,,,,,,,,,,,,,,,,,,,,,,,,,,,,,,,,,,
cash_accounts,2026-12-25,TATA001,CASH001,5667240.58,0.0,0.0,5667240.58,5067240.58,2500000.0,2567240.58,,,,,,,,,,,,,,,,,,,,,,,,,,,,,,,,,,,,,,,,,,,,,,,,,,,,,,,,,,,,,,,,,,,,
cash_accounts,2026-12-26,TATA001,CASH001,5667240.58,49539.27,0.0,5716779.85,5116779.85,2500000.0,2616779.85,,,,,,,,,,,,,,,,,,,,,,,,,,,,,,,,,,,,,,,,,,,,,,,,,,,,,,,,,,,,,,,,,,,,
cash_accounts,2026-12-27,TATA001,CASH001,5716779.85,0.0,134367.21,5582412.64,4982412.64,2500000.0,2482412.64,,,,,,,,,,,,,,,,,,,,,,,,,,,,,,,,,,,,,,,,,,,,,,,,,,,,,,,,,,,,,,,,,,,,
cash_accounts,2026-12-28,TATA001,CASH001,5582412.64,691998.84,1740738.36,4533673.12,3933673.12,970000.0,2963673.12,,,,,,,,,,,,,,,,,,,,,,,,,,,,,,,,,,,,,,,,,,,,,,,,,,,,,,,,,,,,,,,,,,,,
cash_accounts,2026-12-29,TATA001,CASH001,4533673.12,214381.08,163619.14,4584435.06,3984435.06,970000.0,3014435.06,,,,,,,,,,,,,,,,,,,,,,,,,,,,,,,,,,,,,,,,,,,,,,,,,,,,,,,,,,,,,,,,,,,,
cash_accounts,2026-12-30,TATA001,CASH001,4584435.06,0.0,0.0,4584435.06,3984435.06,970000.0,3014435.06,,,,,,,,,,,,,,,,,,,,,,,,,,,,,,,,,,,,,,,,,,,,,,,,,,,,,,,,,,,,,,,,,,,,
cash_accounts,2026-12-31,TATA001,CASH001,4584435.06,276621.87,0.0,4861056.93,4261056.93,970000.0,3291056.93,,,,,,,,,,,,,,,,,,,,,,,,,,,,,,,,,,,,,,,,,,,,,,,,,,,,,,,,,,,,,,,,,,,,
decision_alternatives,,,,,,,,,,,ALT_FUT_DEC_FUT_001_1,DEC_FUT_001,Pay Now,0.87,17991.1,35335.42,-76933.28,0.4,,,,,,,,,,,,,,,,,,,,,,,,,,,,,,,,,,,,,,,,,,,,,,,,,,,,,,,,,,,,
decision_alternatives,,,,,,,,,,,ALT_FUT_DEC_FUT_001_2,DEC_FUT_001,Pay at Maturity,0.6,17315.09,5552.96,-90803.69,0.25,,,,,,,,,,,,,,,,,,,,,,,,,,,,,,,,,,,,,,,,,,,,,,,,,,,,,,,,,,,,
decision_alternatives,,,,,,,,,,,ALT_FUT_DEC_FUT_001_3,DEC_FUT_001,Bank Financing,0.92,4400.26,48215.4,-92927.29,0.42,,,,,,,,,,,,,,,,,,,,,,,,,,,,,,,,,,,,,,,,,,,,,,,,,,,,,,,,,,,,
decision_alternatives,,,,,,,,,,,ALT_FUT_DEC_FUT_001_4,DEC_FUT_001,Supplier Financing,0.85,13458.36,15103.19,-50347.36,0.47,,,,,,,,,,,,,,,,,,,,,,,,,,,,,,,,,,,,,,,,,,,,,,,,,,,,,,,,,,,,
decision_alternatives,,,,,,,,,,,ALT_FUT_DEC_FUT_001_5,DEC_FUT_001,Retain Cash,0.71,16693.94,30719.12,-76119.81,0.37,,,,,,,,,,,,,,,,,,,,,,,,,,,,,,,,,,,,,,,,,,,,,,,,,,,,,,,,,,,,
decision_alternatives,,,,,,,,,,,ALT_FUT_DEC_FUT_002_1,DEC_FUT_002,Pay Now,0.68,17064.58,23587.56,79115.59,0.28,,,,,,,,,,,,,,,,,,,,,,,,,,,,,,,,,,,,,,,,,,,,,,,,,,,,,,,,,,,,
decision_alternatives,,,,,,,,,,,ALT_FUT_DEC_FUT_002_2,DEC_FUT_002,Pay at Maturity,0.86,12034.64,27744.25,27443.14,0.26,,,,,,,,,,,,,,,,,,,,,,,,,,,,,,,,,,,,,,,,,,,,,,,,,,,,,,,,,,,,
decision_alternatives,,,,,,,,,,,ALT_FUT_DEC_FUT_002_3,DEC_FUT_002,Bank Financing,0.81,2183.37,34809.98,-73858.34,0.22,,,,,,,,,,,,,,,,,,,,,,,,,,,,,,,,,,,,,,,,,,,,,,,,,,,,,,,,,,,,
decision_alternatives,,,,,,,,,,,ALT_FUT_DEC_FUT_002_4,DEC_FUT_002,Supplier Financing,0.9,18594.8,22682.87,66379.97,0.23,,,,,,,,,,,,,,,,,,,,,,,,,,,,,,,,,,,,,,,,,,,,,,,,,,,,,,,,,,,,
decision_alternatives,,,,,,,,,,,ALT_FUT_DEC_FUT_002_5,DEC_FUT_002,Retain Cash,0.76,5438.61,47459.96,-72777.63,0.41,,,,,,,,,,,,,,,,,,,,,,,,,,,,,,,,,,,,,,,,,,,,,,,,,,,,,,,,,,,,
decision_alternatives,,,,,,,,,,,ALT_FUT_DEC_FUT_003_1,DEC_FUT_003,Pay Now,0.88,6780.08,36711.72,20660.5,0.19,,,,,,,,,,,,,,,,,,,,,,,,,,,,,,,,,,,,,,,,,,,,,,,,,,,,,,,,,,,,
decision_alternatives,,,,,,,,,,,ALT_FUT_DEC_FUT_003_2,DEC_FUT_003,Pay at Maturity,0.9,3818.15,37002.08,93680.0,0.26,,,,,,,,,,,,,,,,,,,,,,,,,,,,,,,,,,,,,,,,,,,,,,,,,,,,,,,,,,,,
decision_alternatives,,,,,,,,,,,ALT_FUT_DEC_FUT_003_3,DEC_FUT_003,Bank Financing,0.62,6677.97,41904.03,-65226.45,0.48,,,,,,,,,,,,,,,,,,,,,,,,,,,,,,,,,,,,,,,,,,,,,,,,,,,,,,,,,,,,
decision_alternatives,,,,,,,,,,,ALT_FUT_DEC_FUT_003_4,DEC_FUT_003,Supplier Financing,0.9,11563.12,29755.44,-81054.94,0.14,,,,,,,,,,,,,,,,,,,,,,,,,,,,,,,,,,,,,,,,,,,,,,,,,,,,,,,,,,,,
decision_alternatives,,,,,,,,,,,ALT_FUT_DEC_FUT_003_5,DEC_FUT_003,Retain Cash,0.88,3307.61,7775.11,56192.0,0.19,,,,,,,,,,,,,,,,,,,,,,,,,,,,,,,,,,,,,,,,,,,,,,,,,,,,,,,,,,,,
decision_alternatives,,,,,,,,,,,ALT_FUT_DEC_FUT_004_1,DEC_FUT_004,Pay Now,0.83,6064.01,41732.83,83451.9,0.12,,,,,,,,,,,,,,,,,,,,,,,,,,,,,,,,,,,,,,,,,,,,,,,,,,,,,,,,,,,,
decision_alternatives,,,,,,,,,,,ALT_FUT_DEC_FUT_004_2,DEC_FUT_004,Pay at Maturity,0.95,5168.82,43092.73,59478.14,0.24,,,,,,,,,,,,,,,,,,,,,,,,,,,,,,,,,,,,,,,,,,,,,,,,,,,,,,,,,,,,
decision_alternatives,,,,,,,,,,,ALT_FUT_DEC_FUT_004_3,DEC_FUT_004,Bank Financing,0.89,17059.2,12924.52,18503.9,0.42,,,,,,,,,,,,,,,,,,,,,,,,,,,,,,,,,,,,,,,,,,,,,,,,,,,,,,,,,,,,
decision_alternatives,,,,,,,,,,,ALT_FUT_DEC_FUT_004_4,DEC_FUT_004,Supplier Financing,0.84,18365.62,6269.3,40112.16,0.48,,,,,,,,,,,,,,,,,,,,,,,,,,,,,,,,,,,,,,,,,,,,,,,,,,,,,,,,,,,,
decision_alternatives,,,,,,,,,,,ALT_FUT_DEC_FUT_004_5,DEC_FUT_004,Retain Cash,0.8,11699.07,13470.51,97601.24,0.45,,,,,,,,,,,,,,,,,,,,,,,,,,,,,,,,,,,,,,,,,,,,,,,,,,,,,,,,,,,,
decision_alternatives,,,,,,,,,,,ALT_FUT_DEC_FUT_005_1,DEC_FUT_005,Pay Now,0.89,12876.73,26614.78,-80602.62,0.18,,,,,,,,,,,,,,,,,,,,,,,,,,,,,,,,,,,,,,,,,,,,,,,,,,,,,,,,,,,,
decision_alternatives,,,,,,,,,,,ALT_FUT_DEC_FUT_005_2,DEC_FUT_005,Pay at Maturity,0.82,19564.1,26310.68,-76898.22,0.41,,,,,,,,,,,,,,,,,,,,,,,,,,,,,,,,,,,,,,,,,,,,,,,,,,,,,,,,,,,,
decision_alternatives,,,,,,,,,,,ALT_FUT_DEC_FUT_005_3,DEC_FUT_005,Bank Financing,0.76,18002.67,16925.2,28373.28,0.26,,,,,,,,,,,,,,,,,,,,,,,,,,,,,,,,,,,,,,,,,,,,,,,,,,,,,,,,,,,,
decision_alternatives,,,,,,,,,,,ALT_FUT_DEC_FUT_005_4,DEC_FUT_005,Supplier Financing,0.73,8247.46,13396.23,-91076.62,0.28,,,,,,,,,,,,,,,,,,,,,,,,,,,,,,,,,,,,,,,,,,,,,,,,,,,,,,,,,,,,
decision_alternatives,,,,,,,,,,,ALT_FUT_DEC_FUT_005_5,DEC_FUT_005,Retain Cash,0.69,16904.5,30391.1,-69773.87,0.38,,,,,,,,,,,,,,,,,,,,,,,,,,,,,,,,,,,,,,,,,,,,,,,,,,,,,,,,,,,,
decision_alternatives,,,,,,,,,,,ALT_FUT_DEC_FUT_006_1,DEC_FUT_006,Pay Now,0.89,6758.04,17615.6,-1676.16,0.38,,,,,,,,,,,,,,,,,,,,,,,,,,,,,,,,,,,,,,,,,,,,,,,,,,,,,,,,,,,,
decision_alternatives,,,,,,,,,,,ALT_FUT_DEC_FUT_006_2,DEC_FUT_006,Pay at Maturity,0.63,17509.1,11047.35,94843.88,0.28,,,,,,,,,,,,,,,,,,,,,,,,,,,,,,,,,,,,,,,,,,,,,,,,,,,,,,,,,,,,
decision_alternatives,,,,,,,,,,,ALT_FUT_DEC_FUT_006_3,DEC_FUT_006,Bank Financing,0.89,6118.98,23754.77,29110.96,0.18,,,,,,,,,,,,,,,,,,,,,,,,,,,,,,,,,,,,,,,,,,,,,,,,,,,,,,,,,,,,
decision_alternatives,,,,,,,,,,,ALT_FUT_DEC_FUT_006_4,DEC_FUT_006,Supplier Financing,0.67,16655.42,38342.52,51898.66,0.45,,,,,,,,,,,,,,,,,,,,,,,,,,,,,,,,,,,,,,,,,,,,,,,,,,,,,,,,,,,,
decision_alternatives,,,,,,,,,,,ALT_FUT_DEC_FUT_006_5,DEC_FUT_006,Retain Cash,0.89,10790.12,12153.76,-37775.38,0.3,,,,,,,,,,,,,,,,,,,,,,,,,,,,,,,,,,,,,,,,,,,,,,,,,,,,,,,,,,,,
decision_alternatives,,,,,,,,,,,ALT_FUT_DEC_FUT_007_1,DEC_FUT_007,Pay Now,0.91,4813.81,7593.24,-93385.79,0.12,,,,,,,,,,,,,,,,,,,,,,,,,,,,,,,,,,,,,,,,,,,,,,,,,,,,,,,,,,,,
decision_alternatives,,,,,,,,,,,ALT_FUT_DEC_FUT_007_2,DEC_FUT_007,Pay at Maturity,0.73,4783.09,21575.84,-7156.31,0.26,,,,,,,,,,,,,,,,,,,,,,,,,,,,,,,,,,,,,,,,,,,,,,,,,,,,,,,,,,,,
decision_alternatives,,,,,,,,,,,ALT_FUT_DEC_FUT_007_3,DEC_FUT_007,Bank Financing,0.92,13942.31,15887.21,-2242.65,0.28,,,,,,,,,,,,,,,,,,,,,,,,,,,,,,,,,,,,,,,,,,,,,,,,,,,,,,,,,,,,
decision_alternatives,,,,,,,,,,,ALT_FUT_DEC_FUT_007_4,DEC_FUT_007,Supplier Financing,0.94,10017.06,29810.02,-31150.2,0.44,,,,,,,,,,,,,,,,,,,,,,,,,,,,,,,,,,,,,,,,,,,,,,,,,,,,,,,,,,,,
decision_alternatives,,,,,,,,,,,ALT_FUT_DEC_FUT_007_5,DEC_FUT_007,Retain Cash,0.69,16786.53,9067.64,-94509.9,0.12,,,,,,,,,,,,,,,,,,,,,,,,,,,,,,,,,,,,,,,,,,,,,,,,,,,,,,,,,,,,
decision_alternatives,,,,,,,,,,,ALT_FUT_DEC_FUT_008_1,DEC_FUT_008,Pay Now,0.77,6616.49,45811.02,-19080.22,0.39,,,,,,,,,,,,,,,,,,,,,,,,,,,,,,,,,,,,,,,,,,,,,,,,,,,,,,,,,,,,
decision_alternatives,,,,,,,,,,,ALT_FUT_DEC_FUT_008_2,DEC_FUT_008,Pay at Maturity,0.8,19900.32,41720.66,-31366.59,0.39,,,,,,,,,,,,,,,,,,,,,,,,,,,,,,,,,,,,,,,,,,,,,,,,,,,,,,,,,,,,
decision_alternatives,,,,,,,,,,,ALT_FUT_DEC_FUT_008_3,DEC_FUT_008,Bank Financing,0.84,13127.96,26408.08,88133.59,0.24,,,,,,,,,,,,,,,,,,,,,,,,,,,,,,,,,,,,,,,,,,,,,,,,,,,,,,,,,,,,
decision_alternatives,,,,,,,,,,,ALT_FUT_DEC_FUT_008_4,DEC_FUT_008,Supplier Financing,0.71,4229.75,34592.66,11649.61,0.22,,,,,,,,,,,,,,,,,,,,,,,,,,,,,,,,,,,,,,,,,,,,,,,,,,,,,,,,,,,,
decision_alternatives,,,,,,,,,,,ALT_FUT_DEC_FUT_008_5,DEC_FUT_008,Retain Cash,0.76,15077.46,37633.4,11806.33,0.47,,,,,,,,,,,,,,,,,,,,,,,,,,,,,,,,,,,,,,,,,,,,,,,,,,,,,,,,,,,,
decision_alternatives,,,,,,,,,,,ALT_FUT_DEC_FUT_009_1,DEC_FUT_009,Pay Now,0.91,10509.07,44037.4,-23666.16,0.22,,,,,,,,,,,,,,,,,,,,,,,,,,,,,,,,,,,,,,,,,,,,,,,,,,,,,,,,,,,,
decision_alternatives,,,,,,,,,,,ALT_FUT_DEC_FUT_009_2,DEC_FUT_009,Pay at Maturity,0.62,17230.56,11181.44,-59940.68,0.26,,,,,,,,,,,,,,,,,,,,,,,,,,,,,,,,,,,,,,,,,,,,,,,,,,,,,,,,,,,,
decision_alternatives,,,,,,,,,,,ALT_FUT_DEC_FUT_009_3,DEC_FUT_009,Bank Financing,0.8,18225.8,25590.71,-36723.31,0.39,,,,,,,,,,,,,,,,,,,,,,,,,,,,,,,,,,,,,,,,,,,,,,,,,,,,,,,,,,,,
decision_alternatives,,,,,,,,,,,ALT_FUT_DEC_FUT_009_4,DEC_FUT_009,Supplier Financing,0.87,10264.04,33396.47,-64635.15,0.35,,,,,,,,,,,,,,,,,,,,,,,,,,,,,,,,,,,,,,,,,,,,,,,,,,,,,,,,,,,,
decision_alternatives,,,,,,,,,,,ALT_FUT_DEC_FUT_009_5,DEC_FUT_009,Retain Cash,0.6,6197.03,39253.7,-66278.85,0.41,,,,,,,,,,,,,,,,,,,,,,,,,,,,,,,,,,,,,,,,,,,,,,,,,,,,,,,,,,,,
decision_alternatives,,,,,,,,,,,ALT_FUT_DEC_FUT_010_1,DEC_FUT_010,Pay Now,0.67,8088.93,5633.47,-35557.37,0.43,,,,,,,,,,,,,,,,,,,,,,,,,,,,,,,,,,,,,,,,,,,,,,,,,,,,,,,,,,,,
decision_alternatives,,,,,,,,,,,ALT_FUT_DEC_FUT_010_2,DEC_FUT_010,Pay at Maturity,0.67,13858.21,33200.91,-50235.38,0.38,,,,,,,,,,,,,,,,,,,,,,,,,,,,,,,,,,,,,,,,,,,,,,,,,,,,,,,,,,,,
decision_alternatives,,,,,,,,,,,ALT_FUT_DEC_FUT_010_3,DEC_FUT_010,Bank Financing,0.72,3449.69,22259.77,17734.14,0.17,,,,,,,,,,,,,,,,,,,,,,,,,,,,,,,,,,,,,,,,,,,,,,,,,,,,,,,,,,,,
decision_alternatives,,,,,,,,,,,ALT_FUT_DEC_FUT_010_4,DEC_FUT_010,Supplier Financing,0.89,6665.84,18087.25,45566.38,0.34,,,,,,,,,,,,,,,,,,,,,,,,,,,,,,,,,,,,,,,,,,,,,,,,,,,,,,,,,,,,
decision_alternatives,,,,,,,,,,,ALT_FUT_DEC_FUT_010_5,DEC_FUT_010,Retain Cash,0.72,17871.51,49796.26,-31453.43,0.46,,,,,,,,,,,,,,,,,,,,,,,,,,,,,,,,,,,,,,,,,,,,,,,,,,,,,,,,,,,,
decision_alternatives,,,,,,,,,,,ALT_FUT_DEC_FUT_011_1,DEC_FUT_011,Pay Now,0.76,3348.31,16373.22,40373.64,0.18,,,,,,,,,,,,,,,,,,,,,,,,,,,,,,,,,,,,,,,,,,,,,,,,,,,,,,,,,,,,
decision_alternatives,,,,,,,,,,,ALT_FUT_DEC_FUT_011_2,DEC_FUT_011,Pay at Maturity,0.84,1176.79,23939.22,-79804.03,0.31,,,,,,,,,,,,,,,,,,,,,,,,,,,,,,,,,,,,,,,,,,,,,,,,,,,,,,,,,,,,
decision_alternatives,,,,,,,,,,,ALT_FUT_DEC_FUT_011_3,DEC_FUT_011,Bank Financing,0.82,14313.8,23847.16,79724.39,0.3,,,,,,,,,,,,,,,,,,,,,,,,,,,,,,,,,,,,,,,,,,,,,,,,,,,,,,,,,,,,
decision_alternatives,,,,,,,,,,,ALT_FUT_DEC_FUT_011_4,DEC_FUT_011,Supplier Financing,0.82,6371.43,40314.2,-452.19,0.34,,,,,,,,,,,,,,,,,,,,,,,,,,,,,,,,,,,,,,,,,,,,,,,,,,,,,,,,,,,,
decision_alternatives,,,,,,,,,,,ALT_FUT_DEC_FUT_011_5,DEC_FUT_011,Retain Cash,0.87,16798.48,48790.39,-28415.63,0.26,,,,,,,,,,,,,,,,,,,,,,,,,,,,,,,,,,,,,,,,,,,,,,,,,,,,,,,,,,,,
decision_alternatives,,,,,,,,,,,ALT_FUT_DEC_FUT_012_1,DEC_FUT_012,Pay Now,0.88,17608.67,43351.19,-27957.07,0.37,,,,,,,,,,,,,,,,,,,,,,,,,,,,,,,,,,,,,,,,,,,,,,,,,,,,,,,,,,,,
decision_alternatives,,,,,,,,,,,ALT_FUT_DEC_FUT_012_2,DEC_FUT_012,Pay at Maturity,0.75,3202.12,43306.07,78058.4,0.1,,,,,,,,,,,,,,,,,,,,,,,,,,,,,,,,,,,,,,,,,,,,,,,,,,,,,,,,,,,,
decision_alternatives,,,,,,,,,,,ALT_FUT_DEC_FUT_012_3,DEC_FUT_012,Bank Financing,0.65,13296.77,19789.74,78905.52,0.48,,,,,,,,,,,,,,,,,,,,,,,,,,,,,,,,,,,,,,,,,,,,,,,,,,,,,,,,,,,,
decision_alternatives,,,,,,,,,,,ALT_FUT_DEC_FUT_012_4,DEC_FUT_012,Supplier Financing,0.69,14928.29,21768.0,-31455.46,0.15,,,,,,,,,,,,,,,,,,,,,,,,,,,,,,,,,,,,,,,,,,,,,,,,,,,,,,,,,,,,
decision_alternatives,,,,,,,,,,,ALT_FUT_DEC_FUT_012_5,DEC_FUT_012,Retain Cash,0.74,9674.24,42606.88,37980.49,0.29,,,,,,,,,,,,,,,,,,,,,,,,,,,,,,,,,,,,,,,,,,,,,,,,,,,,,,,,,,,,
decision_alternatives,,,,,,,,,,,ALT_FUT_DEC_FUT_013_1,DEC_FUT_013,Pay Now,0.92,3145.81,23507.79,-90805.53,0.2,,,,,,,,,,,,,,,,,,,,,,,,,,,,,,,,,,,,,,,,,,,,,,,,,,,,,,,,,,,,
decision_alternatives,,,,,,,,,,,ALT_FUT_DEC_FUT_013_2,DEC_FUT_013,Pay at Maturity,0.71,14386.8,35506.8,53505.74,0.33,,,,,,,,,,,,,,,,,,,,,,,,,,,,,,,,,,,,,,,,,,,,,,,,,,,,,,,,,,,,
decision_alternatives,,,,,,,,,,,ALT_FUT_DEC_FUT_013_3,DEC_FUT_013,Bank Financing,0.8,19580.02,35143.0,-32339.87,0.31,,,,,,,,,,,,,,,,,,,,,,,,,,,,,,,,,,,,,,,,,,,,,,,,,,,,,,,,,,,,
decision_alternatives,,,,,,,,,,,ALT_FUT_DEC_FUT_013_4,DEC_FUT_013,Supplier Financing,0.85,2809.6,34777.1,-50284.6,0.24,,,,,,,,,,,,,,,,,,,,,,,,,,,,,,,,,,,,,,,,,,,,,,,,,,,,,,,,,,,,
decision_alternatives,,,,,,,,,,,ALT_FUT_DEC_FUT_013_5,DEC_FUT_013,Retain Cash,0.84,8312.66,42756.49,11668.85,0.5,,,,,,,,,,,,,,,,,,,,,,,,,,,,,,,,,,,,,,,,,,,,,,,,,,,,,,,,,,,,
decision_alternatives,,,,,,,,,,,ALT_FUT_DEC_FUT_014_1,DEC_FUT_014,Pay Now,0.74,14300.27,38679.21,-40217.37,0.38,,,,,,,,,,,,,,,,,,,,,,,,,,,,,,,,,,,,,,,,,,,,,,,,,,,,,,,,,,,,
decision_alternatives,,,,,,,,,,,ALT_FUT_DEC_FUT_014_2,DEC_FUT_014,Pay at Maturity,0.9,14525.61,47098.04,26516.66,0.18,,,,,,,,,,,,,,,,,,,,,,,,,,,,,,,,,,,,,,,,,,,,,,,,,,,,,,,,,,,,
decision_alternatives,,,,,,,,,,,ALT_FUT_DEC_FUT_014_3,DEC_FUT_014,Bank Financing,0.82,6521.01,20538.21,34474.74,0.49,,,,,,,,,,,,,,,,,,,,,,,,,,,,,,,,,,,,,,,,,,,,,,,,,,,,,,,,,,,,
decision_alternatives,,,,,,,,,,,ALT_FUT_DEC_FUT_014_4,DEC_FUT_014,Supplier Financing,0.83,19208.2,27675.2,38862.39,0.23,,,,,,,,,,,,,,,,,,,,,,,,,,,,,,,,,,,,,,,,,,,,,,,,,,,,,,,,,,,,
decision_alternatives,,,,,,,,,,,ALT_FUT_DEC_FUT_014_5,DEC_FUT_014,Retain Cash,0.64,7692.52,26616.65,14127.64,0.37,,,,,,,,,,,,,,,,,,,,,,,,,,,,,,,,,,,,,,,,,,,,,,,,,,,,,,,,,,,,
decision_items,,,,,,,,,,,,DEC_FUT_001,FINANCE,88.0,,,,,DITEM_FUT_0001,INV_FUT_0001,500000.0,4500.0,15000.0,10.0,,,,,,,,,,,,,,,,,,,,,,,,,,,,,,,,,,,,,,,,,,,,,,,,,,,,,,
decision_items,,,,,,,,,,,,DEC_FUT_002,FINANCE,88.0,,,,,DITEM_FUT_0002,INV_FUT_0001,500000.0,4500.0,15000.0,10.0,,,,,,,,,,,,,,,,,,,,,,,,,,,,,,,,,,,,,,,,,,,,,,,,,,,,,,
decision_items,,,,,,,,,,,,DEC_FUT_003,FINANCE,88.0,,,,,DITEM_FUT_0003,INV_FUT_0001,500000.0,4500.0,15000.0,10.0,,,,,,,,,,,,,,,,,,,,,,,,,,,,,,,,,,,,,,,,,,,,,,,,,,,,,,
decision_items,,,,,,,,,,,,DEC_FUT_004,FINANCE,88.0,,,,,DITEM_FUT_0004,INV_FUT_0001,500000.0,4500.0,15000.0,10.0,,,,,,,,,,,,,,,,,,,,,,,,,,,,,,,,,,,,,,,,,,,,,,,,,,,,,,
decision_items,,,,,,,,,,,,DEC_FUT_005,FINANCE,88.0,,,,,DITEM_FUT_0005,INV_FUT_0001,500000.0,4500.0,15000.0,10.0,,,,,,,,,,,,,,,,,,,,,,,,,,,,,,,,,,,,,,,,,,,,,,,,,,,,,,
decision_items,,,,,,,,,,,,DEC_FUT_006,FINANCE,88.0,,,,,DITEM_FUT_0006,INV_FUT_0001,500000.0,4500.0,15000.0,10.0,,,,,,,,,,,,,,,,,,,,,,,,,,,,,,,,,,,,,,,,,,,,,,,,,,,,,,
decision_items,,,,,,,,,,,,DEC_FUT_007,FINANCE,88.0,,,,,DITEM_FUT_0007,INV_FUT_0001,500000.0,4500.0,15000.0,10.0,,,,,,,,,,,,,,,,,,,,,,,,,,,,,,,,,,,,,,,,,,,,,,,,,,,,,,
decision_items,,,,,,,,,,,,DEC_FUT_008,FINANCE,88.0,,,,,DITEM_FUT_0008,INV_FUT_0001,500000.0,4500.0,15000.0,10.0,,,,,,,,,,,,,,,,,,,,,,,,,,,,,,,,,,,,,,,,,,,,,,,,,,,,,,
decision_items,,,,,,,,,,,,DEC_FUT_009,FINANCE,88.0,,,,,DITEM_FUT_0009,INV_FUT_0001,500000.0,4500.0,15000.0,10.0,,,,,,,,,,,,,,,,,,,,,,,,,,,,,,,,,,,,,,,,,,,,,,,,,,,,,,
decision_items,,,,,,,,,,,,DEC_FUT_010,FINANCE,88.0,,,,,DITEM_FUT_0010,INV_FUT_0001,500000.0,4500.0,15000.0,10.0,,,,,,,,,,,,,,,,,,,,,,,,,,,,,,,,,,,,,,,,,,,,,,,,,,,,,,
decision_items,,,,,,,,,,,,DEC_FUT_011,FINANCE,88.0,,,,,DITEM_FUT_0011,INV_FUT_0001,500000.0,4500.0,15000.0,10.0,,,,,,,,,,,,,,,,,,,,,,,,,,,,,,,,,,,,,,,,,,,,,,,,,,,,,,
decision_items,,,,,,,,,,,,DEC_FUT_012,FINANCE,88.0,,,,,DITEM_FUT_0012,INV_FUT_0001,500000.0,4500.0,15000.0,10.0,,,,,,,,,,,,,,,,,,,,,,,,,,,,,,,,,,,,,,,,,,,,,,,,,,,,,,
decision_items,,,,,,,,,,,,DEC_FUT_013,FINANCE,88.0,,,,,DITEM_FUT_0013,INV_FUT_0001,500000.0,4500.0,15000.0,10.0,,,,,,,,,,,,,,,,,,,,,,,,,,,,,,,,,,,,,,,,,,,,,,,,,,,,,,
decision_items,,,,,,,,,,,,DEC_FUT_014,FINANCE,88.0,,,,,DITEM_FUT_0014,INV_FUT_0001,500000.0,4500.0,15000.0,10.0,,,,,,,,,,,,,,,,,,,,,,,,,,,,,,,,,,,,,,,,,,,,,,,,,,,,,,
decisions,,TATA001,,,,,,,,,,DEC_FUT_001,,,,,,,,,,,,,2026-09-01,LIQUIDITY_MANAGEMENT,BANK_FINANCE,0.92,Future working capital tight. LOC drawn to maintain buffer.,EXECUTED,,,,,,,,,,,,,,,,,,,,,,,,,,,,,,,,,,,,,,,,,,,,,,,,
decisions,,TATA001,,,,,,,,,,DEC_FUT_002,,,,,,,,,,,,,2026-09-09,LIQUIDITY_MANAGEMENT,BANK_FINANCE,0.92,Future working capital tight. LOC drawn to maintain buffer.,EXECUTED,,,,,,,,,,,,,,,,,,,,,,,,,,,,,,,,,,,,,,,,,,,,,,,,
decisions,,TATA001,,,,,,,,,,DEC_FUT_003,,,,,,,,,,,,,2026-09-11,LIQUIDITY_MANAGEMENT,BANK_FINANCE,0.92,Future working capital tight. LOC drawn to maintain buffer.,EXECUTED,,,,,,,,,,,,,,,,,,,,,,,,,,,,,,,,,,,,,,,,,,,,,,,,
decisions,,TATA001,,,,,,,,,,DEC_FUT_004,,,,,,,,,,,,,2026-09-23,LIQUIDITY_MANAGEMENT,BANK_FINANCE,0.92,Future working capital tight. LOC drawn to maintain buffer.,EXECUTED,,,,,,,,,,,,,,,,,,,,,,,,,,,,,,,,,,,,,,,,,,,,,,,,
decisions,,TATA001,,,,,,,,,,DEC_FUT_005,,,,,,,,,,,,,2026-10-11,LIQUIDITY_MANAGEMENT,BANK_FINANCE,0.92,Future working capital tight. LOC drawn to maintain buffer.,EXECUTED,,,,,,,,,,,,,,,,,,,,,,,,,,,,,,,,,,,,,,,,,,,,,,,,
decisions,,TATA001,,,,,,,,,,DEC_FUT_006,,,,,,,,,,,,,2026-10-23,LIQUIDITY_MANAGEMENT,BANK_FINANCE,0.92,Future working capital tight. LOC drawn to maintain buffer.,EXECUTED,,,,,,,,,,,,,,,,,,,,,,,,,,,,,,,,,,,,,,,,,,,,,,,,
decisions,,TATA001,,,,,,,,,,DEC_FUT_007,,,,,,,,,,,,,2026-10-24,LIQUIDITY_MANAGEMENT,BANK_FINANCE,0.92,Future working capital tight. LOC drawn to maintain buffer.,EXECUTED,,,,,,,,,,,,,,,,,,,,,,,,,,,,,,,,,,,,,,,,,,,,,,,,
decisions,,TATA001,,,,,,,,,,DEC_FUT_008,,,,,,,,,,,,,2026-10-31,LIQUIDITY_MANAGEMENT,BANK_FINANCE,0.92,Future working capital tight. LOC drawn to maintain buffer.,EXECUTED,,,,,,,,,,,,,,,,,,,,,,,,,,,,,,,,,,,,,,,,,,,,,,,,
decisions,,TATA001,,,,,,,,,,DEC_FUT_009,,,,,,,,,,,,,2026-11-02,LIQUIDITY_MANAGEMENT,BANK_FINANCE,0.92,Future working capital tight. LOC drawn to maintain buffer.,EXECUTED,,,,,,,,,,,,,,,,,,,,,,,,,,,,,,,,,,,,,,,,,,,,,,,,
decisions,,TATA001,,,,,,,,,,DEC_FUT_010,,,,,,,,,,,,,2026-11-04,LIQUIDITY_MANAGEMENT,BANK_FINANCE,0.92,Future working capital tight. LOC drawn to maintain buffer.,EXECUTED,,,,,,,,,,,,,,,,,,,,,,,,,,,,,,,,,,,,,,,,,,,,,,,,
decisions,,TATA001,,,,,,,,,,DEC_FUT_011,,,,,,,,,,,,,2026-11-07,LIQUIDITY_MANAGEMENT,BANK_FINANCE,0.92,Future working capital tight. LOC drawn to maintain buffer.,EXECUTED,,,,,,,,,,,,,,,,,,,,,,,,,,,,,,,,,,,,,,,,,,,,,,,,
decisions,,TATA001,,,,,,,,,,DEC_FUT_012,,,,,,,,,,,,,2026-11-10,LIQUIDITY_MANAGEMENT,BANK_FINANCE,0.92,Future working capital tight. LOC drawn to maintain buffer.,EXECUTED,,,,,,,,,,,,,,,,,,,,,,,,,,,,,,,,,,,,,,,,,,,,,,,,
decisions,,TATA001,,,,,,,,,,DEC_FUT_013,,,,,,,,,,,,,2026-11-13,LIQUIDITY_MANAGEMENT,BANK_FINANCE,0.92,Future working capital tight. LOC drawn to maintain buffer.,EXECUTED,,,,,,,,,,,,,,,,,,,,,,,,,,,,,,,,,,,,,,,,,,,,,,,,
decisions,,TATA001,,,,,,,,,,DEC_FUT_014,,,,,,,,,,,,,2026-12-03,LIQUIDITY_MANAGEMENT,BANK_FINANCE,0.92,Future working capital tight. LOC drawn to maintain buffer.,EXECUTED,,,,,,,,,,,,,,,,,,,,,,,,,,,,,,,,,,,,,,,,,,,,,,,,
forecast_snapshots,,TATA001,,,,,,,,,,,,,,,,,,,,,,,2026-08-28,,,,,,SNAP_FUT_001,30.0,2554079.97,2043263.98,HIGH,1686201.63,1253310.3,600000.0,0.85,,,,,,,,,,,,,,,,,,,,,,,,,,,,,,,,,,,,,,,
forecast_snapshots,,TATA001,,,,,,,,,,,,,,,,,,,,,,,2026-09-12,,,,,,SNAP_FUT_002,30.0,2434079.97,1947263.98,HIGH,921094.62,1004824.55,600000.0,0.85,,,,,,,,,,,,,,,,,,,,,,,,,,,,,,,,,,,,,,,
forecast_snapshots,,TATA001,,,,,,,,,,,,,,,,,,,,,,,2026-09-27,,,,,,SNAP_FUT_003,30.0,2810168.16,2248134.53,HIGH,1586750.59,1936590.04,600000.0,0.85,,,,,,,,,,,,,,,,,,,,,,,,,,,,,,,,,,,,,,,
forecast_snapshots,,TATA001,,,,,,,,,,,,,,,,,,,,,,,2026-10-12,,,,,,SNAP_FUT_004,30.0,1638729.75,1310983.8,HIGH,1495073.13,1556517.98,600000.0,0.85,,,,,,,,,,,,,,,,,,,,,,,,,,,,,,,,,,,,,,,
forecast_snapshots,,TATA001,,,,,,,,,,,,,,,,,,,,,,,2026-10-27,,,,,,SNAP_FUT_005,30.0,4175972.19,3340777.75,HIGH,1622553.7,1144088.28,600000.0,0.85,,,,,,,,,,,,,,,,,,,,,,,,,,,,,,,,,,,,,,,
forecast_snapshots,,TATA001,,,,,,,,,,,,,,,,,,,,,,,2026-11-11,,,,,,SNAP_FUT_006,30.0,4351797.37,3481437.9,HIGH,1431179.22,1485150.83,600000.0,0.85,,,,,,,,,,,,,,,,,,,,,,,,,,,,,,,,,,,,,,,
forecast_snapshots,,TATA001,,,,,,,,,,,,,,,,,,,,,,,2026-11-26,,,,,,SNAP_FUT_007,30.0,4986685.87,3989348.7,HIGH,772836.2,724829.15,600000.0,0.85,,,,,,,,,,,,,,,,,,,,,,,,,,,,,,,,,,,,,,,
forecast_snapshots,,TATA001,,,,,,,,,,,,,,,,,,,,,,,2026-12-11,,,,,,SNAP_FUT_008,30.0,4556654.65,3645323.72,HIGH,1389143.51,1261364.82,600000.0,0.85,,,,,,,,,,,,,,,,,,,,,,,,,,,,,,,,,,,,,,,
forecast_snapshots,,TATA001,,,,,,,,,,,,,,,,,,,,,,,2026-12-26,,,,,,SNAP_FUT_009,30.0,5716779.85,4573423.88,MEDIUM,1733104.83,1320487.65,600000.0,0.45,,,,,,,,,,,,,,,,,,,,,,,,,,,,,,,,,,,,,,,
future_daily_consolidated,2026-08-28,TATA001,CASH001,4204079.97,0.0,1650000.0,2554079.97,1954079.97,970000.0,984079.97,,,,,,,,,,,,,,,,,,,,,,,,,,,,,,1.0,68902.88,0.0,0.0,0.0,1650000.0,0.0,0.0,1.0,0.0,0.0,0.0,0.0,0.0,0.0,0.0,0.0,0.0,0.0,,,,,,,,,,,,,,,,,,,,
future_daily_consolidated,2026-08-29,TATA001,CASH001,2554079.97,0.0,0.0,2554079.97,1954079.97,970000.0,984079.97,,,,,,,,,,,,,,,,,,,,,,,,,,,,,,1.0,140555.66,0.0,0.0,0.0,0.0,0.0,0.0,0.0,0.0,0.0,0.0,0.0,0.0,0.0,0.0,0.0,0.0,0.0,,,,,,,,,,,,,,,,,,,,
future_daily_consolidated,2026-08-30,TATA001,CASH001,2554079.97,0.0,0.0,2554079.97,1954079.97,970000.0,984079.97,,,,,,,,,,,,,,,,,,,,,,,,,,,,,,0.0,0.0,0.0,0.0,0.0,0.0,0.0,0.0,0.0,0.0,0.0,0.0,0.0,0.0,0.0,0.0,0.0,0.0,0.0,,,,,,,,,,,,,,,,,,,,
future_daily_consolidated,2026-08-31,TATA001,CASH001,2554079.97,0.0,0.0,2554079.97,1954079.97,970000.0,984079.97,,,,,,,,,,,,,,,,,,,,,,,,,,,,,,1.0,21563.53,0.0,0.0,0.0,0.0,0.0,0.0,0.0,0.0,0.0,0.0,0.0,0.0,0.0,0.0,0.0,0.0,0.0,,,,,,,,,,,,,,,,,,,,
future_daily_consolidated,2026-09-01,TATA001,CASH001,2554079.97,0.0,120000.0,2434079.97,1834079.97,970000.0,864079.97,,,,,,,,,,,,,,,,,,,,,,,,,,,,,,2.0,210576.67,0.0,0.0,0.0,120000.0,0.0,0.0,1.0,0.0,0.0,0.0,0.0,0.0,0.0,0.0,0.0,0.0,0.0,,,,,,,,,,,,,,,,,,,,
future_daily_consolidated,2026-09-02,TATA001,CASH001,2434079.97,0.0,0.0,2434079.97,1834079.97,850000.0,984079.97,,,,,,,,,,,,,,,,,,,,,,,,,,,,,,0.0,0.0,0.0,0.0,0.0,0.0,0.0,0.0,0.0,0.0,0.0,0.0,0.0,0.0,0.0,0.0,0.0,0.0,0.0,,,,,,,,,,,,,,,,,,,,
future_daily_consolidated,2026-09-03,TATA001,CASH001,2434079.97,0.0,0.0,2434079.97,1834079.97,850000.0,984079.97,,,,,,,,,,,,,,,,,,,,,,,,,,,,,,1.0,81395.73,0.0,0.0,0.0,0.0,0.0,0.0,0.0,0.0,0.0,0.0,0.0,0.0,0.0,0.0,0.0,0.0,0.0,,,,,,,,,,,,,,,,,,,,
future_daily_consolidated,2026-09-04,TATA001,CASH001,2434079.97,0.0,0.0,2434079.97,1834079.97,850000.0,984079.97,,,,,,,,,,,,,,,,,,,,,,,,,,,,,,0.0,0.0,0.0,0.0,0.0,0.0,0.0,0.0,0.0,0.0,0.0,0.0,0.0,0.0,0.0,0.0,0.0,0.0,0.0,,,,,,,,,,,,,,,,,,,,
future_daily_consolidated,2026-09-05,TATA001,CASH001,2434079.97,0.0,0.0,2434079.97,1834079.97,850000.0,984079.97,,,,,,,,,,,,,,,,,,,,,,,,,,,,,,2.0,118968.54,0.0,0.0,0.0,0.0,0.0,0.0,0.0,0.0,0.0,0.0,0.0,0.0,0.0,0.0,0.0,0.0,0.0,,,,,,,,,,,,,,,,,,,,
future_daily_consolidated,2026-09-06,TATA001,CASH001,2434079.97,0.0,0.0,2434079.97,1834079.97,850000.0,984079.97,,,,,,,,,,,,,,,,,,,,,,,,,,,,,,1.0,148629.8,0.0,0.0,0.0,0.0,0.0,0.0,0.0,0.0,0.0,0.0,0.0,0.0,0.0,0.0,0.0,0.0,0.0,,,,,,,,,,,,,,,,,,,,
future_daily_consolidated,2026-09-07,TATA001,CASH001,2434079.97,0.0,0.0,2434079.97,1834079.97,850000.0,984079.97,,,,,,,,,,,,,,,,,,,,,,,,,,,,,,0.0,0.0,0.0,0.0,0.0,0.0,0.0,0.0,0.0,0.0,0.0,0.0,0.0,0.0,0.0,0.0,0.0,0.0,0.0,,,,,,,,,,,,,,,,,,,,
future_daily_consolidated,2026-09-08,TATA001,CASH001,2434079.97,0.0,0.0,2434079.97,1834079.97,850000.0,984079.97,,,,,,,,,,,,,,,,,,,,,,,,,,,,,,1.0,203280.38,0.0,0.0,0.0,0.0,0.0,0.0,0.0,0.0,0.0,0.0,0.0,0.0,0.0,0.0,0.0,0.0,0.0,,,,,,,,,,,,,,,,,,,,
future_daily_consolidated,2026-09-09,TATA001,CASH001,2434079.97,0.0,0.0,2434079.97,1834079.97,850000.0,984079.97,,,,,,,,,,,,,,,,,,,,,,,,,,,,,,0.0,0.0,0.0,0.0,0.0,0.0,0.0,0.0,0.0,0.0,0.0,0.0,0.0,0.0,0.0,0.0,0.0,0.0,0.0,,,,,,,,,,,,,,,,,,,,
future_daily_consolidated,2026-09-10,TATA001,CASH001,2434079.97,0.0,0.0,2434079.97,1834079.97,850000.0,984079.97,,,,,,,,,,,,,,,,,,,,,,,,,,,,,,0.0,0.0,0.0,0.0,0.0,0.0,0.0,0.0,0.0,0.0,0.0,0.0,0.0,0.0,0.0,0.0,0.0,0.0,0.0,,,,,,,,,,,,,,,,,,,,
future_daily_consolidated,2026-09-11,TATA001,CASH001,2434079.97,0.0,0.0,2434079.97,1834079.97,850000.0,984079.97,,,,,,,,,,,,,,,,,,,,,,,,,,,,,,1.0,81469.81,0.0,0.0,0.0,0.0,0.0,0.0,0.0,0.0,0.0,0.0,0.0,0.0,0.0,0.0,0.0,0.0,0.0,,,,,,,,,,,,,,,,,,,,
future_daily_consolidated,2026-09-12,TATA001,CASH001,2434079.97,0.0,0.0,2434079.97,1834079.97,850000.0,984079.97,,,,,,,,,,,,,,,,,,,,,,,,,,,,,,1.0,101727.84,0.0,0.0,0.0,0.0,0.0,0.0,0.0,0.0,0.0,0.0,0.0,0.0,0.0,0.0,0.0,0.0,0.0,,,,,,,,,,,,,,,,,,,,
future_daily_consolidated,2026-09-13,TATA001,CASH001,2434079.97,0.0,0.0,2434079.97,1834079.97,850000.0,984079.97,,,,,,,,,,,,,,,,,,,,,,,,,,,,,,0.0,0.0,0.0,0.0,0.0,0.0,0.0,0.0,0.0,0.0,0.0,0.0,0.0,0.0,0.0,0.0,0.0,0.0,0.0,,,,,,,,,,,,,,,,,,,,
future_daily_consolidated,2026-09-14,TATA001,CASH001,2434079.97,0.0,0.0,2434079.97,1834079.97,850000.0,984079.97,,,,,,,,,,,,,,,,,,,,,,,,,,,,,,0.0,0.0,0.0,0.0,0.0,0.0,0.0,0.0,0.0,0.0,0.0,0.0,0.0,0.0,0.0,0.0,0.0,0.0,0.0,,,,,,,,,,,,,,,,,,,,
future_daily_consolidated,2026-09-15,TATA001,CASH001,2434079.97,0.0,0.0,2434079.97,1834079.97,850000.0,984079.97,,,,,,,,,,,,,,,,,,,,,,,,,,,,,,2.0,124281.01,0.0,0.0,0.0,0.0,0.0,0.0,0.0,0.0,0.0,0.0,0.0,0.0,0.0,0.0,0.0,0.0,0.0,,,,,,,,,,,,,,,,,,,,
future_daily_consolidated,2026-09-16,TATA001,CASH001,2434079.97,0.0,0.0,2434079.97,1834079.97,850000.0,984079.97,,,,,,,,,,,,,,,,,,,,,,,,,,,,,,0.0,0.0,0.0,0.0,0.0,0.0,0.0,0.0,0.0,0.0,0.0,0.0,0.0,0.0,0.0,0.0,0.0,0.0,0.0,,,,,,,,,,,,,,,,,,,,
future_daily_consolidated,2026-09-17,TATA001,CASH001,2434079.97,0.0,0.0,2434079.97,1834079.97,850000.0,984079.97,,,,,,,,,,,,,,,,,,,,,,,,,,,,,,1.0,460062.9,0.0,0.0,0.0,0.0,0.0,0.0,0.0,0.0,0.0,0.0,0.0,0.0,0.0,0.0,0.0,0.0,0.0,,,,,,,,,,,,,,,,,,,,
future_daily_consolidated,2026-09-18,TATA001,CASH001,2434079.97,0.0,0.0,2434079.97,1834079.97,850000.0,984079.97,,,,,,,,,,,,,,,,,,,,,,,,,,,,,,0.0,0.0,0.0,0.0,0.0,0.0,0.0,0.0,0.0,0.0,0.0,0.0,0.0,0.0,0.0,0.0,0.0,0.0,0.0,,,,,,,,,,,,,,,,,,,,
future_daily_consolidated,2026-09-19,TATA001,CASH001,2434079.97,0.0,0.0,2434079.97,1834079.97,850000.0,984079.97,,,,,,,,,,,,,,,,,,,,,,,,,,,,,,0.0,0.0,0.0,0.0,0.0,0.0,0.0,0.0,0.0,0.0,0.0,0.0,0.0,0.0,0.0,0.0,0.0,0.0,0.0,,,,,,,,,,,,,,,,,,,,
future_daily_consolidated,2026-09-20,TATA001,CASH001,2434079.97,0.0,50394.63,2383685.34,1783685.34,850000.0,933685.34,,,,,,,,,,,,,,,,,,,,,,,,,,,,,,1.0,233913.71,0.0,0.0,0.0,0.0,50394.63,0.0,0.0,1.0,0.0,0.0,0.0,0.0,0.0,0.0,0.0,0.0,0.0,,,,,,,,,,,,,,,,,,,,
future_daily_consolidated,2026-09-21,TATA001,CASH001,2383685.34,0.0,0.0,2383685.34,1783685.34,2500000.0,0.0,,,,,,,,,,,,,,,,,,,,,,,,,,,,,,1.0,24945.27,0.0,0.0,0.0,0.0,0.0,0.0,0.0,0.0,0.0,0.0,0.0,0.0,0.0,0.0,0.0,0.0,0.0,,,,,,,,,,,,,,,,,,,,
future_daily_consolidated,2026-09-22,TATA001,CASH001,2383685.34,31760.96,0.0,2415446.3,1815446.3,2500000.0,0.0,,,,,,,,,,,,,,,,,,,,,,,,,,,,,,1.0,35069.2,0.0,0.0,31760.96,0.0,0.0,1.0,0.0,0.0,0.0,0.0,0.0,0.0,0.0,0.0,0.0,0.0,0.0,,,,,,,,,,,,,,,,,,,,
future_daily_consolidated,2026-09-23,TATA001,CASH001,2415446.3,226495.9,0.0,2641942.2,2041942.2,2500000.0,0.0,,,,,,,,,,,,,,,,,,,,,,,,,,,,,,1.0,71129.12,0.0,0.0,226495.9,0.0,0.0,1.0,0.0,0.0,0.0,0.0,0.0,0.0,0.0,0.0,0.0,0.0,0.0,,,,,,,,,,,,,,,,,,,,
future_daily_consolidated,2026-09-24,TATA001,CASH001,2641942.2,168225.96,0.0,2810168.16,2210168.16,2500000.0,0.0,,,,,,,,,,,,,,,,,,,,,,,,,,,,,,0.0,0.0,0.0,0.0,168225.96,0.0,0.0,1.0,0.0,0.0,0.0,0.0,0.0,0.0,0.0,0.0,0.0,0.0,0.0,,,,,,,,,,,,,,,,,,,,
future_daily_consolidated,2026-09-25,TATA001,CASH001,2810168.16,0.0,0.0,2810168.16,2210168.16,2500000.0,0.0,,,,,,,,,,,,,,,,,,,,,,,,,,,,,,2.0,193629.18,0.0,0.0,0.0,0.0,0.0,0.0,0.0,0.0,0.0,0.0,0.0,0.0,0.0,0.0,0.0,0.0,0.0,,,,,,,,,,,,,,,,,,,,
future_daily_consolidated,2026-09-26,TATA001,CASH001,2810168.16,0.0,0.0,2810168.16,2210168.16,2500000.0,0.0,,,,,,,,,,,,,,,,,,,,,,,,,,,,,,1.0,83546.76,0.0,0.0,0.0,0.0,0.0,0.0,0.0,0.0,0.0,0.0,0.0,0.0,0.0,0.0,0.0,0.0,0.0,,,,,,,,,,,,,,,,,,,,
future_daily_consolidated,2026-09-27,TATA001,CASH001,2810168.16,0.0,0.0,2810168.16,2210168.16,2500000.0,0.0,,,,,,,,,,,,,,,,,,,,,,,,,,,,,,0.0,0.0,0.0,0.0,0.0,0.0,0.0,0.0,0.0,0.0,0.0,0.0,0.0,0.0,0.0,0.0,0.0,0.0,0.0,,,,,,,,,,,,,,,,,,,,
future_daily_consolidated,2026-09-28,TATA001,CASH001,2810168.16,0.0,1650000.0,1160168.16,560168.16,970000.0,0.0,,,,,,,,,,,,,,,,,,,,,,,,,,,,,,2.0,93610.62,0.0,0.0,0.0,1650000.0,0.0,0.0,1.0,0.0,0.0,0.0,0.0,0.0,0.0,0.0,0.0,0.0,0.0,,,,,,,,,,,,,,,,,,,,
future_daily_consolidated,2026-09-29,TATA001,CASH001,1160168.16,149141.05,0.0,1309309.21,709309.21,970000.0,0.0,,,,,,,,,,,,,,,,,,,,,,,,,,,,,,0.0,0.0,0.0,0.0,149141.05,0.0,0.0,1.0,0.0,0.0,0.0,0.0,0.0,0.0,0.0,0.0,0.0,0.0,0.0,,,,,,,,,,,,,,,,,,,,
future_daily_consolidated,2026-09-30,TATA001,CASH001,1309309.21,0.0,21563.53,1287745.68,687745.68,970000.0,0.0,,,,,,,,,,,,,,,,,,,,,,,,,,,,,,1.0,54245.79,0.0,0.0,0.0,0.0,21563.53,0.0,0.0,1.0,0.0,0.0,0.0,0.0,0.0,0.0,0.0,0.0,0.0,,,,,,,,,,,,,,,,,,,,
future_daily_consolidated,2026-10-01,TATA001,CASH001,1287745.68,84627.37,120000.0,1252373.05,652373.05,970000.0,0.0,,,,,,,,,,,,,,,,,,,,,,,,,,,,,,0.0,0.0,0.0,0.0,84627.37,120000.0,0.0,1.0,1.0,0.0,0.0,0.0,0.0,0.0,0.0,0.0,0.0,0.0,0.0,,,,,,,,,,,,,,,,,,,,
future_daily_consolidated,2026-10-02,TATA001,CASH001,1252373.05,0.0,0.0,1252373.05,652373.05,850000.0,0.0,,,,,,,,,,,,,,,,,,,,,,,,,,,,,,0.0,0.0,0.0,0.0,0.0,0.0,0.0,0.0,0.0,0.0,0.0,0.0,0.0,0.0,0.0,0.0,0.0,0.0,0.0,,,,,,,,,,,,,,,,,,,,
future_daily_consolidated,2026-10-03,TATA001,CASH001,1252373.05,334437.5,0.0,1586810.55,986810.55,850000.0,136810.55,,,,,,,,,,,,,,,,,,,,,,,,,,,,,,1.0,121339.23,0.0,0.0,334437.5,0.0,0.0,2.0,0.0,0.0,0.0,0.0,0.0,0.0,0.0,0.0,0.0,0.0,0.0,,,,,,,,,,,,,,,,,,,,
future_daily_consolidated,2026-10-04,TATA001,CASH001,1586810.55,0.0,0.0,1586810.55,986810.55,850000.0,136810.55,,,,,,,,,,,,,,,,,,,,,,,,,,,,,,1.0,21750.78,0.0,0.0,0.0,0.0,0.0,0.0,0.0,0.0,0.0,0.0,0.0,0.0,0.0,0.0,0.0,0.0,0.0,,,,,,,,,,,,,,,,,,,,
future_daily_consolidated,2026-10-05,TATA001,CASH001,1586810.55,0.0,68573.91,1518236.64,918236.64,850000.0,68236.64,,,,,,,,,,,,,,,,,,,,,,,,,,,,,,0.0,0.0,0.0,0.0,0.0,0.0,68573.91,0.0,0.0,1.0,0.0,0.0,0.0,0.0,0.0,0.0,0.0,0.0,0.0,,,,,,,,,,,,,,,,,,,,
future_daily_consolidated,2026-10-06,TATA001,CASH001,1518236.64,0.0,148629.8,1369606.84,769606.84,850000.0,0.0,,,,,,,,,,,,,,,,,,,,,,,,,,,,,,0.0,0.0,0.0,0.0,0.0,0.0,148629.8,0.0,0.0,1.0,0.0,0.0,0.0,0.0,0.0,0.0,0.0,0.0,0.0,,,,,,,,,,,,,,,,,,,,
future_daily_consolidated,2026-10-07,TATA001,CASH001,1369606.84,90878.7,0.0,1460485.54,860485.54,850000.0,10485.54,,,,,,,,,,,,,,,,,,,,,,,,,,,,,,1.0,91921.69,0.0,0.0,90878.7,0.0,0.0,1.0,0.0,0.0,0.0,0.0,0.0,0.0,0.0,0.0,0.0,0.0,0.0,,,,,,,,,,,,,,,,,,,,
future_daily_consolidated,2026-10-08,TATA001,CASH001,1460485.54,0.0,0.0,1460485.54,860485.54,850000.0,10485.54,,,,,,,,,,,,,,,,,,,,,,,,,,,,,,2.0,489037.67,0.0,0.0,0.0,0.0,0.0,0.0,0.0,0.0,0.0,0.0,0.0,0.0,0.0,0.0,0.0,0.0,0.0,,,,,,,,,,,,,,,,,,,,
future_daily_consolidated,2026-10-09,TATA001,CASH001,1460485.54,0.0,0.0,1460485.54,860485.54,850000.0,10485.54,,,,,,,,,,,,,,,,,,,,,,,,,,,,,,0.0,0.0,0.0,0.0,0.0,0.0,0.0,0.0,0.0,0.0,0.0,0.0,0.0,0.0,0.0,0.0,0.0,0.0,0.0,,,,,,,,,,,,,,,,,,,,
future_daily_consolidated,2026-10-10,TATA001,CASH001,1460485.54,42841.35,0.0,1503326.89,903326.89,850000.0,53326.89,,,,,,,,,,,,,,,,,,,,,,,,,,,,,,0.0,0.0,0.0,0.0,42841.35,0.0,0.0,1.0,0.0,0.0,0.0,0.0,0.0,0.0,0.0,0.0,0.0,0.0,0.0,,,,,,,,,,,,,,,,,,,,
future_daily_consolidated,2026-10-11,TATA001,CASH001,1503326.89,0.0,83546.76,1419780.13,819780.13,850000.0,0.0,,,,,,,,,,,,,,,,,,,,,,,,,,,,,,0.0,0.0,0.0,0.0,0.0,0.0,83546.76,0.0,0.0,1.0,0.0,0.0,0.0,0.0,0.0,0.0,0.0,0.0,0.0,,,,,,,,,,,,,,,,,,,,
future_daily_consolidated,2026-10-12,TATA001,CASH001,1419780.13,389580.34,170630.72,1638729.75,1038729.75,850000.0,188729.75,,,,,,,,,,,,,,,,,,,,,,,,,,,,,,1.0,87468.18,0.0,0.0,389580.34,0.0,170630.72,2.0,0.0,2.0,0.0,0.0,0.0,0.0,0.0,0.0,0.0,0.0,0.0,,,,,,,,,,,,,,,,,,,,
future_daily_consolidated,2026-10-13,TATA001,CASH001,1638729.75,243018.94,140555.66,1741193.03,1141193.03,850000.0,291193.03,,,,,,,,,,,,,,,,,,,,,,,,,,,,,,2.0,258716.72,0.0,0.0,243018.94,0.0,140555.66,1.0,0.0,1.0,0.0,0.0,0.0,0.0,0.0,0.0,0.0,0.0,0.0,,,,,,,,,,,,,,,,,,,,
future_daily_consolidated,2026-10-14,TATA001,CASH001,1741193.03,0.0,0.0,1741193.03,1141193.03,850000.0,291193.03,,,,,,,,,,,,,,,,,,,,,,,,,,,,,,0.0,0.0,0.0,0.0,0.0,0.0,0.0,0.0,0.0,0.0,0.0,0.0,0.0,0.0,0.0,0.0,0.0,0.0,0.0,,,,,,,,,,,,,,,,,,,,
future_daily_consolidated,2026-10-15,TATA001,CASH001,1741193.03,408268.2,0.0,2149461.23,1549461.23,850000.0,699461.23,,,,,,,,,,,,,,,,,,,,,,,,,,,,,,1.0,19702.15,0.0,0.0,408268.2,0.0,0.0,3.0,0.0,0.0,0.0,0.0,0.0,0.0,0.0,0.0,0.0,0.0,0.0,,,,,,,,,,,,,,,,,,,,
future_daily_consolidated,2026-10-16,TATA001,CASH001,2149461.23,0.0,210576.67,1938884.56,1338884.56,850000.0,488884.56,,,,,,,,,,,,,,,,,,,,,,,,,,,,,,2.0,318523.82,0.0,0.0,0.0,0.0,210576.67,0.0,0.0,2.0,0.0,0.0,0.0,0.0,0.0,0.0,0.0,0.0,0.0,,,,,,,,,,,,,,,,,,,,
future_daily_consolidated,2026-10-17,TATA001,CASH001,1938884.56,0.0,0.0,1938884.56,1338884.56,850000.0,488884.56,,,,,,,,,,,,,,,,,,,,,,,,,,,,,,0.0,0.0,0.0,0.0,0.0,0.0,0.0,0.0,0.0,0.0,0.0,0.0,0.0,0.0,0.0,0.0,0.0,0.0,0.0,,,,,,,,,,,,,,,,,,,,
future_daily_consolidated,2026-10-18,TATA001,CASH001,1938884.56,0.0,81395.73,1857488.83,1257488.83,850000.0,407488.83,,,,,,,,,,,,,,,,,,,,,,,,,,,,,,2.0,177259.97,0.0,0.0,0.0,0.0,81395.73,0.0,0.0,1.0,0.0,0.0,0.0,0.0,0.0,0.0,0.0,0.0,0.0,,,,,,,,,,,,,,,,,,,,
future_daily_consolidated,2026-10-19,TATA001,CASH001,1857488.83,530510.46,0.0,2387999.29,1787999.29,850000.0,937999.29,,,,,,,,,,,,,,,,,,,,,,,,,,,,,,1.0,42123.78,0.0,0.0,530510.46,0.0,0.0,4.0,0.0,0.0,0.0,0.0,0.0,0.0,0.0,0.0,0.0,0.0,0.0,,,,,,,,,,,,,,,,,,,,
future_daily_consolidated,2026-10-20,TATA001,CASH001,2387999.29,487442.12,0.0,2875441.41,2275441.41,850000.0,1425441.41,,,,,,,,,,,,,,,,,,,,,,,,,,,,,,0.0,0.0,0.0,0.0,487442.12,0.0,0.0,3.0,0.0,0.0,0.0,0.0,0.0,0.0,0.0,0.0,0.0,0.0,0.0,,,,,,,,,,,,,,,,,,,,
future_daily_consolidated,2026-10-21,TATA001,CASH001,2875441.41,79869.41,0.0,2955310.82,2355310.82,2500000.0,0.0,,,,,,,,,,,,,,,,,,,,,,,,,,,,,,1.0,102191.32,0.0,0.0,79869.41,0.0,0.0,1.0,0.0,0.0,0.0,0.0,0.0,0.0,0.0,0.0,0.0,0.0,0.0,,,,,,,,,,,,,,,,,,,,
future_daily_consolidated,2026-10-22,TATA001,CASH001,2955310.82,654623.31,0.0,3609934.13,3009934.13,2500000.0,509934.13,,,,,,,,,,,,,,,,,,,,,,,,,,,,,,1.0,100743.16,0.0,0.0,654623.31,0.0,0.0,4.0,0.0,0.0,0.0,0.0,0.0,0.0,0.0,0.0,0.0,0.0,0.0,,,,,,,,,,,,,,,,,,,,
future_daily_consolidated,2026-10-23,TATA001,CASH001,3609934.13,385875.65,274409.5,3721400.28,3121400.28,2500000.0,621400.28,,,,,,,,,,,,,,,,,,,,,,,,,,,,,,1.0,140674.24,0.0,0.0,385875.65,0.0,274409.5,3.0,0.0,2.0,0.0,0.0,0.0,0.0,0.0,0.0,0.0,0.0,0.0,,,,,,,,,,,,,,,,,,,,
future_daily_consolidated,2026-10-24,TATA001,CASH001,3721400.28,0.0,0.0,3721400.28,3121400.28,2500000.0,621400.28,,,,,,,,,,,,,,,,,,,,,,,,,,,,,,2.0,96800.59,0.0,0.0,0.0,0.0,0.0,0.0,0.0,0.0,0.0,0.0,0.0,0.0,0.0,0.0,0.0,0.0,0.0,,,,,,,,,,,,,,,,,,,,
future_daily_consolidated,2026-10-25,TATA001,CASH001,3721400.28,333846.1,32902.92,4022343.46,3422343.46,2500000.0,922343.46,,,,,,,,,,,,,,,,,,,,,,,,,,,,,,1.0,412752.65,0.0,0.0,333846.1,0.0,32902.92,2.0,0.0,1.0,0.0,0.0,0.0,0.0,0.0,0.0,0.0,0.0,0.0,,,,,,,,,,,,,,,,,,,,
future_daily_consolidated,2026-10-26,TATA001,CASH001,4022343.46,75229.76,81469.81,4016103.41,3416103.41,2500000.0,916103.41,,,,,,,,,,,,,,,,,,,,,,,,,,,,,,1.0,89277.69,0.0,0.0,75229.76,0.0,81469.81,1.0,0.0,1.0,0.0,0.0,0.0,0.0,0.0,0.0,0.0,0.0,0.0,,,,,,,,,,,,,,,,,,,,
future_daily_consolidated,2026-10-27,TATA001,CASH001,4016103.41,247336.96,87468.18,4175972.19,3575972.19,2500000.0,1075972.19,,,,,,,,,,,,,,,,,,,,,,,,,,,,,,2.0,107238.68,0.0,0.0,247336.96,0.0,87468.18,1.0,0.0,1.0,0.0,0.0,0.0,0.0,0.0,0.0,0.0,0.0,0.0,,,,,,,,,,,,,,,,,,,,
future_daily_consolidated,2026-10-28,TATA001,CASH001,4175972.19,229483.09,1860891.66,2544563.62,1944563.62,970000.0,974563.62,,,,,,,,,,,,,,,,,,,,,,,,,,,,,,0.0,0.0,0.0,0.0,229483.09,1650000.0,210891.66,2.0,1.0,1.0,0.0,0.0,0.0,0.0,0.0,0.0,0.0,0.0,0.0,,,,,,,,,,,,,,,,,,,,
future_daily_consolidated,2026-10-29,TATA001,CASH001,2544563.62,253880.56,0.0,2798444.18,2198444.18,970000.0,1228444.18,,,,,,,,,,,,,,,,,,,,,,,,,,,,,,0.0,0.0,0.0,0.0,253880.56,0.0,0.0,2.0,0.0,0.0,0.0,0.0,0.0,0.0,0.0,0.0,0.0,0.0,0.0,,,,,,,,,,,,,,,,,,,,
future_daily_consolidated,2026-10-30,TATA001,CASH001,2798444.18,69813.45,68049.62,2800208.01,2200208.01,970000.0,1230208.01,,,,,,,,,,,,,,,,,,,,,,,,,,,,,,2.0,130809.25,0.0,0.0,69813.45,0.0,68049.62,1.0,0.0,2.0,0.0,0.0,0.0,0.0,0.0,0.0,0.0,0.0,0.0,,,,,,,,,,,,,,,,,,,,
future_daily_consolidated,2026-10-31,TATA001,CASH001,2800208.01,0.0,0.0,2800208.01,2200208.01,970000.0,1230208.01,,,,,,,,,,,,,,,,,,,,,,,,,,,,,,0.0,0.0,0.0,0.0,0.0,0.0,0.0,0.0,0.0,0.0,0.0,0.0,0.0,0.0,0.0,0.0,0.0,0.0,0.0,,,,,,,,,,,,,,,,,,,,
future_daily_consolidated,2026-11-01,TATA001,CASH001,2800208.01,0.0,580062.9,2220145.11,1620145.11,970000.0,650145.11,,,,,,,,,,,,,,,,,,,,,,,,,,,,,,0.0,0.0,0.0,0.0,0.0,120000.0,460062.9,0.0,1.0,1.0,0.0,0.0,0.0,0.0,0.0,0.0,0.0,0.0,0.0,,,,,,,,,,,,,,,,,,,,
future_daily_consolidated,2026-11-02,TATA001,CASH001,2220145.11,251318.81,121339.23,2350124.69,1750124.69,850000.0,900124.69,,,,,,,,,,,,,,,,,,,,,,,,,,,,,,1.0,22961.84,0.0,0.0,251318.81,0.0,121339.23,2.0,0.0,1.0,0.0,0.0,0.0,0.0,0.0,0.0,0.0,0.0,0.0,,,,,,,,,,,,,,,,,,,,
future_daily_consolidated,2026-11-03,TATA001,CASH001,2350124.69,137877.34,0.0,2488002.03,1888002.03,850000.0,1038002.03,,,,,,,,,,,,,,,,,,,,,,,,,,,,,,0.0,0.0,0.0,0.0,137877.34,0.0,0.0,1.0,0.0,0.0,0.0,0.0,0.0,0.0,0.0,0.0,0.0,0.0,0.0,,,,,,,,,,,,,,,,,,,,
future_daily_consolidated,2026-11-04,TATA001,CASH001,2488002.03,200272.76,233913.71,2454361.08,1854361.08,850000.0,1004361.08,,,,,,,,,,,,,,,,,,,,,,,,,,,,,,0.0,0.0,0.0,0.0,200272.76,0.0,233913.71,1.0,0.0,1.0,0.0,0.0,0.0,0.0,0.0,0.0,0.0,0.0,0.0,,,,,,,,,,,,,,,,,,,,
future_daily_consolidated,2026-11-05,TATA001,CASH001,2454361.08,537424.75,0.0,2991785.83,2391785.83,850000.0,1541785.83,,,,,,,,,,,,,,,,,,,,,,,,,,,,,,0.0,0.0,0.0,0.0,537424.75,0.0,0.0,2.0,0.0,0.0,0.0,0.0,0.0,0.0,0.0,0.0,0.0,0.0,0.0,,,,,,,,,,,,,,,,,,,,
future_daily_consolidated,2026-11-06,TATA001,CASH001,2991785.83,356660.35,35069.2,3313376.98,2713376.98,850000.0,1863376.98,,,,,,,,,,,,,,,,,,,,,,,,,,,,,,0.0,0.0,0.0,0.0,356660.35,0.0,35069.2,2.0,0.0,1.0,0.0,0.0,0.0,0.0,0.0,0.0,0.0,0.0,0.0,,,,,,,,,,,,,,,,,,,,
future_daily_consolidated,2026-11-07,TATA001,CASH001,3313376.98,82185.48,0.0,3395562.46,2795562.46,850000.0,1945562.46,,,,,,,,,,,,,,,,,,,,,,,,,,,,,,0.0,0.0,0.0,0.0,82185.48,0.0,0.0,1.0,0.0,0.0,0.0,0.0,0.0,0.0,0.0,0.0,0.0,0.0,0.0,,,,,,,,,,,,,,,,,,,,
future_daily_consolidated,2026-11-08,TATA001,CASH001,3395562.46,117757.91,0.0,3513320.37,2913320.37,850000.0,2063320.37,,,,,,,,,,,,,,,,,,,,,,,,,,,,,,1.0,67552.43,0.0,0.0,117757.91,0.0,0.0,2.0,0.0,0.0,0.0,0.0,0.0,0.0,0.0,0.0,0.0,0.0,0.0,,,,,,,,,,,,,,,,,,,,
future_daily_consolidated,2026-11-09,TATA001,CASH001,3513320.37,549523.01,160726.26,3902117.12,3302117.12,850000.0,2452117.12,,,,,,,,,,,,,,,,,,,,,,,,,,,,,,2.0,181056.0,0.0,0.0,549523.01,0.0,160726.26,1.0,0.0,1.0,0.0,0.0,0.0,0.0,0.0,0.0,0.0,0.0,0.0,,,,,,,,,,,,,,,,,,,,
future_daily_consolidated,2026-11-10,TATA001,CASH001,3902117.12,123284.19,0.0,4025401.31,3425401.31,850000.0,2575401.31,,,,,,,,,,,,,,,,,,,,,,,,,,,,,,0.0,0.0,0.0,0.0,123284.19,0.0,0.0,1.0,0.0,0.0,0.0,0.0,0.0,0.0,0.0,0.0,0.0,0.0,0.0,,,,,,,,,,,,,,,,,,,,
future_daily_consolidated,2026-11-11,TATA001,CASH001,4025401.31,326396.06,0.0,4351797.37,3751797.37,850000.0,2901797.37,,,,,,,,,,,,,,,,,,,,,,,,,,,,,,0.0,0.0,0.0,0.0,326396.06,0.0,0.0,1.0,0.0,0.0,0.0,0.0,0.0,0.0,0.0,0.0,0.0,0.0,0.0,,,,,,,,,,,,,,,,,,,,
future_daily_consolidated,2026-11-12,TATA001,CASH001,4351797.37,0.0,93610.62,4258186.75,3658186.75,850000.0,2808186.75,,,,,,,,,,,,,,,,,,,,,,,,,,,,,,0.0,0.0,0.0,0.0,0.0,0.0,93610.62,0.0,0.0,2.0,0.0,0.0,0.0,0.0,0.0,0.0,0.0,0.0,0.0,,,,,,,,,,,,,,,,,,,,
future_daily_consolidated,2026-11-13,TATA001,CASH001,4258186.75,0.0,0.0,4258186.75,3658186.75,850000.0,2808186.75,,,,,,,,,,,,,,,,,,,,,,,,,,,,,,1.0,90738.36,0.0,0.0,0.0,0.0,0.0,0.0,0.0,0.0,0.0,0.0,0.0,0.0,0.0,0.0,0.0,0.0,0.0,,,,,,,,,,,,,,,,,,,,
future_daily_consolidated,2026-11-14,TATA001,CASH001,4258186.75,125749.37,130179.33,4253756.79,3653756.79,850000.0,2803756.79,,,,,,,,,,,,,,,,,,,,,,,,,,,,,,1.0,60837.09,0.0,0.0,125749.37,0.0,130179.33,1.0,0.0,2.0,0.0,0.0,0.0,0.0,0.0,0.0,0.0,0.0,0.0,,,,,,,,,,,,,,,,,,,,
future_daily_consolidated,2026-11-15,TATA001,CASH001,4253756.79,231111.11,318523.82,4166344.08,3566344.08,850000.0,2716344.08,,,,,,,,,,,,,,,,,,,,,,,,,,,,,,0.0,0.0,0.0,0.0,231111.11,0.0,318523.82,2.0,0.0,2.0,0.0,0.0,0.0,0.0,0.0,0.0,0.0,0.0,0.0,,,,,,,,,,,,,,,,,,,,
future_daily_consolidated,2026-11-16,TATA001,CASH001,4166344.08,233978.45,0.0,4400322.53,3800322.53,850000.0,2950322.53,,,,,,,,,,,,,,,,,,,,,,,,,,,,,,1.0,122293.38,0.0,0.0,233978.45,0.0,0.0,2.0,0.0,0.0,0.0,0.0,0.0,0.0,0.0,0.0,0.0,0.0,0.0,,,,,,,,,,,,,,,,,,,,
future_daily_consolidated,2026-11-17,TATA001,CASH001,4400322.53,200931.66,0.0,4601254.19,4001254.19,850000.0,3151254.19,,,,,,,,,,,,,,,,,,,,,,,,,,,,,,1.0,85580.86,0.0,0.0,200931.66,0.0,0.0,1.0,0.0,0.0,0.0,0.0,0.0,0.0,0.0,0.0,0.0,0.0,0.0,,,,,,,,,,,,,,,,,,,,
future_daily_consolidated,2026-11-18,TATA001,CASH001,4601254.19,128534.2,63874.56,4665913.83,4065913.83,850000.0,3215913.83,,,,,,,,,,,,,,,,,,,,,,,,,,,,,,1.0,128952.97,0.0,0.0,128534.2,0.0,63874.56,1.0,0.0,2.0,0.0,0.0,0.0,0.0,0.0,0.0,0.0,0.0,0.0,,,,,,,,,,,,,,,,,,,,
future_daily_consolidated,2026-11-19,TATA001,CASH001,4665913.83,0.0,0.0,4665913.83,4065913.83,850000.0,3215913.83,,,,,,,,,,,,,,,,,,,,,,,,,,,,,,1.0,68064.53,0.0,0.0,0.0,0.0,0.0,0.0,0.0,0.0,0.0,0.0,0.0,0.0,0.0,0.0,0.0,0.0,0.0,,,,,,,,,,,,,,,,,,,,
future_daily_consolidated,2026-11-20,TATA001,CASH001,4665913.83,343207.32,24945.27,4984175.88,4384175.88,850000.0,3534175.88,,,,,,,,,,,,,,,,,,,,,,,,,,,,,,1.0,98714.03,0.0,0.0,343207.32,0.0,24945.27,2.0,0.0,1.0,0.0,0.0,0.0,0.0,0.0,0.0,0.0,0.0,0.0,,,,,,,,,,,,,,,,,,,,
future_daily_consolidated,2026-11-21,TATA001,CASH001,4984175.88,114914.58,91921.69,5007168.77,4407168.77,2500000.0,1907168.77,,,,,,,,,,,,,,,,,,,,,,,,,,,,,,0.0,0.0,0.0,0.0,114914.58,0.0,91921.69,1.0,0.0,1.0,0.0,0.0,0.0,0.0,0.0,0.0,0.0,0.0,0.0,,,,,,,,,,,,,,,,,,,,
future_daily_consolidated,2026-11-22,TATA001,CASH001,5007168.77,279217.72,629711.91,4656674.58,4056674.58,2500000.0,1556674.58,,,,,,,,,,,,,,,,,,,,,,,,,,,,,,0.0,0.0,0.0,0.0,279217.72,0.0,629711.9099999999,3.0,0.0,3.0,0.0,0.0,0.0,0.0,0.0,0.0,0.0,0.0,0.0,,,,,,,,,,,,,,,,,,,,
future_daily_consolidated,2026-11-23,TATA001,CASH001,4656674.58,168084.96,0.0,4824759.54,4224759.54,2500000.0,1724759.54,,,,,,,,,,,,,,,,,,,,,,,,,,,,,,1.0,40430.27,0.0,0.0,168084.96,0.0,0.0,3.0,0.0,0.0,0.0,0.0,0.0,0.0,0.0,0.0,0.0,0.0,0.0,,,,,,,,,,,,,,,,,,,,
future_daily_consolidated,2026-11-24,TATA001,CASH001,4824759.54,254304.43,412752.65,4666311.32,4066311.32,2500000.0,1566311.32,,,,,,,,,,,,,,,,,,,,,,,,,,,,,,0.0,0.0,0.0,0.0,254304.43,0.0,412752.65,1.0,0.0,1.0,0.0,0.0,0.0,0.0,0.0,0.0,0.0,0.0,0.0,,,,,,,,,,,,,,,,,,,,
future_daily_consolidated,2026-11-25,TATA001,CASH001,4666311.32,0.0,0.0,4666311.32,4066311.32,2500000.0,1566311.32,,,,,,,,,,,,,,,,,,,,,,,,,,,,,,1.0,114893.5,0.0,0.0,0.0,0.0,0.0,0.0,0.0,0.0,0.0,0.0,0.0,0.0,0.0,0.0,0.0,0.0,0.0,,,,,,,,,,,,,,,,,,,,
future_daily_consolidated,2026-11-26,TATA001,CASH001,4666311.32,320374.55,0.0,4986685.87,4386685.87,2500000.0,1886685.87,,,,,,,,,,,,,,,,,,,,,,,,,,,,,,1.0,50927.33,0.0,0.0,320374.55000000005,0.0,0.0,2.0,0.0,0.0,0.0,0.0,0.0,0.0,0.0,0.0,0.0,0.0,0.0,,,,,,,,,,,,,,,,,,,,
future_daily_consolidated,2026-11-27,TATA001,CASH001,4986685.87,0.0,0.0,4986685.87,4386685.87,2500000.0,1886685.87,,,,,,,,,,,,,,,,,,,,,,,,,,,,,,1.0,134367.21,0.0,0.0,0.0,0.0,0.0,0.0,0.0,0.0,0.0,0.0,0.0,0.0,0.0,0.0,0.0,0.0,0.0,,,,,,,,,,,,,,,,,,,,
future_daily_consolidated,2026-11-28,TATA001,CASH001,4986685.87,158586.3,1650000.0,3495272.17,2895272.17,970000.0,1925272.17,,,,,,,,,,,,,,,,,,,,,,,,,,,,,,0.0,0.0,0.0,0.0,158586.3,1650000.0,0.0,2.0,1.0,0.0,0.0,0.0,0.0,0.0,0.0,0.0,0.0,0.0,0.0,,,,,,,,,,,,,,,,,,,,
future_daily_consolidated,2026-11-29,TATA001,CASH001,3495272.17,116188.52,130809.25,3480651.44,2880651.44,970000.0,1910651.44,,,,,,,,,,,,,,,,,,,,,,,,,,,,,,1.0,102782.05,0.0,0.0,116188.52,0.0,130809.25,1.0,0.0,2.0,0.0,0.0,0.0,0.0,0.0,0.0,0.0,0.0,0.0,,,,,,,,,,,,,,,,,,,,
future_daily_consolidated,2026-11-30,TATA001,CASH001,3480651.44,0.0,0.0,3480651.44,2880651.44,970000.0,1910651.44,,,,,,,,,,,,,,,,,,,,,,,,,,,,,,0.0,0.0,0.0,0.0,0.0,0.0,0.0,0.0,0.0,0.0,0.0,0.0,0.0,0.0,0.0,0.0,0.0,0.0,0.0,,,,,,,,,,,,,,,,,,,,
future_daily_consolidated,2026-12-01,TATA001,CASH001,3480651.44,185588.52,120000.0,3546239.96,2946239.96,970000.0,1976239.96,,,,,,,,,,,,,,,,,,,,,,,,,,,,,,2.0,272412.11,0.0,0.0,185588.52,120000.0,0.0,2.0,1.0,0.0,0.0,0.0,0.0,0.0,0.0,0.0,0.0,0.0,0.0,,,,,,,,,,,,,,,,,,,,
future_daily_consolidated,2026-12-02,TATA001,CASH001,3546239.96,643283.53,177259.97,4012263.52,3412263.52,850000.0,2562263.52,,,,,,,,,,,,,,,,,,,,,,,,,,,,,,0.0,0.0,0.0,0.0,643283.53,0.0,177259.97,3.0,0.0,2.0,0.0,0.0,0.0,0.0,0.0,0.0,0.0,0.0,0.0,,,,,,,,,,,,,,,,,,,,
future_daily_consolidated,2026-12-03,TATA001,CASH001,4012263.52,73507.66,0.0,4085771.18,3485771.18,850000.0,2635771.18,,,,,,,,,,,,,,,,,,,,,,,,,,,,,,2.0,108184.33,0.0,0.0,73507.66,0.0,0.0,1.0,0.0,0.0,0.0,0.0,0.0,0.0,0.0,0.0,0.0,0.0,0.0,,,,,,,,,,,,,,,,,,,,
future_daily_consolidated,2026-12-04,TATA001,CASH001,4085771.18,93153.17,0.0,4178924.35,3578924.35,850000.0,2728924.35,,,,,,,,,,,,,,,,,,,,,,,,,,,,,,1.0,161313.7,0.0,0.0,93153.17,0.0,0.0,1.0,0.0,0.0,0.0,0.0,0.0,0.0,0.0,0.0,0.0,0.0,0.0,,,,,,,,,,,,,,,,,,,,
future_daily_consolidated,2026-12-05,TATA001,CASH001,4178924.35,0.0,102191.32,4076733.03,3476733.03,850000.0,2626733.03,,,,,,,,,,,,,,,,,,,,,,,,,,,,,,1.0,49277.84,0.0,0.0,0.0,0.0,102191.32,0.0,0.0,1.0,0.0,0.0,0.0,0.0,0.0,0.0,0.0,0.0,0.0,,,,,,,,,,,,,,,,,,,,
future_daily_consolidated,2026-12-06,TATA001,CASH001,4076733.03,30000.0,100743.16,4005989.87,3405989.87,850000.0,2555989.87,,,,,,,,,,,,,,,,,,,,,,,,,,,,,,0.0,0.0,0.0,0.0,30000.0,0.0,100743.16,1.0,0.0,1.0,0.0,0.0,0.0,0.0,0.0,0.0,0.0,0.0,0.0,,,,,,,,,,,,,,,,,,,,
future_daily_consolidated,2026-12-07,TATA001,CASH001,4005989.87,134626.08,0.0,4140615.95,3540615.95,850000.0,2690615.95,,,,,,,,,,,,,,,,,,,,,,,,,,,,,,2.0,350239.84,0.0,0.0,134626.08000000002,0.0,0.0,2.0,0.0,0.0,0.0,0.0,0.0,0.0,0.0,0.0,0.0,0.0,0.0,,,,,,,,,,,,,,,,,,,,
future_daily_consolidated,2026-12-08,TATA001,CASH001,4140615.95,0.0,164353.02,3976262.93,3376262.93,850000.0,2526262.93,,,,,,,,,,,,,,,,,,,,,,,,,,,,,,1.0,149664.98,0.0,0.0,0.0,0.0,164353.02,0.0,0.0,3.0,0.0,0.0,0.0,0.0,0.0,0.0,0.0,0.0,0.0,,,,,,,,,,,,,,,,,,,,
future_daily_consolidated,2026-12-09,TATA001,CASH001,3976262.93,639762.76,149988.04,4466037.65,3866037.65,850000.0,3016037.65,,,,,,,,,,,,,,,,,,,,,,,,,,,,,,0.0,0.0,0.0,0.0,639762.76,0.0,149988.04,1.0,0.0,1.0,0.0,0.0,0.0,0.0,0.0,0.0,0.0,0.0,0.0,,,,,,,,,,,,,,,,,,,,
future_daily_consolidated,2026-12-10,TATA001,CASH001,4466037.65,180222.31,89277.69,4556982.27,3956982.27,850000.0,3106982.27,,,,,,,,,,,,,,,,,,,,,,,,,,,,,,0.0,0.0,0.0,0.0,180222.31,0.0,89277.69,2.0,0.0,1.0,0.0,0.0,0.0,0.0,0.0,0.0,0.0,0.0,0.0,,,,,,,,,,,,,,,,,,,,
future_daily_consolidated,2026-12-11,TATA001,CASH001,4556982.27,106911.06,107238.68,4556654.65,3956654.65,850000.0,3106654.65,,,,,,,,,,,,,,,,,,,,,,,,,,,,,,2.0,519977.28,0.0,0.0,106911.06,0.0,107238.68,1.0,0.0,2.0,0.0,0.0,0.0,0.0,0.0,0.0,0.0,0.0,0.0,,,,,,,,,,,,,,,,,,,,
future_daily_consolidated,2026-12-12,TATA001,CASH001,4556654.65,0.0,47825.06,4508829.59,3908829.59,850000.0,3058829.59,,,,,,,,,,,,,,,,,,,,,,,,,,,,,,0.0,0.0,0.0,0.0,0.0,0.0,47825.06,0.0,0.0,1.0,0.0,0.0,0.0,0.0,0.0,0.0,0.0,0.0,0.0,,,,,,,,,,,,,,,,,,,,
future_daily_consolidated,2026-12-13,TATA001,CASH001,4508829.59,0.0,0.0,4508829.59,3908829.59,850000.0,3058829.59,,,,,,,,,,,,,,,,,,,,,,,,,,,,,,1.0,119964.27,0.0,0.0,0.0,0.0,0.0,0.0,0.0,0.0,0.0,0.0,0.0,0.0,0.0,0.0,0.0,0.0,0.0,,,,,,,,,,,,,,,,,,,,
future_daily_consolidated,2026-12-14,TATA001,CASH001,4508829.59,108823.03,0.0,4617652.62,4017652.62,850000.0,3167652.62,,,,,,,,,,,,,,,,,,,,,,,,,,,,,,2.0,168270.4,0.0,0.0,108823.03,0.0,0.0,1.0,0.0,0.0,0.0,0.0,0.0,0.0,0.0,0.0,0.0,0.0,0.0,,,,,,,,,,,,,,,,,,,,
future_daily_consolidated,2026-12-15,TATA001,CASH001,4617652.62,0.0,0.0,4617652.62,4017652.62,850000.0,3167652.62,,,,,,,,,,,,,,,,,,,,,,,,,,,,,,2.0,163786.97999999998,0.0,0.0,0.0,0.0,0.0,0.0,0.0,0.0,0.0,0.0,0.0,0.0,0.0,0.0,0.0,0.0,0.0,,,,,,,,,,,,,,,,,,,,
future_daily_consolidated,2026-12-16,TATA001,CASH001,4617652.62,334383.1,0.0,4952035.72,4352035.72,850000.0,3502035.72,,,,,,,,,,,,,,,,,,,,,,,,,,,,,,1.0,66930.71,0.0,0.0,334383.1,0.0,0.0,2.0,0.0,0.0,0.0,0.0,0.0,0.0,0.0,0.0,0.0,0.0,0.0,,,,,,,,,,,,,,,,,,,,
future_daily_consolidated,2026-12-17,TATA001,CASH001,4952035.72,0.0,22961.84,4929073.88,4329073.88,850000.0,3479073.88,,,,,,,,,,,,,,,,,,,,,,,,,,,,,,1.0,49684.63,0.0,0.0,0.0,0.0,22961.84,0.0,0.0,1.0,0.0,0.0,0.0,0.0,0.0,0.0,0.0,0.0,0.0,,,,,,,,,,,,,,,,,,,,
future_daily_consolidated,2026-12-18,TATA001,CASH001,4929073.88,259912.18,128952.97,5060033.09,4460033.09,850000.0,3610033.09,,,,,,,,,,,,,,,,,,,,,,,,,,,,,,1.0,27429.86,0.0,0.0,259912.18,0.0,128952.97,2.0,0.0,1.0,0.0,0.0,0.0,0.0,0.0,0.0,0.0,0.0,0.0,,,,,,,,,,,,,,,,,,,,
future_daily_consolidated,2026-12-19,TATA001,CASH001,5060033.09,0.0,0.0,5060033.09,4460033.09,850000.0,3610033.09,,,,,,,,,,,,,,,,,,,,,,,,,,,,,,0.0,0.0,0.0,0.0,0.0,0.0,0.0,0.0,0.0,0.0,0.0,0.0,0.0,0.0,0.0,0.0,0.0,0.0,0.0,,,,,,,,,,,,,,,,,,,,
future_daily_consolidated,2026-12-20,TATA001,CASH001,5060033.09,188475.41,0.0,5248508.5,4648508.5,850000.0,3798508.5,,,,,,,,,,,,,,,,,,,,,,,,,,,,,,0.0,0.0,0.0,0.0,188475.41,0.0,0.0,2.0,0.0,0.0,0.0,0.0,0.0,0.0,0.0,0.0,0.0,0.0,0.0,,,,,,,,,,,,,,,,,,,,
future_daily_consolidated,2026-12-21,TATA001,CASH001,5248508.5,366977.04,0.0,5615485.54,5015485.54,2500000.0,2515485.54,,,,,,,,,,,,,,,,,,,,,,,,,,,,,,0.0,0.0,0.0,0.0,366977.04,0.0,0.0,2.0,0.0,0.0,0.0,0.0,0.0,0.0,0.0,0.0,0.0,0.0,0.0,,,,,,,,,,,,,,,,,,,,
future_daily_consolidated,2026-12-22,TATA001,CASH001,5615485.54,123253.27,0.0,5738738.81,5138738.81,2500000.0,2638738.81,,,,,,,,,,,,,,,,,,,,,,,,,,,,,,2.0,244240.51,0.0,0.0,123253.27,0.0,0.0,2.0,0.0,0.0,0.0,0.0,0.0,0.0,0.0,0.0,0.0,0.0,0.0,,,,,,,,,,,,,,,,,,,,
future_daily_consolidated,2026-12-23,TATA001,CASH001,5738738.81,0.0,40430.27,5698308.54,5098308.54,2500000.0,2598308.54,,,,,,,,,,,,,,,,,,,,,,,,,,,,,,0.0,0.0,0.0,0.0,0.0,0.0,40430.27,0.0,0.0,1.0,0.0,0.0,0.0,0.0,0.0,0.0,0.0,0.0,0.0,,,,,,,,,,,,,,,,,,,,
future_daily_consolidated,2026-12-24,TATA001,CASH001,5698308.54,0.0,31067.96,5667240.58,5067240.58,2500000.0,2567240.58,,,,,,,,,,,,,,,,,,,,,,,,,,,,,,2.0,223153.97,0.0,0.0,0.0,0.0,31067.96,0.0,0.0,1.0,0.0,0.0,0.0,0.0,0.0,0.0,0.0,0.0,0.0,,,,,,,,,,,,,,,,,,,,
future_daily_consolidated,2026-12-25,TATA001,CASH001,5667240.58,0.0,0.0,5667240.58,5067240.58,2500000.0,2567240.58,,,,,,,,,,,,,,,,,,,,,,,,,,,,,,0.0,0.0,0.0,0.0,0.0,0.0,0.0,0.0,0.0,0.0,0.0,0.0,0.0,0.0,0.0,0.0,0.0,0.0,0.0,,,,,,,,,,,,,,,,,,,,
future_daily_consolidated,2026-12-26,TATA001,CASH001,5667240.58,49539.27,0.0,5716779.85,5116779.85,2500000.0,2616779.85,,,,,,,,,,,,,,,,,,,,,,,,,,,,,,1.0,220013.19,0.0,0.0,49539.27,0.0,0.0,1.0,0.0,0.0,0.0,0.0,0.0,0.0,0.0,0.0,0.0,0.0,0.0,,,,,,,,,,,,,,,,,,,,
future_daily_consolidated,2026-12-27,TATA001,CASH001,5716779.85,0.0,134367.21,5582412.64,4982412.64,2500000.0,2482412.64,,,,,,,,,,,,,,,,,,,,,,,,,,,,,,1.0,42256.43,0.0,0.0,0.0,0.0,134367.21,0.0,0.0,1.0,0.0,0.0,0.0,0.0,0.0,0.0,0.0,0.0,0.0,,,,,,,,,,,,,,,,,,,,
future_daily_consolidated,2026-12-28,TATA001,CASH001,5582412.64,691998.84,1740738.36,4533673.12,3933673.12,970000.0,2963673.12,,,,,,,,,,,,,,,,,,,,,,,,,,,,,,2.0,77447.47,0.0,0.0,691998.84,1650000.0,90738.36,3.0,1.0,1.0,0.0,0.0,0.0,0.0,0.0,0.0,0.0,0.0,0.0,,,,,,,,,,,,,,,,,,,,
future_daily_consolidated,2026-12-29,TATA001,CASH001,4533673.12,214381.08,163619.14,4584435.06,3984435.06,970000.0,3014435.06,,,,,,,,,,,,,,,,,,,,,,,,,,,,,,0.0,0.0,0.0,0.0,214381.08,0.0,163619.14,1.0,0.0,2.0,0.0,0.0,0.0,0.0,0.0,0.0,0.0,0.0,0.0,,,,,,,,,,,,,,,,,,,,
future_daily_consolidated,2026-12-30,TATA001,CASH001,4584435.06,0.0,0.0,4584435.06,3984435.06,970000.0,3014435.06,,,,,,,,,,,,,,,,,,,,,,,,,,,,,,0.0,0.0,0.0,0.0,0.0,0.0,0.0,0.0,0.0,0.0,0.0,0.0,0.0,0.0,0.0,0.0,0.0,0.0,0.0,,,,,,,,,,,,,,,,,,,,
future_daily_consolidated,2026-12-31,TATA001,CASH001,4584435.06,276621.87,0.0,4861056.93,4261056.93,970000.0,3291056.93,,,,,,,,,,,,,,,,,,,,,,,,,,,,,,2.0,103270.38,0.0,0.0,276621.87,0.0,0.0,1.0,0.0,0.0,0.0,0.0,0.0,0.0,0.0,0.0,0.0,0.0,0.0,,,,,,,,,,,,,,,,,,,,
invoices,,TATA001,,,,,,,,,,,,,,,,,,INV_FUT_0260,68902.88,,,,,,,,,PAID,,,,,,,,,,,,,,,,,,,,,,,,,,,,,SUP003,2026-08-28,0.0,,2.0,INR,NEFT,2026-10-12,,,,,,,,,,,,
invoices,,TATA001,,,,,,,,,,,,,,,,,,INV_FUT_0261,140555.66,,,,,,,,,PAID,,,,,,,,,,,,,,,,,,,,,,,,,,,,,SUP003,2026-08-29,0.0,,2.0,INR,NEFT,2026-10-13,,,,,,,,,,,,
invoices,,TATA001,,,,,,,,,,,,,,,,,,INV_FUT_0262,21563.53,,,,,,,,,PAID,,,,,,,,,,,,,,,,,,,,,,,,,,,,,SUP002,2026-08-31,0.0,,2.0,INR,NEFT,2026-09-30,,,,,,,,,,,,
invoices,,TATA001,,,,,,,,,,,,,,,,,,INV_FUT_0263,69820.02,,,,,,,,,PAID,,,,,,,,,,,,,,,,,,,,,,,,,,,,,SUP003,2026-09-01,0.0,,2.0,INR,NEFT,2026-10-16,,,,,,,,,,,,
invoices,,TATA001,,,,,,,,,,,,,,,,,,INV_FUT_0264,140756.65,,,,,,,,,PAID,,,,,,,,,,,,,,,,,,,,,,,,,,,,,SUP006,2026-09-01,0.0,,2.0,INR,NEFT,2026-10-16,,,,,,,,,,,,
invoices,,TATA001,,,,,,,,,,,,,,,,,,INV_FUT_0265,81395.73,,,,,,,,,PAID,,,,,,,,,,,,,,,,,,,,,,,,,,,,,SUP008,2026-09-03,0.0,,2.0,INR,NEFT,2026-10-18,,,,,,,,,,,,
invoices,,TATA001,,,,,,,,,,,,,,,,,,INV_FUT_0266,68573.91,,,,,,,,,PAID,,,,,,,,,,,,,,,,,,,,,,,,,,,,,SUP004,2026-09-05,0.0,,2.0,INR,NEFT,2026-10-05,,,,,,,,,,,,
invoices,,TATA001,,,,,,,,,,,,,,,,,,INV_FUT_0267,50394.63,,,,,,,,,PAID,,,,,,,,,,,,,,,,,,,,,,,,,,,,,SUP009,2026-09-05,0.0,,2.0,INR,NEFT,2026-09-20,,,,,,,,,,,,
invoices,,TATA001,,,,,,,,,,,,,,,,,,INV_FUT_0268,148629.8,,,,,,,,,PAID,,,,,,,,,,,,,,,,,,,,,,,,,,,,,SUP004,2026-09-06,0.0,,2.0,INR,NEFT,2026-10-06,,,,,,,,,,,,
invoices,,TATA001,,,,,,,,,,,,,,,,,,INV_FUT_0269,203280.38,,,,,,,,,PAID,,,,,,,,,,,,,,,,,,,,,,,,,,,,,SUP001,2026-09-08,0.0,,2.0,INR,NEFT,2026-10-23,,,,,,,,,,,,
invoices,,TATA001,,,,,,,,,,,,,,,,,,INV_FUT_0270,81469.81,,,,,,,,,PAID,,,,,,,,,,,,,,,,,,,,,,,,,,,,,SUP008,2026-09-11,1.0,2026-09-21,2.0,INR,NEFT,2026-10-26,,,,,,,,,,,,
invoices,,TATA001,,,,,,,,,,,,,,,,,,INV_FUT_0271,101727.84,,,,,,,,,PAID,,,,,,,,,,,,,,,,,,,,,,,,,,,,,SUP011,2026-09-12,0.0,,2.0,INR,NEFT,2026-10-12,,,,,,,,,,,,
invoices,,TATA001,,,,,,,,,,,,,,,,,,INV_FUT_0272,75933.54,,,,,,,,,PAID,,,,,,,,,,,,,,,,,,,,,,,,,,,,,SUP007,2026-09-15,0.0,,2.0,INR,NEFT,2026-11-14,,,,,,,,,,,,
invoices,,TATA001,,,,,,,,,,,,,,,,,,INV_FUT_0273,48347.47,,,,,,,,,PAID,,,,,,,,,,,,,,,,,,,,,,,,,,,,,SUP012,2026-09-15,1.0,2026-09-25,2.0,INR,NEFT,2026-10-30,,,,,,,,,,,,
invoices,,TATA001,,,,,,,,,,,,,,,,,,INV_FUT_0274,460062.9,,,,,,,,,PAID,,,,,,,,,,,,,,,,,,,,,,,,,,,,,SUP010,2026-09-17,0.0,,2.0,INR,NEFT,2026-11-01,,,,,,,,,,,,
invoices,,TATA001,,,,,,,,,,,,,,,,,,INV_FUT_0275,233913.71,,,,,,,,,PAID,,,,,,,,,,,,,,,,,,,,,,,,,,,,,SUP001,2026-09-20,0.0,,2.0,INR,NEFT,2026-11-04,,,,,,,,,,,,
invoices,,TATA001,,,,,,,,,,,,,,,,,,INV_FUT_0276,24945.27,,,,,,,,,PAID,,,,,,,,,,,,,,,,,,,,,,,,,,,,,SUP007,2026-09-21,0.0,,2.0,INR,NEFT,2026-11-20,,,,,,,,,,,,
invoices,,TATA001,,,,,,,,,,,,,,,,,,INV_FUT_0277,35069.2,,,,,,,,,PAID,,,,,,,,,,,,,,,,,,,,,,,,,,,,,SUP001,2026-09-22,0.0,,2.0,INR,NEFT,2026-11-06,,,,,,,,,,,,
invoices,,TATA001,,,,,,,,,,,,,,,,,,INV_FUT_0278,71129.12,,,,,,,,,PAID,,,,,,,,,,,,,,,,,,,,,,,,,,,,,SUP004,2026-09-23,0.0,,2.0,INR,NEFT,2026-10-23,,,,,,,,,,,,
invoices,,TATA001,,,,,,,,,,,,,,,,,,INV_FUT_0279,32902.92,,,,,,,,,PAID,,,,,,,,,,,,,,,,,,,,,,,,,,,,,SUP004,2026-09-25,0.0,,2.0,INR,NEFT,2026-10-25,,,,,,,,,,,,
invoices,,TATA001,,,,,,,,,,,,,,,,,,INV_FUT_0280,160726.26,,,,,,,,,PAID,,,,,,,,,,,,,,,,,,,,,,,,,,,,,SUP006,2026-09-25,0.0,,2.0,INR,NEFT,2026-11-09,,,,,,,,,,,,
invoices,,TATA001,,,,,,,,,,,,,,,,,,INV_FUT_0281,83546.76,,,,,,,,,PAID,,,,,,,,,,,,,,,,,,,,,,,,,,,,,SUP009,2026-09-26,0.0,,2.0,INR,NEFT,2026-10-11,,,,,,,,,,,,
invoices,,TATA001,,,,,,,,,,,,,,,,,,INV_FUT_0282,44431.48,,,,,,,,,PAID,,,,,,,,,,,,,,,,,,,,,,,,,,,,,SUP012,2026-09-28,0.0,,2.0,INR,NEFT,2026-11-12,,,,,,,,,,,,
invoices,,TATA001,,,,,,,,,,,,,,,,,,INV_FUT_0283,49179.14,,,,,,,,,PAID,,,,,,,,,,,,,,,,,,,,,,,,,,,,,SUP010,2026-09-28,0.0,,2.0,INR,NEFT,2026-11-12,,,,,,,,,,,,
invoices,,TATA001,,,,,,,,,,,,,,,,,,INV_FUT_0284,54245.79,,,,,,,,,PAID,,,,,,,,,,,,,,,,,,,,,,,,,,,,,SUP012,2026-09-30,0.0,,2.0,INR,NEFT,2026-11-14,,,,,,,,,,,,
invoices,,TATA001,,,,,,,,,,,,,,,,,,INV_FUT_0285,121339.23,,,,,,,,,PAID,,,,,,,,,,,,,,,,,,,,,,,,,,,,,SUP011,2026-10-03,0.0,,2.0,INR,NEFT,2026-11-02,,,,,,,,,,,,
invoices,,TATA001,,,,,,,,,,,,,,,,,,INV_FUT_0286,21750.78,,,,,,,,,PAID,,,,,,,,,,,,,,,,,,,,,,,,,,,,,SUP006,2026-10-04,0.0,,2.0,INR,NEFT,2026-11-18,,,,,,,,,,,,
invoices,,TATA001,,,,,,,,,,,,,,,,,,INV_FUT_0287,91921.69,,,,,,,,,PAID,,,,,,,,,,,,,,,,,,,,,,,,,,,,,SUP001,2026-10-07,0.0,,2.0,INR,NEFT,2026-11-21,,,,,,,,,,,,
invoices,,TATA001,,,,,,,,,,,,,,,,,,INV_FUT_0288,123851.11,,,,,,,,,PAID,,,,,,,,,,,,,,,,,,,,,,,,,,,,,SUP003,2026-10-08,0.0,,2.0,INR,NEFT,2026-11-22,,,,,,,,,,,,
invoices,,TATA001,,,,,,,,,,,,,,,,,,INV_FUT_0289,365186.56,,,,,,,,,PAID,,,,,,,,,,,,,,,,,,,,,,,,,,,,,SUP012,2026-10-08,1.0,2026-10-18,2.0,INR,NEFT,2026-11-22,,,,,,,,,,,,
invoices,,TATA001,,,,,,,,,,,,,,,,,,INV_FUT_0290,87468.18,,,,,,,,,PAID,,,,,,,,,,,,,,,,,,,,,,,,,,,,,SUP009,2026-10-12,0.0,,2.0,INR,NEFT,2026-10-27,,,,,,,,,,,,
invoices,,TATA001,,,,,,,,,,,,,,,,,,INV_FUT_0291,47825.06,,,,,,,,,PAID,,,,,,,,,,,,,,,,,,,,,,,,,,,,,SUP007,2026-10-13,0.0,,2.0,INR,NEFT,2026-12-12,,,,,,,,,,,,
invoices,,TATA001,,,,,,,,,,,,,,,,,,INV_FUT_0292,210891.66,,,,,,,,,PAID,,,,,,,,,,,,,,,,,,,,,,,,,,,,,SUP009,2026-10-13,0.0,,2.0,INR,NEFT,2026-10-28,,,,,,,,,,,,
invoices,,TATA001,,,,,,,,,,,,,,,,,,INV_FUT_0293,19702.15,,,,,,,,,PAID,,,,,,,,,,,,,,,,,,,,,,,,,,,,,SUP009,2026-10-15,0.0,,2.0,INR,NEFT,2026-10-30,,,,,,,,,,,,
invoices,,TATA001,,,,,,,,,,,,,,,,,,INV_FUT_0294,177542.07,,,,,,,,,PAID,,,,,,,,,,,,,,,,,,,,,,,,,,,,,SUP004,2026-10-16,2.0,2026-10-26,2.0,INR,NEFT,2026-11-15,,,,,,,,,,,,
invoices,,TATA001,,,,,,,,,,,,,,,,,,INV_FUT_0295,140981.75,,,,,,,,,PAID,,,,,,,,,,,,,,,,,,,,,,,,,,,,,SUP002,2026-10-16,0.0,,2.0,INR,NEFT,2026-11-15,,,,,,,,,,,,
invoices,,TATA001,,,,,,,,,,,,,,,,,,INV_FUT_0296,122880.54,,,,,,,,,PAID,,,,,,,,,,,,,,,,,,,,,,,,,,,,,SUP001,2026-10-18,0.0,,2.0,INR,NEFT,2026-12-02,,,,,,,,,,,,
invoices,,TATA001,,,,,,,,,,,,,,,,,,INV_FUT_0297,54379.43,,,,,,,,,PAID,,,,,,,,,,,,,,,,,,,,,,,,,,,,,SUP012,2026-10-18,0.0,,2.0,INR,NEFT,2026-12-02,,,,,,,,,,,,
invoices,,TATA001,,,,,,,,,,,,,,,,,,INV_FUT_0298,42123.78,,,,,,,,,PAID,,,,,,,,,,,,,,,,,,,,,,,,,,,,,SUP002,2026-10-19,0.0,,2.0,INR,NEFT,2026-11-18,,,,,,,,,,,,
invoices,,TATA001,,,,,,,,,,,,,,,,,,INV_FUT_0299,102191.32,,,,,,,,,PAID,,,,,,,,,,,,,,,,,,,,,,,,,,,,,SUP010,2026-10-21,0.0,,2.0,INR,NEFT,2026-12-05,,,,,,,,,,,,
invoices,,TATA001,,,,,,,,,,,,,,,,,,INV_FUT_0300,100743.16,,,,,,,,,PAID,,,,,,,,,,,,,,,,,,,,,,,,,,,,,SUP010,2026-10-22,0.0,,2.0,INR,NEFT,2026-12-06,,,,,,,,,,,,
invoices,,TATA001,,,,,,,,,,,,,,,,,,INV_FUT_0301,140674.24,,,,,,,,,PAID,,,,,,,,,,,,,,,,,,,,,,,,,,,,,SUP005,2026-10-23,0.0,,2.0,INR,NEFT,2026-11-22,,,,,,,,,,,,
invoices,,TATA001,,,,,,,,,,,,,,,,,,INV_FUT_0302,22214.17,,,,,,,,,PAID,,,,,,,,,,,,,,,,,,,,,,,,,,,,,SUP010,2026-10-24,0.0,,2.0,INR,NEFT,2026-12-08,,,,,,,,,,,,
invoices,,TATA001,,,,,,,,,,,,,,,,,,INV_FUT_0303,74586.42,,,,,,,,,PAID,,,,,,,,,,,,,,,,,,,,,,,,,,,,,SUP001,2026-10-24,0.0,,2.0,INR,NEFT,2026-12-08,,,,,,,,,,,,
invoices,,TATA001,,,,,,,,,,,,,,,,,,INV_FUT_0304,412752.65,,,,,,,,,PAID,,,,,,,,,,,,,,,,,,,,,,,,,,,,,SUP005,2026-10-25,0.0,,2.0,INR,NEFT,2026-11-24,,,,,,,,,,,,
invoices,,TATA001,,,,,,,,,,,,,,,,,,INV_FUT_0305,89277.69,,,,,,,,,PAID,,,,,,,,,,,,,,,,,,,,,,,,,,,,,SUP001,2026-10-26,0.0,,2.0,INR,NEFT,2026-12-10,,,,,,,,,,,,
invoices,,TATA001,,,,,,,,,,,,,,,,,,INV_FUT_0306,23081.91,,,,,,,,,PAID,,,,,,,,,,,,,,,,,,,,,,,,,,,,,SUP006,2026-10-27,0.0,,2.0,INR,NEFT,2026-12-11,,,,,,,,,,,,
invoices,,TATA001,,,,,,,,,,,,,,,,,,INV_FUT_0307,84156.77,,,,,,,,,PAID,,,,,,,,,,,,,,,,,,,,,,,,,,,,,SUP008,2026-10-27,2.0,2026-11-06,2.0,INR,NEFT,2026-12-11,,,,,,,,,,,,
invoices,,TATA001,,,,,,,,,,,,,,,,,,INV_FUT_0308,49806.19,,,,,,,,,PAID,,,,,,,,,,,,,,,,,,,,,,,,,,,,,SUP011,2026-10-30,0.0,,2.0,INR,NEFT,2026-11-29,,,,,,,,,,,,
invoices,,TATA001,,,,,,,,,,,,,,,,,,INV_FUT_0309,81003.06,,,,,,,,,PAID,,,,,,,,,,,,,,,,,,,,,,,,,,,,,SUP005,2026-10-30,1.0,2026-11-09,2.0,INR,NEFT,2026-11-29,,,,,,,,,,,,
invoices,,TATA001,,,,,,,,,,,,,,,,,,INV_FUT_0310,22961.84,,,,,,,,,PAID,,,,,,,,,,,,,,,,,,,,,,,,,,,,,SUP010,2026-11-02,0.0,,2.0,INR,NEFT,2026-12-17,,,,,,,,,,,,
invoices,,TATA001,,,,,,,,,,,,,,,,,,INV_FUT_0311,67552.43,,,,,,,,,PAID,,,,,,,,,,,,,,,,,,,,,,,,,,,,,SUP004,2026-11-08,0.0,,2.0,INR,NEFT,2026-12-08,,,,,,,,,,,,
invoices,,TATA001,,,,,,,,,,,,,,,,,,INV_FUT_0312,31067.96,,,,,,,,,PAID,,,,,,,,,,,,,,,,,,,,,,,,,,,,,SUP010,2026-11-09,0.0,,2.0,INR,NEFT,2026-12-24,,,,,,,,,,,,
invoices,,TATA001,,,,,,,,,,,,,,,,,,INV_FUT_0313,149988.04,,,,,,,,,PAID,,,,,,,,,,,,,,,,,,,,,,,,,,,,,SUP011,2026-11-09,0.0,,2.0,INR,NEFT,2026-12-09,,,,,,,,,,,,
invoices,,TATA001,,,,,,,,,,,,,,,,,,INV_FUT_0314,90738.36,,,,,,,,,PAID,,,,,,,,,,,,,,,,,,,,,,,,,,,,,SUP012,2026-11-13,0.0,,2.0,INR,NEFT,2026-12-28,,,,,,,,,,,,
invoices,,TATA001,,,,,,,,,,,,,,,,,,INV_FUT_0315,60837.09,,,,,,,,,PAID,,,,,,,,,,,,,,,,,,,,,,,,,,,,,SUP003,2026-11-14,0.0,,2.0,INR,NEFT,2026-12-29,,,,,,,,,,,,
invoices,,TATA001,,,,,,,,,,,,,,,,,,INV_FUT_0316,122293.38,,,,,,,,,PENDING,,,,,,,,,,,,,,,,,,,,,,,,,,,,,SUP007,2026-11-16,0.0,,2.0,INR,NEFT,,,,,,,,,,,,,
invoices,,TATA001,,,,,,,,,,,,,,,,,,INV_FUT_0317,85580.86,,,,,,,,,PAID,,,,,,,,,,,,,,,,,,,,,,,,,,,,,SUP008,2026-11-17,0.0,,2.0,INR,NEFT,2027-01-01,,,,,,,,,,,,
invoices,,TATA001,,,,,,,,,,,,,,,,,,INV_FUT_0318,128952.97,,,,,,,,,PAID,,,,,,,,,,,,,,,,,,,,,,,,,,,,,SUP011,2026-11-18,0.0,,2.0,INR,NEFT,2026-12-18,,,,,,,,,,,,
invoices,,TATA001,,,,,,,,,,,,,,,,,,INV_FUT_0319,68064.53,,,,,,,,,PENDING,,,,,,,,,,,,,,,,,,,,,,,,,,,,,SUP001,2026-11-19,0.0,,2.0,INR,NEFT,,,,,,,,,,,,,
invoices,,TATA001,,,,,,,,,,,,,,,,,,INV_FUT_0320,98714.03,,,,,,,,,PENDING,,,,,,,,,,,,,,,,,,,,,,,,,,,,,SUP010,2026-11-20,0.0,,2.0,INR,NEFT,,,,,,,,,,,,,
invoices,,TATA001,,,,,,,,,,,,,,,,,,INV_FUT_0321,40430.27,,,,,,,,,PAID,,,,,,,,,,,,,,,,,,,,,,,,,,,,,SUP011,2026-11-23,0.0,,2.0,INR,NEFT,2026-12-23,,,,,,,,,,,,
invoices,,TATA001,,,,,,,,,,,,,,,,,,INV_FUT_0322,114893.5,,,,,,,,,PENDING,,,,,,,,,,,,,,,,,,,,,,,,,,,,,SUP006,2026-11-25,0.0,,2.0,INR,NEFT,,,,,,,,,,,,,
invoices,,TATA001,,,,,,,,,,,,,,,,,,INV_FUT_0323,50927.33,,,,,,,,,PENDING,,,,,,,,,,,,,,,,,,,,,,,,,,,,,SUP007,2026-11-26,0.0,,2.0,INR,NEFT,,,,,,,,,,,,,
invoices,,TATA001,,,,,,,,,,,,,,,,,,INV_FUT_0324,134367.21,,,,,,,,,PAID,,,,,,,,,,,,,,,,,,,,,,,,,,,,,SUP004,2026-11-27,2.0,2026-12-07,2.0,INR,NEFT,2026-12-27,,,,,,,,,,,,
invoices,,TATA001,,,,,,,,,,,,,,,,,,INV_FUT_0325,102782.05,,,,,,,,,PAID,,,,,,,,,,,,,,,,,,,,,,,,,,,,,SUP011,2026-11-29,0.0,,2.0,INR,NEFT,2026-12-29,,,,,,,,,,,,
invoices,,TATA001,,,,,,,,,,,,,,,,,,INV_FUT_0326,28949.5,,,,,,,,,PENDING,,,,,,,,,,,,,,,,,,,,,,,,,,,,,SUP003,2026-12-01,0.0,,2.0,INR,NEFT,,,,,,,,,,,,,
invoices,,TATA001,,,,,,,,,,,,,,,,,,INV_FUT_0327,243462.61,,,,,,,,,PENDING,,,,,,,,,,,,,,,,,,,,,,,,,,,,,SUP012,2026-12-01,0.0,,2.0,INR,NEFT,,,,,,,,,,,,,
invoices,,TATA001,,,,,,,,,,,,,,,,,,INV_FUT_0328,75367.26,,,,,,,,,PENDING,,,,,,,,,,,,,,,,,,,,,,,,,,,,,SUP004,2026-12-03,2.0,2026-12-13,2.0,INR,NEFT,,,,,,,,,,,,,
invoices,,TATA001,,,,,,,,,,,,,,,,,,INV_FUT_0329,32817.07,,,,,,,,,PENDING,,,,,,,,,,,,,,,,,,,,,,,,,,,,,SUP005,2026-12-03,0.0,,2.0,INR,NEFT,,,,,,,,,,,,,
invoices,,TATA001,,,,,,,,,,,,,,,,,,INV_FUT_0330,161313.7,,,,,,,,,PENDING,,,,,,,,,,,,,,,,,,,,,,,,,,,,,SUP007,2026-12-04,0.0,,2.0,INR,NEFT,,,,,,,,,,,,,
invoices,,TATA001,,,,,,,,,,,,,,,,,,INV_FUT_0331,49277.84,,,,,,,,,PENDING,,,,,,,,,,,,,,,,,,,,,,,,,,,,,SUP004,2026-12-05,1.0,2026-12-15,2.0,INR,NEFT,,,,,,,,,,,,,
invoices,,TATA001,,,,,,,,,,,,,,,,,,INV_FUT_0332,38606.03,,,,,,,,,PENDING,,,,,,,,,,,,,,,,,,,,,,,,,,,,,SUP012,2026-12-07,0.0,,2.0,INR,NEFT,,,,,,,,,,,,,
invoices,,TATA001,,,,,,,,,,,,,,,,,,INV_FUT_0333,311633.81,,,,,,,,,PENDING,,,,,,,,,,,,,,,,,,,,,,,,,,,,,SUP004,2026-12-07,0.0,,2.0,INR,NEFT,,,,,,,,,,,,,
invoices,,TATA001,,,,,,,,,,,,,,,,,,INV_FUT_0334,149664.98,,,,,,,,,PENDING,,,,,,,,,,,,,,,,,,,,,,,,,,,,,SUP012,2026-12-08,0.0,,2.0,INR,NEFT,,,,,,,,,,,,,
invoices,,TATA001,,,,,,,,,,,,,,,,,,INV_FUT_0335,100818.27,,,,,,,,,PENDING,,,,,,,,,,,,,,,,,,,,,,,,,,,,,SUP012,2026-12-11,0.0,,2.0,INR,NEFT,,,,,,,,,,,,,
invoices,,TATA001,,,,,,,,,,,,,,,,,,INV_FUT_0336,419159.01,,,,,,,,,PENDING,,,,,,,,,,,,,,,,,,,,,,,,,,,,,SUP006,2026-12-11,0.0,,2.0,INR,NEFT,,,,,,,,,,,,,
invoices,,TATA001,,,,,,,,,,,,,,,,,,INV_FUT_0337,119964.27,,,,,,,,,PENDING,,,,,,,,,,,,,,,,,,,,,,,,,,,,,SUP003,2026-12-13,0.0,,2.0,INR,NEFT,,,,,,,,,,,,,
invoices,,TATA001,,,,,,,,,,,,,,,,,,INV_FUT_0338,34663.04,,,,,,,,,PENDING,,,,,,,,,,,,,,,,,,,,,,,,,,,,,SUP001,2026-12-14,0.0,,2.0,INR,NEFT,,,,,,,,,,,,,
invoices,,TATA001,,,,,,,,,,,,,,,,,,INV_FUT_0339,133607.36,,,,,,,,,PENDING,,,,,,,,,,,,,,,,,,,,,,,,,,,,,SUP006,2026-12-14,0.0,,2.0,INR,NEFT,,,,,,,,,,,,,
invoices,,TATA001,,,,,,,,,,,,,,,,,,INV_FUT_0340,114854.56,,,,,,,,,PENDING,,,,,,,,,,,,,,,,,,,,,,,,,,,,,SUP010,2026-12-15,0.0,,2.0,INR,NEFT,,,,,,,,,,,,,
invoices,,TATA001,,,,,,,,,,,,,,,,,,INV_FUT_0341,48932.42,,,,,,,,,PENDING,,,,,,,,,,,,,,,,,,,,,,,,,,,,,SUP001,2026-12-15,0.0,,2.0,INR,NEFT,,,,,,,,,,,,,
invoices,,TATA001,,,,,,,,,,,,,,,,,,INV_FUT_0342,66930.71,,,,,,,,,PENDING,,,,,,,,,,,,,,,,,,,,,,,,,,,,,SUP006,2026-12-16,0.0,,2.0,INR,NEFT,,,,,,,,,,,,,
invoices,,TATA001,,,,,,,,,,,,,,,,,,INV_FUT_0343,49684.63,,,,,,,,,PAID,,,,,,,,,,,,,,,,,,,,,,,,,,,,,SUP009,2026-12-17,1.0,2026-12-27,2.0,INR,NEFT,2027-01-01,,,,,,,,,,,,
invoices,,TATA001,,,,,,,,,,,,,,,,,,INV_FUT_0344,27429.86,,,,,,,,,PENDING,,,,,,,,,,,,,,,,,,,,,,,,,,,,,SUP007,2026-12-18,0.0,,2.0,INR,NEFT,,,,,,,,,,,,,
invoices,,TATA001,,,,,,,,,,,,,,,,,,INV_FUT_0345,173328.63,,,,,,,,,PENDING,,,,,,,,,,,,,,,,,,,,,,,,,,,,,SUP011,2026-12-22,0.0,,2.0,INR,NEFT,,,,,,,,,,,,,
invoices,,TATA001,,,,,,,,,,,,,,,,,,INV_FUT_0346,70911.88,,,,,,,,,PENDING,,,,,,,,,,,,,,,,,,,,,,,,,,,,,SUP006,2026-12-22,0.0,,2.0,INR,NEFT,,,,,,,,,,,,,
invoices,,TATA001,,,,,,,,,,,,,,,,,,INV_FUT_0347,138745.78,,,,,,,,,PENDING,,,,,,,,,,,,,,,,,,,,,,,,,,,,,SUP006,2026-12-24,0.0,,2.0,INR,NEFT,,,,,,,,,,,,,
invoices,,TATA001,,,,,,,,,,,,,,,,,,INV_FUT_0348,84408.19,,,,,,,,,PENDING,,,,,,,,,,,,,,,,,,,,,,,,,,,,,SUP009,2026-12-24,0.0,,2.0,INR,NEFT,,,,,,,,,,,,,
invoices,,TATA001,,,,,,,,,,,,,,,,,,INV_FUT_0349,220013.19,,,,,,,,,PENDING,,,,,,,,,,,,,,,,,,,,,,,,,,,,,SUP011,2026-12-26,0.0,,2.0,INR,NEFT,,,,,,,,,,,,,
invoices,,TATA001,,,,,,,,,,,,,,,,,,INV_FUT_0350,42256.43,,,,,,,,,PENDING,,,,,,,,,,,,,,,,,,,,,,,,,,,,,SUP004,2026-12-27,0.0,,2.0,INR,NEFT,,,,,,,,,,,,,
invoices,,TATA001,,,,,,,,,,,,,,,,,,INV_FUT_0351,57919.42,,,,,,,,,PENDING,,,,,,,,,,,,,,,,,,,,,,,,,,,,,SUP012,2026-12-28,0.0,,2.0,INR,NEFT,,,,,,,,,,,,,
invoices,,TATA001,,,,,,,,,,,,,,,,,,INV_FUT_0352,19528.05,,,,,,,,,PENDING,,,,,,,,,,,,,,,,,,,,,,,,,,,,,SUP011,2026-12-28,0.0,,2.0,INR,NEFT,,,,,,,,,,,,,
invoices,,TATA001,,,,,,,,,,,,,,,,,,INV_FUT_0353,15000.0,,,,,,,,,PENDING,,,,,,,,,,,,,,,,,,,,,,,,,,,,,SUP007,2026-12-31,0.0,,2.0,INR,NEFT,,,,,,,,,,,,,
invoices,,TATA001,,,,,,,,,,,,,,,,,,INV_FUT_0354,88270.38,,,,,,,,,PENDING,,,,,,,,,,,,,,,,,,,,,,,,,,,,,SUP007,2026-12-31,0.0,,2.0,INR,NEFT,,,,,,,,,,,,,
receivables,,TATA001,,,,,,,,,,,,,,,,,,,31760.96,,,,,,,,,PAID,,,,,,,,,,,,,,,,,,,,,,,,,,,,,,,,,,,,2026-09-22,REC_FUT_0365,CUST011,2026-08-28,2026-09-28,0.87,1.0,,,,,,
receivables,,TATA001,,,,,,,,,,,,,,,,,,,243018.94,,,,,,,,,PAID,,,,,,,,,,,,,,,,,,,,,,,,,,,,,,,,,,,,2026-10-13,REC_FUT_0366,CUST001,2026-08-28,2026-10-18,0.66,6.0,,,,,,
receivables,,TATA001,,,,,,,,,,,,,,,,,,,42841.35,,,,,,,,,PAID,,,,,,,,,,,,,,,,,,,,,,,,,,,,,,,,,,,,2026-10-10,REC_FUT_0367,CUST009,2026-08-29,2026-10-03,0.78,5.0,,,,,,
receivables,,TATA001,,,,,,,,,,,,,,,,,,,168225.96,,,,,,,,,PAID,,,,,,,,,,,,,,,,,,,,,,,,,,,,,,,,,,,,2026-09-24,REC_FUT_0368,CUST014,2026-08-30,2026-10-08,0.8,9.0,,,,,,
receivables,,TATA001,,,,,,,,,,,,,,,,,,,268441.43,,,,,,,,,PAID,,,,,,,,,,,,,,,,,,,,,,,,,,,,,,,,,,,,2026-10-25,REC_FUT_0369,CUST013,2026-08-30,2026-10-12,0.77,13.0,,,,,,
receivables,,TATA001,,,,,,,,,,,,,,,,,,,229474.43,,,,,,,,,PAID,,,,,,,,,,,,,,,,,,,,,,,,,,,,,,,,,,,,2026-11-06,REC_FUT_0370,CUST005,2026-08-31,2026-11-20,0.38,21.0,,,,,,
receivables,,TATA001,,,,,,,,,,,,,,,,,,,149141.05,,,,,,,,,PAID,,,,,,,,,,,,,,,,,,,,,,,,,,,,,,,,,,,,2026-09-29,REC_FUT_0371,CUST002,2026-09-04,2026-10-04,0.85,0.0,,,,,,
receivables,,TATA001,,,,,,,,,,,,,,,,,,,93967.98,,,,,,,,,PAID,,,,,,,,,,,,,,,,,,,,,,,,,,,,,,,,,,,,2026-10-03,REC_FUT_0372,CUST012,2026-09-05,2026-10-12,0.73,7.0,,,,,,
receivables,,TATA001,,,,,,,,,,,,,,,,,,,240469.52,,,,,,,,,PAID,,,,,,,,,,,,,,,,,,,,,,,,,,,,,,,,,,,,2026-10-03,REC_FUT_0373,CUST006,2026-09-05,2026-10-13,0.69,8.0,,,,,,
receivables,,TATA001,,,,,,,,,,,,,,,,,,,40797.99,,,,,,,,,PAID,,,,,,,,,,,,,,,,,,,,,,,,,,,,,,,,,,,,2026-10-23,REC_FUT_0374,CUST001,2026-09-07,2026-10-28,0.66,6.0,,,,,,
receivables,,TATA001,,,,,,,,,,,,,,,,,,,154929.17,,,,,,,,,PAID,,,,,,,,,,,,,,,,,,,,,,,,,,,,,,,,,,,,2026-10-23,REC_FUT_0375,CUST001,2026-09-07,2026-10-28,0.66,6.0,,,,,,
receivables,,TATA001,,,,,,,,,,,,,,,,,,,52588.91,,,,,,,,,PAID,,,,,,,,,,,,,,,,,,,,,,,,,,,,,,,,,,,,2026-10-19,REC_FUT_0376,CUST004,2026-09-08,2026-10-28,0.8,5.0,,,,,,
receivables,,TATA001,,,,,,,,,,,,,,,,,,,90878.7,,,,,,,,,PAID,,,,,,,,,,,,,,,,,,,,,,,,,,,,,,,,,,,,2026-10-07,REC_FUT_0377,CUST002,2026-09-11,2026-10-11,0.85,0.0,,,,,,
receivables,,TATA001,,,,,,,,,,,,,,,,,,,226495.9,,,,,,,,,PAID,,,,,,,,,,,,,,,,,,,,,,,,,,,,,,,,,,,,2026-09-23,REC_FUT_0378,CUST010,2026-09-13,2026-10-02,0.96,4.0,,,,,,
receivables,,TATA001,,,,,,,,,,,,,,,,,,,200272.76,,,,,,,,,PAID,,,,,,,,,,,,,,,,,,,,,,,,,,,,,,,,,,,,2026-11-04,REC_FUT_0379,CUST001,2026-09-13,2026-11-03,0.66,6.0,,,,,,
receivables,,TATA001,,,,,,,,,,,,,,,,,,,133002.41,,,,,,,,,PAID,,,,,,,,,,,,,,,,,,,,,,,,,,,,,,,,,,,,2026-10-15,REC_FUT_0380,CUST002,2026-09-14,2026-10-14,0.85,0.0,,,,,,
receivables,,TATA001,,,,,,,,,,,,,,,,,,,179760.32,,,,,,,,,PAID,,,,,,,,,,,,,,,,,,,,,,,,,,,,,,,,,,,,2026-10-29,REC_FUT_0381,CUST014,2026-09-14,2026-10-23,0.8,9.0,,,,,,
receivables,,TATA001,,,,,,,,,,,,,,,,,,,292594.57,,,,,,,,,PAID,,,,,,,,,,,,,,,,,,,,,,,,,,,,,,,,,,,,2026-10-12,REC_FUT_0382,CUST006,2026-09-16,2026-10-24,0.69,8.0,,,,,,
receivables,,TATA001,,,,,,,,,,,,,,,,,,,84627.37,,,,,,,,,PAID,,,,,,,,,,,,,,,,,,,,,,,,,,,,,,,,,,,,2026-10-01,REC_FUT_0383,CUST007,2026-09-18,2026-10-05,0.94,2.0,,,,,,
receivables,,TATA001,,,,,,,,,,,,,,,,,,,79869.41,,,,,,,,,PAID,,,,,,,,,,,,,,,,,,,,,,,,,,,,,,,,,,,,2026-10-21,REC_FUT_0384,CUST011,2026-09-20,2026-10-21,0.87,1.0,,,,,,
receivables,,TATA001,,,,,,,,,,,,,,,,,,,59228.53,,,,,,,,,PAID,,,,,,,,,,,,,,,,,,,,,,,,,,,,,,,,,,,,2026-10-19,REC_FUT_0385,CUST006,2026-09-21,2026-10-29,0.69,8.0,,,,,,
receivables,,TATA001,,,,,,,,,,,,,,,,,,,190148.49,,,,,,,,,PAID,,,,,,,,,,,,,,,,,,,,,,,,,,,,,,,,,,,,2026-10-23,REC_FUT_0386,CUST006,2026-09-21,2026-10-29,0.69,8.0,,,,,,
receivables,,TATA001,,,,,,,,,,,,,,,,,,,54019.56,,,,,,,,,PAID,,,,,,,,,,,,,,,,,,,,,,,,,,,,,,,,,,,,2026-11-08,REC_FUT_0387,CUST001,2026-09-23,2026-11-13,0.66,6.0,,,,,,
receivables,,TATA001,,,,,,,,,,,,,,,,,,,63738.35,,,,,,,,,PAID,,,,,,,,,,,,,,,,,,,,,,,,,,,,,,,,,,,,2026-11-08,REC_FUT_0388,CUST008,2026-09-23,2026-12-16,0.47,39.0,,,,,,
receivables,,TATA001,,,,,,,,,,,,,,,,,,,128534.2,,,,,,,,,PAID,,,,,,,,,,,,,,,,,,,,,,,,,,,,,,,,,,,,2026-11-18,REC_FUT_0389,CUST005,2026-09-24,2026-12-14,0.38,21.0,,,,,,
receivables,,TATA001,,,,,,,,,,,,,,,,,,,322981.51,,,,,,,,,PAID,,,,,,,,,,,,,,,,,,,,,,,,,,,,,,,,,,,,2026-10-22,REC_FUT_0390,CUST009,2026-09-25,2026-10-30,0.78,5.0,,,,,,
receivables,,TATA001,,,,,,,,,,,,,,,,,,,93920.86,,,,,,,,,PAID,,,,,,,,,,,,,,,,,,,,,,,,,,,,,,,,,,,,2026-11-22,REC_FUT_0391,CUST014,2026-09-26,2026-11-04,0.8,9.0,,,,,,
receivables,,TATA001,,,,,,,,,,,,,,,,,,,549523.01,,,,,,,,,PAID,,,,,,,,,,,,,,,,,,,,,,,,,,,,,,,,,,,,2026-11-09,REC_FUT_0392,CUST001,2026-09-26,2026-11-16,0.66,6.0,,,,,,
receivables,,TATA001,,,,,,,,,,,,,,,,,,,68546.81,,,,,,,,,PAID,,,,,,,,,,,,,,,,,,,,,,,,,,,,,,,,,,,,2026-10-28,REC_FUT_0393,CUST012,2026-09-26,2026-11-02,0.73,7.0,,,,,,
receivables,,TATA001,,,,,,,,,,,,,,,,,,,154001.23,,,,,,,,,PAID,,,,,,,,,,,,,,,,,,,,,,,,,,,,,,,,,,,,2026-10-22,REC_FUT_0394,CUST011,2026-09-27,2026-10-28,0.87,1.0,,,,,,
receivables,,TATA001,,,,,,,,,,,,,,,,,,,69813.45,,,,,,,,,PAID,,,,,,,,,,,,,,,,,,,,,,,,,,,,,,,,,,,,2026-10-30,REC_FUT_0395,CUST012,2026-09-28,2026-11-04,0.73,7.0,,,,,,
receivables,,TATA001,,,,,,,,,,,,,,,,,,,75229.76,,,,,,,,,PAID,,,,,,,,,,,,,,,,,,,,,,,,,,,,,,,,,,,,2026-10-26,REC_FUT_0396,CUST013,2026-09-28,2026-11-10,0.77,13.0,,,,,,
receivables,,TATA001,,,,,,,,,,,,,,,,,,,160936.28,,,,,,,,,PAID,,,,,,,,,,,,,,,,,,,,,,,,,,,,,,,,,,,,2026-10-28,REC_FUT_0397,CUST011,2026-09-28,2026-10-29,0.87,1.0,,,,,,
receivables,,TATA001,,,,,,,,,,,,,,,,,,,96985.77,,,,,,,,,PAID,,,,,,,,,,,,,,,,,,,,,,,,,,,,,,,,,,,,2026-10-12,REC_FUT_0398,CUST010,2026-09-29,2026-10-18,0.96,4.0,,,,,,
receivables,,TATA001,,,,,,,,,,,,,,,,,,,47978.14,,,,,,,,,PAID,,,,,,,,,,,,,,,,,,,,,,,,,,,,,,,,,,,,2026-10-15,REC_FUT_0399,CUST010,2026-10-01,2026-10-20,0.96,4.0,,,,,,
receivables,,TATA001,,,,,,,,,,,,,,,,,,,190448.02,,,,,,,,,PAID,,,,,,,,,,,,,,,,,,,,,,,,,,,,,,,,,,,,2026-11-02,REC_FUT_0400,CUST006,2026-10-01,2026-11-08,0.69,8.0,,,,,,
receivables,,TATA001,,,,,,,,,,,,,,,,,,,227287.65,,,,,,,,,PAID,,,,,,,,,,,,,,,,,,,,,,,,,,,,,,,,,,,,2026-10-15,REC_FUT_0401,CUST010,2026-10-01,2026-10-20,0.96,4.0,,,,,,
receivables,,TATA001,,,,,,,,,,,,,,,,,,,74120.24,,,,,,,,,PAID,,,,,,,,,,,,,,,,,,,,,,,,,,,,,,,,,,,,2026-10-29,REC_FUT_0402,CUST002,2026-10-02,2026-11-01,0.85,0.0,,,,,,
receivables,,TATA001,,,,,,,,,,,,,,,,,,,125749.37,,,,,,,,,PAID,,,,,,,,,,,,,,,,,,,,,,,,,,,,,,,,,,,,2026-11-14,REC_FUT_0403,CUST001,2026-10-04,2026-11-24,0.66,6.0,,,,,,
receivables,,TATA001,,,,,,,,,,,,,,,,,,,322305.02,,,,,,,,,PAID,,,,,,,,,,,,,,,,,,,,,,,,,,,,,,,,,,,,2026-10-19,REC_FUT_0404,CUST003,2026-10-06,2026-10-24,0.94,3.0,,,,,,
receivables,,TATA001,,,,,,,,,,,,,,,,,,,383507.47,,,,,,,,,PAID,,,,,,,,,,,,,,,,,,,,,,,,,,,,,,,,,,,,2026-10-20,REC_FUT_0405,CUST015,2026-10-06,2026-10-22,0.94,1.0,,,,,,
receivables,,TATA001,,,,,,,,,,,,,,,,,,,71043.52,,,,,,,,,PAID,,,,,,,,,,,,,,,,,,,,,,,,,,,,,,,,,,,,2026-10-22,REC_FUT_0406,CUST010,2026-10-07,2026-10-26,0.96,4.0,,,,,,
receivables,,TATA001,,,,,,,,,,,,,,,,,,,83167.25,,,,,,,,,PAID,,,,,,,,,,,,,,,,,,,,,,,,,,,,,,,,,,,,2026-11-16,REC_FUT_0407,CUST004,2026-10-07,2026-11-26,0.8,5.0,,,,,,
receivables,,TATA001,,,,,,,,,,,,,,,,,,,137877.34,,,,,,,,,PAID,,,,,,,,,,,,,,,,,,,,,,,,,,,,,,,,,,,,2026-11-03,REC_FUT_0408,CUST002,2026-10-08,2026-11-07,0.85,0.0,,,,,,
receivables,,TATA001,,,,,,,,,,,,,,,,,,,96388.0,,,,,,,,,PAID,,,,,,,,,,,,,,,,,,,,,,,,,,,,,,,,,,,,2026-10-19,REC_FUT_0409,CUST015,2026-10-09,2026-10-25,0.94,1.0,,,,,,
receivables,,TATA001,,,,,,,,,,,,,,,,,,,62391.97,,,,,,,,,PAID,,,,,,,,,,,,,,,,,,,,,,,,,,,,,,,,,,,,2026-10-20,REC_FUT_0410,CUST007,2026-10-09,2026-10-26,0.94,2.0,,,,,,
receivables,,TATA001,,,,,,,,,,,,,,,,,,,41542.68,,,,,,,,,PAID,,,,,,,,,,,,,,,,,,,,,,,,,,,,,,,,,,,,2026-10-20,REC_FUT_0411,CUST010,2026-10-09,2026-10-28,0.96,4.0,,,,,,
receivables,,TATA001,,,,,,,,,,,,,,,,,,,65404.67,,,,,,,,,PAID,,,,,,,,,,,,,,,,,,,,,,,,,,,,,,,,,,,,2026-10-25,REC_FUT_0412,CUST007,2026-10-10,2026-10-27,0.94,2.0,,,,,,
receivables,,TATA001,,,,,,,,,,,,,,,,,,,106597.05,,,,,,,,,PAID,,,,,,,,,,,,,,,,,,,,,,,,,,,,,,,,,,,,2026-10-22,REC_FUT_0413,CUST015,2026-10-10,2026-10-26,0.94,1.0,,,,,,
receivables,,TATA001,,,,,,,,,,,,,,,,,,,383153.32,,,,,,,,,PAID,,,,,,,,,,,,,,,,,,,,,,,,,,,,,,,,,,,,2026-11-05,REC_FUT_0414,CUST011,2026-10-10,2026-11-10,0.87,1.0,,,,,,
receivables,,TATA001,,,,,,,,,,,,,,,,,,,75937.97,,,,,,,,,PAID,,,,,,,,,,,,,,,,,,,,,,,,,,,,,,,,,,,,2026-11-22,REC_FUT_0415,CUST008,2026-10-11,2027-01-03,0.47,39.0,,,,,,
receivables,,TATA001,,,,,,,,,,,,,,,,,,,639762.76,,,,,,,,,PAID,,,,,,,,,,,,,,,,,,,,,,,,,,,,,,,,,,,,2026-12-09,REC_FUT_0416,CUST001,2026-10-13,2026-12-03,0.66,6.0,,,,,,
receivables,,TATA001,,,,,,,,,,,,,,,,,,,49401.14,,,,,,,,,PAID,,,,,,,,,,,,,,,,,,,,,,,,,,,,,,,,,,,,2026-11-23,REC_FUT_0417,CUST004,2026-10-14,2026-12-03,0.8,5.0,,,,,,
receivables,,TATA001,,,,,,,,,,,,,,,,,,,150811.2,,,,,,,,,PAID,,,,,,,,,,,,,,,,,,,,,,,,,,,,,,,,,,,,2026-11-16,REC_FUT_0418,CUST002,2026-10-16,2026-11-15,0.85,0.0,,,,,,
receivables,,TATA001,,,,,,,,,,,,,,,,,,,164960.01,,,,,,,,,PAID,,,,,,,,,,,,,,,,,,,,,,,,,,,,,,,,,,,,2026-11-26,REC_FUT_0419,CUST008,2026-10-16,2027-01-08,0.47,39.0,,,,,,
receivables,,TATA001,,,,,,,,,,,,,,,,,,,155607.46,,,,,,,,,PAID,,,,,,,,,,,,,,,,,,,,,,,,,,,,,,,,,,,,2026-11-15,REC_FUT_0420,CUST011,2026-10-17,2026-11-17,0.87,1.0,,,,,,
receivables,,TATA001,,,,,,,,,,,,,,,,,,,230192.75,,,,,,,,,PAID,,,,,,,,,,,,,,,,,,,,,,,,,,,,,,,,,,,,2026-12-16,REC_FUT_0421,CUST005,2026-10-17,2027-01-06,0.38,21.0,,,,,,
receivables,,TATA001,,,,,,,,,,,,,,,,,,,247336.96,,,,,,,,,PAID,,,,,,,,,,,,,,,,,,,,,,,,,,,,,,,,,,,,2026-10-27,REC_FUT_0422,CUST015,2026-10-17,2026-11-02,0.94,1.0,,,,,,
receivables,,TATA001,,,,,,,,,,,,,,,,,,,287078.59,,,,,,,,,PAID,,,,,,,,,,,,,,,,,,,,,,,,,,,,,,,,,,,,2026-12-21,REC_FUT_0423,CUST005,2026-10-18,2027-01-07,0.38,21.0,,,,,,
receivables,,TATA001,,,,,,,,,,,,,,,,,,,60870.79,,,,,,,,,PAID,,,,,,,,,,,,,,,,,,,,,,,,,,,,,,,,,,,,2026-11-02,REC_FUT_0424,CUST007,2026-10-19,2026-11-05,0.94,2.0,,,,,,
receivables,,TATA001,,,,,,,,,,,,,,,,,,,154271.43,,,,,,,,,PAID,,,,,,,,,,,,,,,,,,,,,,,,,,,,,,,,,,,,2026-11-05,REC_FUT_0425,CUST007,2026-10-21,2026-11-07,0.94,2.0,,,,,,
receivables,,TATA001,,,,,,,,,,,,,,,,,,,93153.17,,,,,,,,,PAID,,,,,,,,,,,,,,,,,,,,,,,,,,,,,,,,,,,,2026-12-04,REC_FUT_0426,CUST001,2026-10-23,2026-12-13,0.66,6.0,,,,,,
receivables,,TATA001,,,,,,,,,,,,,,,,,,,109358.89,,,,,,,,,PAID,,,,,,,,,,,,,,,,,,,,,,,,,,,,,,,,,,,,2026-11-22,REC_FUT_0427,CUST012,2026-10-23,2026-11-29,0.73,7.0,,,,,,
receivables,,TATA001,,,,,,,,,,,,,,,,,,,116188.52,,,,,,,,,PAID,,,,,,,,,,,,,,,,,,,,,,,,,,,,,,,,,,,,2026-11-29,REC_FUT_0428,CUST013,2026-10-25,2026-12-07,0.77,13.0,,,,,,
receivables,,TATA001,,,,,,,,,,,,,,,,,,,171414.34,,,,,,,,,PAID,,,,,,,,,,,,,,,,,,,,,,,,,,,,,,,,,,,,2026-11-20,REC_FUT_0429,CUST014,2026-10-25,2026-12-03,0.8,9.0,,,,,,
receivables,,TATA001,,,,,,,,,,,,,,,,,,,87952.77,,,,,,,,,PAID,,,,,,,,,,,,,,,,,,,,,,,,,,,,,,,,,,,,2026-11-23,REC_FUT_0430,CUST013,2026-10-26,2026-12-08,0.77,13.0,,,,,,
receivables,,TATA001,,,,,,,,,,,,,,,,,,,127185.92,,,,,,,,,PAID,,,,,,,,,,,,,,,,,,,,,,,,,,,,,,,,,,,,2026-11-06,REC_FUT_0431,CUST015,2026-10-26,2026-11-11,0.94,1.0,,,,,,
receivables,,TATA001,,,,,,,,,,,,,,,,,,,329133.03,,,,,,,,,PENDING,,,,,,,,,,,,,,,,,,,,,,,,,,,,,,,,,,,,,REC_FUT_0432,CUST005,2026-10-27,2027-01-16,0.38,21.0,,,,,,
receivables,,TATA001,,,,,,,,,,,,,,,,,,,254304.43,,,,,,,,,PAID,,,,,,,,,,,,,,,,,,,,,,,,,,,,,,,,,,,,2026-11-24,REC_FUT_0433,CUST012,2026-10-27,2026-12-03,0.73,7.0,,,,,,
receivables,,TATA001,,,,,,,,,,,,,,,,,,,82185.48,,,,,,,,,PAID,,,,,,,,,,,,,,,,,,,,,,,,,,,,,,,,,,,,2026-11-07,REC_FUT_0434,CUST010,2026-10-28,2026-11-16,0.96,4.0,,,,,,
receivables,,TATA001,,,,,,,,,,,,,,,,,,,84620.34,,,,,,,,,PAID,,,,,,,,,,,,,,,,,,,,,,,,,,,,,,,,,,,,2026-11-28,REC_FUT_0435,CUST014,2026-10-29,2026-12-07,0.8,9.0,,,,,,
receivables,,TATA001,,,,,,,,,,,,,,,,,,,123284.19,,,,,,,,,PAID,,,,,,,,,,,,,,,,,,,,,,,,,,,,,,,,,,,,2026-11-10,REC_FUT_0436,CUST010,2026-10-29,2026-11-17,0.96,4.0,,,,,,
receivables,,TATA001,,,,,,,,,,,,,,,,,,,30731.05,,,,,,,,,PAID,,,,,,,,,,,,,,,,,,,,,,,,,,,,,,,,,,,,2026-11-23,REC_FUT_0437,CUST011,2026-10-29,2026-11-29,0.87,1.0,,,,,,
receivables,,TATA001,,,,,,,,,,,,,,,,,,,214381.08,,,,,,,,,PAID,,,,,,,,,,,,,,,,,,,,,,,,,,,,,,,,,,,,2026-12-29,REC_FUT_0438,CUST005,2026-10-30,2027-01-19,0.38,21.0,,,,,,
receivables,,TATA001,,,,,,,,,,,,,,,,,,,141064.37,,,,,,,,,PAID,,,,,,,,,,,,,,,,,,,,,,,,,,,,,,,,,,,,2026-12-01,REC_FUT_0439,CUST013,2026-10-31,2026-12-13,0.77,13.0,,,,,,
receivables,,TATA001,,,,,,,,,,,,,,,,,,,75503.65,,,,,,,,,PAID,,,,,,,,,,,,,,,,,,,,,,,,,,,,,,,,,,,,2026-11-15,REC_FUT_0440,CUST007,2026-10-31,2026-11-17,0.94,2.0,,,,,,
receivables,,TATA001,,,,,,,,,,,,,,,,,,,326396.06,,,,,,,,,PAID,,,,,,,,,,,,,,,,,,,,,,,,,,,,,,,,,,,,2026-11-11,REC_FUT_0441,CUST015,2026-11-01,2026-11-17,0.94,1.0,,,,,,
receivables,,TATA001,,,,,,,,,,,,,,,,,,,104190.35,,,,,,,,,PAID,,,,,,,,,,,,,,,,,,,,,,,,,,,,,,,,,,,,2026-12-16,REC_FUT_0442,CUST004,2026-11-01,2026-12-21,0.8,5.0,,,,,,
receivables,,TATA001,,,,,,,,,,,,,,,,,,,73965.96,,,,,,,,,PAID,,,,,,,,,,,,,,,,,,,,,,,,,,,,,,,,,,,,2026-11-28,REC_FUT_0443,CUST014,2026-11-01,2026-12-10,0.8,9.0,,,,,,
receivables,,TATA001,,,,,,,,,,,,,,,,,,,407098.3,,,,,,,,,PAID,,,,,,,,,,,,,,,,,,,,,,,,,,,,,,,,,,,,2026-12-02,REC_FUT_0444,CUST002,2026-11-02,2026-12-02,0.85,0.0,,,,,,
receivables,,TATA001,,,,,,,,,,,,,,,,,,,30000.0,,,,,,,,,PAID,,,,,,,,,,,,,,,,,,,,,,,,,,,,,,,,,,,,2026-12-06,REC_FUT_0445,CUST013,2026-11-03,2026-12-16,0.77,13.0,,,,,,
receivables,,TATA001,,,,,,,,,,,,,,,,,,,171792.98,,,,,,,,,PAID,,,,,,,,,,,,,,,,,,,,,,,,,,,,,,,,,,,,2026-11-20,REC_FUT_0446,CUST007,2026-11-04,2026-11-21,0.94,2.0,,,,,,
receivables,,TATA001,,,,,,,,,,,,,,,,,,,217752.9,,,,,,,,,PAID,,,,,,,,,,,,,,,,,,,,,,,,,,,,,,,,,,,,2026-12-18,REC_FUT_0447,CUST004,2026-11-05,2026-12-25,0.8,5.0,,,,,,
receivables,,TATA001,,,,,,,,,,,,,,,,,,,129399.59,,,,,,,,,PAID,,,,,,,,,,,,,,,,,,,,,,,,,,,,,,,,,,,,2026-12-20,REC_FUT_0448,CUST004,2026-11-06,2026-12-26,0.8,5.0,,,,,,
receivables,,TATA001,,,,,,,,,,,,,,,,,,,73507.66,,,,,,,,,PAID,,,,,,,,,,,,,,,,,,,,,,,,,,,,,,,,,,,,2026-12-03,REC_FUT_0449,CUST009,2026-11-06,2026-12-11,0.78,5.0,,,,,,
receivables,,TATA001,,,,,,,,,,,,,,,,,,,44524.15,,,,,,,,,PAID,,,,,,,,,,,,,,,,,,,,,,,,,,,,,,,,,,,,2026-12-01,REC_FUT_0450,CUST012,2026-11-06,2026-12-13,0.73,7.0,,,,,,
receivables,,TATA001,,,,,,,,,,,,,,,,,,,200931.66,,,,,,,,,PAID,,,,,,,,,,,,,,,,,,,,,,,,,,,,,,,,,,,,2026-11-17,REC_FUT_0451,CUST010,2026-11-07,2026-11-26,0.96,4.0,,,,,,
receivables,,TATA001,,,,,,,,,,,,,,,,,,,171981.26,,,,,,,,,PAID,,,,,,,,,,,,,,,,,,,,,,,,,,,,,,,,,,,,2026-12-02,REC_FUT_0452,CUST011,2026-11-07,2026-12-08,0.87,1.0,,,,,,
receivables,,TATA001,,,,,,,,,,,,,,,,,,,397379.05,,,,,,,,,PAID,,,,,,,,,,,,,,,,,,,,,,,,,,,,,,,,,,,,2026-12-28,REC_FUT_0453,CUST001,2026-11-09,2026-12-30,0.66,6.0,,,,,,
receivables,,TATA001,,,,,,,,,,,,,,,,,,,94410.07,,,,,,,,,PAID,,,,,,,,,,,,,,,,,,,,,,,,,,,,,,,,,,,,2026-12-10,REC_FUT_0454,CUST013,2026-11-10,2026-12-23,0.77,13.0,,,,,,
receivables,,TATA001,,,,,,,,,,,,,,,,,,,66329.48,,,,,,,,,PAID,,,,,,,,,,,,,,,,,,,,,,,,,,,,,,,,,,,,2026-12-07,REC_FUT_0455,CUST012,2026-11-10,2026-12-17,0.73,7.0,,,,,,
receivables,,TATA001,,,,,,,,,,,,,,,,,,,68296.6,,,,,,,,,PAID,,,,,,,,,,,,,,,,,,,,,,,,,,,,,,,,,,,,2026-12-07,REC_FUT_0456,CUST011,2026-11-10,2026-12-11,0.87,1.0,,,,,,
receivables,,TATA001,,,,,,,,,,,,,,,,,,,114914.58,,,,,,,,,PAID,,,,,,,,,,,,,,,,,,,,,,,,,,,,,,,,,,,,2026-11-21,REC_FUT_0457,CUST015,2026-11-11,2026-11-27,0.94,1.0,,,,,,
receivables,,TATA001,,,,,,,,,,,,,,,,,,,85812.24,,,,,,,,,PAID,,,,,,,,,,,,,,,,,,,,,,,,,,,,,,,,,,,,2026-12-10,REC_FUT_0458,CUST014,2026-11-12,2026-12-21,0.8,9.0,,,,,,
receivables,,TATA001,,,,,,,,,,,,,,,,,,,155414.54,,,,,,,,,PAID,,,,,,,,,,,,,,,,,,,,,,,,,,,,,,,,,,,,2026-11-26,REC_FUT_0459,CUST015,2026-11-12,2026-11-28,0.94,1.0,,,,,,
receivables,,TATA001,,,,,,,,,,,,,,,,,,,106911.06,,,,,,,,,PAID,,,,,,,,,,,,,,,,,,,,,,,,,,,,,,,,,,,,2026-12-11,REC_FUT_0460,CUST011,2026-11-12,2026-12-13,0.87,1.0,,,,,,
receivables,,TATA001,,,,,,,,,,,,,,,,,,,179046.51,,,,,,,,,PENDING,,,,,,,,,,,,,,,,,,,,,,,,,,,,,,,,,,,,,REC_FUT_0461,CUST008,2026-11-15,2027-02-07,0.47,39.0,,,,,,
receivables,,TATA001,,,,,,,,,,,,,,,,,,,180914.18,,,,,,,,,PENDING,,,,,,,,,,,,,,,,,,,,,,,,,,,,,,,,,,,,,REC_FUT_0462,CUST005,2026-11-16,2027-02-05,0.38,21.0,,,,,,
receivables,,TATA001,,,,,,,,,,,,,,,,,,,276621.87,,,,,,,,,PAID,,,,,,,,,,,,,,,,,,,,,,,,,,,,,,,,,,,,2026-12-31,REC_FUT_0463,CUST008,2026-11-17,2027-02-09,0.47,39.0,,,,,,
receivables,,TATA001,,,,,,,,,,,,,,,,,,,298965.08,,,,,,,,,PENDING,,,,,,,,,,,,,,,,,,,,,,,,,,,,,,,,,,,,,REC_FUT_0464,CUST001,2026-11-20,2027-01-10,0.66,6.0,,,,,,
receivables,,TATA001,,,,,,,,,,,,,,,,,,,64203.97,,,,,,,,,PAID,,,,,,,,,,,,,,,,,,,,,,,,,,,,,,,,,,,,2026-12-02,REC_FUT_0465,CUST015,2026-11-21,2026-12-07,0.94,1.0,,,,,,
receivables,,TATA001,,,,,,,,,,,,,,,,,,,42159.28,,,,,,,,,PAID,,,,,,,,,,,,,,,,,,,,,,,,,,,,,,,,,,,,2026-12-18,REC_FUT_0466,CUST011,2026-11-21,2026-12-22,0.87,1.0,,,,,,
receivables,,TATA001,,,,,,,,,,,,,,,,,,,87442.04,,,,,,,,,PAID,,,,,,,,,,,,,,,,,,,,,,,,,,,,,,,,,,,,2026-12-22,REC_FUT_0467,CUST009,2026-11-23,2026-12-28,0.78,5.0,,,,,,
receivables,,TATA001,,,,,,,,,,,,,,,,,,,108012.01,,,,,,,,,PENDING,,,,,,,,,,,,,,,,,,,,,,,,,,,,,,,,,,,,,REC_FUT_0468,CUST008,2026-11-24,2027-02-16,0.47,39.0,,,,,,
receivables,,TATA001,,,,,,,,,,,,,,,,,,,35811.23,,,,,,,,,PAID,,,,,,,,,,,,,,,,,,,,,,,,,,,,,,,,,,,,2026-12-22,REC_FUT_0469,CUST014,2026-11-25,2027-01-03,0.8,9.0,,,,,,
receivables,,TATA001,,,,,,,,,,,,,,,,,,,69966.82,,,,,,,,,PENDING,,,,,,,,,,,,,,,,,,,,,,,,,,,,,,,,,,,,,REC_FUT_0470,CUST001,2026-11-26,2027-01-16,0.66,6.0,,,,,,
receivables,,TATA001,,,,,,,,,,,,,,,,,,,219043.71,,,,,,,,,PENDING,,,,,,,,,,,,,,,,,,,,,,,,,,,,,,,,,,,,,REC_FUT_0471,CUST008,2026-11-26,2027-02-18,0.47,39.0,,,,,,
receivables,,TATA001,,,,,,,,,,,,,,,,,,,189105.46,,,,,,,,,PAID,,,,,,,,,,,,,,,,,,,,,,,,,,,,,,,,,,,,2026-12-28,REC_FUT_0472,CUST014,2026-11-28,2027-01-06,0.8,9.0,,,,,,
receivables,,TATA001,,,,,,,,,,,,,,,,,,,55443.33,,,,,,,,,PENDING,,,,,,,,,,,,,,,,,,,,,,,,,,,,,,,,,,,,,REC_FUT_0473,CUST008,2026-11-30,2027-02-22,0.47,39.0,,,,,,
receivables,,TATA001,,,,,,,,,,,,,,,,,,,105514.33,,,,,,,,,PAID,,,,,,,,,,,,,,,,,,,,,,,,,,,,,,,,,,,,2026-12-28,REC_FUT_0474,CUST009,2026-11-30,2027-01-04,0.78,5.0,,,,,,
receivables,,TATA001,,,,,,,,,,,,,,,,,,,108823.03,,,,,,,,,PAID,,,,,,,,,,,,,,,,,,,,,,,,,,,,,,,,,,,,2026-12-14,REC_FUT_0475,CUST007,2026-12-01,2026-12-18,0.94,2.0,,,,,,
receivables,,TATA001,,,,,,,,,,,,,,,,,,,201622.74,,,,,,,,,PENDING,,,,,,,,,,,,,,,,,,,,,,,,,,,,,,,,,,,,,REC_FUT_0476,CUST009,2026-12-03,2027-01-07,0.78,5.0,,,,,,
receivables,,TATA001,,,,,,,,,,,,,,,,,,,59075.82,,,,,,,,,PAID,,,,,,,,,,,,,,,,,,,,,,,,,,,,,,,,,,,,2026-12-20,REC_FUT_0477,CUST007,2026-12-03,2026-12-20,0.94,2.0,,,,,,
receivables,,TATA001,,,,,,,,,,,,,,,,,,,89610.68,,,,,,,,,PENDING,,,,,,,,,,,,,,,,,,,,,,,,,,,,,,,,,,,,,REC_FUT_0478,CUST012,2026-12-04,2027-01-10,0.73,7.0,,,,,,
receivables,,TATA001,,,,,,,,,,,,,,,,,,,168774.18,,,,,,,,,PENDING,,,,,,,,,,,,,,,,,,,,,,,,,,,,,,,,,,,,,REC_FUT_0479,CUST001,2026-12-05,2027-01-25,0.66,6.0,,,,,,
receivables,,TATA001,,,,,,,,,,,,,,,,,,,79898.45,,,,,,,,,PAID,,,,,,,,,,,,,,,,,,,,,,,,,,,,,,,,,,,,2026-12-21,REC_FUT_0480,CUST003,2026-12-06,2026-12-24,0.94,3.0,,,,,,
receivables,,TATA001,,,,,,,,,,,,,,,,,,,132303.97,,,,,,,,,PENDING,,,,,,,,,,,,,,,,,,,,,,,,,,,,,,,,,,,,,REC_FUT_0481,CUST013,2026-12-06,2027-01-18,0.77,13.0,,,,,,
receivables,,TATA001,,,,,,,,,,,,,,,,,,,140161.14,,,,,,,,,PENDING,,,,,,,,,,,,,,,,,,,,,,,,,,,,,,,,,,,,,REC_FUT_0482,CUST013,2026-12-08,2027-01-20,0.77,13.0,,,,,,
receivables,,TATA001,,,,,,,,,,,,,,,,,,,170181.41,,,,,,,,,PENDING,,,,,,,,,,,,,,,,,,,,,,,,,,,,,,,,,,,,,REC_FUT_0483,CUST013,2026-12-09,2027-01-21,0.77,13.0,,,,,,
receivables,,TATA001,,,,,,,,,,,,,,,,,,,118204.72,,,,,,,,,PENDING,,,,,,,,,,,,,,,,,,,,,,,,,,,,,,,,,,,,,REC_FUT_0484,CUST013,2026-12-11,2027-01-23,0.77,13.0,,,,,,
receivables,,TATA001,,,,,,,,,,,,,,,,,,,212161.24,,,,,,,,,PENDING,,,,,,,,,,,,,,,,,,,,,,,,,,,,,,,,,,,,,REC_FUT_0485,CUST008,2026-12-11,2027-03-05,0.47,39.0,,,,,,
receivables,,TATA001,,,,,,,,,,,,,,,,,,,52992.02,,,,,,,,,PENDING,,,,,,,,,,,,,,,,,,,,,,,,,,,,,,,,,,,,,REC_FUT_0486,CUST009,2026-12-12,2027-01-16,0.78,5.0,,,,,,
receivables,,TATA001,,,,,,,,,,,,,,,,,,,75319.27,,,,,,,,,PENDING,,,,,,,,,,,,,,,,,,,,,,,,,,,,,,,,,,,,,REC_FUT_0487,CUST013,2026-12-12,2027-01-24,0.77,13.0,,,,,,
receivables,,TATA001,,,,,,,,,,,,,,,,,,,240512.44,,,,,,,,,PENDING,,,,,,,,,,,,,,,,,,,,,,,,,,,,,,,,,,,,,REC_FUT_0488,CUST012,2026-12-14,2027-01-20,0.73,7.0,,,,,,
receivables,,TATA001,,,,,,,,,,,,,,,,,,,869355.36,,,,,,,,,PENDING,,,,,,,,,,,,,,,,,,,,,,,,,,,,,,,,,,,,,REC_FUT_0489,CUST001,2026-12-14,2027-02-03,0.66,6.0,,,,,,
receivables,,TATA001,,,,,,,,,,,,,,,,,,,101962.44,,,,,,,,,PENDING,,,,,,,,,,,,,,,,,,,,,,,,,,,,,,,,,,,,,REC_FUT_0490,CUST005,2026-12-14,2027-03-05,0.38,21.0,,,,,,
receivables,,TATA001,,,,,,,,,,,,,,,,,,,49539.27,,,,,,,,,PAID,,,,,,,,,,,,,,,,,,,,,,,,,,,,,,,,,,,,2026-12-26,REC_FUT_0491,CUST015,2026-12-15,2026-12-31,0.94,1.0,,,,,,
receivables,,TATA001,,,,,,,,,,,,,,,,,,,126515.04,,,,,,,,,PENDING,,,,,,,,,,,,,,,,,,,,,,,,,,,,,,,,,,,,,REC_FUT_0492,CUST011,2026-12-16,2027-01-16,0.87,1.0,,,,,,
receivables,,TATA001,,,,,,,,,,,,,,,,,,,234153.53,,,,,,,,,PENDING,,,,,,,,,,,,,,,,,,,,,,,,,,,,,,,,,,,,,REC_FUT_0493,CUST005,2026-12-16,2027-03-07,0.38,21.0,,,,,,
receivables,,TATA001,,,,,,,,,,,,,,,,,,,328335.34,,,,,,,,,PENDING,,,,,,,,,,,,,,,,,,,,,,,,,,,,,,,,,,,,,REC_FUT_0494,CUST013,2026-12-18,2027-01-30,0.77,13.0,,,,,,
receivables,,TATA001,,,,,,,,,,,,,,,,,,,39141.46,,,,,,,,,PENDING,,,,,,,,,,,,,,,,,,,,,,,,,,,,,,,,,,,,,REC_FUT_0495,CUST006,2026-12-20,2027-01-27,0.69,8.0,,,,,,
receivables,,TATA001,,,,,,,,,,,,,,,,,,,127658.79,,,,,,,,,PENDING,,,,,,,,,,,,,,,,,,,,,,,,,,,,,,,,,,,,,REC_FUT_0496,CUST009,2026-12-21,2027-01-25,0.78,5.0,,,,,,
receivables,,TATA001,,,,,,,,,,,,,,,,,,,227059.83,,,,,,,,,PENDING,,,,,,,,,,,,,,,,,,,,,,,,,,,,,,,,,,,,,REC_FUT_0497,CUST014,2026-12-21,2027-01-29,0.8,9.0,,,,,,
receivables,,TATA001,,,,,,,,,,,,,,,,,,,354601.32,,,,,,,,,PENDING,,,,,,,,,,,,,,,,,,,,,,,,,,,,,,,,,,,,,REC_FUT_0498,CUST008,2026-12-22,2027-03-16,0.47,39.0,,,,,,
receivables,,TATA001,,,,,,,,,,,,,,,,,,,79124.75,,,,,,,,,PENDING,,,,,,,,,,,,,,,,,,,,,,,,,,,,,,,,,,,,,REC_FUT_0499,CUST010,2026-12-22,2027-01-10,0.96,4.0,,,,,,
receivables,,TATA001,,,,,,,,,,,,,,,,,,,96679.91,,,,,,,,,PENDING,,,,,,,,,,,,,,,,,,,,,,,,,,,,,,,,,,,,,REC_FUT_0500,CUST013,2026-12-23,2027-02-04,0.77,13.0,,,,,,
receivables,,TATA001,,,,,,,,,,,,,,,,,,,202513.53,,,,,,,,,PENDING,,,,,,,,,,,,,,,,,,,,,,,,,,,,,,,,,,,,,REC_FUT_0501,CUST005,2026-12-24,2027-03-15,0.38,21.0,,,,,,
receivables,,TATA001,,,,,,,,,,,,,,,,,,,158419.51,,,,,,,,,PENDING,,,,,,,,,,,,,,,,,,,,,,,,,,,,,,,,,,,,,REC_FUT_0502,CUST001,2026-12-25,2027-02-14,0.66,6.0,,,,,,
receivables,,TATA001,,,,,,,,,,,,,,,,,,,45357.65,,,,,,,,,PENDING,,,,,,,,,,,,,,,,,,,,,,,,,,,,,,,,,,,,,REC_FUT_0503,CUST002,2026-12-26,2027-01-25,0.85,0.0,,,,,,
receivables,,TATA001,,,,,,,,,,,,,,,,,,,136852.65,,,,,,,,,PENDING,,,,,,,,,,,,,,,,,,,,,,,,,,,,,,,,,,,,,REC_FUT_0504,CUST002,2026-12-28,2027-01-27,0.85,0.0,,,,,,
receivables,,TATA001,,,,,,,,,,,,,,,,,,,105314.25,,,,,,,,,PENDING,,,,,,,,,,,,,,,,,,,,,,,,,,,,,,,,,,,,,REC_FUT_0505,CUST002,2026-12-29,2027-01-28,0.85,0.0,,,,,,
receivables,,TATA001,,,,,,,,,,,,,,,,,,,97761.75,,,,,,,,,PENDING,,,,,,,,,,,,,,,,,,,,,,,,,,,,,,,,,,,,,REC_FUT_0506,CUST001,2026-12-29,2027-02-18,0.66,6.0,,,,,,
receivables,,TATA001,,,,,,,,,,,,,,,,,,,229505.22,,,,,,,,,PENDING,,,,,,,,,,,,,,,,,,,,,,,,,,,,,,,,,,,,,REC_FUT_0507,CUST002,2026-12-31,2027-01-30,0.85,0.0,,,,,,
transactions,2026-08-28,TATA001,,,,,,,,,,,,,,,,,,,1650000.0,,,,,,,,,CLEARED,,,,,,,,,,,,,,,,,,,,,,,,,,,,,,,,,,,,,,,,,,,TX_FUT_OPS_00001,OPERATING_EXPENSE,SALARY,Corporate Employee Payroll,NONE,
transactions,2026-09-01,TATA001,,,,,,,,,,,,,,,,,,,120000.0,,,,,,,,,CLEARED,,,,,,,,,,,,,,,,,,,,,,,,,,,,,,,,,,,,,,,,,,,TX_FUT_OPS_00002,OPERATING_EXPENSE,RENT,Facility Rental Charge,NONE,
transactions,2026-09-20,TATA001,,,,,,,,,,,,,,,,,,,50394.63,,,,,,,,,CLEARED,,,,,,,,,,,,,,,,,,,,,,,,,,,,,,,,,,,,,,,,,,,TX_FUT_OUT_00003,SUPPLIER_PAYMENT,RAW_MATERIAL,Payment cleared for future invoice INV_FUT_0267,INVOICE,INV_FUT_0267
transactions,2026-09-22,TATA001,,,,,,,,,,,,,,,,,,,31760.96,,,,,,,,,CLEARED,,,,,,,,,,,,,,,,,,,,,,,,,,,,,,,,,,,,,,,,,,,TX_FUT_IN_00004,CUSTOMER_PAYMENT,CUSTOMER_COLLECTION,Collection of future receivable REC_FUT_0365,RECEIVABLE,REC_FUT_0365
transactions,2026-09-23,TATA001,,,,,,,,,,,,,,,,,,,226495.9,,,,,,,,,CLEARED,,,,,,,,,,,,,,,,,,,,,,,,,,,,,,,,,,,,,,,,,,,TX_FUT_IN_00005,CUSTOMER_PAYMENT,CUSTOMER_COLLECTION,Collection of future receivable REC_FUT_0378,RECEIVABLE,REC_FUT_0378
transactions,2026-09-24,TATA001,,,,,,,,,,,,,,,,,,,168225.96,,,,,,,,,CLEARED,,,,,,,,,,,,,,,,,,,,,,,,,,,,,,,,,,,,,,,,,,,TX_FUT_IN_00006,CUSTOMER_PAYMENT,CUSTOMER_COLLECTION,Collection of future receivable REC_FUT_0368,RECEIVABLE,REC_FUT_0368
transactions,2026-09-28,TATA001,,,,,,,,,,,,,,,,,,,1650000.0,,,,,,,,,CLEARED,,,,,,,,,,,,,,,,,,,,,,,,,,,,,,,,,,,,,,,,,,,TX_FUT_OPS_00007,OPERATING_EXPENSE,SALARY,Corporate Employee Payroll,NONE,
transactions,2026-09-29,TATA001,,,,,,,,,,,,,,,,,,,149141.05,,,,,,,,,CLEARED,,,,,,,,,,,,,,,,,,,,,,,,,,,,,,,,,,,,,,,,,,,TX_FUT_IN_00008,CUSTOMER_PAYMENT,CUSTOMER_COLLECTION,Collection of future receivable REC_FUT_0371,RECEIVABLE,REC_FUT_0371
transactions,2026-09-30,TATA001,,,,,,,,,,,,,,,,,,,21563.53,,,,,,,,,CLEARED,,,,,,,,,,,,,,,,,,,,,,,,,,,,,,,,,,,,,,,,,,,TX_FUT_OUT_00009,SUPPLIER_PAYMENT,RAW_MATERIAL,Payment cleared for future invoice INV_FUT_0262,INVOICE,INV_FUT_0262
transactions,2026-10-01,TATA001,,,,,,,,,,,,,,,,,,,84627.37,,,,,,,,,CLEARED,,,,,,,,,,,,,,,,,,,,,,,,,,,,,,,,,,,,,,,,,,,TX_FUT_IN_00010,CUSTOMER_PAYMENT,CUSTOMER_COLLECTION,Collection of future receivable REC_FUT_0383,RECEIVABLE,REC_FUT_0383
transactions,2026-10-01,TATA001,,,,,,,,,,,,,,,,,,,120000.0,,,,,,,,,CLEARED,,,,,,,,,,,,,,,,,,,,,,,,,,,,,,,,,,,,,,,,,,,TX_FUT_OPS_00011,OPERATING_EXPENSE,RENT,Facility Rental Charge,NONE,
transactions,2026-10-03,TATA001,,,,,,,,,,,,,,,,,,,93967.98,,,,,,,,,CLEARED,,,,,,,,,,,,,,,,,,,,,,,,,,,,,,,,,,,,,,,,,,,TX_FUT_IN_00012,CUSTOMER_PAYMENT,CUSTOMER_COLLECTION,Collection of future receivable REC_FUT_0372,RECEIVABLE,REC_FUT_0372
transactions,2026-10-03,TATA001,,,,,,,,,,,,,,,,,,,240469.52,,,,,,,,,CLEARED,,,,,,,,,,,,,,,,,,,,,,,,,,,,,,,,,,,,,,,,,,,TX_FUT_IN_00013,CUSTOMER_PAYMENT,CUSTOMER_COLLECTION,Collection of future receivable REC_FUT_0373,RECEIVABLE,REC_FUT_0373
transactions,2026-10-05,TATA001,,,,,,,,,,,,,,,,,,,68573.91,,,,,,,,,CLEARED,,,,,,,,,,,,,,,,,,,,,,,,,,,,,,,,,,,,,,,,,,,TX_FUT_OUT_00014,SUPPLIER_PAYMENT,RAW_MATERIAL,Payment cleared for future invoice INV_FUT_0266,INVOICE,INV_FUT_0266
transactions,2026-10-06,TATA001,,,,,,,,,,,,,,,,,,,148629.8,,,,,,,,,CLEARED,,,,,,,,,,,,,,,,,,,,,,,,,,,,,,,,,,,,,,,,,,,TX_FUT_OUT_00015,SUPPLIER_PAYMENT,RAW_MATERIAL,Payment cleared for future invoice INV_FUT_0268,INVOICE,INV_FUT_0268
transactions,2026-10-07,TATA001,,,,,,,,,,,,,,,,,,,90878.7,,,,,,,,,CLEARED,,,,,,,,,,,,,,,,,,,,,,,,,,,,,,,,,,,,,,,,,,,TX_FUT_IN_00016,CUSTOMER_PAYMENT,CUSTOMER_COLLECTION,Collection of future receivable REC_FUT_0377,RECEIVABLE,REC_FUT_0377
transactions,2026-10-10,TATA001,,,,,,,,,,,,,,,,,,,42841.35,,,,,,,,,CLEARED,,,,,,,,,,,,,,,,,,,,,,,,,,,,,,,,,,,,,,,,,,,TX_FUT_IN_00017,CUSTOMER_PAYMENT,CUSTOMER_COLLECTION,Collection of future receivable REC_FUT_0367,RECEIVABLE,REC_FUT_0367
transactions,2026-10-11,TATA001,,,,,,,,,,,,,,,,,,,83546.76,,,,,,,,,CLEARED,,,,,,,,,,,,,,,,,,,,,,,,,,,,,,,,,,,,,,,,,,,TX_FUT_OUT_00018,SUPPLIER_PAYMENT,RAW_MATERIAL,Payment cleared for future invoice INV_FUT_0281,INVOICE,INV_FUT_0281
transactions,2026-10-12,TATA001,,,,,,,,,,,,,,,,,,,292594.57,,,,,,,,,CLEARED,,,,,,,,,,,,,,,,,,,,,,,,,,,,,,,,,,,,,,,,,,,TX_FUT_IN_00019,CUSTOMER_PAYMENT,CUSTOMER_COLLECTION,Collection of future receivable REC_FUT_0382,RECEIVABLE,REC_FUT_0382
transactions,2026-10-12,TATA001,,,,,,,,,,,,,,,,,,,96985.77,,,,,,,,,CLEARED,,,,,,,,,,,,,,,,,,,,,,,,,,,,,,,,,,,,,,,,,,,TX_FUT_IN_00020,CUSTOMER_PAYMENT,CUSTOMER_COLLECTION,Collection of future receivable REC_FUT_0398,RECEIVABLE,REC_FUT_0398
transactions,2026-10-12,TATA001,,,,,,,,,,,,,,,,,,,68902.88,,,,,,,,,CLEARED,,,,,,,,,,,,,,,,,,,,,,,,,,,,,,,,,,,,,,,,,,,TX_FUT_OUT_00021,SUPPLIER_PAYMENT,RAW_MATERIAL,Payment cleared for future invoice INV_FUT_0260,INVOICE,INV_FUT_0260
transactions,2026-10-12,TATA001,,,,,,,,,,,,,,,,,,,101727.84,,,,,,,,,CLEARED,,,,,,,,,,,,,,,,,,,,,,,,,,,,,,,,,,,,,,,,,,,TX_FUT_OUT_00022,SUPPLIER_PAYMENT,RAW_MATERIAL,Payment cleared for future invoice INV_FUT_0271,INVOICE,INV_FUT_0271
transactions,2026-10-13,TATA001,,,,,,,,,,,,,,,,,,,243018.94,,,,,,,,,CLEARED,,,,,,,,,,,,,,,,,,,,,,,,,,,,,,,,,,,,,,,,,,,TX_FUT_IN_00023,CUSTOMER_PAYMENT,CUSTOMER_COLLECTION,Collection of future receivable REC_FUT_0366,RECEIVABLE,REC_FUT_0366
transactions,2026-10-13,TATA001,,,,,,,,,,,,,,,,,,,140555.66,,,,,,,,,CLEARED,,,,,,,,,,,,,,,,,,,,,,,,,,,,,,,,,,,,,,,,,,,TX_FUT_OUT_00024,SUPPLIER_PAYMENT,RAW_MATERIAL,Payment cleared for future invoice INV_FUT_0261,INVOICE,INV_FUT_0261
transactions,2026-10-15,TATA001,,,,,,,,,,,,,,,,,,,133002.41,,,,,,,,,CLEARED,,,,,,,,,,,,,,,,,,,,,,,,,,,,,,,,,,,,,,,,,,,TX_FUT_IN_00025,CUSTOMER_PAYMENT,CUSTOMER_COLLECTION,Collection of future receivable REC_FUT_0380,RECEIVABLE,REC_FUT_0380
transactions,2026-10-15,TATA001,,,,,,,,,,,,,,,,,,,47978.14,,,,,,,,,CLEARED,,,,,,,,,,,,,,,,,,,,,,,,,,,,,,,,,,,,,,,,,,,TX_FUT_IN_00026,CUSTOMER_PAYMENT,CUSTOMER_COLLECTION,Collection of future receivable REC_FUT_0399,RECEIVABLE,REC_FUT_0399
transactions,2026-10-15,TATA001,,,,,,,,,,,,,,,,,,,227287.65,,,,,,,,,CLEARED,,,,,,,,,,,,,,,,,,,,,,,,,,,,,,,,,,,,,,,,,,,TX_FUT_IN_00027,CUSTOMER_PAYMENT,CUSTOMER_COLLECTION,Collection of future receivable REC_FUT_0401,RECEIVABLE,REC_FUT_0401
transactions,2026-10-16,TATA001,,,,,,,,,,,,,,,,,,,69820.02,,,,,,,,,CLEARED,,,,,,,,,,,,,,,,,,,,,,,,,,,,,,,,,,,,,,,,,,,TX_FUT_OUT_00028,SUPPLIER_PAYMENT,RAW_MATERIAL,Payment cleared for future invoice INV_FUT_0263,INVOICE,INV_FUT_0263
transactions,2026-10-16,TATA001,,,,,,,,,,,,,,,,,,,140756.65,,,,,,,,,CLEARED,,,,,,,,,,,,,,,,,,,,,,,,,,,,,,,,,,,,,,,,,,,TX_FUT_OUT_00029,SUPPLIER_PAYMENT,RAW_MATERIAL,Payment cleared for future invoice INV_FUT_0264,INVOICE,INV_FUT_0264
transactions,2026-10-18,TATA001,,,,,,,,,,,,,,,,,,,81395.73,,,,,,,,,CLEARED,,,,,,,,,,,,,,,,,,,,,,,,,,,,,,,,,,,,,,,,,,,TX_FUT_OUT_00030,SUPPLIER_PAYMENT,RAW_MATERIAL,Payment cleared for future invoice INV_FUT_0265,INVOICE,INV_FUT_0265
transactions,2026-10-19,TATA001,,,,,,,,,,,,,,,,,,,52588.91,,,,,,,,,CLEARED,,,,,,,,,,,,,,,,,,,,,,,,,,,,,,,,,,,,,,,,,,,TX_FUT_IN_00031,CUSTOMER_PAYMENT,CUSTOMER_COLLECTION,Collection of future receivable REC_FUT_0376,RECEIVABLE,REC_FUT_0376
transactions,2026-10-19,TATA001,,,,,,,,,,,,,,,,,,,59228.53,,,,,,,,,CLEARED,,,,,,,,,,,,,,,,,,,,,,,,,,,,,,,,,,,,,,,,,,,TX_FUT_IN_00032,CUSTOMER_PAYMENT,CUSTOMER_COLLECTION,Collection of future receivable REC_FUT_0385,RECEIVABLE,REC_FUT_0385
transactions,2026-10-19,TATA001,,,,,,,,,,,,,,,,,,,322305.02,,,,,,,,,CLEARED,,,,,,,,,,,,,,,,,,,,,,,,,,,,,,,,,,,,,,,,,,,TX_FUT_IN_00033,CUSTOMER_PAYMENT,CUSTOMER_COLLECTION,Collection of future receivable REC_FUT_0404,RECEIVABLE,REC_FUT_0404
transactions,2026-10-19,TATA001,,,,,,,,,,,,,,,,,,,96388.0,,,,,,,,,CLEARED,,,,,,,,,,,,,,,,,,,,,,,,,,,,,,,,,,,,,,,,,,,TX_FUT_IN_00034,CUSTOMER_PAYMENT,CUSTOMER_COLLECTION,Collection of future receivable REC_FUT_0409,RECEIVABLE,REC_FUT_0409
transactions,2026-10-20,TATA001,,,,,,,,,,,,,,,,,,,383507.47,,,,,,,,,CLEARED,,,,,,,,,,,,,,,,,,,,,,,,,,,,,,,,,,,,,,,,,,,TX_FUT_IN_00035,CUSTOMER_PAYMENT,CUSTOMER_COLLECTION,Collection of future receivable REC_FUT_0405,RECEIVABLE,REC_FUT_0405
transactions,2026-10-20,TATA001,,,,,,,,,,,,,,,,,,,62391.97,,,,,,,,,CLEARED,,,,,,,,,,,,,,,,,,,,,,,,,,,,,,,,,,,,,,,,,,,TX_FUT_IN_00036,CUSTOMER_PAYMENT,CUSTOMER_COLLECTION,Collection of future receivable REC_FUT_0410,RECEIVABLE,REC_FUT_0410
transactions,2026-10-20,TATA001,,,,,,,,,,,,,,,,,,,41542.68,,,,,,,,,CLEARED,,,,,,,,,,,,,,,,,,,,,,,,,,,,,,,,,,,,,,,,,,,TX_FUT_IN_00037,CUSTOMER_PAYMENT,CUSTOMER_COLLECTION,Collection of future receivable REC_FUT_0411,RECEIVABLE,REC_FUT_0411
transactions,2026-10-21,TATA001,,,,,,,,,,,,,,,,,,,79869.41,,,,,,,,,CLEARED,,,,,,,,,,,,,,,,,,,,,,,,,,,,,,,,,,,,,,,,,,,TX_FUT_IN_00038,CUSTOMER_PAYMENT,CUSTOMER_COLLECTION,Collection of future receivable REC_FUT_0384,RECEIVABLE,REC_FUT_0384
transactions,2026-10-22,TATA001,,,,,,,,,,,,,,,,,,,322981.51,,,,,,,,,CLEARED,,,,,,,,,,,,,,,,,,,,,,,,,,,,,,,,,,,,,,,,,,,TX_FUT_IN_00039,CUSTOMER_PAYMENT,CUSTOMER_COLLECTION,Collection of future receivable REC_FUT_0390,RECEIVABLE,REC_FUT_0390
transactions,2026-10-22,TATA001,,,,,,,,,,,,,,,,,,,154001.23,,,,,,,,,CLEARED,,,,,,,,,,,,,,,,,,,,,,,,,,,,,,,,,,,,,,,,,,,TX_FUT_IN_00040,CUSTOMER_PAYMENT,CUSTOMER_COLLECTION,Collection of future receivable REC_FUT_0394,RECEIVABLE,REC_FUT_0394
transactions,2026-10-22,TATA001,,,,,,,,,,,,,,,,,,,71043.52,,,,,,,,,CLEARED,,,,,,,,,,,,,,,,,,,,,,,,,,,,,,,,,,,,,,,,,,,TX_FUT_IN_00041,CUSTOMER_PAYMENT,CUSTOMER_COLLECTION,Collection of future receivable REC_FUT_0406,RECEIVABLE,REC_FUT_0406
transactions,2026-10-22,TATA001,,,,,,,,,,,,,,,,,,,106597.05,,,,,,,,,CLEARED,,,,,,,,,,,,,,,,,,,,,,,,,,,,,,,,,,,,,,,,,,,TX_FUT_IN_00042,CUSTOMER_PAYMENT,CUSTOMER_COLLECTION,Collection of future receivable REC_FUT_0413,RECEIVABLE,REC_FUT_0413
transactions,2026-10-23,TATA001,,,,,,,,,,,,,,,,,,,40797.99,,,,,,,,,CLEARED,,,,,,,,,,,,,,,,,,,,,,,,,,,,,,,,,,,,,,,,,,,TX_FUT_IN_00043,CUSTOMER_PAYMENT,CUSTOMER_COLLECTION,Collection of future receivable REC_FUT_0374,RECEIVABLE,REC_FUT_0374
transactions,2026-10-23,TATA001,,,,,,,,,,,,,,,,,,,154929.17,,,,,,,,,CLEARED,,,,,,,,,,,,,,,,,,,,,,,,,,,,,,,,,,,,,,,,,,,TX_FUT_IN_00044,CUSTOMER_PAYMENT,CUSTOMER_COLLECTION,Collection of future receivable REC_FUT_0375,RECEIVABLE,REC_FUT_0375
transactions,2026-10-23,TATA001,,,,,,,,,,,,,,,,,,,190148.49,,,,,,,,,CLEARED,,,,,,,,,,,,,,,,,,,,,,,,,,,,,,,,,,,,,,,,,,,TX_FUT_IN_00045,CUSTOMER_PAYMENT,CUSTOMER_COLLECTION,Collection of future receivable REC_FUT_0386,RECEIVABLE,REC_FUT_0386
transactions,2026-10-23,TATA001,,,,,,,,,,,,,,,,,,,203280.38,,,,,,,,,CLEARED,,,,,,,,,,,,,,,,,,,,,,,,,,,,,,,,,,,,,,,,,,,TX_FUT_OUT_00046,SUPPLIER_PAYMENT,RAW_MATERIAL,Payment cleared for future invoice INV_FUT_0269,INVOICE,INV_FUT_0269
transactions,2026-10-23,TATA001,,,,,,,,,,,,,,,,,,,71129.12,,,,,,,,,CLEARED,,,,,,,,,,,,,,,,,,,,,,,,,,,,,,,,,,,,,,,,,,,TX_FUT_OUT_00047,SUPPLIER_PAYMENT,RAW_MATERIAL,Payment cleared for future invoice INV_FUT_0278,INVOICE,INV_FUT_0278
transactions,2026-10-25,TATA001,,,,,,,,,,,,,,,,,,,268441.43,,,,,,,,,CLEARED,,,,,,,,,,,,,,,,,,,,,,,,,,,,,,,,,,,,,,,,,,,TX_FUT_IN_00048,CUSTOMER_PAYMENT,CUSTOMER_COLLECTION,Collection of future receivable REC_FUT_0369,RECEIVABLE,REC_FUT_0369
transactions,2026-10-25,TATA001,,,,,,,,,,,,,,,,,,,65404.67,,,,,,,,,CLEARED,,,,,,,,,,,,,,,,,,,,,,,,,,,,,,,,,,,,,,,,,,,TX_FUT_IN_00049,CUSTOMER_PAYMENT,CUSTOMER_COLLECTION,Collection of future receivable REC_FUT_0412,RECEIVABLE,REC_FUT_0412
transactions,2026-10-25,TATA001,,,,,,,,,,,,,,,,,,,32902.92,,,,,,,,,CLEARED,,,,,,,,,,,,,,,,,,,,,,,,,,,,,,,,,,,,,,,,,,,TX_FUT_OUT_00050,SUPPLIER_PAYMENT,RAW_MATERIAL,Payment cleared for future invoice INV_FUT_0279,INVOICE,INV_FUT_0279
transactions,2026-10-26,TATA001,,,,,,,,,,,,,,,,,,,75229.76,,,,,,,,,CLEARED,,,,,,,,,,,,,,,,,,,,,,,,,,,,,,,,,,,,,,,,,,,TX_FUT_IN_00051,CUSTOMER_PAYMENT,CUSTOMER_COLLECTION,Collection of future receivable REC_FUT_0396,RECEIVABLE,REC_FUT_0396
transactions,2026-10-26,TATA001,,,,,,,,,,,,,,,,,,,81469.81,,,,,,,,,CLEARED,,,,,,,,,,,,,,,,,,,,,,,,,,,,,,,,,,,,,,,,,,,TX_FUT_OUT_00052,SUPPLIER_PAYMENT,RAW_MATERIAL,Payment cleared for future invoice INV_FUT_0270,INVOICE,INV_FUT_0270
transactions,2026-10-27,TATA001,,,,,,,,,,,,,,,,,,,247336.96,,,,,,,,,CLEARED,,,,,,,,,,,,,,,,,,,,,,,,,,,,,,,,,,,,,,,,,,,TX_FUT_IN_00053,CUSTOMER_PAYMENT,CUSTOMER_COLLECTION,Collection of future receivable REC_FUT_0422,RECEIVABLE,REC_FUT_0422
transactions,2026-10-27,TATA001,,,,,,,,,,,,,,,,,,,87468.18,,,,,,,,,CLEARED,,,,,,,,,,,,,,,,,,,,,,,,,,,,,,,,,,,,,,,,,,,TX_FUT_OUT_00054,SUPPLIER_PAYMENT,RAW_MATERIAL,Payment cleared for future invoice INV_FUT_0290,INVOICE,INV_FUT_0290
transactions,2026-10-28,TATA001,,,,,,,,,,,,,,,,,,,68546.81,,,,,,,,,CLEARED,,,,,,,,,,,,,,,,,,,,,,,,,,,,,,,,,,,,,,,,,,,TX_FUT_IN_00055,CUSTOMER_PAYMENT,CUSTOMER_COLLECTION,Collection of future receivable REC_FUT_0393,RECEIVABLE,REC_FUT_0393
transactions,2026-10-28,TATA001,,,,,,,,,,,,,,,,,,,160936.28,,,,,,,,,CLEARED,,,,,,,,,,,,,,,,,,,,,,,,,,,,,,,,,,,,,,,,,,,TX_FUT_IN_00056,CUSTOMER_PAYMENT,CUSTOMER_COLLECTION,Collection of future receivable REC_FUT_0397,RECEIVABLE,REC_FUT_0397
transactions,2026-10-28,TATA001,,,,,,,,,,,,,,,,,,,210891.66,,,,,,,,,CLEARED,,,,,,,,,,,,,,,,,,,,,,,,,,,,,,,,,,,,,,,,,,,TX_FUT_OUT_00057,SUPPLIER_PAYMENT,RAW_MATERIAL,Payment cleared for future invoice INV_FUT_0292,INVOICE,INV_FUT_0292
transactions,2026-10-28,TATA001,,,,,,,,,,,,,,,,,,,1650000.0,,,,,,,,,CLEARED,,,,,,,,,,,,,,,,,,,,,,,,,,,,,,,,,,,,,,,,,,,TX_FUT_OPS_00058,OPERATING_EXPENSE,SALARY,Corporate Employee Payroll,NONE,
transactions,2026-10-29,TATA001,,,,,,,,,,,,,,,,,,,179760.32,,,,,,,,,CLEARED,,,,,,,,,,,,,,,,,,,,,,,,,,,,,,,,,,,,,,,,,,,TX_FUT_IN_00059,CUSTOMER_PAYMENT,CUSTOMER_COLLECTION,Collection of future receivable REC_FUT_0381,RECEIVABLE,REC_FUT_0381
transactions,2026-10-29,TATA001,,,,,,,,,,,,,,,,,,,74120.24,,,,,,,,,CLEARED,,,,,,,,,,,,,,,,,,,,,,,,,,,,,,,,,,,,,,,,,,,TX_FUT_IN_00060,CUSTOMER_PAYMENT,CUSTOMER_COLLECTION,Collection of future receivable REC_FUT_0402,RECEIVABLE,REC_FUT_0402
transactions,2026-10-30,TATA001,,,,,,,,,,,,,,,,,,,69813.45,,,,,,,,,CLEARED,,,,,,,,,,,,,,,,,,,,,,,,,,,,,,,,,,,,,,,,,,,TX_FUT_IN_00061,CUSTOMER_PAYMENT,CUSTOMER_COLLECTION,Collection of future receivable REC_FUT_0395,RECEIVABLE,REC_FUT_0395
transactions,2026-10-30,TATA001,,,,,,,,,,,,,,,,,,,48347.47,,,,,,,,,CLEARED,,,,,,,,,,,,,,,,,,,,,,,,,,,,,,,,,,,,,,,,,,,TX_FUT_OUT_00062,SUPPLIER_PAYMENT,RAW_MATERIAL,Payment cleared for future invoice INV_FUT_0273,INVOICE,INV_FUT_0273
transactions,2026-10-30,TATA001,,,,,,,,,,,,,,,,,,,19702.15,,,,,,,,,CLEARED,,,,,,,,,,,,,,,,,,,,,,,,,,,,,,,,,,,,,,,,,,,TX_FUT_OUT_00063,SUPPLIER_PAYMENT,RAW_MATERIAL,Payment cleared for future invoice INV_FUT_0293,INVOICE,INV_FUT_0293
transactions,2026-11-01,TATA001,,,,,,,,,,,,,,,,,,,460062.9,,,,,,,,,CLEARED,,,,,,,,,,,,,,,,,,,,,,,,,,,,,,,,,,,,,,,,,,,TX_FUT_OUT_00064,SUPPLIER_PAYMENT,RAW_MATERIAL,Payment cleared for future invoice INV_FUT_0274,INVOICE,INV_FUT_0274
transactions,2026-11-01,TATA001,,,,,,,,,,,,,,,,,,,120000.0,,,,,,,,,CLEARED,,,,,,,,,,,,,,,,,,,,,,,,,,,,,,,,,,,,,,,,,,,TX_FUT_OPS_00065,OPERATING_EXPENSE,RENT,Facility Rental Charge,NONE,
transactions,2026-11-02,TATA001,,,,,,,,,,,,,,,,,,,190448.02,,,,,,,,,CLEARED,,,,,,,,,,,,,,,,,,,,,,,,,,,,,,,,,,,,,,,,,,,TX_FUT_IN_00066,CUSTOMER_PAYMENT,CUSTOMER_COLLECTION,Collection of future receivable REC_FUT_0400,RECEIVABLE,REC_FUT_0400
transactions,2026-11-02,TATA001,,,,,,,,,,,,,,,,,,,60870.79,,,,,,,,,CLEARED,,,,,,,,,,,,,,,,,,,,,,,,,,,,,,,,,,,,,,,,,,,TX_FUT_IN_00067,CUSTOMER_PAYMENT,CUSTOMER_COLLECTION,Collection of future receivable REC_FUT_0424,RECEIVABLE,REC_FUT_0424
transactions,2026-11-02,TATA001,,,,,,,,,,,,,,,,,,,121339.23,,,,,,,,,CLEARED,,,,,,,,,,,,,,,,,,,,,,,,,,,,,,,,,,,,,,,,,,,TX_FUT_OUT_00068,SUPPLIER_PAYMENT,RAW_MATERIAL,Payment cleared for future invoice INV_FUT_0285,INVOICE,INV_FUT_0285
transactions,2026-11-03,TATA001,,,,,,,,,,,,,,,,,,,137877.34,,,,,,,,,CLEARED,,,,,,,,,,,,,,,,,,,,,,,,,,,,,,,,,,,,,,,,,,,TX_FUT_IN_00069,CUSTOMER_PAYMENT,CUSTOMER_COLLECTION,Collection of future receivable REC_FUT_0408,RECEIVABLE,REC_FUT_0408
transactions,2026-11-04,TATA001,,,,,,,,,,,,,,,,,,,200272.76,,,,,,,,,CLEARED,,,,,,,,,,,,,,,,,,,,,,,,,,,,,,,,,,,,,,,,,,,TX_FUT_IN_00070,CUSTOMER_PAYMENT,CUSTOMER_COLLECTION,Collection of future receivable REC_FUT_0379,RECEIVABLE,REC_FUT_0379
transactions,2026-11-04,TATA001,,,,,,,,,,,,,,,,,,,233913.71,,,,,,,,,CLEARED,,,,,,,,,,,,,,,,,,,,,,,,,,,,,,,,,,,,,,,,,,,TX_FUT_OUT_00071,SUPPLIER_PAYMENT,RAW_MATERIAL,Payment cleared for future invoice INV_FUT_0275,INVOICE,INV_FUT_0275
transactions,2026-11-05,TATA001,,,,,,,,,,,,,,,,,,,383153.32,,,,,,,,,CLEARED,,,,,,,,,,,,,,,,,,,,,,,,,,,,,,,,,,,,,,,,,,,TX_FUT_IN_00072,CUSTOMER_PAYMENT,CUSTOMER_COLLECTION,Collection of future receivable REC_FUT_0414,RECEIVABLE,REC_FUT_0414
transactions,2026-11-05,TATA001,,,,,,,,,,,,,,,,,,,154271.43,,,,,,,,,CLEARED,,,,,,,,,,,,,,,,,,,,,,,,,,,,,,,,,,,,,,,,,,,TX_FUT_IN_00073,CUSTOMER_PAYMENT,CUSTOMER_COLLECTION,Collection of future receivable REC_FUT_0425,RECEIVABLE,REC_FUT_0425
transactions,2026-11-06,TATA001,,,,,,,,,,,,,,,,,,,229474.43,,,,,,,,,CLEARED,,,,,,,,,,,,,,,,,,,,,,,,,,,,,,,,,,,,,,,,,,,TX_FUT_IN_00074,CUSTOMER_PAYMENT,CUSTOMER_COLLECTION,Collection of future receivable REC_FUT_0370,RECEIVABLE,REC_FUT_0370
transactions,2026-11-06,TATA001,,,,,,,,,,,,,,,,,,,127185.92,,,,,,,,,CLEARED,,,,,,,,,,,,,,,,,,,,,,,,,,,,,,,,,,,,,,,,,,,TX_FUT_IN_00075,CUSTOMER_PAYMENT,CUSTOMER_COLLECTION,Collection of future receivable REC_FUT_0431,RECEIVABLE,REC_FUT_0431
transactions,2026-11-06,TATA001,,,,,,,,,,,,,,,,,,,35069.2,,,,,,,,,CLEARED,,,,,,,,,,,,,,,,,,,,,,,,,,,,,,,,,,,,,,,,,,,TX_FUT_OUT_00076,SUPPLIER_PAYMENT,RAW_MATERIAL,Payment cleared for future invoice INV_FUT_0277,INVOICE,INV_FUT_0277
transactions,2026-11-07,TATA001,,,,,,,,,,,,,,,,,,,82185.48,,,,,,,,,CLEARED,,,,,,,,,,,,,,,,,,,,,,,,,,,,,,,,,,,,,,,,,,,TX_FUT_IN_00077,CUSTOMER_PAYMENT,CUSTOMER_COLLECTION,Collection of future receivable REC_FUT_0434,RECEIVABLE,REC_FUT_0434
transactions,2026-11-08,TATA001,,,,,,,,,,,,,,,,,,,54019.56,,,,,,,,,CLEARED,,,,,,,,,,,,,,,,,,,,,,,,,,,,,,,,,,,,,,,,,,,TX_FUT_IN_00078,CUSTOMER_PAYMENT,CUSTOMER_COLLECTION,Collection of future receivable REC_FUT_0387,RECEIVABLE,REC_FUT_0387
transactions,2026-11-08,TATA001,,,,,,,,,,,,,,,,,,,63738.35,,,,,,,,,CLEARED,,,,,,,,,,,,,,,,,,,,,,,,,,,,,,,,,,,,,,,,,,,TX_FUT_IN_00079,CUSTOMER_PAYMENT,CUSTOMER_COLLECTION,Collection of future receivable REC_FUT_0388,RECEIVABLE,REC_FUT_0388
transactions,2026-11-09,TATA001,,,,,,,,,,,,,,,,,,,549523.01,,,,,,,,,CLEARED,,,,,,,,,,,,,,,,,,,,,,,,,,,,,,,,,,,,,,,,,,,TX_FUT_IN_00080,CUSTOMER_PAYMENT,CUSTOMER_COLLECTION,Collection of future receivable REC_FUT_0392,RECEIVABLE,REC_FUT_0392
transactions,2026-11-09,TATA001,,,,,,,,,,,,,,,,,,,160726.26,,,,,,,,,CLEARED,,,,,,,,,,,,,,,,,,,,,,,,,,,,,,,,,,,,,,,,,,,TX_FUT_OUT_00081,SUPPLIER_PAYMENT,RAW_MATERIAL,Payment cleared for future invoice INV_FUT_0280,INVOICE,INV_FUT_0280
transactions,2026-11-10,TATA001,,,,,,,,,,,,,,,,,,,123284.19,,,,,,,,,CLEARED,,,,,,,,,,,,,,,,,,,,,,,,,,,,,,,,,,,,,,,,,,,TX_FUT_IN_00082,CUSTOMER_PAYMENT,CUSTOMER_COLLECTION,Collection of future receivable REC_FUT_0436,RECEIVABLE,REC_FUT_0436
transactions,2026-11-11,TATA001,,,,,,,,,,,,,,,,,,,326396.06,,,,,,,,,CLEARED,,,,,,,,,,,,,,,,,,,,,,,,,,,,,,,,,,,,,,,,,,,TX_FUT_IN_00083,CUSTOMER_PAYMENT,CUSTOMER_COLLECTION,Collection of future receivable REC_FUT_0441,RECEIVABLE,REC_FUT_0441
transactions,2026-11-12,TATA001,,,,,,,,,,,,,,,,,,,44431.48,,,,,,,,,CLEARED,,,,,,,,,,,,,,,,,,,,,,,,,,,,,,,,,,,,,,,,,,,TX_FUT_OUT_00084,SUPPLIER_PAYMENT,RAW_MATERIAL,Payment cleared for future invoice INV_FUT_0282,INVOICE,INV_FUT_0282
transactions,2026-11-12,TATA001,,,,,,,,,,,,,,,,,,,49179.14,,,,,,,,,CLEARED,,,,,,,,,,,,,,,,,,,,,,,,,,,,,,,,,,,,,,,,,,,TX_FUT_OUT_00085,SUPPLIER_PAYMENT,RAW_MATERIAL,Payment cleared for future invoice INV_FUT_0283,INVOICE,INV_FUT_0283
transactions,2026-11-14,TATA001,,,,,,,,,,,,,,,,,,,125749.37,,,,,,,,,CLEARED,,,,,,,,,,,,,,,,,,,,,,,,,,,,,,,,,,,,,,,,,,,TX_FUT_IN_00086,CUSTOMER_PAYMENT,CUSTOMER_COLLECTION,Collection of future receivable REC_FUT_0403,RECEIVABLE,REC_FUT_0403
transactions,2026-11-14,TATA001,,,,,,,,,,,,,,,,,,,75933.54,,,,,,,,,CLEARED,,,,,,,,,,,,,,,,,,,,,,,,,,,,,,,,,,,,,,,,,,,TX_FUT_OUT_00087,SUPPLIER_PAYMENT,RAW_MATERIAL,Payment cleared for future invoice INV_FUT_0272,INVOICE,INV_FUT_0272
transactions,2026-11-14,TATA001,,,,,,,,,,,,,,,,,,,54245.79,,,,,,,,,CLEARED,,,,,,,,,,,,,,,,,,,,,,,,,,,,,,,,,,,,,,,,,,,TX_FUT_OUT_00088,SUPPLIER_PAYMENT,RAW_MATERIAL,Payment cleared for future invoice INV_FUT_0284,INVOICE,INV_FUT_0284
transactions,2026-11-15,TATA001,,,,,,,,,,,,,,,,,,,155607.46,,,,,,,,,CLEARED,,,,,,,,,,,,,,,,,,,,,,,,,,,,,,,,,,,,,,,,,,,TX_FUT_IN_00089,CUSTOMER_PAYMENT,CUSTOMER_COLLECTION,Collection of future receivable REC_FUT_0420,RECEIVABLE,REC_FUT_0420
transactions,2026-11-15,TATA001,,,,,,,,,,,,,,,,,,,75503.65,,,,,,,,,CLEARED,,,,,,,,,,,,,,,,,,,,,,,,,,,,,,,,,,,,,,,,,,,TX_FUT_IN_00090,CUSTOMER_PAYMENT,CUSTOMER_COLLECTION,Collection of future receivable REC_FUT_0440,RECEIVABLE,REC_FUT_0440
transactions,2026-11-15,TATA001,,,,,,,,,,,,,,,,,,,177542.07,,,,,,,,,CLEARED,,,,,,,,,,,,,,,,,,,,,,,,,,,,,,,,,,,,,,,,,,,TX_FUT_OUT_00091,SUPPLIER_PAYMENT,RAW_MATERIAL,Payment cleared for future invoice INV_FUT_0294,INVOICE,INV_FUT_0294
transactions,2026-11-15,TATA001,,,,,,,,,,,,,,,,,,,140981.75,,,,,,,,,CLEARED,,,,,,,,,,,,,,,,,,,,,,,,,,,,,,,,,,,,,,,,,,,TX_FUT_OUT_00092,SUPPLIER_PAYMENT,RAW_MATERIAL,Payment cleared for future invoice INV_FUT_0295,INVOICE,INV_FUT_0295
transactions,2026-11-16,TATA001,,,,,,,,,,,,,,,,,,,83167.25,,,,,,,,,CLEARED,,,,,,,,,,,,,,,,,,,,,,,,,,,,,,,,,,,,,,,,,,,TX_FUT_IN_00093,CUSTOMER_PAYMENT,CUSTOMER_COLLECTION,Collection of future receivable REC_FUT_0407,RECEIVABLE,REC_FUT_0407
transactions,2026-11-16,TATA001,,,,,,,,,,,,,,,,,,,150811.2,,,,,,,,,CLEARED,,,,,,,,,,,,,,,,,,,,,,,,,,,,,,,,,,,,,,,,,,,TX_FUT_IN_00094,CUSTOMER_PAYMENT,CUSTOMER_COLLECTION,Collection of future receivable REC_FUT_0418,RECEIVABLE,REC_FUT_0418
transactions,2026-11-17,TATA001,,,,,,,,,,,,,,,,,,,200931.66,,,,,,,,,CLEARED,,,,,,,,,,,,,,,,,,,,,,,,,,,,,,,,,,,,,,,,,,,TX_FUT_IN_00095,CUSTOMER_PAYMENT,CUSTOMER_COLLECTION,Collection of future receivable REC_FUT_0451,RECEIVABLE,REC_FUT_0451
transactions,2026-11-18,TATA001,,,,,,,,,,,,,,,,,,,128534.2,,,,,,,,,CLEARED,,,,,,,,,,,,,,,,,,,,,,,,,,,,,,,,,,,,,,,,,,,TX_FUT_IN_00096,CUSTOMER_PAYMENT,CUSTOMER_COLLECTION,Collection of future receivable REC_FUT_0389,RECEIVABLE,REC_FUT_0389
transactions,2026-11-18,TATA001,,,,,,,,,,,,,,,,,,,21750.78,,,,,,,,,CLEARED,,,,,,,,,,,,,,,,,,,,,,,,,,,,,,,,,,,,,,,,,,,TX_FUT_OUT_00097,SUPPLIER_PAYMENT,RAW_MATERIAL,Payment cleared for future invoice INV_FUT_0286,INVOICE,INV_FUT_0286
transactions,2026-11-18,TATA001,,,,,,,,,,,,,,,,,,,42123.78,,,,,,,,,CLEARED,,,,,,,,,,,,,,,,,,,,,,,,,,,,,,,,,,,,,,,,,,,TX_FUT_OUT_00098,SUPPLIER_PAYMENT,RAW_MATERIAL,Payment cleared for future invoice INV_FUT_0298,INVOICE,INV_FUT_0298
transactions,2026-11-20,TATA001,,,,,,,,,,,,,,,,,,,171414.34,,,,,,,,,CLEARED,,,,,,,,,,,,,,,,,,,,,,,,,,,,,,,,,,,,,,,,,,,TX_FUT_IN_00099,CUSTOMER_PAYMENT,CUSTOMER_COLLECTION,Collection of future receivable REC_FUT_0429,RECEIVABLE,REC_FUT_0429
transactions,2026-11-20,TATA001,,,,,,,,,,,,,,,,,,,171792.98,,,,,,,,,CLEARED,,,,,,,,,,,,,,,,,,,,,,,,,,,,,,,,,,,,,,,,,,,TX_FUT_IN_00100,CUSTOMER_PAYMENT,CUSTOMER_COLLECTION,Collection of future receivable REC_FUT_0446,RECEIVABLE,REC_FUT_0446
transactions,2026-11-20,TATA001,,,,,,,,,,,,,,,,,,,24945.27,,,,,,,,,CLEARED,,,,,,,,,,,,,,,,,,,,,,,,,,,,,,,,,,,,,,,,,,,TX_FUT_OUT_00101,SUPPLIER_PAYMENT,RAW_MATERIAL,Payment cleared for future invoice INV_FUT_0276,INVOICE,INV_FUT_0276
transactions,2026-11-21,TATA001,,,,,,,,,,,,,,,,,,,114914.58,,,,,,,,,CLEARED,,,,,,,,,,,,,,,,,,,,,,,,,,,,,,,,,,,,,,,,,,,TX_FUT_IN_00102,CUSTOMER_PAYMENT,CUSTOMER_COLLECTION,Collection of future receivable REC_FUT_0457,RECEIVABLE,REC_FUT_0457
transactions,2026-11-21,TATA001,,,,,,,,,,,,,,,,,,,91921.69,,,,,,,,,CLEARED,,,,,,,,,,,,,,,,,,,,,,,,,,,,,,,,,,,,,,,,,,,TX_FUT_OUT_00103,SUPPLIER_PAYMENT,RAW_MATERIAL,Payment cleared for future invoice INV_FUT_0287,INVOICE,INV_FUT_0287
transactions,2026-11-22,TATA001,,,,,,,,,,,,,,,,,,,93920.86,,,,,,,,,CLEARED,,,,,,,,,,,,,,,,,,,,,,,,,,,,,,,,,,,,,,,,,,,TX_FUT_IN_00104,CUSTOMER_PAYMENT,CUSTOMER_COLLECTION,Collection of future receivable REC_FUT_0391,RECEIVABLE,REC_FUT_0391
transactions,2026-11-22,TATA001,,,,,,,,,,,,,,,,,,,75937.97,,,,,,,,,CLEARED,,,,,,,,,,,,,,,,,,,,,,,,,,,,,,,,,,,,,,,,,,,TX_FUT_IN_00105,CUSTOMER_PAYMENT,CUSTOMER_COLLECTION,Collection of future receivable REC_FUT_0415,RECEIVABLE,REC_FUT_0415
transactions,2026-11-22,TATA001,,,,,,,,,,,,,,,,,,,109358.89,,,,,,,,,CLEARED,,,,,,,,,,,,,,,,,,,,,,,,,,,,,,,,,,,,,,,,,,,TX_FUT_IN_00106,CUSTOMER_PAYMENT,CUSTOMER_COLLECTION,Collection of future receivable REC_FUT_0427,RECEIVABLE,REC_FUT_0427
transactions,2026-11-22,TATA001,,,,,,,,,,,,,,,,,,,123851.11,,,,,,,,,CLEARED,,,,,,,,,,,,,,,,,,,,,,,,,,,,,,,,,,,,,,,,,,,TX_FUT_OUT_00107,SUPPLIER_PAYMENT,RAW_MATERIAL,Payment cleared for future invoice INV_FUT_0288,INVOICE,INV_FUT_0288
transactions,2026-11-22,TATA001,,,,,,,,,,,,,,,,,,,365186.56,,,,,,,,,CLEARED,,,,,,,,,,,,,,,,,,,,,,,,,,,,,,,,,,,,,,,,,,,TX_FUT_OUT_00108,SUPPLIER_PAYMENT,RAW_MATERIAL,Payment cleared for future invoice INV_FUT_0289,INVOICE,INV_FUT_0289
transactions,2026-11-22,TATA001,,,,,,,,,,,,,,,,,,,140674.24,,,,,,,,,CLEARED,,,,,,,,,,,,,,,,,,,,,,,,,,,,,,,,,,,,,,,,,,,TX_FUT_OUT_00109,SUPPLIER_PAYMENT,RAW_MATERIAL,Payment cleared for future invoice INV_FUT_0301,INVOICE,INV_FUT_0301
transactions,2026-11-23,TATA001,,,,,,,,,,,,,,,,,,,49401.14,,,,,,,,,CLEARED,,,,,,,,,,,,,,,,,,,,,,,,,,,,,,,,,,,,,,,,,,,TX_FUT_IN_00110,CUSTOMER_PAYMENT,CUSTOMER_COLLECTION,Collection of future receivable REC_FUT_0417,RECEIVABLE,REC_FUT_0417
transactions,2026-11-23,TATA001,,,,,,,,,,,,,,,,,,,87952.77,,,,,,,,,CLEARED,,,,,,,,,,,,,,,,,,,,,,,,,,,,,,,,,,,,,,,,,,,TX_FUT_IN_00111,CUSTOMER_PAYMENT,CUSTOMER_COLLECTION,Collection of future receivable REC_FUT_0430,RECEIVABLE,REC_FUT_0430
transactions,2026-11-23,TATA001,,,,,,,,,,,,,,,,,,,30731.05,,,,,,,,,CLEARED,,,,,,,,,,,,,,,,,,,,,,,,,,,,,,,,,,,,,,,,,,,TX_FUT_IN_00112,CUSTOMER_PAYMENT,CUSTOMER_COLLECTION,Collection of future receivable REC_FUT_0437,RECEIVABLE,REC_FUT_0437
transactions,2026-11-24,TATA001,,,,,,,,,,,,,,,,,,,254304.43,,,,,,,,,CLEARED,,,,,,,,,,,,,,,,,,,,,,,,,,,,,,,,,,,,,,,,,,,TX_FUT_IN_00113,CUSTOMER_PAYMENT,CUSTOMER_COLLECTION,Collection of future receivable REC_FUT_0433,RECEIVABLE,REC_FUT_0433
transactions,2026-11-24,TATA001,,,,,,,,,,,,,,,,,,,412752.65,,,,,,,,,CLEARED,,,,,,,,,,,,,,,,,,,,,,,,,,,,,,,,,,,,,,,,,,,TX_FUT_OUT_00114,SUPPLIER_PAYMENT,RAW_MATERIAL,Payment cleared for future invoice INV_FUT_0304,INVOICE,INV_FUT_0304
transactions,2026-11-26,TATA001,,,,,,,,,,,,,,,,,,,164960.01,,,,,,,,,CLEARED,,,,,,,,,,,,,,,,,,,,,,,,,,,,,,,,,,,,,,,,,,,TX_FUT_IN_00115,CUSTOMER_PAYMENT,CUSTOMER_COLLECTION,Collection of future receivable REC_FUT_0419,RECEIVABLE,REC_FUT_0419
transactions,2026-11-26,TATA001,,,,,,,,,,,,,,,,,,,155414.54,,,,,,,,,CLEARED,,,,,,,,,,,,,,,,,,,,,,,,,,,,,,,,,,,,,,,,,,,TX_FUT_IN_00116,CUSTOMER_PAYMENT,CUSTOMER_COLLECTION,Collection of future receivable REC_FUT_0459,RECEIVABLE,REC_FUT_0459
transactions,2026-11-28,TATA001,,,,,,,,,,,,,,,,,,,84620.34,,,,,,,,,CLEARED,,,,,,,,,,,,,,,,,,,,,,,,,,,,,,,,,,,,,,,,,,,TX_FUT_IN_00117,CUSTOMER_PAYMENT,CUSTOMER_COLLECTION,Collection of future receivable REC_FUT_0435,RECEIVABLE,REC_FUT_0435
transactions,2026-11-28,TATA001,,,,,,,,,,,,,,,,,,,73965.96,,,,,,,,,CLEARED,,,,,,,,,,,,,,,,,,,,,,,,,,,,,,,,,,,,,,,,,,,TX_FUT_IN_00118,CUSTOMER_PAYMENT,CUSTOMER_COLLECTION,Collection of future receivable REC_FUT_0443,RECEIVABLE,REC_FUT_0443
transactions,2026-11-28,TATA001,,,,,,,,,,,,,,,,,,,1650000.0,,,,,,,,,CLEARED,,,,,,,,,,,,,,,,,,,,,,,,,,,,,,,,,,,,,,,,,,,TX_FUT_OPS_00119,OPERATING_EXPENSE,SALARY,Corporate Employee Payroll,NONE,
transactions,2026-11-29,TATA001,,,,,,,,,,,,,,,,,,,116188.52,,,,,,,,,CLEARED,,,,,,,,,,,,,,,,,,,,,,,,,,,,,,,,,,,,,,,,,,,TX_FUT_IN_00120,CUSTOMER_PAYMENT,CUSTOMER_COLLECTION,Collection of future receivable REC_FUT_0428,RECEIVABLE,REC_FUT_0428
transactions,2026-11-29,TATA001,,,,,,,,,,,,,,,,,,,49806.19,,,,,,,,,CLEARED,,,,,,,,,,,,,,,,,,,,,,,,,,,,,,,,,,,,,,,,,,,TX_FUT_OUT_00121,SUPPLIER_PAYMENT,RAW_MATERIAL,Payment cleared for future invoice INV_FUT_0308,INVOICE,INV_FUT_0308
transactions,2026-11-29,TATA001,,,,,,,,,,,,,,,,,,,81003.06,,,,,,,,,CLEARED,,,,,,,,,,,,,,,,,,,,,,,,,,,,,,,,,,,,,,,,,,,TX_FUT_OUT_00122,SUPPLIER_PAYMENT,RAW_MATERIAL,Payment cleared for future invoice INV_FUT_0309,INVOICE,INV_FUT_0309
transactions,2026-12-01,TATA001,,,,,,,,,,,,,,,,,,,141064.37,,,,,,,,,CLEARED,,,,,,,,,,,,,,,,,,,,,,,,,,,,,,,,,,,,,,,,,,,TX_FUT_IN_00123,CUSTOMER_PAYMENT,CUSTOMER_COLLECTION,Collection of future receivable REC_FUT_0439,RECEIVABLE,REC_FUT_0439
transactions,2026-12-01,TATA001,,,,,,,,,,,,,,,,,,,44524.15,,,,,,,,,CLEARED,,,,,,,,,,,,,,,,,,,,,,,,,,,,,,,,,,,,,,,,,,,TX_FUT_IN_00124,CUSTOMER_PAYMENT,CUSTOMER_COLLECTION,Collection of future receivable REC_FUT_0450,RECEIVABLE,REC_FUT_0450
transactions,2026-12-01,TATA001,,,,,,,,,,,,,,,,,,,120000.0,,,,,,,,,CLEARED,,,,,,,,,,,,,,,,,,,,,,,,,,,,,,,,,,,,,,,,,,,TX_FUT_OPS_00125,OPERATING_EXPENSE,RENT,Facility Rental Charge,NONE,
transactions,2026-12-02,TATA001,,,,,,,,,,,,,,,,,,,407098.3,,,,,,,,,CLEARED,,,,,,,,,,,,,,,,,,,,,,,,,,,,,,,,,,,,,,,,,,,TX_FUT_IN_00126,CUSTOMER_PAYMENT,CUSTOMER_COLLECTION,Collection of future receivable REC_FUT_0444,RECEIVABLE,REC_FUT_0444
transactions,2026-12-02,TATA001,,,,,,,,,,,,,,,,,,,171981.26,,,,,,,,,CLEARED,,,,,,,,,,,,,,,,,,,,,,,,,,,,,,,,,,,,,,,,,,,TX_FUT_IN_00127,CUSTOMER_PAYMENT,CUSTOMER_COLLECTION,Collection of future receivable REC_FUT_0452,RECEIVABLE,REC_FUT_0452
transactions,2026-12-02,TATA001,,,,,,,,,,,,,,,,,,,64203.97,,,,,,,,,CLEARED,,,,,,,,,,,,,,,,,,,,,,,,,,,,,,,,,,,,,,,,,,,TX_FUT_IN_00128,CUSTOMER_PAYMENT,CUSTOMER_COLLECTION,Collection of future receivable REC_FUT_0465,RECEIVABLE,REC_FUT_0465
transactions,2026-12-02,TATA001,,,,,,,,,,,,,,,,,,,122880.54,,,,,,,,,CLEARED,,,,,,,,,,,,,,,,,,,,,,,,,,,,,,,,,,,,,,,,,,,TX_FUT_OUT_00129,SUPPLIER_PAYMENT,RAW_MATERIAL,Payment cleared for future invoice INV_FUT_0296,INVOICE,INV_FUT_0296
transactions,2026-12-02,TATA001,,,,,,,,,,,,,,,,,,,54379.43,,,,,,,,,CLEARED,,,,,,,,,,,,,,,,,,,,,,,,,,,,,,,,,,,,,,,,,,,TX_FUT_OUT_00130,SUPPLIER_PAYMENT,RAW_MATERIAL,Payment cleared for future invoice INV_FUT_0297,INVOICE,INV_FUT_0297
transactions,2026-12-03,TATA001,,,,,,,,,,,,,,,,,,,73507.66,,,,,,,,,CLEARED,,,,,,,,,,,,,,,,,,,,,,,,,,,,,,,,,,,,,,,,,,,TX_FUT_IN_00131,CUSTOMER_PAYMENT,CUSTOMER_COLLECTION,Collection of future receivable REC_FUT_0449,RECEIVABLE,REC_FUT_0449
transactions,2026-12-04,TATA001,,,,,,,,,,,,,,,,,,,93153.17,,,,,,,,,CLEARED,,,,,,,,,,,,,,,,,,,,,,,,,,,,,,,,,,,,,,,,,,,TX_FUT_IN_00132,CUSTOMER_PAYMENT,CUSTOMER_COLLECTION,Collection of future receivable REC_FUT_0426,RECEIVABLE,REC_FUT_0426
transactions,2026-12-05,TATA001,,,,,,,,,,,,,,,,,,,102191.32,,,,,,,,,CLEARED,,,,,,,,,,,,,,,,,,,,,,,,,,,,,,,,,,,,,,,,,,,TX_FUT_OUT_00133,SUPPLIER_PAYMENT,RAW_MATERIAL,Payment cleared for future invoice INV_FUT_0299,INVOICE,INV_FUT_0299
transactions,2026-12-06,TATA001,,,,,,,,,,,,,,,,,,,30000.0,,,,,,,,,CLEARED,,,,,,,,,,,,,,,,,,,,,,,,,,,,,,,,,,,,,,,,,,,TX_FUT_IN_00134,CUSTOMER_PAYMENT,CUSTOMER_COLLECTION,Collection of future receivable REC_FUT_0445,RECEIVABLE,REC_FUT_0445
transactions,2026-12-06,TATA001,,,,,,,,,,,,,,,,,,,100743.16,,,,,,,,,CLEARED,,,,,,,,,,,,,,,,,,,,,,,,,,,,,,,,,,,,,,,,,,,TX_FUT_OUT_00135,SUPPLIER_PAYMENT,RAW_MATERIAL,Payment cleared for future invoice INV_FUT_0300,INVOICE,INV_FUT_0300
transactions,2026-12-07,TATA001,,,,,,,,,,,,,,,,,,,66329.48,,,,,,,,,CLEARED,,,,,,,,,,,,,,,,,,,,,,,,,,,,,,,,,,,,,,,,,,,TX_FUT_IN_00136,CUSTOMER_PAYMENT,CUSTOMER_COLLECTION,Collection of future receivable REC_FUT_0455,RECEIVABLE,REC_FUT_0455
transactions,2026-12-07,TATA001,,,,,,,,,,,,,,,,,,,68296.6,,,,,,,,,CLEARED,,,,,,,,,,,,,,,,,,,,,,,,,,,,,,,,,,,,,,,,,,,TX_FUT_IN_00137,CUSTOMER_PAYMENT,CUSTOMER_COLLECTION,Collection of future receivable REC_FUT_0456,RECEIVABLE,REC_FUT_0456
transactions,2026-12-08,TATA001,,,,,,,,,,,,,,,,,,,22214.17,,,,,,,,,CLEARED,,,,,,,,,,,,,,,,,,,,,,,,,,,,,,,,,,,,,,,,,,,TX_FUT_OUT_00138,SUPPLIER_PAYMENT,RAW_MATERIAL,Payment cleared for future invoice INV_FUT_0302,INVOICE,INV_FUT_0302
transactions,2026-12-08,TATA001,,,,,,,,,,,,,,,,,,,74586.42,,,,,,,,,CLEARED,,,,,,,,,,,,,,,,,,,,,,,,,,,,,,,,,,,,,,,,,,,TX_FUT_OUT_00139,SUPPLIER_PAYMENT,RAW_MATERIAL,Payment cleared for future invoice INV_FUT_0303,INVOICE,INV_FUT_0303
transactions,2026-12-08,TATA001,,,,,,,,,,,,,,,,,,,67552.43,,,,,,,,,CLEARED,,,,,,,,,,,,,,,,,,,,,,,,,,,,,,,,,,,,,,,,,,,TX_FUT_OUT_00140,SUPPLIER_PAYMENT,RAW_MATERIAL,Payment cleared for future invoice INV_FUT_0311,INVOICE,INV_FUT_0311
transactions,2026-12-09,TATA001,,,,,,,,,,,,,,,,,,,639762.76,,,,,,,,,CLEARED,,,,,,,,,,,,,,,,,,,,,,,,,,,,,,,,,,,,,,,,,,,TX_FUT_IN_00141,CUSTOMER_PAYMENT,CUSTOMER_COLLECTION,Collection of future receivable REC_FUT_0416,RECEIVABLE,REC_FUT_0416
transactions,2026-12-09,TATA001,,,,,,,,,,,,,,,,,,,149988.04,,,,,,,,,CLEARED,,,,,,,,,,,,,,,,,,,,,,,,,,,,,,,,,,,,,,,,,,,TX_FUT_OUT_00142,SUPPLIER_PAYMENT,RAW_MATERIAL,Payment cleared for future invoice INV_FUT_0313,INVOICE,INV_FUT_0313
transactions,2026-12-10,TATA001,,,,,,,,,,,,,,,,,,,94410.07,,,,,,,,,CLEARED,,,,,,,,,,,,,,,,,,,,,,,,,,,,,,,,,,,,,,,,,,,TX_FUT_IN_00143,CUSTOMER_PAYMENT,CUSTOMER_COLLECTION,Collection of future receivable REC_FUT_0454,RECEIVABLE,REC_FUT_0454
transactions,2026-12-10,TATA001,,,,,,,,,,,,,,,,,,,85812.24,,,,,,,,,CLEARED,,,,,,,,,,,,,,,,,,,,,,,,,,,,,,,,,,,,,,,,,,,TX_FUT_IN_00144,CUSTOMER_PAYMENT,CUSTOMER_COLLECTION,Collection of future receivable REC_FUT_0458,RECEIVABLE,REC_FUT_0458
transactions,2026-12-10,TATA001,,,,,,,,,,,,,,,,,,,89277.69,,,,,,,,,CLEARED,,,,,,,,,,,,,,,,,,,,,,,,,,,,,,,,,,,,,,,,,,,TX_FUT_OUT_00145,SUPPLIER_PAYMENT,RAW_MATERIAL,Payment cleared for future invoice INV_FUT_0305,INVOICE,INV_FUT_0305
transactions,2026-12-11,TATA001,,,,,,,,,,,,,,,,,,,106911.06,,,,,,,,,CLEARED,,,,,,,,,,,,,,,,,,,,,,,,,,,,,,,,,,,,,,,,,,,TX_FUT_IN_00146,CUSTOMER_PAYMENT,CUSTOMER_COLLECTION,Collection of future receivable REC_FUT_0460,RECEIVABLE,REC_FUT_0460
transactions,2026-12-11,TATA001,,,,,,,,,,,,,,,,,,,23081.91,,,,,,,,,CLEARED,,,,,,,,,,,,,,,,,,,,,,,,,,,,,,,,,,,,,,,,,,,TX_FUT_OUT_00147,SUPPLIER_PAYMENT,RAW_MATERIAL,Payment cleared for future invoice INV_FUT_0306,INVOICE,INV_FUT_0306
transactions,2026-12-11,TATA001,,,,,,,,,,,,,,,,,,,84156.77,,,,,,,,,CLEARED,,,,,,,,,,,,,,,,,,,,,,,,,,,,,,,,,,,,,,,,,,,TX_FUT_OUT_00148,SUPPLIER_PAYMENT,RAW_MATERIAL,Payment cleared for future invoice INV_FUT_0307,INVOICE,INV_FUT_0307
transactions,2026-12-12,TATA001,,,,,,,,,,,,,,,,,,,47825.06,,,,,,,,,CLEARED,,,,,,,,,,,,,,,,,,,,,,,,,,,,,,,,,,,,,,,,,,,TX_FUT_OUT_00149,SUPPLIER_PAYMENT,RAW_MATERIAL,Payment cleared for future invoice INV_FUT_0291,INVOICE,INV_FUT_0291
transactions,2026-12-14,TATA001,,,,,,,,,,,,,,,,,,,108823.03,,,,,,,,,CLEARED,,,,,,,,,,,,,,,,,,,,,,,,,,,,,,,,,,,,,,,,,,,TX_FUT_IN_00150,CUSTOMER_PAYMENT,CUSTOMER_COLLECTION,Collection of future receivable REC_FUT_0475,RECEIVABLE,REC_FUT_0475
transactions,2026-12-16,TATA001,,,,,,,,,,,,,,,,,,,230192.75,,,,,,,,,CLEARED,,,,,,,,,,,,,,,,,,,,,,,,,,,,,,,,,,,,,,,,,,,TX_FUT_IN_00151,CUSTOMER_PAYMENT,CUSTOMER_COLLECTION,Collection of future receivable REC_FUT_0421,RECEIVABLE,REC_FUT_0421
transactions,2026-12-16,TATA001,,,,,,,,,,,,,,,,,,,104190.35,,,,,,,,,CLEARED,,,,,,,,,,,,,,,,,,,,,,,,,,,,,,,,,,,,,,,,,,,TX_FUT_IN_00152,CUSTOMER_PAYMENT,CUSTOMER_COLLECTION,Collection of future receivable REC_FUT_0442,RECEIVABLE,REC_FUT_0442
transactions,2026-12-17,TATA001,,,,,,,,,,,,,,,,,,,22961.84,,,,,,,,,CLEARED,,,,,,,,,,,,,,,,,,,,,,,,,,,,,,,,,,,,,,,,,,,TX_FUT_OUT_00153,SUPPLIER_PAYMENT,RAW_MATERIAL,Payment cleared for future invoice INV_FUT_0310,INVOICE,INV_FUT_0310
transactions,2026-12-18,TATA001,,,,,,,,,,,,,,,,,,,217752.9,,,,,,,,,CLEARED,,,,,,,,,,,,,,,,,,,,,,,,,,,,,,,,,,,,,,,,,,,TX_FUT_IN_00154,CUSTOMER_PAYMENT,CUSTOMER_COLLECTION,Collection of future receivable REC_FUT_0447,RECEIVABLE,REC_FUT_0447
transactions,2026-12-18,TATA001,,,,,,,,,,,,,,,,,,,42159.28,,,,,,,,,CLEARED,,,,,,,,,,,,,,,,,,,,,,,,,,,,,,,,,,,,,,,,,,,TX_FUT_IN_00155,CUSTOMER_PAYMENT,CUSTOMER_COLLECTION,Collection of future receivable REC_FUT_0466,RECEIVABLE,REC_FUT_0466
transactions,2026-12-18,TATA001,,,,,,,,,,,,,,,,,,,128952.97,,,,,,,,,CLEARED,,,,,,,,,,,,,,,,,,,,,,,,,,,,,,,,,,,,,,,,,,,TX_FUT_OUT_00156,SUPPLIER_PAYMENT,RAW_MATERIAL,Payment cleared for future invoice INV_FUT_0318,INVOICE,INV_FUT_0318
transactions,2026-12-20,TATA001,,,,,,,,,,,,,,,,,,,129399.59,,,,,,,,,CLEARED,,,,,,,,,,,,,,,,,,,,,,,,,,,,,,,,,,,,,,,,,,,TX_FUT_IN_00157,CUSTOMER_PAYMENT,CUSTOMER_COLLECTION,Collection of future receivable REC_FUT_0448,RECEIVABLE,REC_FUT_0448
transactions,2026-12-20,TATA001,,,,,,,,,,,,,,,,,,,59075.82,,,,,,,,,CLEARED,,,,,,,,,,,,,,,,,,,,,,,,,,,,,,,,,,,,,,,,,,,TX_FUT_IN_00158,CUSTOMER_PAYMENT,CUSTOMER_COLLECTION,Collection of future receivable REC_FUT_0477,RECEIVABLE,REC_FUT_0477
transactions,2026-12-21,TATA001,,,,,,,,,,,,,,,,,,,287078.59,,,,,,,,,CLEARED,,,,,,,,,,,,,,,,,,,,,,,,,,,,,,,,,,,,,,,,,,,TX_FUT_IN_00159,CUSTOMER_PAYMENT,CUSTOMER_COLLECTION,Collection of future receivable REC_FUT_0423,RECEIVABLE,REC_FUT_0423
transactions,2026-12-21,TATA001,,,,,,,,,,,,,,,,,,,79898.45,,,,,,,,,CLEARED,,,,,,,,,,,,,,,,,,,,,,,,,,,,,,,,,,,,,,,,,,,TX_FUT_IN_00160,CUSTOMER_PAYMENT,CUSTOMER_COLLECTION,Collection of future receivable REC_FUT_0480,RECEIVABLE,REC_FUT_0480
transactions,2026-12-22,TATA001,,,,,,,,,,,,,,,,,,,87442.04,,,,,,,,,CLEARED,,,,,,,,,,,,,,,,,,,,,,,,,,,,,,,,,,,,,,,,,,,TX_FUT_IN_00161,CUSTOMER_PAYMENT,CUSTOMER_COLLECTION,Collection of future receivable REC_FUT_0467,RECEIVABLE,REC_FUT_0467
transactions,2026-12-22,TATA001,,,,,,,,,,,,,,,,,,,35811.23,,,,,,,,,CLEARED,,,,,,,,,,,,,,,,,,,,,,,,,,,,,,,,,,,,,,,,,,,TX_FUT_IN_00162,CUSTOMER_PAYMENT,CUSTOMER_COLLECTION,Collection of future receivable REC_FUT_0469,RECEIVABLE,REC_FUT_0469
transactions,2026-12-23,TATA001,,,,,,,,,,,,,,,,,,,40430.27,,,,,,,,,CLEARED,,,,,,,,,,,,,,,,,,,,,,,,,,,,,,,,,,,,,,,,,,,TX_FUT_OUT_00163,SUPPLIER_PAYMENT,RAW_MATERIAL,Payment cleared for future invoice INV_FUT_0321,INVOICE,INV_FUT_0321
transactions,2026-12-24,TATA001,,,,,,,,,,,,,,,,,,,31067.96,,,,,,,,,CLEARED,,,,,,,,,,,,,,,,,,,,,,,,,,,,,,,,,,,,,,,,,,,TX_FUT_OUT_00164,SUPPLIER_PAYMENT,RAW_MATERIAL,Payment cleared for future invoice INV_FUT_0312,INVOICE,INV_FUT_0312
transactions,2026-12-26,TATA001,,,,,,,,,,,,,,,,,,,49539.27,,,,,,,,,CLEARED,,,,,,,,,,,,,,,,,,,,,,,,,,,,,,,,,,,,,,,,,,,TX_FUT_IN_00165,CUSTOMER_PAYMENT,CUSTOMER_COLLECTION,Collection of future receivable REC_FUT_0491,RECEIVABLE,REC_FUT_0491
transactions,2026-12-27,TATA001,,,,,,,,,,,,,,,,,,,134367.21,,,,,,,,,CLEARED,,,,,,,,,,,,,,,,,,,,,,,,,,,,,,,,,,,,,,,,,,,TX_FUT_OUT_00166,SUPPLIER_PAYMENT,RAW_MATERIAL,Payment cleared for future invoice INV_FUT_0324,INVOICE,INV_FUT_0324
transactions,2026-12-28,TATA001,,,,,,,,,,,,,,,,,,,397379.05,,,,,,,,,CLEARED,,,,,,,,,,,,,,,,,,,,,,,,,,,,,,,,,,,,,,,,,,,TX_FUT_IN_00167,CUSTOMER_PAYMENT,CUSTOMER_COLLECTION,Collection of future receivable REC_FUT_0453,RECEIVABLE,REC_FUT_0453
transactions,2026-12-28,TATA001,,,,,,,,,,,,,,,,,,,189105.46,,,,,,,,,CLEARED,,,,,,,,,,,,,,,,,,,,,,,,,,,,,,,,,,,,,,,,,,,TX_FUT_IN_00168,CUSTOMER_PAYMENT,CUSTOMER_COLLECTION,Collection of future receivable REC_FUT_0472,RECEIVABLE,REC_FUT_0472
transactions,2026-12-28,TATA001,,,,,,,,,,,,,,,,,,,105514.33,,,,,,,,,CLEARED,,,,,,,,,,,,,,,,,,,,,,,,,,,,,,,,,,,,,,,,,,,TX_FUT_IN_00169,CUSTOMER_PAYMENT,CUSTOMER_COLLECTION,Collection of future receivable REC_FUT_0474,RECEIVABLE,REC_FUT_0474
transactions,2026-12-28,TATA001,,,,,,,,,,,,,,,,,,,90738.36,,,,,,,,,CLEARED,,,,,,,,,,,,,,,,,,,,,,,,,,,,,,,,,,,,,,,,,,,TX_FUT_OUT_00170,SUPPLIER_PAYMENT,RAW_MATERIAL,Payment cleared for future invoice INV_FUT_0314,INVOICE,INV_FUT_0314
transactions,2026-12-28,TATA001,,,,,,,,,,,,,,,,,,,1650000.0,,,,,,,,,CLEARED,,,,,,,,,,,,,,,,,,,,,,,,,,,,,,,,,,,,,,,,,,,TX_FUT_OPS_00171,OPERATING_EXPENSE,SALARY,Corporate Employee Payroll,NONE,
transactions,2026-12-29,TATA001,,,,,,,,,,,,,,,,,,,214381.08,,,,,,,,,CLEARED,,,,,,,,,,,,,,,,,,,,,,,,,,,,,,,,,,,,,,,,,,,TX_FUT_IN_00172,CUSTOMER_PAYMENT,CUSTOMER_COLLECTION,Collection of future receivable REC_FUT_0438,RECEIVABLE,REC_FUT_0438
transactions,2026-12-29,TATA001,,,,,,,,,,,,,,,,,,,60837.09,,,,,,,,,CLEARED,,,,,,,,,,,,,,,,,,,,,,,,,,,,,,,,,,,,,,,,,,,TX_FUT_OUT_00173,SUPPLIER_PAYMENT,RAW_MATERIAL,Payment cleared for future invoice INV_FUT_0315,INVOICE,INV_FUT_0315
transactions,2026-12-29,TATA001,,,,,,,,,,,,,,,,,,,102782.05,,,,,,,,,CLEARED,,,,,,,,,,,,,,,,,,,,,,,,,,,,,,,,,,,,,,,,,,,TX_FUT_OUT_00174,SUPPLIER_PAYMENT,RAW_MATERIAL,Payment cleared for future invoice INV_FUT_0325,INVOICE,INV_FUT_0325
transactions,2026-12-31,TATA001,,,,,,,,,,,,,,,,,,,276621.87,,,,,,,,,CLEARED,,,,,,,,,,,,,,,,,,,,,,,,,,,,,,,,,,,,,,,,,,,TX_FUT_IN_00175,CUSTOMER_PAYMENT,CUSTOMER_COLLECTION,Collection of future receivable REC_FUT_0463,RECEIVABLE,REC_FUT_0463
