source_table,date,company_id,cash_account_id,opening_balance,daily_inflow,daily_outflow,balance,available_balance,reserved_balance,deployable_cash,customer_id,customer_name,industry,payment_terms,risk_category,total_historical_payments,on_time_payments,late_payments,on_time_probability,average_delay_days,payment_history_tier,alternative_id,decision_id,action,score,cost,benefit,liquidity_impact,risk,decision_item_id,invoice_id,amount,expected_cost,expected_benefit,risk_score,created_at,decision_type,chosen_action,confidence,reasoning,status,event_id,event_type,payload,processed_at,financing_option_id,provider,type,interest_rate,credit_limit,available_amount,minimum_amount,processing_fee,repayment_terms,snapshot_id,forecast_horizon_days,projected_cash,minimum_projected_cash,liquidity_risk,expected_inflows,expected_outflows,reserve_requirement,risk_probability,supplier_id,issue_date,discount_percentage,discount_deadline,late_penalty_percentage,currency,payment_method,actual_payment_date,obligation_id,description,category,due_date,priority,receivable_id,invoice_date,expected_date,collection_probability,expected_delay_days,scenario_id,name,parameters,result,strategic_importance,strategic_importance_score,liquidity_risk_score,payment_terms_days,financing_available,financing_rate,transaction_id,reference_type,reference_id
cash_accounts,2025-01-01,COMP001,CASH001,480000000.0,14677659.15,6335202.08,488342457.07,438342457.07,50000000.0,438342457.07,,,,,,,,,,,,,,,,,,,,,,,,,,,,,,,,,,,,,,,,,,,,,,,,,,,,,,,,,,,,,,,,,,,,,,,,,,,,,,,,,,,,
cash_accounts,2025-01-02,COMP001,CASH001,488342457.07,9933010.63,6920809.05,491354658.65,441354658.65,50000000.0,441354658.65,,,,,,,,,,,,,,,,,,,,,,,,,,,,,,,,,,,,,,,,,,,,,,,,,,,,,,,,,,,,,,,,,,,,,,,,,,,,,,,,,,,,
cash_accounts,2025-01-03,COMP001,CASH001,491354658.65,20072575.37,8008116.96,503419117.06,453419117.06,50000000.0,453419117.06,,,,,,,,,,,,,,,,,,,,,,,,,,,,,,,,,,,,,,,,,,,,,,,,,,,,,,,,,,,,,,,,,,,,,,,,,,,,,,,,,,,,
cash_accounts,2025-01-04,COMP001,CASH001,503419117.06,2733656.0,611918.73,505540854.33,455540854.33,50000000.0,455540854.33,,,,,,,,,,,,,,,,,,,,,,,,,,,,,,,,,,,,,,,,,,,,,,,,,,,,,,,,,,,,,,,,,,,,,,,,,,,,,,,,,,,,
cash_accounts,2025-01-05,COMP001,CASH001,505540854.33,1400325.88,1094509.47,505846670.74,455846670.74,50000000.0,455846670.74,,,,,,,,,,,,,,,,,,,,,,,,,,,,,,,,,,,,,,,,,,,,,,,,,,,,,,,,,,,,,,,,,,,,,,,,,,,,,,,,,,,,
cash_accounts,2025-01-06,COMP001,CASH001,505846670.74,15844889.37,6108985.69,515582574.42,465582574.42,50000000.0,465582574.42,,,,,,,,,,,,,,,,,,,,,,,,,,,,,,,,,,,,,,,,,,,,,,,,,,,,,,,,,,,,,,,,,,,,,,,,,,,,,,,,,,,,
cash_accounts,2025-01-07,COMP001,CASH001,515582574.42,20461371.58,4017356.71,532026589.29,482026589.29,50000000.0,482026589.29,,,,,,,,,,,,,,,,,,,,,,,,,,,,,,,,,,,,,,,,,,,,,,,,,,,,,,,,,,,,,,,,,,,,,,,,,,,,,,,,,,,,
cash_accounts,2025-01-08,COMP001,CASH001,532026589.29,19266747.48,4157276.18,547136060.59,497136060.59,50000000.0,497136060.59,,,,,,,,,,,,,,,,,,,,,,,,,,,,,,,,,,,,,,,,,,,,,,,,,,,,,,,,,,,,,,,,,,,,,,,,,,,,,,,,,,,,
cash_accounts,2025-01-09,COMP001,CASH001,547136060.59,16877313.81,8189898.79,555823475.61,505823475.61,50000000.0,505823475.61,,,,,,,,,,,,,,,,,,,,,,,,,,,,,,,,,,,,,,,,,,,,,,,,,,,,,,,,,,,,,,,,,,,,,,,,,,,,,,,,,,,,
cash_accounts,2025-01-10,COMP001,CASH001,555823475.61,24308525.73,7209882.58,572922118.76,522922118.76,50000000.0,522922118.76,,,,,,,,,,,,,,,,,,,,,,,,,,,,,,,,,,,,,,,,,,,,,,,,,,,,,,,,,,,,,,,,,,,,,,,,,,,,,,,,,,,,
cash_accounts,2025-01-11,COMP001,CASH001,572922118.76,3544813.15,1136133.97,575330797.94,525330797.94,50000000.0,525330797.94,,,,,,,,,,,,,,,,,,,,,,,,,,,,,,,,,,,,,,,,,,,,,,,,,,,,,,,,,,,,,,,,,,,,,,,,,,,,,,,,,,,,
cash_accounts,2025-01-12,COMP001,CASH001,575330797.94,1204410.31,1101199.78,575434008.47,525434008.47,50000000.0,525434008.47,,,,,,,,,,,,,,,,,,,,,,,,,,,,,,,,,,,,,,,,,,,,,,,,,,,,,,,,,,,,,,,,,,,,,,,,,,,,,,,,,,,,
cash_accounts,2025-01-13,COMP001,CASH001,575434008.47,18420810.84,6052614.75,587802204.56,537802204.56,50000000.0,537802204.56,,,,,,,,,,,,,,,,,,,,,,,,,,,,,,,,,,,,,,,,,,,,,,,,,,,,,,,,,,,,,,,,,,,,,,,,,,,,,,,,,,,,
cash_accounts,2025-01-14,COMP001,CASH001,587802204.56,25028520.56,6076985.82,606753739.3,556753739.3,50000000.0,556753739.3,,,,,,,,,,,,,,,,,,,,,,,,,,,,,,,,,,,,,,,,,,,,,,,,,,,,,,,,,,,,,,,,,,,,,,,,,,,,,,,,,,,,
cash_accounts,2025-01-15,COMP001,CASH001,606753739.3,13146837.8,5080130.31,614820446.79,564820446.79,50000000.0,564820446.79,,,,,,,,,,,,,,,,,,,,,,,,,,,,,,,,,,,,,,,,,,,,,,,,,,,,,,,,,,,,,,,,,,,,,,,,,,,,,,,,,,,,
cash_accounts,2025-01-16,COMP001,CASH001,614820446.79,15323931.83,3091713.65,627052664.97,577052664.97,50000000.0,577052664.97,,,,,,,,,,,,,,,,,,,,,,,,,,,,,,,,,,,,,,,,,,,,,,,,,,,,,,,,,,,,,,,,,,,,,,,,,,,,,,,,,,,,
cash_accounts,2025-01-17,COMP001,CASH001,627052664.97,24892988.65,7700446.63,644245206.99,594245206.99,50000000.0,594245206.99,,,,,,,,,,,,,,,,,,,,,,,,,,,,,,,,,,,,,,,,,,,,,,,,,,,,,,,,,,,,,,,,,,,,,,,,,,,,,,,,,,,,
cash_accounts,2025-01-18,COMP001,CASH001,644245206.99,43099471.17,1920605.43,685424072.73,635424072.73,50000000.0,635424072.73,,,,,,,,,,,,,,,,,,,,,,,,,,,,,,,,,,,,,,,,,,,,,,,,,,,,,,,,,,,,,,,,,,,,,,,,,,,,,,,,,,,,
cash_accounts,2025-01-19,COMP001,CASH001,685424072.73,3747510.29,693618.65,688477964.37,638477964.37,50000000.0,638477964.37,,,,,,,,,,,,,,,,,,,,,,,,,,,,,,,,,,,,,,,,,,,,,,,,,,,,,,,,,,,,,,,,,,,,,,,,,,,,,,,,,,,,
cash_accounts,2025-01-20,COMP001,CASH001,688477964.37,13056662.5,9426309.86,692108317.01,642108317.01,50000000.0,642108317.01,,,,,,,,,,,,,,,,,,,,,,,,,,,,,,,,,,,,,,,,,,,,,,,,,,,,,,,,,,,,,,,,,,,,,,,,,,,,,,,,,,,,
cash_accounts,2025-01-21,COMP001,CASH001,692108317.01,23998733.76,5764781.25,710342269.52,660342269.52,50000000.0,660342269.52,,,,,,,,,,,,,,,,,,,,,,,,,,,,,,,,,,,,,,,,,,,,,,,,,,,,,,,,,,,,,,,,,,,,,,,,,,,,,,,,,,,,
cash_accounts,2025-01-22,COMP001,CASH001,710342269.52,16939534.16,6587261.09,720694542.59,670694542.59,50000000.0,670694542.59,,,,,,,,,,,,,,,,,,,,,,,,,,,,,,,,,,,,,,,,,,,,,,,,,,,,,,,,,,,,,,,,,,,,,,,,,,,,,,,,,,,,
cash_accounts,2025-01-23,COMP001,CASH001,720694542.59,10583714.7,6061609.69,725216647.6,675216647.6,50000000.0,675216647.6,,,,,,,,,,,,,,,,,,,,,,,,,,,,,,,,,,,,,,,,,,,,,,,,,,,,,,,,,,,,,,,,,,,,,,,,,,,,,,,,,,,,
cash_accounts,2025-01-24,COMP001,CASH001,725216647.6,94196094.33,8974671.85,810438070.08,760438070.08,50000000.0,760438070.08,,,,,,,,,,,,,,,,,,,,,,,,,,,,,,,,,,,,,,,,,,,,,,,,,,,,,,,,,,,,,,,,,,,,,,,,,,,,,,,,,,,,
cash_accounts,2025-01-25,COMP001,CASH001,810438070.08,1770617.28,1090536.32,811118151.04,761118151.04,50000000.0,761118151.04,,,,,,,,,,,,,,,,,,,,,,,,,,,,,,,,,,,,,,,,,,,,,,,,,,,,,,,,,,,,,,,,,,,,,,,,,,,,,,,,,,,,
cash_accounts,2025-01-26,COMP001,CASH001,811118151.04,2235351.39,1733547.63,811619954.8,761619954.8,50000000.0,761619954.8,,,,,,,,,,,,,,,,,,,,,,,,,,,,,,,,,,,,,,,,,,,,,,,,,,,,,,,,,,,,,,,,,,,,,,,,,,,,,,,,,,,,
cash_accounts,2025-01-27,COMP001,CASH001,811619954.8,18578174.29,7760876.89,822437252.2,772437252.2,50000000.0,772437252.2,,,,,,,,,,,,,,,,,,,,,,,,,,,,,,,,,,,,,,,,,,,,,,,,,,,,,,,,,,,,,,,,,,,,,,,,,,,,,,,,,,,,
cash_accounts,2025-01-28,COMP001,CASH001,822437252.2,18561777.64,25410241.26,815588788.58,765588788.58,50000000.0,765588788.58,,,,,,,,,,,,,,,,,,,,,,,,,,,,,,,,,,,,,,,,,,,,,,,,,,,,,,,,,,,,,,,,,,,,,,,,,,,,,,,,,,,,
cash_accounts,2025-01-29,COMP001,CASH001,815588788.58,13165799.13,67715875.31,761038712.4,711038712.4,50000000.0,711038712.4,,,,,,,,,,,,,,,,,,,,,,,,,,,,,,,,,,,,,,,,,,,,,,,,,,,,,,,,,,,,,,,,,,,,,,,,,,,,,,,,,,,,
cash_accounts,2025-01-30,COMP001,CASH001,761038712.4,8512031.03,13651846.88,755898896.55,705898896.55,50000000.0,705898896.55,,,,,,,,,,,,,,,,,,,,,,,,,,,,,,,,,,,,,,,,,,,,,,,,,,,,,,,,,,,,,,,,,,,,,,,,,,,,,,,,,,,,
cash_accounts,2025-01-31,COMP001,CASH001,755898896.55,16404715.07,4489932.0,767813679.62,717813679.62,50000000.0,717813679.62,,,,,,,,,,,,,,,,,,,,,,,,,,,,,,,,,,,,,,,,,,,,,,,,,,,,,,,,,,,,,,,,,,,,,,,,,,,,,,,,,,,,
cash_accounts,2025-02-01,COMP001,CASH001,767813679.62,37124398.65,1678377.08,803259701.19,753259701.19,50000000.0,753259701.19,,,,,,,,,,,,,,,,,,,,,,,,,,,,,,,,,,,,,,,,,,,,,,,,,,,,,,,,,,,,,,,,,,,,,,,,,,,,,,,,,,,,
cash_accounts,2025-02-02,COMP001,CASH001,803259701.19,2319686.66,24504978.42,781074409.43,731074409.43,50000000.0,731074409.43,,,,,,,,,,,,,,,,,,,,,,,,,,,,,,,,,,,,,,,,,,,,,,,,,,,,,,,,,,,,,,,,,,,,,,,,,,,,,,,,,,,,
cash_accounts,2025-02-03,COMP001,CASH001,781074409.43,104160917.83,4068721.7,881166605.56,831166605.56,50000000.0,831166605.56,,,,,,,,,,,,,,,,,,,,,,,,,,,,,,,,,,,,,,,,,,,,,,,,,,,,,,,,,,,,,,,,,,,,,,,,,,,,,,,,,,,,
cash_accounts,2025-02-04,COMP001,CASH001,881166605.56,19800878.22,4773556.82,896193926.96,846193926.96,50000000.0,846193926.96,,,,,,,,,,,,,,,,,,,,,,,,,,,,,,,,,,,,,,,,,,,,,,,,,,,,,,,,,,,,,,,,,,,,,,,,,,,,,,,,,,,,
cash_accounts,2025-02-05,COMP001,CASH001,896193926.96,18279249.5,4708381.89,909764794.57,859764794.57,50000000.0,859764794.57,,,,,,,,,,,,,,,,,,,,,,,,,,,,,,,,,,,,,,,,,,,,,,,,,,,,,,,,,,,,,,,,,,,,,,,,,,,,,,,,,,,,
cash_accounts,2025-02-06,COMP001,CASH001,909764794.57,10091333.19,16494284.39,903361843.37,853361843.37,50000000.0,853361843.37,,,,,,,,,,,,,,,,,,,,,,,,,,,,,,,,,,,,,,,,,,,,,,,,,,,,,,,,,,,,,,,,,,,,,,,,,,,,,,,,,,,,
cash_accounts,2025-02-07,COMP001,CASH001,903361843.37,18490951.17,4347703.03,917505091.51,867505091.51,50000000.0,867505091.51,,,,,,,,,,,,,,,,,,,,,,,,,,,,,,,,,,,,,,,,,,,,,,,,,,,,,,,,,,,,,,,,,,,,,,,,,,,,,,,,,,,,
cash_accounts,2025-02-08,COMP001,CASH001,917505091.51,52051783.09,1905446.0,967651428.6,917651428.6,50000000.0,917651428.6,,,,,,,,,,,,,,,,,,,,,,,,,,,,,,,,,,,,,,,,,,,,,,,,,,,,,,,,,,,,,,,,,,,,,,,,,,,,,,,,,,,,
cash_accounts,2025-02-09,COMP001,CASH001,967651428.6,3365938.83,21681550.0,949335817.43,899335817.43,50000000.0,899335817.43,,,,,,,,,,,,,,,,,,,,,,,,,,,,,,,,,,,,,,,,,,,,,,,,,,,,,,,,,,,,,,,,,,,,,,,,,,,,,,,,,,,,
cash_accounts,2025-02-10,COMP001,CASH001,949335817.43,9073123.41,5347195.4,953061745.44,903061745.44,50000000.0,903061745.44,,,,,,,,,,,,,,,,,,,,,,,,,,,,,,,,,,,,,,,,,,,,,,,,,,,,,,,,,,,,,,,,,,,,,,,,,,,,,,,,,,,,
cash_accounts,2025-02-11,COMP001,CASH001,953061745.44,60298611.64,63556542.95,949803814.13,899803814.13,50000000.0,899803814.13,,,,,,,,,,,,,,,,,,,,,,,,,,,,,,,,,,,,,,,,,,,,,,,,,,,,,,,,,,,,,,,,,,,,,,,,,,,,,,,,,,,,
cash_accounts,2025-02-12,COMP001,CASH001,949803814.13,20617024.26,36204494.07,934216344.32,884216344.32,50000000.0,884216344.32,,,,,,,,,,,,,,,,,,,,,,,,,,,,,,,,,,,,,,,,,,,,,,,,,,,,,,,,,,,,,,,,,,,,,,,,,,,,,,,,,,,,
cash_accounts,2025-02-13,COMP001,CASH001,934216344.32,16297628.46,7172598.2,943341374.58,893341374.58,50000000.0,893341374.58,,,,,,,,,,,,,,,,,,,,,,,,,,,,,,,,,,,,,,,,,,,,,,,,,,,,,,,,,,,,,,,,,,,,,,,,,,,,,,,,,,,,
cash_accounts,2025-02-14,COMP001,CASH001,943341374.58,46469984.02,50056230.47,939755128.13,889755128.13,50000000.0,889755128.13,,,,,,,,,,,,,,,,,,,,,,,,,,,,,,,,,,,,,,,,,,,,,,,,,,,,,,,,,,,,,,,,,,,,,,,,,,,,,,,,,,,,
cash_accounts,2025-02-15,COMP001,CASH001,939755128.13,48681041.13,6650577.03,981785592.23,931785592.23,50000000.0,931785592.23,,,,,,,,,,,,,,,,,,,,,,,,,,,,,,,,,,,,,,,,,,,,,,,,,,,,,,,,,,,,,,,,,,,,,,,,,,,,,,,,,,,,
cash_accounts,2025-02-16,COMP001,CASH001,981785592.23,42267568.36,1092648.84,1022960511.75,972960511.75,50000000.0,972960511.75,,,,,,,,,,,,,,,,,,,,,,,,,,,,,,,,,,,,,,,,,,,,,,,,,,,,,,,,,,,,,,,,,,,,,,,,,,,,,,,,,,,,
cash_accounts,2025-02-17,COMP001,CASH001,1022960511.75,16424221.14,7415509.75,1031969223.14,981969223.14,50000000.0,981969223.14,,,,,,,,,,,,,,,,,,,,,,,,,,,,,,,,,,,,,,,,,,,,,,,,,,,,,,,,,,,,,,,,,,,,,,,,,,,,,,,,,,,,
cash_accounts,2025-02-18,COMP001,CASH001,1031969223.14,122117880.28,9401627.08,1144685476.34,1094685476.34,50000000.0,1094685476.34,,,,,,,,,,,,,,,,,,,,,,,,,,,,,,,,,,,,,,,,,,,,,,,,,,,,,,,,,,,,,,,,,,,,,,,,,,,,,,,,,,,,
cash_accounts,2025-02-19,COMP001,CASH001,1144685476.34,21765093.57,9233297.3,1157217272.61,1107217272.61,50000000.0,1107217272.61,,,,,,,,,,,,,,,,,,,,,,,,,,,,,,,,,,,,,,,,,,,,,,,,,,,,,,,,,,,,,,,,,,,,,,,,,,,,,,,,,,,,
cash_accounts,2025-02-20,COMP001,CASH001,1157217272.61,25318456.88,63100154.88,1119435574.61,1069435574.61,50000000.0,1069435574.61,,,,,,,,,,,,,,,,,,,,,,,,,,,,,,,,,,,,,,,,,,,,,,,,,,,,,,,,,,,,,,,,,,,,,,,,,,,,,,,,,,,,
cash_accounts,2025-02-21,COMP001,CASH001,1119435574.61,24103693.44,24322745.96,1119216522.09,1069216522.09,50000000.0,1069216522.09,,,,,,,,,,,,,,,,,,,,,,,,,,,,,,,,,,,,,,,,,,,,,,,,,,,,,,,,,,,,,,,,,,,,,,,,,,,,,,,,,,,,
cash_accounts,2025-02-22,COMP001,CASH001,1119216522.09,3655548.88,20909008.54,1101963062.43,1051963062.43,50000000.0,1051963062.43,,,,,,,,,,,,,,,,,,,,,,,,,,,,,,,,,,,,,,,,,,,,,,,,,,,,,,,,,,,,,,,,,,,,,,,,,,,,,,,,,,,,
cash_accounts,2025-02-23,COMP001,CASH001,1101963062.43,3388457.04,1515691.55,1103835827.92,1053835827.92,50000000.0,1053835827.92,,,,,,,,,,,,,,,,,,,,,,,,,,,,,,,,,,,,,,,,,,,,,,,,,,,,,,,,,,,,,,,,,,,,,,,,,,,,,,,,,,,,
cash_accounts,2025-02-24,COMP001,CASH001,1103835827.92,14452260.91,9017008.98,1109271079.85,1059271079.85,50000000.0,1059271079.85,,,,,,,,,,,,,,,,,,,,,,,,,,,,,,,,,,,,,,,,,,,,,,,,,,,,,,,,,,,,,,,,,,,,,,,,,,,,,,,,,,,,
cash_accounts,2025-02-25,COMP001,CASH001,1109271079.85,25995506.71,7027072.18,1128239514.38,1078239514.38,50000000.0,1078239514.38,,,,,,,,,,,,,,,,,,,,,,,,,,,,,,,,,,,,,,,,,,,,,,,,,,,,,,,,,,,,,,,,,,,,,,,,,,,,,,,,,,,,
cash_accounts,2025-02-26,COMP001,CASH001,1128239514.38,11095893.41,4069771.47,1135265636.32,1085265636.32,50000000.0,1085265636.32,,,,,,,,,,,,,,,,,,,,,,,,,,,,,,,,,,,,,,,,,,,,,,,,,,,,,,,,,,,,,,,,,,,,,,,,,,,,,,,,,,,,
cash_accounts,2025-02-27,COMP001,CASH001,1135265636.32,34370064.2,36380420.93,1133255279.59,1083255279.59,50000000.0,1083255279.59,,,,,,,,,,,,,,,,,,,,,,,,,,,,,,,,,,,,,,,,,,,,,,,,,,,,,,,,,,,,,,,,,,,,,,,,,,,,,,,,,,,,
cash_accounts,2025-02-28,COMP001,CASH001,1133255279.59,21448712.64,10505926.62,1144198065.61,1094198065.61,50000000.0,1094198065.61,,,,,,,,,,,,,,,,,,,,,,,,,,,,,,,,,,,,,,,,,,,,,,,,,,,,,,,,,,,,,,,,,,,,,,,,,,,,,,,,,,,,
cash_accounts,2025-03-01,COMP001,CASH001,1144198065.61,23432587.61,22279226.23,1145351426.99,1095351426.99,50000000.0,1095351426.99,,,,,,,,,,,,,,,,,,,,,,,,,,,,,,,,,,,,,,,,,,,,,,,,,,,,,,,,,,,,,,,,,,,,,,,,,,,,,,,,,,,,
cash_accounts,2025-03-02,COMP001,CASH001,1145351426.99,108146628.28,54956515.97,1198541539.3,1148541539.3,50000000.0,1148541539.3,,,,,,,,,,,,,,,,,,,,,,,,,,,,,,,,,,,,,,,,,,,,,,,,,,,,,,,,,,,,,,,,,,,,,,,,,,,,,,,,,,,,
cash_accounts,2025-03-03,COMP001,CASH001,1198541539.3,15326107.14,63752749.04,1150114897.4,1100114897.4,50000000.0,1100114897.4,,,,,,,,,,,,,,,,,,,,,,,,,,,,,,,,,,,,,,,,,,,,,,,,,,,,,,,,,,,,,,,,,,,,,,,,,,,,,,,,,,,,
cash_accounts,2025-03-04,COMP001,CASH001,1150114897.4,80770388.81,4131512.55,1226753773.66,1176753773.66,50000000.0,1176753773.66,,,,,,,,,,,,,,,,,,,,,,,,,,,,,,,,,,,,,,,,,,,,,,,,,,,,,,,,,,,,,,,,,,,,,,,,,,,,,,,,,,,,
cash_accounts,2025-03-05,COMP001,CASH001,1226753773.66,137857526.86,4666388.43,1359944912.09,1309944912.09,50000000.0,1309944912.09,,,,,,,,,,,,,,,,,,,,,,,,,,,,,,,,,,,,,,,,,,,,,,,,,,,,,,,,,,,,,,,,,,,,,,,,,,,,,,,,,,,,
cash_accounts,2025-03-06,COMP001,CASH001,1359944912.09,11476891.34,44162680.68,1327259122.75,1277259122.75,50000000.0,1277259122.75,,,,,,,,,,,,,,,,,,,,,,,,,,,,,,,,,,,,,,,,,,,,,,,,,,,,,,,,,,,,,,,,,,,,,,,,,,,,,,,,,,,,
cash_accounts,2025-03-07,COMP001,CASH001,1327259122.75,46472533.76,42267101.79,1331464554.72,1281464554.72,50000000.0,1281464554.72,,,,,,,,,,,,,,,,,,,,,,,,,,,,,,,,,,,,,,,,,,,,,,,,,,,,,,,,,,,,,,,,,,,,,,,,,,,,,,,,,,,,
cash_accounts,2025-03-08,COMP001,CASH001,1331464554.72,2199192.18,16534763.16,1317128983.74,1267128983.74,50000000.0,1267128983.74,,,,,,,,,,,,,,,,,,,,,,,,,,,,,,,,,,,,,,,,,,,,,,,,,,,,,,,,,,,,,,,,,,,,,,,,,,,,,,,,,,,,
cash_accounts,2025-03-09,COMP001,CASH001,1317128983.74,25432084.59,125578543.94,1216982524.39,1166982524.39,50000000.0,1166982524.39,,,,,,,,,,,,,,,,,,,,,,,,,,,,,,,,,,,,,,,,,,,,,,,,,,,,,,,,,,,,,,,,,,,,,,,,,,,,,,,,,,,,
cash_accounts,2025-03-10,COMP001,CASH001,1216982524.39,47212120.8,37574182.87,1226620462.32,1176620462.32,50000000.0,1176620462.32,,,,,,,,,,,,,,,,,,,,,,,,,,,,,,,,,,,,,,,,,,,,,,,,,,,,,,,,,,,,,,,,,,,,,,,,,,,,,,,,,,,,
cash_accounts,2025-03-11,COMP001,CASH001,1226620462.32,79482586.44,8273884.64,1297829164.12,1247829164.12,50000000.0,1247829164.12,,,,,,,,,,,,,,,,,,,,,,,,,,,,,,,,,,,,,,,,,,,,,,,,,,,,,,,,,,,,,,,,,,,,,,,,,,,,,,,,,,,,
cash_accounts,2025-03-12,COMP001,CASH001,1297829164.12,89194377.16,9177328.4,1377846212.88,1327846212.88,50000000.0,1327846212.88,,,,,,,,,,,,,,,,,,,,,,,,,,,,,,,,,,,,,,,,,,,,,,,,,,,,,,,,,,,,,,,,,,,,,,,,,,,,,,,,,,,,
cash_accounts,2025-03-13,COMP001,CASH001,1377846212.88,65559141.59,4896517.34,1438508837.13,1388508837.13,50000000.0,1388508837.13,,,,,,,,,,,,,,,,,,,,,,,,,,,,,,,,,,,,,,,,,,,,,,,,,,,,,,,,,,,,,,,,,,,,,,,,,,,,,,,,,,,,
cash_accounts,2025-03-14,COMP001,CASH001,1438508837.13,58642299.03,58986351.23,1438164784.93,1388164784.93,50000000.0,1388164784.93,,,,,,,,,,,,,,,,,,,,,,,,,,,,,,,,,,,,,,,,,,,,,,,,,,,,,,,,,,,,,,,,,,,,,,,,,,,,,,,,,,,,
cash_accounts,2025-03-15,COMP001,CASH001,1438164784.93,14157135.14,89387310.65,1362934609.42,1312934609.42,50000000.0,1312934609.42,,,,,,,,,,,,,,,,,,,,,,,,,,,,,,,,,,,,,,,,,,,,,,,,,,,,,,,,,,,,,,,,,,,,,,,,,,,,,,,,,,,,
cash_accounts,2025-03-16,COMP001,CASH001,1362934609.42,27622373.72,44359938.94,1346197044.2,1296197044.2,50000000.0,1296197044.2,,,,,,,,,,,,,,,,,,,,,,,,,,,,,,,,,,,,,,,,,,,,,,,,,,,,,,,,,,,,,,,,,,,,,,,,,,,,,,,,,,,,
cash_accounts,2025-03-17,COMP001,CASH001,1346197044.2,110553783.42,6778283.82,1449972543.8,1399972543.8,50000000.0,1399972543.8,,,,,,,,,,,,,,,,,,,,,,,,,,,,,,,,,,,,,,,,,,,,,,,,,,,,,,,,,,,,,,,,,,,,,,,,,,,,,,,,,,,,
cash_accounts,2025-03-18,COMP001,CASH001,1449972543.8,102773066.37,64095774.95,1488649835.22,1438649835.22,50000000.0,1438649835.22,,,,,,,,,,,,,,,,,,,,,,,,,,,,,,,,,,,,,,,,,,,,,,,,,,,,,,,,,,,,,,,,,,,,,,,,,,,,,,,,,,,,
cash_accounts,2025-03-19,COMP001,CASH001,1488649835.22,13951530.56,16406254.64,1486195111.14,1436195111.14,50000000.0,1436195111.14,,,,,,,,,,,,,,,,,,,,,,,,,,,,,,,,,,,,,,,,,,,,,,,,,,,,,,,,,,,,,,,,,,,,,,,,,,,,,,,,,,,,
cash_accounts,2025-03-20,COMP001,CASH001,1486195111.14,39605225.81,5470563.36,1520329773.59,1470329773.59,50000000.0,1470329773.59,,,,,,,,,,,,,,,,,,,,,,,,,,,,,,,,,,,,,,,,,,,,,,,,,,,,,,,,,,,,,,,,,,,,,,,,,,,,,,,,,,,,
cash_accounts,2025-03-21,COMP001,CASH001,1520329773.59,49713949.74,7394268.0,1562649455.33,1512649455.33,50000000.0,1512649455.33,,,,,,,,,,,,,,,,,,,,,,,,,,,,,,,,,,,,,,,,,,,,,,,,,,,,,,,,,,,,,,,,,,,,,,,,,,,,,,,,,,,,
cash_accounts,2025-03-22,COMP001,CASH001,1562649455.33,1930792.21,38498102.95,1526082144.59,1476082144.59,50000000.0,1476082144.59,,,,,,,,,,,,,,,,,,,,,,,,,,,,,,,,,,,,,,,,,,,,,,,,,,,,,,,,,,,,,,,,,,,,,,,,,,,,,,,,,,,,
cash_accounts,2025-03-23,COMP001,CASH001,1526082144.59,59090987.78,13291991.36,1571881141.01,1521881141.01,50000000.0,1521881141.01,,,,,,,,,,,,,,,,,,,,,,,,,,,,,,,,,,,,,,,,,,,,,,,,,,,,,,,,,,,,,,,,,,,,,,,,,,,,,,,,,,,,
cash_accounts,2025-03-24,COMP001,CASH001,1571881141.01,71809872.6,51591616.99,1592099396.62,1542099396.62,50000000.0,1542099396.62,,,,,,,,,,,,,,,,,,,,,,,,,,,,,,,,,,,,,,,,,,,,,,,,,,,,,,,,,,,,,,,,,,,,,,,,,,,,,,,,,,,,
cash_accounts,2025-03-25,COMP001,CASH001,1592099396.62,91943150.78,67809303.93,1616233243.47,1566233243.47,50000000.0,1566233243.47,,,,,,,,,,,,,,,,,,,,,,,,,,,,,,,,,,,,,,,,,,,,,,,,,,,,,,,,,,,,,,,,,,,,,,,,,,,,,,,,,,,,
cash_accounts,2025-03-26,COMP001,CASH001,1616233243.47,132903409.25,50556002.06,1698580650.66,1648580650.66,50000000.0,1648580650.66,,,,,,,,,,,,,,,,,,,,,,,,,,,,,,,,,,,,,,,,,,,,,,,,,,,,,,,,,,,,,,,,,,,,,,,,,,,,,,,,,,,,
cash_accounts,2025-03-27,COMP001,CASH001,1698580650.66,89126981.16,48447277.41,1739260354.41,1689260354.41,50000000.0,1689260354.41,,,,,,,,,,,,,,,,,,,,,,,,,,,,,,,,,,,,,,,,,,,,,,,,,,,,,,,,,,,,,,,,,,,,,,,,,,,,,,,,,,,,
cash_accounts,2025-03-28,COMP001,CASH001,1739260354.41,26101703.53,5414206.72,1759947851.22,1709947851.22,50000000.0,1709947851.22,,,,,,,,,,,,,,,,,,,,,,,,,,,,,,,,,,,,,,,,,,,,,,,,,,,,,,,,,,,,,,,,,,,,,,,,,,,,,,,,,,,,
cash_accounts,2025-03-29,COMP001,CASH001,1759947851.22,118270232.84,1428313.84,1876789770.22,1826789770.22,50000000.0,1826789770.22,,,,,,,,,,,,,,,,,,,,,,,,,,,,,,,,,,,,,,,,,,,,,,,,,,,,,,,,,,,,,,,,,,,,,,,,,,,,,,,,,,,,
cash_accounts,2025-03-30,COMP001,CASH001,1876789770.22,66401487.54,1755361.19,1941435896.57,1891435896.57,50000000.0,1891435896.57,,,,,,,,,,,,,,,,,,,,,,,,,,,,,,,,,,,,,,,,,,,,,,,,,,,,,,,,,,,,,,,,,,,,,,,,,,,,,,,,,,,,
cash_accounts,2025-03-31,COMP001,CASH001,1941435896.57,46734836.16,52374400.08,1935796332.65,1885796332.65,50000000.0,1885796332.65,,,,,,,,,,,,,,,,,,,,,,,,,,,,,,,,,,,,,,,,,,,,,,,,,,,,,,,,,,,,,,,,,,,,,,,,,,,,,,,,,,,,
cash_accounts,2025-04-01,COMP001,CASH001,1935796332.65,47043812.75,17443310.24,1965396835.16,1915396835.16,50000000.0,1915396835.16,,,,,,,,,,,,,,,,,,,,,,,,,,,,,,,,,,,,,,,,,,,,,,,,,,,,,,,,,,,,,,,,,,,,,,,,,,,,,,,,,,,,
cash_accounts,2025-04-02,COMP001,CASH001,1965396835.16,84143654.68,4091094.58,2045449395.26,1995449395.26,50000000.0,1995449395.26,,,,,,,,,,,,,,,,,,,,,,,,,,,,,,,,,,,,,,,,,,,,,,,,,,,,,,,,,,,,,,,,,,,,,,,,,,,,,,,,,,,,
cash_accounts,2025-04-03,COMP001,CASH001,2045449395.26,201676407.08,4895788.19,2242230014.15,2192230014.15,50000000.0,2192230014.15,,,,,,,,,,,,,,,,,,,,,,,,,,,,,,,,,,,,,,,,,,,,,,,,,,,,,,,,,,,,,,,,,,,,,,,,,,,,,,,,,,,,
cash_accounts,2025-04-04,COMP001,CASH001,2242230014.15,110117926.98,6355151.82,2345992789.31,2295992789.31,50000000.0,2295992789.31,,,,,,,,,,,,,,,,,,,,,,,,,,,,,,,,,,,,,,,,,,,,,,,,,,,,,,,,,,,,,,,,,,,,,,,,,,,,,,,,,,,,
cash_accounts,2025-04-05,COMP001,CASH001,2345992789.31,1969984.04,55338140.12,2292624633.23,2242624633.23,50000000.0,2242624633.23,,,,,,,,,,,,,,,,,,,,,,,,,,,,,,,,,,,,,,,,,,,,,,,,,,,,,,,,,,,,,,,,,,,,,,,,,,,,,,,,,,,,
cash_accounts,2025-04-06,COMP001,CASH001,2292624633.23,2460775.05,36389472.17,2258695936.11,2208695936.11,50000000.0,2208695936.11,,,,,,,,,,,,,,,,,,,,,,,,,,,,,,,,,,,,,,,,,,,,,,,,,,,,,,,,,,,,,,,,,,,,,,,,,,,,,,,,,,,,
cash_accounts,2025-04-07,COMP001,CASH001,2258695936.11,35129528.66,4071510.52,2289753954.25,2239753954.25,50000000.0,2239753954.25,,,,,,,,,,,,,,,,,,,,,,,,,,,,,,,,,,,,,,,,,,,,,,,,,,,,,,,,,,,,,,,,,,,,,,,,,,,,,,,,,,,,
cash_accounts,2025-04-08,COMP001,CASH001,2289753954.25,18298567.31,54549179.38,2253503342.18,2203503342.18,50000000.0,2203503342.18,,,,,,,,,,,,,,,,,,,,,,,,,,,,,,,,,,,,,,,,,,,,,,,,,,,,,,,,,,,,,,,,,,,,,,,,,,,,,,,,,,,,
cash_accounts,2025-04-09,COMP001,CASH001,2253503342.18,66055465.12,100467509.11,2219091298.19,2169091298.19,50000000.0,2169091298.19,,,,,,,,,,,,,,,,,,,,,,,,,,,,,,,,,,,,,,,,,,,,,,,,,,,,,,,,,,,,,,,,,,,,,,,,,,,,,,,,,,,,
cash_accounts,2025-04-10,COMP001,CASH001,2219091298.19,13841178.42,5545142.16,2227387334.45,2177387334.45,50000000.0,2177387334.45,,,,,,,,,,,,,,,,,,,,,,,,,,,,,,,,,,,,,,,,,,,,,,,,,,,,,,,,,,,,,,,,,,,,,,,,,,,,,,,,,,,,
cash_accounts,2025-04-11,COMP001,CASH001,2227387334.45,23676383.96,15480189.3,2235583529.11,2185583529.11,50000000.0,2185583529.11,,,,,,,,,,,,,,,,,,,,,,,,,,,,,,,,,,,,,,,,,,,,,,,,,,,,,,,,,,,,,,,,,,,,,,,,,,,,,,,,,,,,
cash_accounts,2025-04-12,COMP001,CASH001,2235583529.11,63591716.04,1261696.99,2297913548.16,2247913548.16,50000000.0,2247913548.16,,,,,,,,,,,,,,,,,,,,,,,,,,,,,,,,,,,,,,,,,,,,,,,,,,,,,,,,,,,,,,,,,,,,,,,,,,,,,,,,,,,,
cash_accounts,2025-04-13,COMP001,CASH001,2297913548.16,79988485.97,36718078.09,2341183956.04,2291183956.04,50000000.0,2291183956.04,,,,,,,,,,,,,,,,,,,,,,,,,,,,,,,,,,,,,,,,,,,,,,,,,,,,,,,,,,,,,,,,,,,,,,,,,,,,,,,,,,,,
cash_accounts,2025-04-14,COMP001,CASH001,2341183956.04,10108186.73,4632300.11,2346659842.66,2296659842.66,50000000.0,2296659842.66,,,,,,,,,,,,,,,,,,,,,,,,,,,,,,,,,,,,,,,,,,,,,,,,,,,,,,,,,,,,,,,,,,,,,,,,,,,,,,,,,,,,
cash_accounts,2025-04-15,COMP001,CASH001,2346659842.66,30785473.46,52498995.54,2324946320.58,2274946320.58,50000000.0,2274946320.58,,,,,,,,,,,,,,,,,,,,,,,,,,,,,,,,,,,,,,,,,,,,,,,,,,,,,,,,,,,,,,,,,,,,,,,,,,,,,,,,,,,,
cash_accounts,2025-04-16,COMP001,CASH001,2324946320.58,22028890.1,20673620.75,2326301589.93,2276301589.93,50000000.0,2276301589.93,,,,,,,,,,,,,,,,,,,,,,,,,,,,,,,,,,,,,,,,,,,,,,,,,,,,,,,,,,,,,,,,,,,,,,,,,,,,,,,,,,,,
cash_accounts,2025-04-17,COMP001,CASH001,2326301589.93,8607575.32,80146308.35,2254762856.9,2204762856.9,50000000.0,2204762856.9,,,,,,,,,,,,,,,,,,,,,,,,,,,,,,,,,,,,,,,,,,,,,,,,,,,,,,,,,,,,,,,,,,,,,,,,,,,,,,,,,,,,
cash_accounts,2025-04-18,COMP001,CASH001,2254762856.9,74346534.46,46271330.86,2282838060.5,2232838060.5,50000000.0,2232838060.5,,,,,,,,,,,,,,,,,,,,,,,,,,,,,,,,,,,,,,,,,,,,,,,,,,,,,,,,,,,,,,,,,,,,,,,,,,,,,,,,,,,,
cash_accounts,2025-04-19,COMP001,CASH001,2282838060.5,78453753.22,1534596.92,2359757216.8,2309757216.8,50000000.0,2309757216.8,,,,,,,,,,,,,,,,,,,,,,,,,,,,,,,,,,,,,,,,,,,,,,,,,,,,,,,,,,,,,,,,,,,,,,,,,,,,,,,,,,,,
cash_accounts,2025-04-20,COMP001,CASH001,2359757216.8,1361204.91,63355232.8,2297763188.91,2247763188.91,50000000.0,2247763188.91,,,,,,,,,,,,,,,,,,,,,,,,,,,,,,,,,,,,,,,,,,,,,,,,,,,,,,,,,,,,,,,,,,,,,,,,,,,,,,,,,,,,
cash_accounts,2025-04-21,COMP001,CASH001,2297763188.91,41181094.46,3796221.99,2335148061.38,2285148061.38,50000000.0,2285148061.38,,,,,,,,,,,,,,,,,,,,,,,,,,,,,,,,,,,,,,,,,,,,,,,,,,,,,,,,,,,,,,,,,,,,,,,,,,,,,,,,,,,,
cash_accounts,2025-04-22,COMP001,CASH001,2335148061.38,95427116.16,61955538.47,2368619639.07,2318619639.07,50000000.0,2318619639.07,,,,,,,,,,,,,,,,,,,,,,,,,,,,,,,,,,,,,,,,,,,,,,,,,,,,,,,,,,,,,,,,,,,,,,,,,,,,,,,,,,,,
cash_accounts,2025-04-23,COMP001,CASH001,2368619639.07,8540292.38,46417926.42,2330742005.03,2280742005.03,50000000.0,2280742005.03,,,,,,,,,,,,,,,,,,,,,,,,,,,,,,,,,,,,,,,,,,,,,,,,,,,,,,,,,,,,,,,,,,,,,,,,,,,,,,,,,,,,
cash_accounts,2025-04-24,COMP001,CASH001,2330742005.03,203238033.11,7425654.95,2526554383.19,2476554383.19,50000000.0,2476554383.19,,,,,,,,,,,,,,,,,,,,,,,,,,,,,,,,,,,,,,,,,,,,,,,,,,,,,,,,,,,,,,,,,,,,,,,,,,,,,,,,,,,,
cash_accounts,2025-04-25,COMP001,CASH001,2526554383.19,182982767.03,113361900.09,2596175250.13,2546175250.13,50000000.0,2546175250.13,,,,,,,,,,,,,,,,,,,,,,,,,,,,,,,,,,,,,,,,,,,,,,,,,,,,,,,,,,,,,,,,,,,,,,,,,,,,,,,,,,,,
cash_accounts,2025-04-26,COMP001,CASH001,2596175250.13,1777603.96,1669159.5,2596283694.59,2546283694.59,50000000.0,2546283694.59,,,,,,,,,,,,,,,,,,,,,,,,,,,,,,,,,,,,,,,,,,,,,,,,,,,,,,,,,,,,,,,,,,,,,,,,,,,,,,,,,,,,
cash_accounts,2025-04-27,COMP001,CASH001,2596283694.59,64821519.49,26971029.3,2634134184.78,2584134184.78,50000000.0,2584134184.78,,,,,,,,,,,,,,,,,,,,,,,,,,,,,,,,,,,,,,,,,,,,,,,,,,,,,,,,,,,,,,,,,,,,,,,,,,,,,,,,,,,,
cash_accounts,2025-04-28,COMP001,CASH001,2634134184.78,19877138.96,25411589.19,2628599734.55,2578599734.55,50000000.0,2578599734.55,,,,,,,,,,,,,,,,,,,,,,,,,,,,,,,,,,,,,,,,,,,,,,,,,,,,,,,,,,,,,,,,,,,,,,,,,,,,,,,,,,,,
cash_accounts,2025-04-29,COMP001,CASH001,2628599734.55,18591614.26,80786292.21,2566405056.6,2516405056.6,50000000.0,2516405056.6,,,,,,,,,,,,,,,,,,,,,,,,,,,,,,,,,,,,,,,,,,,,,,,,,,,,,,,,,,,,,,,,,,,,,,,,,,,,,,,,,,,,
cash_accounts,2025-04-30,COMP001,CASH001,2566405056.6,68058473.77,10976088.87,2623487441.5,2573487441.5,50000000.0,2573487441.5,,,,,,,,,,,,,,,,,,,,,,,,,,,,,,,,,,,,,,,,,,,,,,,,,,,,,,,,,,,,,,,,,,,,,,,,,,,,,,,,,,,,
cash_accounts,2025-05-01,COMP001,CASH001,2623487441.5,57772480.82,29491204.19,2651768718.13,2601768718.13,50000000.0,2601768718.13,,,,,,,,,,,,,,,,,,,,,,,,,,,,,,,,,,,,,,,,,,,,,,,,,,,,,,,,,,,,,,,,,,,,,,,,,,,,,,,,,,,,
cash_accounts,2025-05-02,COMP001,CASH001,2651768718.13,49539721.04,68743628.48,2632564810.69,2582564810.69,50000000.0,2582564810.69,,,,,,,,,,,,,,,,,,,,,,,,,,,,,,,,,,,,,,,,,,,,,,,,,,,,,,,,,,,,,,,,,,,,,,,,,,,,,,,,,,,,
cash_accounts,2025-05-03,COMP001,CASH001,2632564810.69,54806884.54,40639454.23,2646732241.0,2596732241.0,50000000.0,2596732241.0,,,,,,,,,,,,,,,,,,,,,,,,,,,,,,,,,,,,,,,,,,,,,,,,,,,,,,,,,,,,,,,,,,,,,,,,,,,,,,,,,,,,
cash_accounts,2025-05-04,COMP001,CASH001,2646732241.0,76920975.53,45816209.18,2677837007.35,2627837007.35,50000000.0,2627837007.35,,,,,,,,,,,,,,,,,,,,,,,,,,,,,,,,,,,,,,,,,,,,,,,,,,,,,,,,,,,,,,,,,,,,,,,,,,,,,,,,,,,,
cash_accounts,2025-05-05,COMP001,CASH001,2677837007.35,17046274.37,34671434.47,2660211847.25,2610211847.25,50000000.0,2610211847.25,,,,,,,,,,,,,,,,,,,,,,,,,,,,,,,,,,,,,,,,,,,,,,,,,,,,,,,,,,,,,,,,,,,,,,,,,,,,,,,,,,,,
cash_accounts,2025-05-06,COMP001,CASH001,2660211847.25,60852441.01,12095390.39,2708968897.87,2658968897.87,50000000.0,2658968897.87,,,,,,,,,,,,,,,,,,,,,,,,,,,,,,,,,,,,,,,,,,,,,,,,,,,,,,,,,,,,,,,,,,,,,,,,,,,,,,,,,,,,
cash_accounts,2025-05-07,COMP001,CASH001,2708968897.87,85089298.24,67179308.77,2726878887.34,2676878887.34,50000000.0,2676878887.34,,,,,,,,,,,,,,,,,,,,,,,,,,,,,,,,,,,,,,,,,,,,,,,,,,,,,,,,,,,,,,,,,,,,,,,,,,,,,,,,,,,,
cash_accounts,2025-05-08,COMP001,CASH001,2726878887.34,71620888.17,8509917.53,2789989857.98,2739989857.98,50000000.0,2739989857.98,,,,,,,,,,,,,,,,,,,,,,,,,,,,,,,,,,,,,,,,,,,,,,,,,,,,,,,,,,,,,,,,,,,,,,,,,,,,,,,,,,,,
cash_accounts,2025-05-09,COMP001,CASH001,2789989857.98,111495781.35,52089782.15,2849395857.18,2799395857.18,50000000.0,2799395857.18,,,,,,,,,,,,,,,,,,,,,,,,,,,,,,,,,,,,,,,,,,,,,,,,,,,,,,,,,,,,,,,,,,,,,,,,,,,,,,,,,,,,
cash_accounts,2025-05-10,COMP001,CASH001,2849395857.18,60330594.25,121101977.31,2788624474.12,2738624474.12,50000000.0,2738624474.12,,,,,,,,,,,,,,,,,,,,,,,,,,,,,,,,,,,,,,,,,,,,,,,,,,,,,,,,,,,,,,,,,,,,,,,,,,,,,,,,,,,,
cash_accounts,2025-05-11,COMP001,CASH001,2788624474.12,32935220.34,645897.18,2820913797.28,2770913797.28,50000000.0,2770913797.28,,,,,,,,,,,,,,,,,,,,,,,,,,,,,,,,,,,,,,,,,,,,,,,,,,,,,,,,,,,,,,,,,,,,,,,,,,,,,,,,,,,,
cash_accounts,2025-05-12,COMP001,CASH001,2820913797.28,16573304.36,29788033.05,2807699068.59,2757699068.59,50000000.0,2757699068.59,,,,,,,,,,,,,,,,,,,,,,,,,,,,,,,,,,,,,,,,,,,,,,,,,,,,,,,,,,,,,,,,,,,,,,,,,,,,,,,,,,,,
cash_accounts,2025-05-13,COMP001,CASH001,2807699068.59,16036169.81,12321711.22,2811413527.18,2761413527.18,50000000.0,2761413527.18,,,,,,,,,,,,,,,,,,,,,,,,,,,,,,,,,,,,,,,,,,,,,,,,,,,,,,,,,,,,,,,,,,,,,,,,,,,,,,,,,,,,
cash_accounts,2025-05-14,COMP001,CASH001,2811413527.18,63294261.42,61719568.26,2812988220.34,2762988220.34,50000000.0,2762988220.34,,,,,,,,,,,,,,,,,,,,,,,,,,,,,,,,,,,,,,,,,,,,,,,,,,,,,,,,,,,,,,,,,,,,,,,,,,,,,,,,,,,,
cash_accounts,2025-05-15,COMP001,CASH001,2812988220.34,64014732.77,47871529.14,2829131423.97,2779131423.97,50000000.0,2779131423.97,,,,,,,,,,,,,,,,,,,,,,,,,,,,,,,,,,,,,,,,,,,,,,,,,,,,,,,,,,,,,,,,,,,,,,,,,,,,,,,,,,,,
cash_accounts,2025-05-16,COMP001,CASH001,2829131423.97,17217386.21,33124043.85,2813224766.33,2763224766.33,50000000.0,2763224766.33,,,,,,,,,,,,,,,,,,,,,,,,,,,,,,,,,,,,,,,,,,,,,,,,,,,,,,,,,,,,,,,,,,,,,,,,,,,,,,,,,,,,
cash_accounts,2025-05-17,COMP001,CASH001,2813224766.33,168665731.07,1444729.51,2980445767.89,2930445767.89,50000000.0,2930445767.89,,,,,,,,,,,,,,,,,,,,,,,,,,,,,,,,,,,,,,,,,,,,,,,,,,,,,,,,,,,,,,,,,,,,,,,,,,,,,,,,,,,,
cash_accounts,2025-05-18,COMP001,CASH001,2980445767.89,3089082.64,47283497.24,2936251353.29,2886251353.29,50000000.0,2886251353.29,,,,,,,,,,,,,,,,,,,,,,,,,,,,,,,,,,,,,,,,,,,,,,,,,,,,,,,,,,,,,,,,,,,,,,,,,,,,,,,,,,,,
cash_accounts,2025-05-19,COMP001,CASH001,2936251353.29,16317997.48,5061377.95,2947507972.82,2897507972.82,50000000.0,2897507972.82,,,,,,,,,,,,,,,,,,,,,,,,,,,,,,,,,,,,,,,,,,,,,,,,,,,,,,,,,,,,,,,,,,,,,,,,,,,,,,,,,,,,
cash_accounts,2025-05-20,COMP001,CASH001,2947507972.82,111050862.79,28587752.03,3029971083.58,2979971083.58,50000000.0,2979971083.58,,,,,,,,,,,,,,,,,,,,,,,,,,,,,,,,,,,,,,,,,,,,,,,,,,,,,,,,,,,,,,,,,,,,,,,,,,,,,,,,,,,,
cash_accounts,2025-05-21,COMP001,CASH001,3029971083.58,96520685.89,10476891.63,3116014877.84,3066014877.84,50000000.0,3066014877.84,,,,,,,,,,,,,,,,,,,,,,,,,,,,,,,,,,,,,,,,,,,,,,,,,,,,,,,,,,,,,,,,,,,,,,,,,,,,,,,,,,,,
cash_accounts,2025-05-22,COMP001,CASH001,3116014877.84,39430429.93,6415845.44,3149029462.33,3099029462.33,50000000.0,3099029462.33,,,,,,,,,,,,,,,,,,,,,,,,,,,,,,,,,,,,,,,,,,,,,,,,,,,,,,,,,,,,,,,,,,,,,,,,,,,,,,,,,,,,
cash_accounts,2025-05-23,COMP001,CASH001,3149029462.33,116239007.27,73230765.49,3192037704.11,3142037704.11,50000000.0,3142037704.11,,,,,,,,,,,,,,,,,,,,,,,,,,,,,,,,,,,,,,,,,,,,,,,,,,,,,,,,,,,,,,,,,,,,,,,,,,,,,,,,,,,,
cash_accounts,2025-05-24,COMP001,CASH001,3192037704.11,2938870.28,974830.48,3194001743.91,3144001743.91,50000000.0,3144001743.91,,,,,,,,,,,,,,,,,,,,,,,,,,,,,,,,,,,,,,,,,,,,,,,,,,,,,,,,,,,,,,,,,,,,,,,,,,,,,,,,,,,,
cash_accounts,2025-05-25,COMP001,CASH001,3194001743.91,2020892.66,113834823.83,3082187812.74,3032187812.74,50000000.0,3032187812.74,,,,,,,,,,,,,,,,,,,,,,,,,,,,,,,,,,,,,,,,,,,,,,,,,,,,,,,,,,,,,,,,,,,,,,,,,,,,,,,,,,,,
cash_accounts,2025-05-26,COMP001,CASH001,3082187812.74,19910340.83,92519988.96,3009578164.61,2959578164.61,50000000.0,2959578164.61,,,,,,,,,,,,,,,,,,,,,,,,,,,,,,,,,,,,,,,,,,,,,,,,,,,,,,,,,,,,,,,,,,,,,,,,,,,,,,,,,,,,
cash_accounts,2025-05-27,COMP001,CASH001,3009578164.61,22494596.28,54849236.04,2977223524.85,2927223524.85,50000000.0,2927223524.85,,,,,,,,,,,,,,,,,,,,,,,,,,,,,,,,,,,,,,,,,,,,,,,,,,,,,,,,,,,,,,,,,,,,,,,,,,,,,,,,,,,,
cash_accounts,2025-05-28,COMP001,CASH001,2977223524.85,10058756.41,16675337.96,2970606943.3,2920606943.3,50000000.0,2920606943.3,,,,,,,,,,,,,,,,,,,,,,,,,,,,,,,,,,,,,,,,,,,,,,,,,,,,,,,,,,,,,,,,,,,,,,,,,,,,,,,,,,,,
cash_accounts,2025-05-29,COMP001,CASH001,2970606943.3,85068935.03,29312180.56,3026363697.77,2976363697.77,50000000.0,2976363697.77,,,,,,,,,,,,,,,,,,,,,,,,,,,,,,,,,,,,,,,,,,,,,,,,,,,,,,,,,,,,,,,,,,,,,,,,,,,,,,,,,,,,
cash_accounts,2025-05-30,COMP001,CASH001,3026363697.77,65155467.25,52451901.9,3039067263.12,2989067263.12,50000000.0,2989067263.12,,,,,,,,,,,,,,,,,,,,,,,,,,,,,,,,,,,,,,,,,,,,,,,,,,,,,,,,,,,,,,,,,,,,,,,,,,,,,,,,,,,,
cash_accounts,2025-05-31,COMP001,CASH001,3039067263.12,2684885.39,2388494.83,3039363653.68,2989363653.68,50000000.0,2989363653.68,,,,,,,,,,,,,,,,,,,,,,,,,,,,,,,,,,,,,,,,,,,,,,,,,,,,,,,,,,,,,,,,,,,,,,,,,,,,,,,,,,,,
cash_accounts,2025-06-01,COMP001,CASH001,3039363653.68,121462709.91,179573880.32,2981252483.27,2931252483.27,50000000.0,2931252483.27,,,,,,,,,,,,,,,,,,,,,,,,,,,,,,,,,,,,,,,,,,,,,,,,,,,,,,,,,,,,,,,,,,,,,,,,,,,,,,,,,,,,
cash_accounts,2025-06-02,COMP001,CASH001,2981252483.27,121497736.96,14764130.85,3087986089.38,3037986089.38,50000000.0,3037986089.38,,,,,,,,,,,,,,,,,,,,,,,,,,,,,,,,,,,,,,,,,,,,,,,,,,,,,,,,,,,,,,,,,,,,,,,,,,,,,,,,,,,,
cash_accounts,2025-06-03,COMP001,CASH001,3087986089.38,65475221.89,59988500.95,3093472810.32,3043472810.32,50000000.0,3043472810.32,,,,,,,,,,,,,,,,,,,,,,,,,,,,,,,,,,,,,,,,,,,,,,,,,,,,,,,,,,,,,,,,,,,,,,,,,,,,,,,,,,,,
cash_accounts,2025-06-04,COMP001,CASH001,3093472810.32,34905340.4,33426854.4,3094951296.32,3044951296.32,50000000.0,3044951296.32,,,,,,,,,,,,,,,,,,,,,,,,,,,,,,,,,,,,,,,,,,,,,,,,,,,,,,,,,,,,,,,,,,,,,,,,,,,,,,,,,,,,
cash_accounts,2025-06-05,COMP001,CASH001,3094951296.32,132289671.78,101544360.48,3125696607.62,3075696607.62,50000000.0,3075696607.62,,,,,,,,,,,,,,,,,,,,,,,,,,,,,,,,,,,,,,,,,,,,,,,,,,,,,,,,,,,,,,,,,,,,,,,,,,,,,,,,,,,,
cash_accounts,2025-06-06,COMP001,CASH001,3125696607.62,27807093.15,85431724.37,3068071976.4,3018071976.4,50000000.0,3018071976.4,,,,,,,,,,,,,,,,,,,,,,,,,,,,,,,,,,,,,,,,,,,,,,,,,,,,,,,,,,,,,,,,,,,,,,,,,,,,,,,,,,,,
cash_accounts,2025-06-07,COMP001,CASH001,3068071976.4,18463377.21,35671590.36,3050863763.25,3000863763.25,50000000.0,3000863763.25,,,,,,,,,,,,,,,,,,,,,,,,,,,,,,,,,,,,,,,,,,,,,,,,,,,,,,,,,,,,,,,,,,,,,,,,,,,,,,,,,,,,
cash_accounts,2025-06-08,COMP001,CASH001,3050863763.25,125203126.62,24002473.19,3152064416.68,3102064416.68,50000000.0,3102064416.68,,,,,,,,,,,,,,,,,,,,,,,,,,,,,,,,,,,,,,,,,,,,,,,,,,,,,,,,,,,,,,,,,,,,,,,,,,,,,,,,,,,,
cash_accounts,2025-06-09,COMP001,CASH001,3152064416.68,19516680.35,73517604.26,3098063492.77,3048063492.77,50000000.0,3048063492.77,,,,,,,,,,,,,,,,,,,,,,,,,,,,,,,,,,,,,,,,,,,,,,,,,,,,,,,,,,,,,,,,,,,,,,,,,,,,,,,,,,,,
cash_accounts,2025-06-10,COMP001,CASH001,3098063492.77,27314600.18,60582340.82,3064795752.13,3014795752.13,50000000.0,3014795752.13,,,,,,,,,,,,,,,,,,,,,,,,,,,,,,,,,,,,,,,,,,,,,,,,,,,,,,,,,,,,,,,,,,,,,,,,,,,,,,,,,,,,
cash_accounts,2025-06-11,COMP001,CASH001,3064795752.13,77761617.14,22127001.85,3120430367.42,3070430367.42,50000000.0,3070430367.42,,,,,,,,,,,,,,,,,,,,,,,,,,,,,,,,,,,,,,,,,,,,,,,,,,,,,,,,,,,,,,,,,,,,,,,,,,,,,,,,,,,,
cash_accounts,2025-06-12,COMP001,CASH001,3120430367.42,37435586.49,20766412.1,3137099541.81,3087099541.81,50000000.0,3087099541.81,,,,,,,,,,,,,,,,,,,,,,,,,,,,,,,,,,,,,,,,,,,,,,,,,,,,,,,,,,,,,,,,,,,,,,,,,,,,,,,,,,,,
cash_accounts,2025-06-13,COMP001,CASH001,3137099541.81,20786690.24,5634329.15,3152251902.9,3102251902.9,50000000.0,3102251902.9,,,,,,,,,,,,,,,,,,,,,,,,,,,,,,,,,,,,,,,,,,,,,,,,,,,,,,,,,,,,,,,,,,,,,,,,,,,,,,,,,,,,
cash_accounts,2025-06-14,COMP001,CASH001,3152251902.9,93176465.48,69696218.79,3175732149.59,3125732149.59,50000000.0,3125732149.59,,,,,,,,,,,,,,,,,,,,,,,,,,,,,,,,,,,,,,,,,,,,,,,,,,,,,,,,,,,,,,,,,,,,,,,,,,,,,,,,,,,,
cash_accounts,2025-06-15,COMP001,CASH001,3175732149.59,248459242.45,13117488.73,3411073903.31,3361073903.31,50000000.0,3361073903.31,,,,,,,,,,,,,,,,,,,,,,,,,,,,,,,,,,,,,,,,,,,,,,,,,,,,,,,,,,,,,,,,,,,,,,,,,,,,,,,,,,,,
cash_accounts,2025-06-16,COMP001,CASH001,3411073903.31,15705007.26,22864703.99,3403914206.58,3353914206.58,50000000.0,3353914206.58,,,,,,,,,,,,,,,,,,,,,,,,,,,,,,,,,,,,,,,,,,,,,,,,,,,,,,,,,,,,,,,,,,,,,,,,,,,,,,,,,,,,
cash_accounts,2025-06-17,COMP001,CASH001,3403914206.58,17438775.17,8463749.12,3412889232.63,3362889232.63,50000000.0,3362889232.63,,,,,,,,,,,,,,,,,,,,,,,,,,,,,,,,,,,,,,,,,,,,,,,,,,,,,,,,,,,,,,,,,,,,,,,,,,,,,,,,,,,,
cash_accounts,2025-06-18,COMP001,CASH001,3412889232.63,110419094.34,77097438.91,3446210888.06,3396210888.06,50000000.0,3396210888.06,,,,,,,,,,,,,,,,,,,,,,,,,,,,,,,,,,,,,,,,,,,,,,,,,,,,,,,,,,,,,,,,,,,,,,,,,,,,,,,,,,,,
cash_accounts,2025-06-19,COMP001,CASH001,3446210888.06,89074204.96,130749533.16,3404535559.86,3354535559.86,50000000.0,3354535559.86,,,,,,,,,,,,,,,,,,,,,,,,,,,,,,,,,,,,,,,,,,,,,,,,,,,,,,,,,,,,,,,,,,,,,,,,,,,,,,,,,,,,
cash_accounts,2025-06-20,COMP001,CASH001,3404535559.86,135743846.21,63021552.74,3477257853.33,3427257853.33,50000000.0,3427257853.33,,,,,,,,,,,,,,,,,,,,,,,,,,,,,,,,,,,,,,,,,,,,,,,,,,,,,,,,,,,,,,,,,,,,,,,,,,,,,,,,,,,,
cash_accounts,2025-06-21,COMP001,CASH001,3477257853.33,2155419.39,1743080.47,3477670192.25,3427670192.25,50000000.0,3427670192.25,,,,,,,,,,,,,,,,,,,,,,,,,,,,,,,,,,,,,,,,,,,,,,,,,,,,,,,,,,,,,,,,,,,,,,,,,,,,,,,,,,,,
cash_accounts,2025-06-22,COMP001,CASH001,3477670192.25,1957282.59,1578655.51,3478048819.33,3428048819.33,50000000.0,3428048819.33,,,,,,,,,,,,,,,,,,,,,,,,,,,,,,,,,,,,,,,,,,,,,,,,,,,,,,,,,,,,,,,,,,,,,,,,,,,,,,,,,,,,
cash_accounts,2025-06-23,COMP001,CASH001,3478048819.33,19431748.71,9711235.03,3487769333.01,3437769333.01,50000000.0,3437769333.01,,,,,,,,,,,,,,,,,,,,,,,,,,,,,,,,,,,,,,,,,,,,,,,,,,,,,,,,,,,,,,,,,,,,,,,,,,,,,,,,,,,,
cash_accounts,2025-06-24,COMP001,CASH001,3487769333.01,31396457.0,71278702.03,3447887087.98,3397887087.98,50000000.0,3397887087.98,,,,,,,,,,,,,,,,,,,,,,,,,,,,,,,,,,,,,,,,,,,,,,,,,,,,,,,,,,,,,,,,,,,,,,,,,,,,,,,,,,,,
cash_accounts,2025-06-25,COMP001,CASH001,3447887087.98,21814108.87,153018585.54,3316682611.31,3266682611.31,50000000.0,3266682611.31,,,,,,,,,,,,,,,,,,,,,,,,,,,,,,,,,,,,,,,,,,,,,,,,,,,,,,,,,,,,,,,,,,,,,,,,,,,,,,,,,,,,
cash_accounts,2025-06-26,COMP001,CASH001,3316682611.31,27405854.94,62059221.02,3282029245.23,3232029245.23,50000000.0,3232029245.23,,,,,,,,,,,,,,,,,,,,,,,,,,,,,,,,,,,,,,,,,,,,,,,,,,,,,,,,,,,,,,,,,,,,,,,,,,,,,,,,,,,,
cash_accounts,2025-06-27,COMP001,CASH001,3282029245.23,199831946.78,4869667.22,3476991524.79,3426991524.79,50000000.0,3426991524.79,,,,,,,,,,,,,,,,,,,,,,,,,,,,,,,,,,,,,,,,,,,,,,,,,,,,,,,,,,,,,,,,,,,,,,,,,,,,,,,,,,,,
cash_accounts,2025-06-28,COMP001,CASH001,3476991524.79,69488946.97,1135493.76,3545344978.0,3495344978.0,50000000.0,3495344978.0,,,,,,,,,,,,,,,,,,,,,,,,,,,,,,,,,,,,,,,,,,,,,,,,,,,,,,,,,,,,,,,,,,,,,,,,,,,,,,,,,,,,
cash_accounts,2025-06-29,COMP001,CASH001,3545344978.0,1467575.34,1846468.53,3544966084.81,3494966084.81,50000000.0,3494966084.81,,,,,,,,,,,,,,,,,,,,,,,,,,,,,,,,,,,,,,,,,,,,,,,,,,,,,,,,,,,,,,,,,,,,,,,,,,,,,,,,,,,,
cash_accounts,2025-06-30,COMP001,CASH001,3544966084.81,99424882.55,55682493.41,3588708473.95,3538708473.95,50000000.0,3538708473.95,,,,,,,,,,,,,,,,,,,,,,,,,,,,,,,,,,,,,,,,,,,,,,,,,,,,,,,,,,,,,,,,,,,,,,,,,,,,,,,,,,,,
cash_accounts,2025-07-01,COMP001,CASH001,3588708473.95,19923867.69,39777183.68,3568855157.96,3518855157.96,50000000.0,3518855157.96,,,,,,,,,,,,,,,,,,,,,,,,,,,,,,,,,,,,,,,,,,,,,,,,,,,,,,,,,,,,,,,,,,,,,,,,,,,,,,,,,,,,
cash_accounts,2025-07-02,COMP001,CASH001,3568855157.96,15857955.12,62212258.88,3522500854.2,3472500854.2,50000000.0,3472500854.2,,,,,,,,,,,,,,,,,,,,,,,,,,,,,,,,,,,,,,,,,,,,,,,,,,,,,,,,,,,,,,,,,,,,,,,,,,,,,,,,,,,,
cash_accounts,2025-07-03,COMP001,CASH001,3522500854.2,31423577.54,9128494.1,3544795937.64,3494795937.64,50000000.0,3494795937.64,,,,,,,,,,,,,,,,,,,,,,,,,,,,,,,,,,,,,,,,,,,,,,,,,,,,,,,,,,,,,,,,,,,,,,,,,,,,,,,,,,,,
cash_accounts,2025-07-04,COMP001,CASH001,3544795937.64,31413108.41,80578583.49,3495630462.56,3445630462.56,50000000.0,3445630462.56,,,,,,,,,,,,,,,,,,,,,,,,,,,,,,,,,,,,,,,,,,,,,,,,,,,,,,,,,,,,,,,,,,,,,,,,,,,,,,,,,,,,
cash_accounts,2025-07-05,COMP001,CASH001,3495630462.56,54215352.51,1510441.83,3548335373.24,3498335373.24,50000000.0,3498335373.24,,,,,,,,,,,,,,,,,,,,,,,,,,,,,,,,,,,,,,,,,,,,,,,,,,,,,,,,,,,,,,,,,,,,,,,,,,,,,,,,,,,,
cash_accounts,2025-07-06,COMP001,CASH001,3548335373.24,65203599.29,24670462.37,3588868510.16,3538868510.16,50000000.0,3538868510.16,,,,,,,,,,,,,,,,,,,,,,,,,,,,,,,,,,,,,,,,,,,,,,,,,,,,,,,,,,,,,,,,,,,,,,,,,,,,,,,,,,,,
cash_accounts,2025-07-07,COMP001,CASH001,3588868510.16,18717276.24,39356606.64,3568229179.76,3518229179.76,50000000.0,3518229179.76,,,,,,,,,,,,,,,,,,,,,,,,,,,,,,,,,,,,,,,,,,,,,,,,,,,,,,,,,,,,,,,,,,,,,,,,,,,,,,,,,,,,
cash_accounts,2025-07-08,COMP001,CASH001,3568229179.76,127039265.93,88046252.46,3607222193.23,3557222193.23,50000000.0,3557222193.23,,,,,,,,,,,,,,,,,,,,,,,,,,,,,,,,,,,,,,,,,,,,,,,,,,,,,,,,,,,,,,,,,,,,,,,,,,,,,,,,,,,,
cash_accounts,2025-07-09,COMP001,CASH001,3607222193.23,8578883.59,24381647.46,3591419429.36,3541419429.36,50000000.0,3541419429.36,,,,,,,,,,,,,,,,,,,,,,,,,,,,,,,,,,,,,,,,,,,,,,,,,,,,,,,,,,,,,,,,,,,,,,,,,,,,,,,,,,,,
cash_accounts,2025-07-10,COMP001,CASH001,3591419429.36,40175731.32,6529635.1,3625065525.58,3575065525.58,50000000.0,3575065525.58,,,,,,,,,,,,,,,,,,,,,,,,,,,,,,,,,,,,,,,,,,,,,,,,,,,,,,,,,,,,,,,,,,,,,,,,,,,,,,,,,,,,
cash_accounts,2025-07-11,COMP001,CASH001,3625065525.58,108391271.14,5899358.58,3727557438.14,3677557438.14,50000000.0,3677557438.14,,,,,,,,,,,,,,,,,,,,,,,,,,,,,,,,,,,,,,,,,,,,,,,,,,,,,,,,,,,,,,,,,,,,,,,,,,,,,,,,,,,,
cash_accounts,2025-07-12,COMP001,CASH001,3727557438.14,2222184.14,137589113.13,3592190509.15,3542190509.15,50000000.0,3542190509.15,,,,,,,,,,,,,,,,,,,,,,,,,,,,,,,,,,,,,,,,,,,,,,,,,,,,,,,,,,,,,,,,,,,,,,,,,,,,,,,,,,,,
cash_accounts,2025-07-13,COMP001,CASH001,3592190509.15,27976170.27,12782015.55,3607384663.87,3557384663.87,50000000.0,3557384663.87,,,,,,,,,,,,,,,,,,,,,,,,,,,,,,,,,,,,,,,,,,,,,,,,,,,,,,,,,,,,,,,,,,,,,,,,,,,,,,,,,,,,
cash_accounts,2025-07-14,COMP001,CASH001,3607384663.87,53969747.17,61664144.14,3599690266.9,3549690266.9,50000000.0,3549690266.9,,,,,,,,,,,,,,,,,,,,,,,,,,,,,,,,,,,,,,,,,,,,,,,,,,,,,,,,,,,,,,,,,,,,,,,,,,,,,,,,,,,,
cash_accounts,2025-07-15,COMP001,CASH001,3599690266.9,103312147.89,9859107.11,3693143307.68,3643143307.68,50000000.0,3643143307.68,,,,,,,,,,,,,,,,,,,,,,,,,,,,,,,,,,,,,,,,,,,,,,,,,,,,,,,,,,,,,,,,,,,,,,,,,,,,,,,,,,,,
cash_accounts,2025-07-16,COMP001,CASH001,3693143307.68,10393836.18,63523589.03,3640013554.83,3590013554.83,50000000.0,3590013554.83,,,,,,,,,,,,,,,,,,,,,,,,,,,,,,,,,,,,,,,,,,,,,,,,,,,,,,,,,,,,,,,,,,,,,,,,,,,,,,,,,,,,
cash_accounts,2025-07-17,COMP001,CASH001,3640013554.83,133900383.78,108236786.35,3665677152.26,3615677152.26,50000000.0,3615677152.26,,,,,,,,,,,,,,,,,,,,,,,,,,,,,,,,,,,,,,,,,,,,,,,,,,,,,,,,,,,,,,,,,,,,,,,,,,,,,,,,,,,,
cash_accounts,2025-07-18,COMP001,CASH001,3665677152.26,26923816.09,170799885.21,3521801083.14,3471801083.14,50000000.0,3471801083.14,,,,,,,,,,,,,,,,,,,,,,,,,,,,,,,,,,,,,,,,,,,,,,,,,,,,,,,,,,,,,,,,,,,,,,,,,,,,,,,,,,,,
cash_accounts,2025-07-19,COMP001,CASH001,3521801083.14,47159658.87,732009.54,3568228732.47,3518228732.47,50000000.0,3518228732.47,,,,,,,,,,,,,,,,,,,,,,,,,,,,,,,,,,,,,,,,,,,,,,,,,,,,,,,,,,,,,,,,,,,,,,,,,,,,,,,,,,,,
cash_accounts,2025-07-20,COMP001,CASH001,3568228732.47,43319067.88,1550891.22,3609996909.13,3559996909.13,50000000.0,3559996909.13,,,,,,,,,,,,,,,,,,,,,,,,,,,,,,,,,,,,,,,,,,,,,,,,,,,,,,,,,,,,,,,,,,,,,,,,,,,,,,,,,,,,
cash_accounts,2025-07-21,COMP001,CASH001,3609996909.13,15456798.04,33299380.93,3592154326.24,3542154326.24,50000000.0,3542154326.24,,,,,,,,,,,,,,,,,,,,,,,,,,,,,,,,,,,,,,,,,,,,,,,,,,,,,,,,,,,,,,,,,,,,,,,,,,,,,,,,,,,,
cash_accounts,2025-07-22,COMP001,CASH001,3592154326.24,23877408.27,93242943.44,3522788791.07,3472788791.07,50000000.0,3472788791.07,,,,,,,,,,,,,,,,,,,,,,,,,,,,,,,,,,,,,,,,,,,,,,,,,,,,,,,,,,,,,,,,,,,,,,,,,,,,,,,,,,,,
cash_accounts,2025-07-23,COMP001,CASH001,3522788791.07,74209315.93,86224972.46,3510773134.54,3460773134.54,50000000.0,3460773134.54,,,,,,,,,,,,,,,,,,,,,,,,,,,,,,,,,,,,,,,,,,,,,,,,,,,,,,,,,,,,,,,,,,,,,,,,,,,,,,,,,,,,
cash_accounts,2025-07-24,COMP001,CASH001,3510773134.54,85219683.43,6260233.84,3589732584.13,3539732584.13,50000000.0,3539732584.13,,,,,,,,,,,,,,,,,,,,,,,,,,,,,,,,,,,,,,,,,,,,,,,,,,,,,,,,,,,,,,,,,,,,,,,,,,,,,,,,,,,,
cash_accounts,2025-07-25,COMP001,CASH001,3589732584.13,28563748.43,23508449.54,3594787883.02,3544787883.02,50000000.0,3544787883.02,,,,,,,,,,,,,,,,,,,,,,,,,,,,,,,,,,,,,,,,,,,,,,,,,,,,,,,,,,,,,,,,,,,,,,,,,,,,,,,,,,,,
cash_accounts,2025-07-26,COMP001,CASH001,3594787883.02,6580317.59,15616022.28,3585752178.33,3535752178.33,50000000.0,3535752178.33,,,,,,,,,,,,,,,,,,,,,,,,,,,,,,,,,,,,,,,,,,,,,,,,,,,,,,,,,,,,,,,,,,,,,,,,,,,,,,,,,,,,
cash_accounts,2025-07-27,COMP001,CASH001,3585752178.33,3728351.56,88697021.42,3500783508.47,3450783508.47,50000000.0,3450783508.47,,,,,,,,,,,,,,,,,,,,,,,,,,,,,,,,,,,,,,,,,,,,,,,,,,,,,,,,,,,,,,,,,,,,,,,,,,,,,,,,,,,,
cash_accounts,2025-07-28,COMP001,CASH001,3500783508.47,27198551.92,12620460.57,3515361599.82,3465361599.82,50000000.0,3465361599.82,,,,,,,,,,,,,,,,,,,,,,,,,,,,,,,,,,,,,,,,,,,,,,,,,,,,,,,,,,,,,,,,,,,,,,,,,,,,,,,,,,,,
cash_accounts,2025-07-29,COMP001,CASH001,3515361599.82,22495295.88,22280050.23,3515576845.47,3465576845.47,50000000.0,3465576845.47,,,,,,,,,,,,,,,,,,,,,,,,,,,,,,,,,,,,,,,,,,,,,,,,,,,,,,,,,,,,,,,,,,,,,,,,,,,,,,,,,,,,
cash_accounts,2025-07-30,COMP001,CASH001,3515576845.47,30993040.3,8793254.51,3537776631.26,3487776631.26,50000000.0,3487776631.26,,,,,,,,,,,,,,,,,,,,,,,,,,,,,,,,,,,,,,,,,,,,,,,,,,,,,,,,,,,,,,,,,,,,,,,,,,,,,,,,,,,,
cash_accounts,2025-07-31,COMP001,CASH001,3537776631.26,11699711.06,42568997.55,3506907344.77,3456907344.77,50000000.0,3456907344.77,,,,,,,,,,,,,,,,,,,,,,,,,,,,,,,,,,,,,,,,,,,,,,,,,,,,,,,,,,,,,,,,,,,,,,,,,,,,,,,,,,,,
cash_accounts,2025-08-01,COMP001,CASH001,3506907344.77,81528482.96,68051754.25,3520384073.48,3470384073.48,50000000.0,3470384073.48,,,,,,,,,,,,,,,,,,,,,,,,,,,,,,,,,,,,,,,,,,,,,,,,,,,,,,,,,,,,,,,,,,,,,,,,,,,,,,,,,,,,
cash_accounts,2025-08-02,COMP001,CASH001,3520384073.48,39200637.5,7189662.92,3552395048.06,3502395048.06,50000000.0,3502395048.06,,,,,,,,,,,,,,,,,,,,,,,,,,,,,,,,,,,,,,,,,,,,,,,,,,,,,,,,,,,,,,,,,,,,,,,,,,,,,,,,,,,,
cash_accounts,2025-08-03,COMP001,CASH001,3552395048.06,2211478.5,634429.11,3553972097.45,3503972097.45,50000000.0,3503972097.45,,,,,,,,,,,,,,,,,,,,,,,,,,,,,,,,,,,,,,,,,,,,,,,,,,,,,,,,,,,,,,,,,,,,,,,,,,,,,,,,,,,,
cash_accounts,2025-08-04,COMP001,CASH001,3553972097.45,167497908.49,54696070.25,3666773935.69,3616773935.69,50000000.0,3616773935.69,,,,,,,,,,,,,,,,,,,,,,,,,,,,,,,,,,,,,,,,,,,,,,,,,,,,,,,,,,,,,,,,,,,,,,,,,,,,,,,,,,,,
cash_accounts,2025-08-05,COMP001,CASH001,3666773935.69,61000241.28,66475258.13,3661298918.84,3611298918.84,50000000.0,3611298918.84,,,,,,,,,,,,,,,,,,,,,,,,,,,,,,,,,,,,,,,,,,,,,,,,,,,,,,,,,,,,,,,,,,,,,,,,,,,,,,,,,,,,
cash_accounts,2025-08-06,COMP001,CASH001,3661298918.84,11594091.08,63771018.84,3609121991.08,3559121991.08,50000000.0,3559121991.08,,,,,,,,,,,,,,,,,,,,,,,,,,,,,,,,,,,,,,,,,,,,,,,,,,,,,,,,,,,,,,,,,,,,,,,,,,,,,,,,,,,,
cash_accounts,2025-08-07,COMP001,CASH001,3609121991.08,60627719.34,8703968.96,3661045741.46,3611045741.46,50000000.0,3611045741.46,,,,,,,,,,,,,,,,,,,,,,,,,,,,,,,,,,,,,,,,,,,,,,,,,,,,,,,,,,,,,,,,,,,,,,,,,,,,,,,,,,,,
cash_accounts,2025-08-08,COMP001,CASH001,3661045741.46,30852065.49,42743660.77,3649154146.18,3599154146.18,50000000.0,3599154146.18,,,,,,,,,,,,,,,,,,,,,,,,,,,,,,,,,,,,,,,,,,,,,,,,,,,,,,,,,,,,,,,,,,,,,,,,,,,,,,,,,,,,
cash_accounts,2025-08-09,COMP001,CASH001,3649154146.18,1936745.39,50971439.83,3600119451.74,3550119451.74,50000000.0,3550119451.74,,,,,,,,,,,,,,,,,,,,,,,,,,,,,,,,,,,,,,,,,,,,,,,,,,,,,,,,,,,,,,,,,,,,,,,,,,,,,,,,,,,,
cash_accounts,2025-08-10,COMP001,CASH001,3600119451.74,12995364.18,170126558.59,3442988257.33,3392988257.33,50000000.0,3392988257.33,,,,,,,,,,,,,,,,,,,,,,,,,,,,,,,,,,,,,,,,,,,,,,,,,,,,,,,,,,,,,,,,,,,,,,,,,,,,,,,,,,,,
cash_accounts,2025-08-11,COMP001,CASH001,3442988257.33,12588603.94,67149349.96,3388427511.31,3338427511.31,50000000.0,3338427511.31,,,,,,,,,,,,,,,,,,,,,,,,,,,,,,,,,,,,,,,,,,,,,,,,,,,,,,,,,,,,,,,,,,,,,,,,,,,,,,,,,,,,
cash_accounts,2025-08-12,COMP001,CASH001,3388427511.31,35849263.96,60160002.82,3364116772.45,3314116772.45,50000000.0,3314116772.45,,,,,,,,,,,,,,,,,,,,,,,,,,,,,,,,,,,,,,,,,,,,,,,,,,,,,,,,,,,,,,,,,,,,,,,,,,,,,,,,,,,,
cash_accounts,2025-08-13,COMP001,CASH001,3364116772.45,14519605.18,69814599.02,3308821778.61,3258821778.61,50000000.0,3258821778.61,,,,,,,,,,,,,,,,,,,,,,,,,,,,,,,,,,,,,,,,,,,,,,,,,,,,,,,,,,,,,,,,,,,,,,,,,,,,,,,,,,,,
cash_accounts,2025-08-14,COMP001,CASH001,3308821778.61,35437630.53,171785112.09,3172474297.05,3122474297.05,50000000.0,3122474297.05,,,,,,,,,,,,,,,,,,,,,,,,,,,,,,,,,,,,,,,,,,,,,,,,,,,,,,,,,,,,,,,,,,,,,,,,,,,,,,,,,,,,
cash_accounts,2025-08-15,COMP001,CASH001,3172474297.05,24990381.0,19188918.85,3178275759.2,3128275759.2,50000000.0,3128275759.2,,,,,,,,,,,,,,,,,,,,,,,,,,,,,,,,,,,,,,,,,,,,,,,,,,,,,,,,,,,,,,,,,,,,,,,,,,,,,,,,,,,,
cash_accounts,2025-08-16,COMP001,CASH001,3178275759.2,38689578.55,41930687.53,3175034650.22,3125034650.22,50000000.0,3125034650.22,,,,,,,,,,,,,,,,,,,,,,,,,,,,,,,,,,,,,,,,,,,,,,,,,,,,,,,,,,,,,,,,,,,,,,,,,,,,,,,,,,,,
cash_accounts,2025-08-17,COMP001,CASH001,3175034650.22,20764425.1,1489210.9,3194309864.42,3144309864.42,50000000.0,3144309864.42,,,,,,,,,,,,,,,,,,,,,,,,,,,,,,,,,,,,,,,,,,,,,,,,,,,,,,,,,,,,,,,,,,,,,,,,,,,,,,,,,,,,
cash_accounts,2025-08-18,COMP001,CASH001,3194309864.42,9903496.3,49677288.78,3154536071.94,3104536071.94,50000000.0,3104536071.94,,,,,,,,,,,,,,,,,,,,,,,,,,,,,,,,,,,,,,,,,,,,,,,,,,,,,,,,,,,,,,,,,,,,,,,,,,,,,,,,,,,,
cash_accounts,2025-08-19,COMP001,CASH001,3154536071.94,37068734.57,62208506.25,3129396300.26,3079396300.26,50000000.0,3079396300.26,,,,,,,,,,,,,,,,,,,,,,,,,,,,,,,,,,,,,,,,,,,,,,,,,,,,,,,,,,,,,,,,,,,,,,,,,,,,,,,,,,,,
cash_accounts,2025-08-20,COMP001,CASH001,3129396300.26,113755086.49,6318176.83,3236833209.92,3186833209.92,50000000.0,3186833209.92,,,,,,,,,,,,,,,,,,,,,,,,,,,,,,,,,,,,,,,,,,,,,,,,,,,,,,,,,,,,,,,,,,,,,,,,,,,,,,,,,,,,
cash_accounts,2025-08-21,COMP001,CASH001,3236833209.92,13125472.14,46754622.4,3203204059.66,3153204059.66,50000000.0,3153204059.66,,,,,,,,,,,,,,,,,,,,,,,,,,,,,,,,,,,,,,,,,,,,,,,,,,,,,,,,,,,,,,,,,,,,,,,,,,,,,,,,,,,,
cash_accounts,2025-08-22,COMP001,CASH001,3203204059.66,20647412.77,41997658.52,3181853813.91,3131853813.91,50000000.0,3131853813.91,,,,,,,,,,,,,,,,,,,,,,,,,,,,,,,,,,,,,,,,,,,,,,,,,,,,,,,,,,,,,,,,,,,,,,,,,,,,,,,,,,,,
cash_accounts,2025-08-23,COMP001,CASH001,3181853813.91,65238931.1,1672757.09,3245419987.92,3195419987.92,50000000.0,3195419987.92,,,,,,,,,,,,,,,,,,,,,,,,,,,,,,,,,,,,,,,,,,,,,,,,,,,,,,,,,,,,,,,,,,,,,,,,,,,,,,,,,,,,
cash_accounts,2025-08-24,COMP001,CASH001,3245419987.92,81230812.52,41134573.89,3285516226.55,3235516226.55,50000000.0,3235516226.55,,,,,,,,,,,,,,,,,,,,,,,,,,,,,,,,,,,,,,,,,,,,,,,,,,,,,,,,,,,,,,,,,,,,,,,,,,,,,,,,,,,,
cash_accounts,2025-08-25,COMP001,CASH001,3285516226.55,65963406.6,84112721.7,3267366911.45,3217366911.45,50000000.0,3217366911.45,,,,,,,,,,,,,,,,,,,,,,,,,,,,,,,,,,,,,,,,,,,,,,,,,,,,,,,,,,,,,,,,,,,,,,,,,,,,,,,,,,,,
cash_accounts,2025-08-26,COMP001,CASH001,3267366911.45,40480091.52,39700139.35,3268146863.62,3218146863.62,50000000.0,3218146863.62,,,,,,,,,,,,,,,,,,,,,,,,,,,,,,,,,,,,,,,,,,,,,,,,,,,,,,,,,,,,,,,,,,,,,,,,,,,,,,,,,,,,
cash_accounts,2025-08-27,COMP001,CASH001,3268146863.62,18866826.81,124349093.54,3162664596.89,3112664596.89,50000000.0,3112664596.89,,,,,,,,,,,,,,,,,,,,,,,,,,,,,,,,,,,,,,,,,,,,,,,,,,,,,,,,,,,,,,,,,,,,,,,,,,,,,,,,,,,,
cash_accounts,2025-08-28,COMP001,CASH001,3162664596.89,43401158.01,49391687.69,3156674067.21,3106674067.21,50000000.0,3106674067.21,,,,,,,,,,,,,,,,,,,,,,,,,,,,,,,,,,,,,,,,,,,,,,,,,,,,,,,,,,,,,,,,,,,,,,,,,,,,,,,,,,,,
cash_accounts,2025-08-29,COMP001,CASH001,3156674067.21,64364909.05,71552184.2,3149486792.06,3099486792.06,50000000.0,3099486792.06,,,,,,,,,,,,,,,,,,,,,,,,,,,,,,,,,,,,,,,,,,,,,,,,,,,,,,,,,,,,,,,,,,,,,,,,,,,,,,,,,,,,
cash_accounts,2025-08-30,COMP001,CASH001,3149486792.06,32539193.64,61518651.28,3120507334.42,3070507334.42,50000000.0,3070507334.42,,,,,,,,,,,,,,,,,,,,,,,,,,,,,,,,,,,,,,,,,,,,,,,,,,,,,,,,,,,,,,,,,,,,,,,,,,,,,,,,,,,,
cash_accounts,2025-08-31,COMP001,CASH001,3120507334.42,80644945.28,75443485.56,3125708794.14,3075708794.14,50000000.0,3075708794.14,,,,,,,,,,,,,,,,,,,,,,,,,,,,,,,,,,,,,,,,,,,,,,,,,,,,,,,,,,,,,,,,,,,,,,,,,,,,,,,,,,,,
cash_accounts,2025-09-01,COMP001,CASH001,3125708794.14,11383629.04,25671910.44,3111420512.74,3061420512.74,50000000.0,3061420512.74,,,,,,,,,,,,,,,,,,,,,,,,,,,,,,,,,,,,,,,,,,,,,,,,,,,,,,,,,,,,,,,,,,,,,,,,,,,,,,,,,,,,
cash_accounts,2025-09-02,COMP001,CASH001,3111420512.74,30249439.07,93588031.16,3048081920.65,2998081920.65,50000000.0,2998081920.65,,,,,,,,,,,,,,,,,,,,,,,,,,,,,,,,,,,,,,,,,,,,,,,,,,,,,,,,,,,,,,,,,,,,,,,,,,,,,,,,,,,,
cash_accounts,2025-09-03,COMP001,CASH001,3048081920.65,14303865.09,52056251.11,3010329534.63,2960329534.63,50000000.0,2960329534.63,,,,,,,,,,,,,,,,,,,,,,,,,,,,,,,,,,,,,,,,,,,,,,,,,,,,,,,,,,,,,,,,,,,,,,,,,,,,,,,,,,,,
cash_accounts,2025-09-04,COMP001,CASH001,3010329534.63,51763234.07,4068150.16,3058024618.54,3008024618.54,50000000.0,3008024618.54,,,,,,,,,,,,,,,,,,,,,,,,,,,,,,,,,,,,,,,,,,,,,,,,,,,,,,,,,,,,,,,,,,,,,,,,,,,,,,,,,,,,
cash_accounts,2025-09-05,COMP001,CASH001,3058024618.54,31056204.98,39086482.27,3049994341.25,2999994341.25,50000000.0,2999994341.25,,,,,,,,,,,,,,,,,,,,,,,,,,,,,,,,,,,,,,,,,,,,,,,,,,,,,,,,,,,,,,,,,,,,,,,,,,,,,,,,,,,,
cash_accounts,2025-09-06,COMP001,CASH001,3049994341.25,2154646.74,597631.53,3051551356.46,3001551356.46,50000000.0,3001551356.46,,,,,,,,,,,,,,,,,,,,,,,,,,,,,,,,,,,,,,,,,,,,,,,,,,,,,,,,,,,,,,,,,,,,,,,,,,,,,,,,,,,,
cash_accounts,2025-09-07,COMP001,CASH001,3051551356.46,22791878.98,57976549.18,3016366686.26,2966366686.26,50000000.0,2966366686.26,,,,,,,,,,,,,,,,,,,,,,,,,,,,,,,,,,,,,,,,,,,,,,,,,,,,,,,,,,,,,,,,,,,,,,,,,,,,,,,,,,,,
cash_accounts,2025-09-08,COMP001,CASH001,3016366686.26,115626268.45,70291324.11,3061701630.6,3011701630.6,50000000.0,3011701630.6,,,,,,,,,,,,,,,,,,,,,,,,,,,,,,,,,,,,,,,,,,,,,,,,,,,,,,,,,,,,,,,,,,,,,,,,,,,,,,,,,,,,
cash_accounts,2025-09-09,COMP001,CASH001,3061701630.6,137097605.69,69579446.37,3129219789.92,3079219789.92,50000000.0,3079219789.92,,,,,,,,,,,,,,,,,,,,,,,,,,,,,,,,,,,,,,,,,,,,,,,,,,,,,,,,,,,,,,,,,,,,,,,,,,,,,,,,,,,,
cash_accounts,2025-09-10,COMP001,CASH001,3129219789.92,15631967.07,70766555.15,3074085201.84,3024085201.84,50000000.0,3024085201.84,,,,,,,,,,,,,,,,,,,,,,,,,,,,,,,,,,,,,,,,,,,,,,,,,,,,,,,,,,,,,,,,,,,,,,,,,,,,,,,,,,,,
cash_accounts,2025-09-11,COMP001,CASH001,3074085201.84,86116253.72,15777497.74,3144423957.82,3094423957.82,50000000.0,3094423957.82,,,,,,,,,,,,,,,,,,,,,,,,,,,,,,,,,,,,,,,,,,,,,,,,,,,,,,,,,,,,,,,,,,,,,,,,,,,,,,,,,,,,
cash_accounts,2025-09-12,COMP001,CASH001,3144423957.82,31258199.51,7670343.02,3168011814.31,3118011814.31,50000000.0,3118011814.31,,,,,,,,,,,,,,,,,,,,,,,,,,,,,,,,,,,,,,,,,,,,,,,,,,,,,,,,,,,,,,,,,,,,,,,,,,,,,,,,,,,,
cash_accounts,2025-09-13,COMP001,CASH001,3168011814.31,3710559.07,29054565.38,3142667808.0,3092667808.0,50000000.0,3092667808.0,,,,,,,,,,,,,,,,,,,,,,,,,,,,,,,,,,,,,,,,,,,,,,,,,,,,,,,,,,,,,,,,,,,,,,,,,,,,,,,,,,,,
cash_accounts,2025-09-14,COMP001,CASH001,3142667808.0,71066162.52,856341.03,3212877629.49,3162877629.49,50000000.0,3162877629.49,,,,,,,,,,,,,,,,,,,,,,,,,,,,,,,,,,,,,,,,,,,,,,,,,,,,,,,,,,,,,,,,,,,,,,,,,,,,,,,,,,,,
cash_accounts,2025-09-15,COMP001,CASH001,3212877629.49,12817674.45,5063659.16,3220631644.78,3170631644.78,50000000.0,3170631644.78,,,,,,,,,,,,,,,,,,,,,,,,,,,,,,,,,,,,,,,,,,,,,,,,,,,,,,,,,,,,,,,,,,,,,,,,,,,,,,,,,,,,
cash_accounts,2025-09-16,COMP001,CASH001,3220631644.78,175567487.04,81520900.12,3314678231.7,3264678231.7,50000000.0,3264678231.7,,,,,,,,,,,,,,,,,,,,,,,,,,,,,,,,,,,,,,,,,,,,,,,,,,,,,,,,,,,,,,,,,,,,,,,,,,,,,,,,,,,,
cash_accounts,2025-09-17,COMP001,CASH001,3314678231.7,14502272.8,115721535.54,3213458968.96,3163458968.96,50000000.0,3163458968.96,,,,,,,,,,,,,,,,,,,,,,,,,,,,,,,,,,,,,,,,,,,,,,,,,,,,,,,,,,,,,,,,,,,,,,,,,,,,,,,,,,,,
cash_accounts,2025-09-18,COMP001,CASH001,3213458968.96,69861065.92,4839153.69,3278480881.19,3228480881.19,50000000.0,3228480881.19,,,,,,,,,,,,,,,,,,,,,,,,,,,,,,,,,,,,,,,,,,,,,,,,,,,,,,,,,,,,,,,,,,,,,,,,,,,,,,,,,,,,
cash_accounts,2025-09-19,COMP001,CASH001,3278480881.19,67004404.63,21359701.62,3324125584.2,3274125584.2,50000000.0,3274125584.2,,,,,,,,,,,,,,,,,,,,,,,,,,,,,,,,,,,,,,,,,,,,,,,,,,,,,,,,,,,,,,,,,,,,,,,,,,,,,,,,,,,,
cash_accounts,2025-09-20,COMP001,CASH001,3324125584.2,3393578.84,1950117.25,3325569045.79,3275569045.79,50000000.0,3275569045.79,,,,,,,,,,,,,,,,,,,,,,,,,,,,,,,,,,,,,,,,,,,,,,,,,,,,,,,,,,,,,,,,,,,,,,,,,,,,,,,,,,,,
cash_accounts,2025-09-21,COMP001,CASH001,3325569045.79,3353474.52,1051823.59,3327870696.72,3277870696.72,50000000.0,3277870696.72,,,,,,,,,,,,,,,,,,,,,,,,,,,,,,,,,,,,,,,,,,,,,,,,,,,,,,,,,,,,,,,,,,,,,,,,,,,,,,,,,,,,
cash_accounts,2025-09-22,COMP001,CASH001,3327870696.72,9973794.66,85022749.6,3252821741.78,3202821741.78,50000000.0,3202821741.78,,,,,,,,,,,,,,,,,,,,,,,,,,,,,,,,,,,,,,,,,,,,,,,,,,,,,,,,,,,,,,,,,,,,,,,,,,,,,,,,,,,,
cash_accounts,2025-09-23,COMP001,CASH001,3252821741.78,177761271.54,42038182.11,3388544831.21,3338544831.21,50000000.0,3338544831.21,,,,,,,,,,,,,,,,,,,,,,,,,,,,,,,,,,,,,,,,,,,,,,,,,,,,,,,,,,,,,,,,,,,,,,,,,,,,,,,,,,,,
cash_accounts,2025-09-24,COMP001,CASH001,3388544831.21,96021748.08,56262289.92,3428304289.37,3378304289.37,50000000.0,3378304289.37,,,,,,,,,,,,,,,,,,,,,,,,,,,,,,,,,,,,,,,,,,,,,,,,,,,,,,,,,,,,,,,,,,,,,,,,,,,,,,,,,,,,
cash_accounts,2025-09-25,COMP001,CASH001,3428304289.37,15791072.66,3186010.33,3440909351.7,3390909351.7,50000000.0,3390909351.7,,,,,,,,,,,,,,,,,,,,,,,,,,,,,,,,,,,,,,,,,,,,,,,,,,,,,,,,,,,,,,,,,,,,,,,,,,,,,,,,,,,,
cash_accounts,2025-09-26,COMP001,CASH001,3440909351.7,31158656.64,173948201.4,3298119806.94,3248119806.94,50000000.0,3248119806.94,,,,,,,,,,,,,,,,,,,,,,,,,,,,,,,,,,,,,,,,,,,,,,,,,,,,,,,,,,,,,,,,,,,,,,,,,,,,,,,,,,,,
cash_accounts,2025-09-27,COMP001,CASH001,3298119806.94,21880268.81,44223846.28,3275776229.47,3225776229.47,50000000.0,3225776229.47,,,,,,,,,,,,,,,,,,,,,,,,,,,,,,,,,,,,,,,,,,,,,,,,,,,,,,,,,,,,,,,,,,,,,,,,,,,,,,,,,,,,
cash_accounts,2025-09-28,COMP001,CASH001,3275776229.47,44589397.42,16526164.15,3303839462.74,3253839462.74,50000000.0,3253839462.74,,,,,,,,,,,,,,,,,,,,,,,,,,,,,,,,,,,,,,,,,,,,,,,,,,,,,,,,,,,,,,,,,,,,,,,,,,,,,,,,,,,,
cash_accounts,2025-09-29,COMP001,CASH001,3303839462.74,12556824.61,84912916.97,3231483370.38,3181483370.38,50000000.0,3181483370.38,,,,,,,,,,,,,,,,,,,,,,,,,,,,,,,,,,,,,,,,,,,,,,,,,,,,,,,,,,,,,,,,,,,,,,,,,,,,,,,,,,,,
cash_accounts,2025-09-30,COMP001,CASH001,3231483370.38,63294146.21,53442743.28,3241334773.31,3191334773.31,50000000.0,3191334773.31,,,,,,,,,,,,,,,,,,,,,,,,,,,,,,,,,,,,,,,,,,,,,,,,,,,,,,,,,,,,,,,,,,,,,,,,,,,,,,,,,,,,
cash_accounts,2025-10-01,COMP001,CASH001,3241334773.31,17260704.39,24579407.07,3234016070.63,3184016070.63,50000000.0,3184016070.63,,,,,,,,,,,,,,,,,,,,,,,,,,,,,,,,,,,,,,,,,,,,,,,,,,,,,,,,,,,,,,,,,,,,,,,,,,,,,,,,,,,,
cash_accounts,2025-10-02,COMP001,CASH001,3234016070.63,9231188.09,61357769.6,3181889489.12,3131889489.12,50000000.0,3131889489.12,,,,,,,,,,,,,,,,,,,,,,,,,,,,,,,,,,,,,,,,,,,,,,,,,,,,,,,,,,,,,,,,,,,,,,,,,,,,,,,,,,,,
cash_accounts,2025-10-03,COMP001,CASH001,3181889489.12,110896708.82,47733359.8,3245052838.14,3195052838.14,50000000.0,3195052838.14,,,,,,,,,,,,,,,,,,,,,,,,,,,,,,,,,,,,,,,,,,,,,,,,,,,,,,,,,,,,,,,,,,,,,,,,,,,,,,,,,,,,
cash_accounts,2025-10-04,COMP001,CASH001,3245052838.14,80777133.93,59892611.46,3265937360.61,3215937360.61,50000000.0,3215937360.61,,,,,,,,,,,,,,,,,,,,,,,,,,,,,,,,,,,,,,,,,,,,,,,,,,,,,,,,,,,,,,,,,,,,,,,,,,,,,,,,,,,,
cash_accounts,2025-10-05,COMP001,CASH001,3265937360.61,96179484.39,13742608.17,3348374236.83,3298374236.83,50000000.0,3298374236.83,,,,,,,,,,,,,,,,,,,,,,,,,,,,,,,,,,,,,,,,,,,,,,,,,,,,,,,,,,,,,,,,,,,,,,,,,,,,,,,,,,,,
cash_accounts,2025-10-06,COMP001,CASH001,3348374236.83,17036053.98,44291404.11,3321118886.7,3271118886.7,50000000.0,3271118886.7,,,,,,,,,,,,,,,,,,,,,,,,,,,,,,,,,,,,,,,,,,,,,,,,,,,,,,,,,,,,,,,,,,,,,,,,,,,,,,,,,,,,
cash_accounts,2025-10-07,COMP001,CASH001,3321118886.7,107702030.89,53118157.04,3375702760.55,3325702760.55,50000000.0,3325702760.55,,,,,,,,,,,,,,,,,,,,,,,,,,,,,,,,,,,,,,,,,,,,,,,,,,,,,,,,,,,,,,,,,,,,,,,,,,,,,,,,,,,,
cash_accounts,2025-10-08,COMP001,CASH001,3375702760.55,10235369.24,7434592.57,3378503537.22,3328503537.22,50000000.0,3328503537.22,,,,,,,,,,,,,,,,,,,,,,,,,,,,,,,,,,,,,,,,,,,,,,,,,,,,,,,,,,,,,,,,,,,,,,,,,,,,,,,,,,,,
cash_accounts,2025-10-09,COMP001,CASH001,3378503537.22,20451941.91,3228483.29,3395726995.84,3345726995.84,50000000.0,3345726995.84,,,,,,,,,,,,,,,,,,,,,,,,,,,,,,,,,,,,,,,,,,,,,,,,,,,,,,,,,,,,,,,,,,,,,,,,,,,,,,,,,,,,
cash_accounts,2025-10-10,COMP001,CASH001,3395726995.84,95330585.16,156377535.96,3334680045.04,3284680045.04,50000000.0,3284680045.04,,,,,,,,,,,,,,,,,,,,,,,,,,,,,,,,,,,,,,,,,,,,,,,,,,,,,,,,,,,,,,,,,,,,,,,,,,,,,,,,,,,,
cash_accounts,2025-10-11,COMP001,CASH001,3334680045.04,28913076.26,56242682.09,3307350439.21,3257350439.21,50000000.0,3257350439.21,,,,,,,,,,,,,,,,,,,,,,,,,,,,,,,,,,,,,,,,,,,,,,,,,,,,,,,,,,,,,,,,,,,,,,,,,,,,,,,,,,,,
cash_accounts,2025-10-12,COMP001,CASH001,3307350439.21,2046195.16,44804615.77,3264592018.6,3214592018.6,50000000.0,3214592018.6,,,,,,,,,,,,,,,,,,,,,,,,,,,,,,,,,,,,,,,,,,,,,,,,,,,,,,,,,,,,,,,,,,,,,,,,,,,,,,,,,,,,
cash_accounts,2025-10-13,COMP001,CASH001,3264592018.6,41988786.0,129961744.53,3176619060.07,3126619060.07,50000000.0,3126619060.07,,,,,,,,,,,,,,,,,,,,,,,,,,,,,,,,,,,,,,,,,,,,,,,,,,,,,,,,,,,,,,,,,,,,,,,,,,,,,,,,,,,,
cash_accounts,2025-10-14,COMP001,CASH001,3176619060.07,30232865.44,53354931.98,3153496993.53,3103496993.53,50000000.0,3103496993.53,,,,,,,,,,,,,,,,,,,,,,,,,,,,,,,,,,,,,,,,,,,,,,,,,,,,,,,,,,,,,,,,,,,,,,,,,,,,,,,,,,,,
cash_accounts,2025-10-15,COMP001,CASH001,3153496993.53,13046570.86,90552629.93,3075990934.46,3025990934.46,50000000.0,3025990934.46,,,,,,,,,,,,,,,,,,,,,,,,,,,,,,,,,,,,,,,,,,,,,,,,,,,,,,,,,,,,,,,,,,,,,,,,,,,,,,,,,,,,
cash_accounts,2025-10-16,COMP001,CASH001,3075990934.46,88395139.94,45916282.23,3118469792.17,3068469792.17,50000000.0,3068469792.17,,,,,,,,,,,,,,,,,,,,,,,,,,,,,,,,,,,,,,,,,,,,,,,,,,,,,,,,,,,,,,,,,,,,,,,,,,,,,,,,,,,,
cash_accounts,2025-10-17,COMP001,CASH001,3118469792.17,21719860.93,7856896.53,3132332756.57,3082332756.57,50000000.0,3082332756.57,,,,,,,,,,,,,,,,,,,,,,,,,,,,,,,,,,,,,,,,,,,,,,,,,,,,,,,,,,,,,,,,,,,,,,,,,,,,,,,,,,,,
cash_accounts,2025-10-18,COMP001,CASH001,3132332756.57,41364703.44,16206750.8,3157490709.21,3107490709.21,50000000.0,3107490709.21,,,,,,,,,,,,,,,,,,,,,,,,,,,,,,,,,,,,,,,,,,,,,,,,,,,,,,,,,,,,,,,,,,,,,,,,,,,,,,,,,,,,
cash_accounts,2025-10-19,COMP001,CASH001,3157490709.21,31934008.75,33758267.34,3155666450.62,3105666450.62,50000000.0,3105666450.62,,,,,,,,,,,,,,,,,,,,,,,,,,,,,,,,,,,,,,,,,,,,,,,,,,,,,,,,,,,,,,,,,,,,,,,,,,,,,,,,,,,,
cash_accounts,2025-10-20,COMP001,CASH001,3155666450.62,17837871.41,148465098.93,3025039223.1,2975039223.1,50000000.0,2975039223.1,,,,,,,,,,,,,,,,,,,,,,,,,,,,,,,,,,,,,,,,,,,,,,,,,,,,,,,,,,,,,,,,,,,,,,,,,,,,,,,,,,,,
cash_accounts,2025-10-21,COMP001,CASH001,3025039223.1,79023335.91,7786015.92,3096276543.09,3046276543.09,50000000.0,3046276543.09,,,,,,,,,,,,,,,,,,,,,,,,,,,,,,,,,,,,,,,,,,,,,,,,,,,,,,,,,,,,,,,,,,,,,,,,,,,,,,,,,,,,
cash_accounts,2025-10-22,COMP001,CASH001,3096276543.09,70577188.88,6975656.69,3159878075.28,3109878075.28,50000000.0,3109878075.28,,,,,,,,,,,,,,,,,,,,,,,,,,,,,,,,,,,,,,,,,,,,,,,,,,,,,,,,,,,,,,,,,,,,,,,,,,,,,,,,,,,,
cash_accounts,2025-10-23,COMP001,CASH001,3159878075.28,27512603.21,107656082.83,3079734595.66,3029734595.66,50000000.0,3029734595.66,,,,,,,,,,,,,,,,,,,,,,,,,,,,,,,,,,,,,,,,,,,,,,,,,,,,,,,,,,,,,,,,,,,,,,,,,,,,,,,,,,,,
cash_accounts,2025-10-24,COMP001,CASH001,3079734595.66,84803050.78,8123600.5,3156414045.94,3106414045.94,50000000.0,3106414045.94,,,,,,,,,,,,,,,,,,,,,,,,,,,,,,,,,,,,,,,,,,,,,,,,,,,,,,,,,,,,,,,,,,,,,,,,,,,,,,,,,,,,
cash_accounts,2025-10-25,COMP001,CASH001,3156414045.94,89629996.64,966347.14,3245077695.44,3195077695.44,50000000.0,3195077695.44,,,,,,,,,,,,,,,,,,,,,,,,,,,,,,,,,,,,,,,,,,,,,,,,,,,,,,,,,,,,,,,,,,,,,,,,,,,,,,,,,,,,
cash_accounts,2025-10-26,COMP001,CASH001,3245077695.44,15030929.75,18023890.23,3242084734.96,3192084734.96,50000000.0,3192084734.96,,,,,,,,,,,,,,,,,,,,,,,,,,,,,,,,,,,,,,,,,,,,,,,,,,,,,,,,,,,,,,,,,,,,,,,,,,,,,,,,,,,,
cash_accounts,2025-10-27,COMP001,CASH001,3242084734.96,9455507.56,6453623.73,3245086618.79,3195086618.79,50000000.0,3195086618.79,,,,,,,,,,,,,,,,,,,,,,,,,,,,,,,,,,,,,,,,,,,,,,,,,,,,,,,,,,,,,,,,,,,,,,,,,,,,,,,,,,,,
cash_accounts,2025-10-28,COMP001,CASH001,3245086618.79,95953544.94,66347423.53,3274692740.2,3224692740.2,50000000.0,3224692740.2,,,,,,,,,,,,,,,,,,,,,,,,,,,,,,,,,,,,,,,,,,,,,,,,,,,,,,,,,,,,,,,,,,,,,,,,,,,,,,,,,,,,
cash_accounts,2025-10-29,COMP001,CASH001,3274692740.2,10272140.26,64071787.2,3220893093.26,3170893093.26,50000000.0,3170893093.26,,,,,,,,,,,,,,,,,,,,,,,,,,,,,,,,,,,,,,,,,,,,,,,,,,,,,,,,,,,,,,,,,,,,,,,,,,,,,,,,,,,,
cash_accounts,2025-10-30,COMP001,CASH001,3220893093.26,156467452.89,23588818.47,3353771727.68,3303771727.68,50000000.0,3303771727.68,,,,,,,,,,,,,,,,,,,,,,,,,,,,,,,,,,,,,,,,,,,,,,,,,,,,,,,,,,,,,,,,,,,,,,,,,,,,,,,,,,,,
cash_accounts,2025-10-31,COMP001,CASH001,3353771727.68,107293169.89,12377542.51,3448687355.06,3398687355.06,50000000.0,3398687355.06,,,,,,,,,,,,,,,,,,,,,,,,,,,,,,,,,,,,,,,,,,,,,,,,,,,,,,,,,,,,,,,,,,,,,,,,,,,,,,,,,,,,
cash_accounts,2025-11-01,COMP001,CASH001,3448687355.06,3159826.15,55386455.05,3396460726.16,3346460726.16,50000000.0,3346460726.16,,,,,,,,,,,,,,,,,,,,,,,,,,,,,,,,,,,,,,,,,,,,,,,,,,,,,,,,,,,,,,,,,,,,,,,,,,,,,,,,,,,,
cash_accounts,2025-11-02,COMP001,CASH001,3396460726.16,1517870.45,24554761.44,3373423835.17,3323423835.17,50000000.0,3323423835.17,,,,,,,,,,,,,,,,,,,,,,,,,,,,,,,,,,,,,,,,,,,,,,,,,,,,,,,,,,,,,,,,,,,,,,,,,,,,,,,,,,,,
cash_accounts,2025-11-03,COMP001,CASH001,3373423835.17,14978409.1,60335446.76,3328066797.51,3278066797.51,50000000.0,3278066797.51,,,,,,,,,,,,,,,,,,,,,,,,,,,,,,,,,,,,,,,,,,,,,,,,,,,,,,,,,,,,,,,,,,,,,,,,,,,,,,,,,,,,
cash_accounts,2025-11-04,COMP001,CASH001,3328066797.51,140651444.03,13863595.54,3454854646.0,3404854646.0,50000000.0,3404854646.0,,,,,,,,,,,,,,,,,,,,,,,,,,,,,,,,,,,,,,,,,,,,,,,,,,,,,,,,,,,,,,,,,,,,,,,,,,,,,,,,,,,,
cash_accounts,2025-11-05,COMP001,CASH001,3454854646.0,41257017.83,29468822.41,3466642841.42,3416642841.42,50000000.0,3416642841.42,,,,,,,,,,,,,,,,,,,,,,,,,,,,,,,,,,,,,,,,,,,,,,,,,,,,,,,,,,,,,,,,,,,,,,,,,,,,,,,,,,,,
cash_accounts,2025-11-06,COMP001,CASH001,3466642841.42,52242521.67,45856225.6,3473029137.49,3423029137.49,50000000.0,3423029137.49,,,,,,,,,,,,,,,,,,,,,,,,,,,,,,,,,,,,,,,,,,,,,,,,,,,,,,,,,,,,,,,,,,,,,,,,,,,,,,,,,,,,
cash_accounts,2025-11-07,COMP001,CASH001,3473029137.49,22931279.15,19482351.04,3476478065.6,3426478065.6,50000000.0,3426478065.6,,,,,,,,,,,,,,,,,,,,,,,,,,,,,,,,,,,,,,,,,,,,,,,,,,,,,,,,,,,,,,,,,,,,,,,,,,,,,,,,,,,,
cash_accounts,2025-11-08,COMP001,CASH001,3476478065.6,26250820.38,29434102.64,3473294783.34,3423294783.34,50000000.0,3423294783.34,,,,,,,,,,,,,,,,,,,,,,,,,,,,,,,,,,,,,,,,,,,,,,,,,,,,,,,,,,,,,,,,,,,,,,,,,,,,,,,,,,,,
cash_accounts,2025-11-09,COMP001,CASH001,3473294783.34,52443764.8,91786351.22,3433952196.92,3383952196.92,50000000.0,3383952196.92,,,,,,,,,,,,,,,,,,,,,,,,,,,,,,,,,,,,,,,,,,,,,,,,,,,,,,,,,,,,,,,,,,,,,,,,,,,,,,,,,,,,
cash_accounts,2025-11-10,COMP001,CASH001,3433952196.92,9188516.77,6921293.99,3436219419.7,3386219419.7,50000000.0,3386219419.7,,,,,,,,,,,,,,,,,,,,,,,,,,,,,,,,,,,,,,,,,,,,,,,,,,,,,,,,,,,,,,,,,,,,,,,,,,,,,,,,,,,,
cash_accounts,2025-11-11,COMP001,CASH001,3436219419.7,23718827.18,11264898.51,3448673348.37,3398673348.37,50000000.0,3398673348.37,,,,,,,,,,,,,,,,,,,,,,,,,,,,,,,,,,,,,,,,,,,,,,,,,,,,,,,,,,,,,,,,,,,,,,,,,,,,,,,,,,,,
cash_accounts,2025-11-12,COMP001,CASH001,3448673348.37,131586682.02,9924271.13,3570335759.26,3520335759.26,50000000.0,3520335759.26,,,,,,,,,,,,,,,,,,,,,,,,,,,,,,,,,,,,,,,,,,,,,,,,,,,,,,,,,,,,,,,,,,,,,,,,,,,,,,,,,,,,
cash_accounts,2025-11-13,COMP001,CASH001,3570335759.26,11906069.57,34425394.35,3547816434.48,3497816434.48,50000000.0,3497816434.48,,,,,,,,,,,,,,,,,,,,,,,,,,,,,,,,,,,,,,,,,,,,,,,,,,,,,,,,,,,,,,,,,,,,,,,,,,,,,,,,,,,,
cash_accounts,2025-11-14,COMP001,CASH001,3547816434.48,28910046.87,25230764.37,3551495716.98,3501495716.98,50000000.0,3501495716.98,,,,,,,,,,,,,,,,,,,,,,,,,,,,,,,,,,,,,,,,,,,,,,,,,,,,,,,,,,,,,,,,,,,,,,,,,,,,,,,,,,,,
cash_accounts,2025-11-15,COMP001,CASH001,3551495716.98,10872577.02,569504.97,3561798789.03,3511798789.03,50000000.0,3511798789.03,,,,,,,,,,,,,,,,,,,,,,,,,,,,,,,,,,,,,,,,,,,,,,,,,,,,,,,,,,,,,,,,,,,,,,,,,,,,,,,,,,,,
cash_accounts,2025-11-16,COMP001,CASH001,3561798789.03,3884038.23,55751763.84,3509931063.42,3459931063.42,50000000.0,3459931063.42,,,,,,,,,,,,,,,,,,,,,,,,,,,,,,,,,,,,,,,,,,,,,,,,,,,,,,,,,,,,,,,,,,,,,,,,,,,,,,,,,,,,
cash_accounts,2025-11-17,COMP001,CASH001,3509931063.42,95783491.78,44318126.68,3561396428.52,3511396428.52,50000000.0,3511396428.52,,,,,,,,,,,,,,,,,,,,,,,,,,,,,,,,,,,,,,,,,,,,,,,,,,,,,,,,,,,,,,,,,,,,,,,,,,,,,,,,,,,,
cash_accounts,2025-11-18,COMP001,CASH001,3561396428.52,22991046.28,51654357.96,3532733116.84,3482733116.84,50000000.0,3482733116.84,,,,,,,,,,,,,,,,,,,,,,,,,,,,,,,,,,,,,,,,,,,,,,,,,,,,,,,,,,,,,,,,,,,,,,,,,,,,,,,,,,,,
cash_accounts,2025-11-19,COMP001,CASH001,3532733116.84,8069682.28,75883874.06,3464918925.06,3414918925.06,50000000.0,3414918925.06,,,,,,,,,,,,,,,,,,,,,,,,,,,,,,,,,,,,,,,,,,,,,,,,,,,,,,,,,,,,,,,,,,,,,,,,,,,,,,,,,,,,
cash_accounts,2025-11-20,COMP001,CASH001,3464918925.06,31524724.25,67799157.01,3428644492.3,3378644492.3,50000000.0,3378644492.3,,,,,,,,,,,,,,,,,,,,,,,,,,,,,,,,,,,,,,,,,,,,,,,,,,,,,,,,,,,,,,,,,,,,,,,,,,,,,,,,,,,,
cash_accounts,2025-11-21,COMP001,CASH001,3428644492.3,48033126.7,48504373.56,3428173245.44,3378173245.44,50000000.0,3378173245.44,,,,,,,,,,,,,,,,,,,,,,,,,,,,,,,,,,,,,,,,,,,,,,,,,,,,,,,,,,,,,,,,,,,,,,,,,,,,,,,,,,,,
cash_accounts,2025-11-22,COMP001,CASH001,3428173245.44,53260790.75,1663910.95,3479770125.24,3429770125.24,50000000.0,3429770125.24,,,,,,,,,,,,,,,,,,,,,,,,,,,,,,,,,,,,,,,,,,,,,,,,,,,,,,,,,,,,,,,,,,,,,,,,,,,,,,,,,,,,
cash_accounts,2025-11-23,COMP001,CASH001,3479770125.24,1546893.14,1947131.68,3479369886.7,3429369886.7,50000000.0,3429369886.7,,,,,,,,,,,,,,,,,,,,,,,,,,,,,,,,,,,,,,,,,,,,,,,,,,,,,,,,,,,,,,,,,,,,,,,,,,,,,,,,,,,,
cash_accounts,2025-11-24,COMP001,CASH001,3479369886.7,40560410.73,7728861.68,3512201435.75,3462201435.75,50000000.0,3462201435.75,,,,,,,,,,,,,,,,,,,,,,,,,,,,,,,,,,,,,,,,,,,,,,,,,,,,,,,,,,,,,,,,,,,,,,,,,,,,,,,,,,,,
cash_accounts,2025-11-25,COMP001,CASH001,3512201435.75,73944069.21,61001403.12,3525144101.84,3475144101.84,50000000.0,3475144101.84,,,,,,,,,,,,,,,,,,,,,,,,,,,,,,,,,,,,,,,,,,,,,,,,,,,,,,,,,,,,,,,,,,,,,,,,,,,,,,,,,,,,
cash_accounts,2025-11-26,COMP001,CASH001,3525144101.84,46489687.93,6217073.94,3565416715.83,3515416715.83,50000000.0,3515416715.83,,,,,,,,,,,,,,,,,,,,,,,,,,,,,,,,,,,,,,,,,,,,,,,,,,,,,,,,,,,,,,,,,,,,,,,,,,,,,,,,,,,,
cash_accounts,2025-11-27,COMP001,CASH001,3565416715.83,14204009.14,9033136.16,3570587588.81,3520587588.81,50000000.0,3520587588.81,,,,,,,,,,,,,,,,,,,,,,,,,,,,,,,,,,,,,,,,,,,,,,,,,,,,,,,,,,,,,,,,,,,,,,,,,,,,,,,,,,,,
cash_accounts,2025-11-28,COMP001,CASH001,3570587588.81,93099225.7,52138649.82,3611548164.69,3561548164.69,50000000.0,3561548164.69,,,,,,,,,,,,,,,,,,,,,,,,,,,,,,,,,,,,,,,,,,,,,,,,,,,,,,,,,,,,,,,,,,,,,,,,,,,,,,,,,,,,
cash_accounts,2025-11-29,COMP001,CASH001,3611548164.69,80063564.17,32125878.87,3659485849.99,3609485849.99,50000000.0,3609485849.99,,,,,,,,,,,,,,,,,,,,,,,,,,,,,,,,,,,,,,,,,,,,,,,,,,,,,,,,,,,,,,,,,,,,,,,,,,,,,,,,,,,,
cash_accounts,2025-11-30,COMP001,CASH001,3659485849.99,102669181.28,933088.06,3761221943.21,3711221943.21,50000000.0,3711221943.21,,,,,,,,,,,,,,,,,,,,,,,,,,,,,,,,,,,,,,,,,,,,,,,,,,,,,,,,,,,,,,,,,,,,,,,,,,,,,,,,,,,,
cash_accounts,2025-12-01,COMP001,CASH001,3761221943.21,71702027.39,5500066.74,3827423903.86,3777423903.86,50000000.0,3777423903.86,,,,,,,,,,,,,,,,,,,,,,,,,,,,,,,,,,,,,,,,,,,,,,,,,,,,,,,,,,,,,,,,,,,,,,,,,,,,,,,,,,,,
cash_accounts,2025-12-02,COMP001,CASH001,3827423903.86,27519763.12,26129474.94,3828814192.04,3778814192.04,50000000.0,3778814192.04,,,,,,,,,,,,,,,,,,,,,,,,,,,,,,,,,,,,,,,,,,,,,,,,,,,,,,,,,,,,,,,,,,,,,,,,,,,,,,,,,,,,
cash_accounts,2025-12-03,COMP001,CASH001,3828814192.04,152449299.0,84797034.28,3896466456.76,3846466456.76,50000000.0,3846466456.76,,,,,,,,,,,,,,,,,,,,,,,,,,,,,,,,,,,,,,,,,,,,,,,,,,,,,,,,,,,,,,,,,,,,,,,,,,,,,,,,,,,,
cash_accounts,2025-12-04,COMP001,CASH001,3896466456.76,21814893.32,16967887.32,3901313462.76,3851313462.76,50000000.0,3851313462.76,,,,,,,,,,,,,,,,,,,,,,,,,,,,,,,,,,,,,,,,,,,,,,,,,,,,,,,,,,,,,,,,,,,,,,,,,,,,,,,,,,,,
cash_accounts,2025-12-05,COMP001,CASH001,3901313462.76,29495856.1,5197381.38,3925611937.48,3875611937.48,50000000.0,3875611937.48,,,,,,,,,,,,,,,,,,,,,,,,,,,,,,,,,,,,,,,,,,,,,,,,,,,,,,,,,,,,,,,,,,,,,,,,,,,,,,,,,,,,
cash_accounts,2025-12-06,COMP001,CASH001,3925611937.48,3883457.45,31435525.1,3898059869.83,3848059869.83,50000000.0,3848059869.83,,,,,,,,,,,,,,,,,,,,,,,,,,,,,,,,,,,,,,,,,,,,,,,,,,,,,,,,,,,,,,,,,,,,,,,,,,,,,,,,,,,,
cash_accounts,2025-12-07,COMP001,CASH001,3898059869.83,25965852.53,76758784.04,3847266938.32,3797266938.32,50000000.0,3797266938.32,,,,,,,,,,,,,,,,,,,,,,,,,,,,,,,,,,,,,,,,,,,,,,,,,,,,,,,,,,,,,,,,,,,,,,,,,,,,,,,,,,,,
cash_accounts,2025-12-08,COMP001,CASH001,3847266938.32,9292024.67,49985478.14,3806573484.85,3756573484.85,50000000.0,3756573484.85,,,,,,,,,,,,,,,,,,,,,,,,,,,,,,,,,,,,,,,,,,,,,,,,,,,,,,,,,,,,,,,,,,,,,,,,,,,,,,,,,,,,
cash_accounts,2025-12-09,COMP001,CASH001,3806573484.85,60196063.61,22809073.08,3843960475.38,3793960475.38,50000000.0,3793960475.38,,,,,,,,,,,,,,,,,,,,,,,,,,,,,,,,,,,,,,,,,,,,,,,,,,,,,,,,,,,,,,,,,,,,,,,,,,,,,,,,,,,,
cash_accounts,2025-12-10,COMP001,CASH001,3843960475.38,67005249.46,82863747.32,3828101977.52,3778101977.52,50000000.0,3778101977.52,,,,,,,,,,,,,,,,,,,,,,,,,,,,,,,,,,,,,,,,,,,,,,,,,,,,,,,,,,,,,,,,,,,,,,,,,,,,,,,,,,,,
cash_accounts,2025-12-11,COMP001,CASH001,3828101977.52,145504341.72,55893002.51,3917713316.73,3867713316.73,50000000.0,3867713316.73,,,,,,,,,,,,,,,,,,,,,,,,,,,,,,,,,,,,,,,,,,,,,,,,,,,,,,,,,,,,,,,,,,,,,,,,,,,,,,,,,,,,
cash_accounts,2025-12-12,COMP001,CASH001,3917713316.73,17562848.22,11502065.91,3923774099.04,3873774099.04,50000000.0,3873774099.04,,,,,,,,,,,,,,,,,,,,,,,,,,,,,,,,,,,,,,,,,,,,,,,,,,,,,,,,,,,,,,,,,,,,,,,,,,,,,,,,,,,,
cash_accounts,2025-12-13,COMP001,CASH001,3923774099.04,93994999.62,15882652.13,4001886446.53,3951886446.53,50000000.0,3951886446.53,,,,,,,,,,,,,,,,,,,,,,,,,,,,,,,,,,,,,,,,,,,,,,,,,,,,,,,,,,,,,,,,,,,,,,,,,,,,,,,,,,,,
cash_accounts,2025-12-14,COMP001,CASH001,4001886446.53,1007845.94,1589399.86,4001304892.61,3951304892.61,50000000.0,3951304892.61,,,,,,,,,,,,,,,,,,,,,,,,,,,,,,,,,,,,,,,,,,,,,,,,,,,,,,,,,,,,,,,,,,,,,,,,,,,,,,,,,,,,
cash_accounts,2025-12-15,COMP001,CASH001,4001304892.61,14473892.15,39692041.33,3976086743.43,3926086743.43,50000000.0,3926086743.43,,,,,,,,,,,,,,,,,,,,,,,,,,,,,,,,,,,,,,,,,,,,,,,,,,,,,,,,,,,,,,,,,,,,,,,,,,,,,,,,,,,,
cash_accounts,2025-12-16,COMP001,CASH001,3976086743.43,16997982.43,62758750.63,3930325975.23,3880325975.23,50000000.0,3880325975.23,,,,,,,,,,,,,,,,,,,,,,,,,,,,,,,,,,,,,,,,,,,,,,,,,,,,,,,,,,,,,,,,,,,,,,,,,,,,,,,,,,,,
cash_accounts,2025-12-17,COMP001,CASH001,3930325975.23,85056302.47,30266328.1,3985115949.6,3935115949.6,50000000.0,3935115949.6,,,,,,,,,,,,,,,,,,,,,,,,,,,,,,,,,,,,,,,,,,,,,,,,,,,,,,,,,,,,,,,,,,,,,,,,,,,,,,,,,,,,
cash_accounts,2025-12-18,COMP001,CASH001,3985115949.6,116133495.05,74013616.11,4027235828.54,3977235828.54,50000000.0,3977235828.54,,,,,,,,,,,,,,,,,,,,,,,,,,,,,,,,,,,,,,,,,,,,,,,,,,,,,,,,,,,,,,,,,,,,,,,,,,,,,,,,,,,,
cash_accounts,2025-12-19,COMP001,CASH001,4027235828.54,123656841.62,68152417.3,4082740252.86,4032740252.86,50000000.0,4032740252.86,,,,,,,,,,,,,,,,,,,,,,,,,,,,,,,,,,,,,,,,,,,,,,,,,,,,,,,,,,,,,,,,,,,,,,,,,,,,,,,,,,,,
cash_accounts,2025-12-20,COMP001,CASH001,4082740252.86,3513112.89,835546.88,4085417818.87,4035417818.87,50000000.0,4035417818.87,,,,,,,,,,,,,,,,,,,,,,,,,,,,,,,,,,,,,,,,,,,,,,,,,,,,,,,,,,,,,,,,,,,,,,,,,,,,,,,,,,,,
cash_accounts,2025-12-21,COMP001,CASH001,4085417818.87,159465156.57,624323.81,4244258651.63,4194258651.63,50000000.0,4194258651.63,,,,,,,,,,,,,,,,,,,,,,,,,,,,,,,,,,,,,,,,,,,,,,,,,,,,,,,,,,,,,,,,,,,,,,,,,,,,,,,,,,,,
cash_accounts,2025-12-22,COMP001,CASH001,4244258651.63,16351205.87,13898379.41,4246711478.09,4196711478.09,50000000.0,4196711478.09,,,,,,,,,,,,,,,,,,,,,,,,,,,,,,,,,,,,,,,,,,,,,,,,,,,,,,,,,,,,,,,,,,,,,,,,,,,,,,,,,,,,
cash_accounts,2025-12-23,COMP001,CASH001,4246711478.09,106004565.49,61173685.04,4291542358.54,4241542358.54,50000000.0,4241542358.54,,,,,,,,,,,,,,,,,,,,,,,,,,,,,,,,,,,,,,,,,,,,,,,,,,,,,,,,,,,,,,,,,,,,,,,,,,,,,,,,,,,,
cash_accounts,2025-12-24,COMP001,CASH001,4291542358.54,20204443.27,57558856.06,4254187945.75,4204187945.75,50000000.0,4204187945.75,,,,,,,,,,,,,,,,,,,,,,,,,,,,,,,,,,,,,,,,,,,,,,,,,,,,,,,,,,,,,,,,,,,,,,,,,,,,,,,,,,,,
cash_accounts,2025-12-25,COMP001,CASH001,4254187945.75,13865970.01,5058499.1,4262995416.66,4212995416.66,50000000.0,4212995416.66,,,,,,,,,,,,,,,,,,,,,,,,,,,,,,,,,,,,,,,,,,,,,,,,,,,,,,,,,,,,,,,,,,,,,,,,,,,,,,,,,,,,
cash_accounts,2025-12-26,COMP001,CASH001,4262995416.66,20193093.68,8702087.5,4274486422.84,4224486422.84,50000000.0,4224486422.84,,,,,,,,,,,,,,,,,,,,,,,,,,,,,,,,,,,,,,,,,,,,,,,,,,,,,,,,,,,,,,,,,,,,,,,,,,,,,,,,,,,,
cash_accounts,2025-12-27,COMP001,CASH001,4274486422.84,32576854.0,49194600.45,4257868676.39,4207868676.39,50000000.0,4207868676.39,,,,,,,,,,,,,,,,,,,,,,,,,,,,,,,,,,,,,,,,,,,,,,,,,,,,,,,,,,,,,,,,,,,,,,,,,,,,,,,,,,,,
cash_accounts,2025-12-28,COMP001,CASH001,4257868676.39,43449959.46,2446204.14,4298872431.71,4248872431.71,50000000.0,4248872431.71,,,,,,,,,,,,,,,,,,,,,,,,,,,,,,,,,,,,,,,,,,,,,,,,,,,,,,,,,,,,,,,,,,,,,,,,,,,,,,,,,,,,
cash_accounts,2025-12-29,COMP001,CASH001,4298872431.71,96848544.57,8218017.87,4387502958.41,4337502958.41,50000000.0,4337502958.41,,,,,,,,,,,,,,,,,,,,,,,,,,,,,,,,,,,,,,,,,,,,,,,,,,,,,,,,,,,,,,,,,,,,,,,,,,,,,,,,,,,,
cash_accounts,2025-12-30,COMP001,CASH001,4387502958.41,18299882.81,18923054.85,4386879786.37,4336879786.37,50000000.0,4336879786.37,,,,,,,,,,,,,,,,,,,,,,,,,,,,,,,,,,,,,,,,,,,,,,,,,,,,,,,,,,,,,,,,,,,,,,,,,,,,,,,,,,,,
cash_accounts,2025-12-31,COMP001,CASH001,4386879786.37,20006944.15,68621544.34,4338265186.18,4288265186.18,50000000.0,4288265186.18,,,,,,,,,,,,,,,,,,,,,,,,,,,,,,,,,,,,,,,,,,,,,,,,,,,,,,,,,,,,,,,,,,,,,,,,,,,,,,,,,,,,
customers,,COMP001,,,,,,,,,CUST001,Concorde Motors,automotive_manufacturing,15.0,LOW,24.0,21.0,3.0,0.88,15.3,reliable,,,,,,,,,,,,,,,,,,,,,,,,,,,,,,,,,,,,,,,,,,,,,,,,,,,,,,,,,,,,,,,,,,,,,,,,,
customers,,COMP001,,,,,,,,,CUST002,Pinnacle Motors,automotive_manufacturing,30.0,LOW,36.0,31.0,5.0,0.86,31.4,reliable,,,,,,,,,,,,,,,,,,,,,,,,,,,,,,,,,,,,,,,,,,,,,,,,,,,,,,,,,,,,,,,,,,,,,,,,,
customers,,COMP001,,,,,,,,,CUST003,Jayem Automotives,automotive_manufacturing,15.0,LOW,18.0,16.0,2.0,0.89,26.5,reliable,,,,,,,,,,,,,,,,,,,,,,,,,,,,,,,,,,,,,,,,,,,,,,,,,,,,,,,,,,,,,,,,,,,,,,,,,
customers,,COMP001,,,,,,,,,CUST004,Ganganagar Motors,automotive_manufacturing,45.0,MEDIUM,33.0,21.0,12.0,0.64,23.6,average,,,,,,,,,,,,,,,,,,,,,,,,,,,,,,,,,,,,,,,,,,,,,,,,,,,,,,,,,,,,,,,,,,,,,,,,,
customers,,COMP001,,,,,,,,,CUST005,Bimal Auto Agency,automotive_manufacturing,30.0,MEDIUM,29.0,17.0,12.0,0.59,23.8,average,,,,,,,,,,,,,,,,,,,,,,,,,,,,,,,,,,,,,,,,,,,,,,,,,,,,,,,,,,,,,,,,,,,,,,,,,
customers,,COMP001,,,,,,,,,CUST006,Kiran Motors,automotive_manufacturing,45.0,MEDIUM,34.0,21.0,13.0,0.62,21.6,average,,,,,,,,,,,,,,,,,,,,,,,,,,,,,,,,,,,,,,,,,,,,,,,,,,,,,,,,,,,,,,,,,,,,,,,,,
customers,,COMP001,,,,,,,,,CUST007,Prabhu Motors,automotive_manufacturing,45.0,MEDIUM,32.0,19.0,13.0,0.59,23.2,average,,,,,,,,,,,,,,,,,,,,,,,,,,,,,,,,,,,,,,,,,,,,,,,,,,,,,,,,,,,,,,,,,,,,,,,,,
customers,,COMP001,,,,,,,,,CUST008,Prerana Motors,automotive_manufacturing,30.0,MEDIUM,29.0,20.0,9.0,0.69,23.1,average,,,,,,,,,,,,,,,,,,,,,,,,,,,,,,,,,,,,,,,,,,,,,,,,,,,,,,,,,,,,,,,,,,,,,,,,,
customers,,COMP001,,,,,,,,,CUST009,Sai Service Pvt Ltd,automotive_manufacturing,60.0,HIGH,15.0,5.0,10.0,0.33,21.6,risky,,,,,,,,,,,,,,,,,,,,,,,,,,,,,,,,,,,,,,,,,,,,,,,,,,,,,,,,,,,,,,,,,,,,,,,,,
customers,,COMP001,,,,,,,,,CUST010,Shivam Autozone,automotive_manufacturing,60.0,HIGH,15.0,8.0,7.0,0.53,18.0,risky,,,,,,,,,,,,,,,,,,,,,,,,,,,,,,,,,,,,,,,,,,,,,,,,,,,,,,,,,,,,,,,,,,,,,,,,,
customers,,COMP001,,,,,,,,,CUST011,Tirupati Motors,automotive_manufacturing,30.0,LOW,22.0,19.0,3.0,0.86,26.3,reliable,,,,,,,,,,,,,,,,,,,,,,,,,,,,,,,,,,,,,,,,,,,,,,,,,,,,,,,,,,,,,,,,,,,,,,,,,
customers,,COMP001,,,,,,,,,CUST012,Vinayak Motors,automotive_manufacturing,15.0,LOW,25.0,23.0,2.0,0.92,9.5,reliable,,,,,,,,,,,,,,,,,,,,,,,,,,,,,,,,,,,,,,,,,,,,,,,,,,,,,,,,,,,,,,,,,,,,,,,,,
customers,,COMP001,,,,,,,,,CUST013,BlueDart Express Ltd,automotive_manufacturing,30.0,LOW,23.0,21.0,2.0,0.91,24.0,reliable,,,,,,,,,,,,,,,,,,,,,,,,,,,,,,,,,,,,,,,,,,,,,,,,,,,,,,,,,,,,,,,,,,,,,,,,,
customers,,COMP001,,,,,,,,,CUST014,Rivigo Services Pvt Ltd,automotive_manufacturing,30.0,MEDIUM,21.0,17.0,4.0,0.81,24.5,average,,,,,,,,,,,,,,,,,,,,,,,,,,,,,,,,,,,,,,,,,,,,,,,,,,,,,,,,,,,,,,,,,,,,,,,,,
customers,,COMP001,,,,,,,,,CUST015,TCI Express Ltd,automotive_manufacturing,30.0,MEDIUM,18.0,14.0,4.0,0.78,21.8,average,,,,,,,,,,,,,,,,,,,,,,,,,,,,,,,,,,,,,,,,,,,,,,,,,,,,,,,,,,,,,,,,,,,,,,,,,
customers,,COMP001,,,,,,,,,CUST016,VRL Logistics Ltd,automotive_manufacturing,45.0,MEDIUM,26.0,18.0,8.0,0.69,23.2,average,,,,,,,,,,,,,,,,,,,,,,,,,,,,,,,,,,,,,,,,,,,,,,,,,,,,,,,,,,,,,,,,,,,,,,,,,
customers,,COMP001,,,,,,,,,CUST017,Gati Ltd,automotive_manufacturing,45.0,MEDIUM,25.0,20.0,5.0,0.8,29.6,average,,,,,,,,,,,,,,,,,,,,,,,,,,,,,,,,,,,,,,,,,,,,,,,,,,,,,,,,,,,,,,,,,,,,,,,,,
customers,,COMP001,,,,,,,,,CUST018,Eicher Trucks & Buses (Fleet Div),automotive_manufacturing,45.0,MEDIUM,33.0,25.0,8.0,0.76,22.4,average,,,,,,,,,,,,,,,,,,,,,,,,,,,,,,,,,,,,,,,,,,,,,,,,,,,,,,,,,,,,,,,,,,,,,,,,,
customers,,COMP001,,,,,,,,,CUST019,Indian Army (DGOF),automotive_manufacturing,45.0,HIGH,34.0,13.0,21.0,0.38,26.5,risky,,,,,,,,,,,,,,,,,,,,,,,,,,,,,,,,,,,,,,,,,,,,,,,,,,,,,,,,,,,,,,,,,,,,,,,,,
customers,,COMP001,,,,,,,,,CUST020,ONGC Ltd,automotive_manufacturing,60.0,HIGH,28.0,14.0,14.0,0.5,27.7,risky,,,,,,,,,,,,,,,,,,,,,,,,,,,,,,,,,,,,,,,,,,,,,,,,,,,,,,,,,,,,,,,,,,,,,,,,,
customers,,COMP001,,,,,,,,,CUST021,NTPC Ltd,automotive_manufacturing,15.0,LOW,21.0,18.0,3.0,0.86,19.0,reliable,,,,,,,,,,,,,,,,,,,,,,,,,,,,,,,,,,,,,,,,,,,,,,,,,,,,,,,,,,,,,,,,,,,,,,,,,
customers,,COMP001,,,,,,,,,CUST022,Tata Steel Ltd (Internal),automotive_manufacturing,30.0,LOW,23.0,22.0,1.0,0.96,15.0,reliable,,,,,,,,,,,,,,,,,,,,,,,,,,,,,,,,,,,,,,,,,,,,,,,,,,,,,,,,,,,,,,,,,,,,,,,,,
customers,,COMP001,,,,,,,,,CUST023,Indian Railways,automotive_manufacturing,30.0,LOW,36.0,31.0,5.0,0.86,23.4,reliable,,,,,,,,,,,,,,,,,,,,,,,,,,,,,,,,,,,,,,,,,,,,,,,,,,,,,,,,,,,,,,,,,,,,,,,,,
customers,,COMP001,,,,,,,,,CUST024,Ashok Leyland (Cross-supply),automotive_manufacturing,45.0,MEDIUM,16.0,13.0,3.0,0.81,31.3,average,,,,,,,,,,,,,,,,,,,,,,,,,,,,,,,,,,,,,,,,,,,,,,,,,,,,,,,,,,,,,,,,,,,,,,,,,
customers,,COMP001,,,,,,,,,CUST025,Mahindra & Mahindra,automotive_manufacturing,45.0,MEDIUM,34.0,21.0,13.0,0.62,27.8,average,,,,,,,,,,,,,,,,,,,,,,,,,,,,,,,,,,,,,,,,,,,,,,,,,,,,,,,,,,,,,,,,,,,,,,,,,
decision_alternatives,,,,,,,,,,,,,,,,,,,,,,DAD6CF005C,DECA52389B0,PAY_NOW,0.85,1075759.47,624451.1,0.23,0.47,,,,,,,,,,,,,,,,,,,,,,,,,,,,,,,,,,,,,,,,,,,,,,,,,,,,,,,,,,,,,,,,,
decision_alternatives,,,,,,,,,,,,,,,,,,,,,,DA9E1904B0,DECA52389B0,PAY_AT_MATURITY,0.7,400329.43,963126.12,0.08,0.88,,,,,,,,,,,,,,,,,,,,,,,,,,,,,,,,,,,,,,,,,,,,,,,,,,,,,,,,,,,,,,,,,
decision_alternatives,,,,,,,,,,,,,,,,,,,,,,DAF45FCCBF,DECA52389B0,DELAY_PAYMENT,0.34,504957.1,915216.09,0.17,0.33,,,,,,,,,,,,,,,,,,,,,,,,,,,,,,,,,,,,,,,,,,,,,,,,,,,,,,,,,,,,,,,,,
decision_alternatives,,,,,,,,,,,,,,,,,,,,,,DA21556A4E,DECA52389B0,CAPTURE_DISCOUNT,0.77,1180490.67,924642.52,-0.04,0.81,,,,,,,,,,,,,,,,,,,,,,,,,,,,,,,,,,,,,,,,,,,,,,,,,,,,,,,,,,,,,,,,,
decision_alternatives,,,,,,,,,,,,,,,,,,,,,,DA2BA10661,DECA52389B0,BANK_FINANCE,0.59,907369.41,561968.91,0.09,0.22,,,,,,,,,,,,,,,,,,,,,,,,,,,,,,,,,,,,,,,,,,,,,,,,,,,,,,,,,,,,,,,,,
decision_alternatives,,,,,,,,,,,,,,,,,,,,,,DA4B674D7F,DECA52389B0,SUPPLIER_FINANCE,0.57,670769.94,394414.79,0.06,0.36,,,,,,,,,,,,,,,,,,,,,,,,,,,,,,,,,,,,,,,,,,,,,,,,,,,,,,,,,,,,,,,,,
decision_alternatives,,,,,,,,,,,,,,,,,,,,,,DAE518735C,DECA52389B0,RETAIN_CASH,0.24,1202471.87,207858.3,-0.04,0.79,,,,,,,,,,,,,,,,,,,,,,,,,,,,,,,,,,,,,,,,,,,,,,,,,,,,,,,,,,,,,,,,,
decision_alternatives,,,,,,,,,,,,,,,,,,,,,,DA5F1255FB,DEC72D5ADE7,PAY_NOW,0.83,1869420.6,810267.81,-0.12,0.89,,,,,,,,,,,,,,,,,,,,,,,,,,,,,,,,,,,,,,,,,,,,,,,,,,,,,,,,,,,,,,,,,
decision_alternatives,,,,,,,,,,,,,,,,,,,,,,DAD6E34E11,DEC72D5ADE7,PAY_AT_MATURITY,0.85,2111010.93,1001635.44,-0.21,0.62,,,,,,,,,,,,,,,,,,,,,,,,,,,,,,,,,,,,,,,,,,,,,,,,,,,,,,,,,,,,,,,,,
decision_alternatives,,,,,,,,,,,,,,,,,,,,,,DA2F523BEC,DEC72D5ADE7,DELAY_PAYMENT,0.32,1293216.27,987213.69,-0.02,0.62,,,,,,,,,,,,,,,,,,,,,,,,,,,,,,,,,,,,,,,,,,,,,,,,,,,,,,,,,,,,,,,,,
decision_alternatives,,,,,,,,,,,,,,,,,,,,,,DAC50BB848,DEC72D5ADE7,CAPTURE_DISCOUNT,0.13,1363146.13,839145.05,-0.17,0.71,,,,,,,,,,,,,,,,,,,,,,,,,,,,,,,,,,,,,,,,,,,,,,,,,,,,,,,,,,,,,,,,,
decision_alternatives,,,,,,,,,,,,,,,,,,,,,,DAEAB1E3BD,DEC72D5ADE7,BANK_FINANCE,0.73,1985747.22,254420.48,-0.04,0.75,,,,,,,,,,,,,,,,,,,,,,,,,,,,,,,,,,,,,,,,,,,,,,,,,,,,,,,,,,,,,,,,,
decision_alternatives,,,,,,,,,,,,,,,,,,,,,,DA8B2A50D5,DEC72D5ADE7,SUPPLIER_FINANCE,0.86,628472.82,307292.21,-0.13,0.2,,,,,,,,,,,,,,,,,,,,,,,,,,,,,,,,,,,,,,,,,,,,,,,,,,,,,,,,,,,,,,,,,
decision_alternatives,,,,,,,,,,,,,,,,,,,,,,DA1DE785C3,DEC72D5ADE7,RETAIN_CASH,0.77,1401948.2,824240.52,-0.13,0.52,,,,,,,,,,,,,,,,,,,,,,,,,,,,,,,,,,,,,,,,,,,,,,,,,,,,,,,,,,,,,,,,,
decision_alternatives,,,,,,,,,,,,,,,,,,,,,,DAE9499166,DEC87D0FDE7,PAY_NOW,0.86,1830679.77,586330.68,-0.06,0.43,,,,,,,,,,,,,,,,,,,,,,,,,,,,,,,,,,,,,,,,,,,,,,,,,,,,,,,,,,,,,,,,,
decision_alternatives,,,,,,,,,,,,,,,,,,,,,,DADD1D000D,DEC87D0FDE7,PAY_AT_MATURITY,0.3,2075619.37,479250.78,-0.23,0.35,,,,,,,,,,,,,,,,,,,,,,,,,,,,,,,,,,,,,,,,,,,,,,,,,,,,,,,,,,,,,,,,,
decision_alternatives,,,,,,,,,,,,,,,,,,,,,,DA4953AB4E,DEC87D0FDE7,DELAY_PAYMENT,0.48,1189377.83,549790.62,0.3,0.35,,,,,,,,,,,,,,,,,,,,,,,,,,,,,,,,,,,,,,,,,,,,,,,,,,,,,,,,,,,,,,,,,
decision_alternatives,,,,,,,,,,,,,,,,,,,,,,DA0C82431E,DEC87D0FDE7,CAPTURE_DISCOUNT,0.59,2089242.46,610165.28,-0.12,0.76,,,,,,,,,,,,,,,,,,,,,,,,,,,,,,,,,,,,,,,,,,,,,,,,,,,,,,,,,,,,,,,,,
decision_alternatives,,,,,,,,,,,,,,,,,,,,,,DAA99DF90F,DEC87D0FDE7,BANK_FINANCE,0.55,512007.09,473007.99,-0.24,0.49,,,,,,,,,,,,,,,,,,,,,,,,,,,,,,,,,,,,,,,,,,,,,,,,,,,,,,,,,,,,,,,,,
decision_alternatives,,,,,,,,,,,,,,,,,,,,,,DA4C7F6A60,DEC87D0FDE7,SUPPLIER_FINANCE,0.13,1819494.46,850443.39,0.17,0.66,,,,,,,,,,,,,,,,,,,,,,,,,,,,,,,,,,,,,,,,,,,,,,,,,,,,,,,,,,,,,,,,,
decision_alternatives,,,,,,,,,,,,,,,,,,,,,,DA3CD001C7,DEC87D0FDE7,RETAIN_CASH,0.57,1601467.45,487787.74,0.02,0.19,,,,,,,,,,,,,,,,,,,,,,,,,,,,,,,,,,,,,,,,,,,,,,,,,,,,,,,,,,,,,,,,,
decision_alternatives,,,,,,,,,,,,,,,,,,,,,,DA67672C92,DECF8746680,PAY_NOW,0.85,823148.5,113448.82,0.24,0.62,,,,,,,,,,,,,,,,,,,,,,,,,,,,,,,,,,,,,,,,,,,,,,,,,,,,,,,,,,,,,,,,,
decision_alternatives,,,,,,,,,,,,,,,,,,,,,,DAAAB491A0,DECF8746680,PAY_AT_MATURITY,0.69,953057.91,122375.08,-0.05,0.31,,,,,,,,,,,,,,,,,,,,,,,,,,,,,,,,,,,,,,,,,,,,,,,,,,,,,,,,,,,,,,,,,
decision_alternatives,,,,,,,,,,,,,,,,,,,,,,DA2994B687,DECF8746680,DELAY_PAYMENT,0.11,305730.88,100476.92,-0.09,0.89,,,,,,,,,,,,,,,,,,,,,,,,,,,,,,,,,,,,,,,,,,,,,,,,,,,,,,,,,,,,,,,,,
decision_alternatives,,,,,,,,,,,,,,,,,,,,,,DA34399FFC,DECF8746680,CAPTURE_DISCOUNT,0.76,716933.81,264648.92,0.16,0.31,,,,,,,,,,,,,,,,,,,,,,,,,,,,,,,,,,,,,,,,,,,,,,,,,,,,,,,,,,,,,,,,,
decision_alternatives,,,,,,,,,,,,,,,,,,,,,,DA3200D8A4,DECF8746680,BANK_FINANCE,0.77,823471.1,139373.17,-0.17,0.76,,,,,,,,,,,,,,,,,,,,,,,,,,,,,,,,,,,,,,,,,,,,,,,,,,,,,,,,,,,,,,,,,
decision_alternatives,,,,,,,,,,,,,,,,,,,,,,DA194C531E,DECF8746680,SUPPLIER_FINANCE,0.32,588862.52,459031.7,-0.19,0.22,,,,,,,,,,,,,,,,,,,,,,,,,,,,,,,,,,,,,,,,,,,,,,,,,,,,,,,,,,,,,,,,,
decision_alternatives,,,,,,,,,,,,,,,,,,,,,,DA25388669,DECF8746680,RETAIN_CASH,0.12,353863.55,295417.0,0.08,0.42,,,,,,,,,,,,,,,,,,,,,,,,,,,,,,,,,,,,,,,,,,,,,,,,,,,,,,,,,,,,,,,,,
decision_alternatives,,,,,,,,,,,,,,,,,,,,,,DA60AA8931,DEC26ADBBBC,PAY_NOW,0.81,1904021.57,723637.83,-0.25,0.37,,,,,,,,,,,,,,,,,,,,,,,,,,,,,,,,,,,,,,,,,,,,,,,,,,,,,,,,,,,,,,,,,
decision_alternatives,,,,,,,,,,,,,,,,,,,,,,DAF18A3396,DEC26ADBBBC,PAY_AT_MATURITY,0.59,1317407.0,892171.39,0.27,0.12,,,,,,,,,,,,,,,,,,,,,,,,,,,,,,,,,,,,,,,,,,,,,,,,,,,,,,,,,,,,,,,,,
decision_alternatives,,,,,,,,,,,,,,,,,,,,,,DA5EB8FE4C,DEC26ADBBBC,DELAY_PAYMENT,0.1,959922.41,612121.58,-0.05,0.36,,,,,,,,,,,,,,,,,,,,,,,,,,,,,,,,,,,,,,,,,,,,,,,,,,,,,,,,,,,,,,,,,
decision_alternatives,,,,,,,,,,,,,,,,,,,,,,DA751A5A61,DEC26ADBBBC,CAPTURE_DISCOUNT,0.57,1631708.04,667255.52,-0.15,0.5,,,,,,,,,,,,,,,,,,,,,,,,,,,,,,,,,,,,,,,,,,,,,,,,,,,,,,,,,,,,,,,,,
decision_alternatives,,,,,,,,,,,,,,,,,,,,,,DA217B3114,DEC26ADBBBC,BANK_FINANCE,0.69,1483938.83,375696.97,-0.27,0.55,,,,,,,,,,,,,,,,,,,,,,,,,,,,,,,,,,,,,,,,,,,,,,,,,,,,,,,,,,,,,,,,,
decision_alternatives,,,,,,,,,,,,,,,,,,,,,,DAC8989736,DEC26ADBBBC,SUPPLIER_FINANCE,0.88,765197.6,289852.69,0.05,0.12,,,,,,,,,,,,,,,,,,,,,,,,,,,,,,,,,,,,,,,,,,,,,,,,,,,,,,,,,,,,,,,,,
decision_alternatives,,,,,,,,,,,,,,,,,,,,,,DABE6DC953,DEC26ADBBBC,RETAIN_CASH,0.73,602660.12,851898.11,-0.08,0.78,,,,,,,,,,,,,,,,,,,,,,,,,,,,,,,,,,,,,,,,,,,,,,,,,,,,,,,,,,,,,,,,,
decision_alternatives,,,,,,,,,,,,,,,,,,,,,,DA7C33D4F2,DEC5300446A,PAY_NOW,0.87,3393986.03,1558371.03,0.28,0.66,,,,,,,,,,,,,,,,,,,,,,,,,,,,,,,,,,,,,,,,,,,,,,,,,,,,,,,,,,,,,,,,,
decision_alternatives,,,,,,,,,,,,,,,,,,,,,,DAA1CF713F,DEC5300446A,PAY_AT_MATURITY,0.29,1907522.23,1674530.76,0.07,0.77,,,,,,,,,,,,,,,,,,,,,,,,,,,,,,,,,,,,,,,,,,,,,,,,,,,,,,,,,,,,,,,,,
decision_alternatives,,,,,,,,,,,,,,,,,,,,,,DA342453CE,DEC5300446A,DELAY_PAYMENT,0.25,1084473.93,1184518.31,0.1,0.41,,,,,,,,,,,,,,,,,,,,,,,,,,,,,,,,,,,,,,,,,,,,,,,,,,,,,,,,,,,,,,,,,
decision_alternatives,,,,,,,,,,,,,,,,,,,,,,DA24F2235A,DEC5300446A,CAPTURE_DISCOUNT,0.55,723035.84,1331546.67,-0.04,0.88,,,,,,,,,,,,,,,,,,,,,,,,,,,,,,,,,,,,,,,,,,,,,,,,,,,,,,,,,,,,,,,,,
decision_alternatives,,,,,,,,,,,,,,,,,,,,,,DA1ABCCA64,DEC5300446A,BANK_FINANCE,0.82,2401765.21,1509691.42,-0.21,0.39,,,,,,,,,,,,,,,,,,,,,,,,,,,,,,,,,,,,,,,,,,,,,,,,,,,,,,,,,,,,,,,,,
decision_alternatives,,,,,,,,,,,,,,,,,,,,,,DA943A7547,DEC5300446A,SUPPLIER_FINANCE,0.17,782352.86,956940.51,0.06,0.57,,,,,,,,,,,,,,,,,,,,,,,,,,,,,,,,,,,,,,,,,,,,,,,,,,,,,,,,,,,,,,,,,
decision_alternatives,,,,,,,,,,,,,,,,,,,,,,DA256A9C1E,DEC5300446A,RETAIN_CASH,0.2,1487881.92,399733.48,0.25,0.3,,,,,,,,,,,,,,,,,,,,,,,,,,,,,,,,,,,,,,,,,,,,,,,,,,,,,,,,,,,,,,,,,
decision_alternatives,,,,,,,,,,,,,,,,,,,,,,DA9CFF9ECA,DEC9992603A,PAY_NOW,0.86,504099.18,342729.16,0.13,0.63,,,,,,,,,,,,,,,,,,,,,,,,,,,,,,,,,,,,,,,,,,,,,,,,,,,,,,,,,,,,,,,,,
decision_alternatives,,,,,,,,,,,,,,,,,,,,,,DA4F1B630A,DEC9992603A,PAY_AT_MATURITY,0.14,1815939.99,507221.4,-0.23,0.16,,,,,,,,,,,,,,,,,,,,,,,,,,,,,,,,,,,,,,,,,,,,,,,,,,,,,,,,,,,,,,,,,
decision_alternatives,,,,,,,,,,,,,,,,,,,,,,DA07245662,DEC9992603A,DELAY_PAYMENT,0.89,613109.92,984121.95,-0.07,0.68,,,,,,,,,,,,,,,,,,,,,,,,,,,,,,,,,,,,,,,,,,,,,,,,,,,,,,,,,,,,,,,,,
decision_alternatives,,,,,,,,,,,,,,,,,,,,,,DA06BCBC47,DEC9992603A,CAPTURE_DISCOUNT,0.32,1315043.53,1114126.7,0.15,0.31,,,,,,,,,,,,,,,,,,,,,,,,,,,,,,,,,,,,,,,,,,,,,,,,,,,,,,,,,,,,,,,,,
decision_alternatives,,,,,,,,,,,,,,,,,,,,,,DA1C5B4119,DEC9992603A,BANK_FINANCE,0.32,1702523.94,938426.74,0.22,0.49,,,,,,,,,,,,,,,,,,,,,,,,,,,,,,,,,,,,,,,,,,,,,,,,,,,,,,,,,,,,,,,,,
decision_alternatives,,,,,,,,,,,,,,,,,,,,,,DAD0633512,DEC9992603A,SUPPLIER_FINANCE,0.1,2634581.84,1317878.78,-0.22,0.64,,,,,,,,,,,,,,,,,,,,,,,,,,,,,,,,,,,,,,,,,,,,,,,,,,,,,,,,,,,,,,,,,
decision_alternatives,,,,,,,,,,,,,,,,,,,,,,DA511D7918,DEC9992603A,RETAIN_CASH,0.72,574298.88,1022918.41,0.23,0.82,,,,,,,,,,,,,,,,,,,,,,,,,,,,,,,,,,,,,,,,,,,,,,,,,,,,,,,,,,,,,,,,,
decision_alternatives,,,,,,,,,,,,,,,,,,,,,,DA770102B5,DEC2DC16D8F,PAY_NOW,0.83,3628842.83,1865308.85,0.19,0.81,,,,,,,,,,,,,,,,,,,,,,,,,,,,,,,,,,,,,,,,,,,,,,,,,,,,,,,,,,,,,,,,,
decision_alternatives,,,,,,,,,,,,,,,,,,,,,,DAF21E8BCD,DEC2DC16D8F,PAY_AT_MATURITY,0.42,4699361.55,1459413.9,-0.28,0.17,,,,,,,,,,,,,,,,,,,,,,,,,,,,,,,,,,,,,,,,,,,,,,,,,,,,,,,,,,,,,,,,,
decision_alternatives,,,,,,,,,,,,,,,,,,,,,,DAB15D2055,DEC2DC16D8F,DELAY_PAYMENT,0.22,986171.0,1908822.74,0.18,0.89,,,,,,,,,,,,,,,,,,,,,,,,,,,,,,,,,,,,,,,,,,,,,,,,,,,,,,,,,,,,,,,,,
decision_alternatives,,,,,,,,,,,,,,,,,,,,,,DAC7A40345,DEC2DC16D8F,CAPTURE_DISCOUNT,0.68,4754805.31,2225012.11,0.2,0.89,,,,,,,,,,,,,,,,,,,,,,,,,,,,,,,,,,,,,,,,,,,,,,,,,,,,,,,,,,,,,,,,,
decision_alternatives,,,,,,,,,,,,,,,,,,,,,,DADFA4F884,DEC2DC16D8F,BANK_FINANCE,0.52,2774921.65,1767617.94,0.21,0.76,,,,,,,,,,,,,,,,,,,,,,,,,,,,,,,,,,,,,,,,,,,,,,,,,,,,,,,,,,,,,,,,,
decision_alternatives,,,,,,,,,,,,,,,,,,,,,,DA2BE6DE76,DEC2DC16D8F,SUPPLIER_FINANCE,0.84,3484025.33,1617734.96,0.04,0.46,,,,,,,,,,,,,,,,,,,,,,,,,,,,,,,,,,,,,,,,,,,,,,,,,,,,,,,,,,,,,,,,,
decision_alternatives,,,,,,,,,,,,,,,,,,,,,,DA9DB37405,DEC2DC16D8F,RETAIN_CASH,0.14,4420567.89,885706.4,-0.22,0.26,,,,,,,,,,,,,,,,,,,,,,,,,,,,,,,,,,,,,,,,,,,,,,,,,,,,,,,,,,,,,,,,,
decision_alternatives,,,,,,,,,,,,,,,,,,,,,,DA99E455E6,DECB1A8819E,PAY_NOW,0.85,1357832.48,1186100.16,-0.29,0.38,,,,,,,,,,,,,,,,,,,,,,,,,,,,,,,,,,,,,,,,,,,,,,,,,,,,,,,,,,,,,,,,,
decision_alternatives,,,,,,,,,,,,,,,,,,,,,,DAD3797A40,DECB1A8819E,PAY_AT_MATURITY,0.61,1308108.97,477142.62,0.18,0.42,,,,,,,,,,,,,,,,,,,,,,,,,,,,,,,,,,,,,,,,,,,,,,,,,,,,,,,,,,,,,,,,,
decision_alternatives,,,,,,,,,,,,,,,,,,,,,,DABE729157,DECB1A8819E,DELAY_PAYMENT,0.39,2171917.08,1313619.18,-0.26,0.84,,,,,,,,,,,,,,,,,,,,,,,,,,,,,,,,,,,,,,,,,,,,,,,,,,,,,,,,,,,,,,,,,
decision_alternatives,,,,,,,,,,,,,,,,,,,,,,DA05705F20,DECB1A8819E,CAPTURE_DISCOUNT,0.5,1854360.44,296434.75,0.11,0.17,,,,,,,,,,,,,,,,,,,,,,,,,,,,,,,,,,,,,,,,,,,,,,,,,,,,,,,,,,,,,,,,,
decision_alternatives,,,,,,,,,,,,,,,,,,,,,,DA0DA56A5A,DECB1A8819E,BANK_FINANCE,0.16,3327735.53,1737061.83,-0.03,0.86,,,,,,,,,,,,,,,,,,,,,,,,,,,,,,,,,,,,,,,,,,,,,,,,,,,,,,,,,,,,,,,,,
decision_alternatives,,,,,,,,,,,,,,,,,,,,,,DA177EC699,DECB1A8819E,SUPPLIER_FINANCE,0.77,1605976.99,1056004.25,0.04,0.69,,,,,,,,,,,,,,,,,,,,,,,,,,,,,,,,,,,,,,,,,,,,,,,,,,,,,,,,,,,,,,,,,
decision_alternatives,,,,,,,,,,,,,,,,,,,,,,DA132C9365,DECB1A8819E,RETAIN_CASH,0.34,1601237.5,1433720.29,-0.02,0.21,,,,,,,,,,,,,,,,,,,,,,,,,,,,,,,,,,,,,,,,,,,,,,,,,,,,,,,,,,,,,,,,,
decision_alternatives,,,,,,,,,,,,,,,,,,,,,,DA5D174A59,DEC0B7AF2B4,PAY_NOW,0.76,340457.15,65945.24,0.27,0.5,,,,,,,,,,,,,,,,,,,,,,,,,,,,,,,,,,,,,,,,,,,,,,,,,,,,,,,,,,,,,,,,,
decision_alternatives,,,,,,,,,,,,,,,,,,,,,,DA7F4FCF68,DEC0B7AF2B4,PAY_AT_MATURITY,0.76,119074.71,182469.34,-0.15,0.84,,,,,,,,,,,,,,,,,,,,,,,,,,,,,,,,,,,,,,,,,,,,,,,,,,,,,,,,,,,,,,,,,
decision_alternatives,,,,,,,,,,,,,,,,,,,,,,DAA6AE6A3C,DEC0B7AF2B4,DELAY_PAYMENT,0.31,297813.09,110581.78,0.17,0.89,,,,,,,,,,,,,,,,,,,,,,,,,,,,,,,,,,,,,,,,,,,,,,,,,,,,,,,,,,,,,,,,,
decision_alternatives,,,,,,,,,,,,,,,,,,,,,,DA9AA5FCF4,DEC0B7AF2B4,CAPTURE_DISCOUNT,0.38,228308.73,113654.42,0.11,0.55,,,,,,,,,,,,,,,,,,,,,,,,,,,,,,,,,,,,,,,,,,,,,,,,,,,,,,,,,,,,,,,,,
decision_alternatives,,,,,,,,,,,,,,,,,,,,,,DA852EC6E9,DEC0B7AF2B4,BANK_FINANCE,0.17,129478.28,186900.95,-0.08,0.38,,,,,,,,,,,,,,,,,,,,,,,,,,,,,,,,,,,,,,,,,,,,,,,,,,,,,,,,,,,,,,,,,
decision_alternatives,,,,,,,,,,,,,,,,,,,,,,DAA417B075,DEC0B7AF2B4,SUPPLIER_FINANCE,0.88,254705.53,67932.43,0.08,0.76,,,,,,,,,,,,,,,,,,,,,,,,,,,,,,,,,,,,,,,,,,,,,,,,,,,,,,,,,,,,,,,,,
decision_alternatives,,,,,,,,,,,,,,,,,,,,,,DACF247197,DEC0B7AF2B4,RETAIN_CASH,0.21,373750.13,162758.71,-0.22,0.45,,,,,,,,,,,,,,,,,,,,,,,,,,,,,,,,,,,,,,,,,,,,,,,,,,,,,,,,,,,,,,,,,
decision_alternatives,,,,,,,,,,,,,,,,,,,,,,DA1FACCDBA,DEC69DB571C,PAY_NOW,0.9,2743079.61,923528.88,0.1,0.16,,,,,,,,,,,,,,,,,,,,,,,,,,,,,,,,,,,,,,,,,,,,,,,,,,,,,,,,,,,,,,,,,
decision_alternatives,,,,,,,,,,,,,,,,,,,,,,DA5D7134D8,DEC69DB571C,PAY_AT_MATURITY,0.79,2340324.16,1441818.7,-0.27,0.85,,,,,,,,,,,,,,,,,,,,,,,,,,,,,,,,,,,,,,,,,,,,,,,,,,,,,,,,,,,,,,,,,
decision_alternatives,,,,,,,,,,,,,,,,,,,,,,DA2E1B835C,DEC69DB571C,DELAY_PAYMENT,0.54,1786817.53,269526.39,0.28,0.38,,,,,,,,,,,,,,,,,,,,,,,,,,,,,,,,,,,,,,,,,,,,,,,,,,,,,,,,,,,,,,,,,
decision_alternatives,,,,,,,,,,,,,,,,,,,,,,DAACB69B0D,DEC69DB571C,CAPTURE_DISCOUNT,0.56,2924130.56,1347538.32,-0.16,0.64,,,,,,,,,,,,,,,,,,,,,,,,,,,,,,,,,,,,,,,,,,,,,,,,,,,,,,,,,,,,,,,,,
decision_alternatives,,,,,,,,,,,,,,,,,,,,,,DA0EF7EA71,DEC69DB571C,BANK_FINANCE,0.15,3419286.02,1821078.42,0.05,0.67,,,,,,,,,,,,,,,,,,,,,,,,,,,,,,,,,,,,,,,,,,,,,,,,,,,,,,,,,,,,,,,,,
decision_alternatives,,,,,,,,,,,,,,,,,,,,,,DA4DADF200,DEC69DB571C,SUPPLIER_FINANCE,0.86,1345052.06,700754.33,-0.06,0.86,,,,,,,,,,,,,,,,,,,,,,,,,,,,,,,,,,,,,,,,,,,,,,,,,,,,,,,,,,,,,,,,,
decision_alternatives,,,,,,,,,,,,,,,,,,,,,,DA443E83C5,DEC69DB571C,RETAIN_CASH,0.55,2392313.59,1790765.69,0.03,0.54,,,,,,,,,,,,,,,,,,,,,,,,,,,,,,,,,,,,,,,,,,,,,,,,,,,,,,,,,,,,,,,,,
decision_alternatives,,,,,,,,,,,,,,,,,,,,,,DA6C24635C,DEC317C999C,PAY_NOW,0.52,550247.83,242885.99,-0.17,0.67,,,,,,,,,,,,,,,,,,,,,,,,,,,,,,,,,,,,,,,,,,,,,,,,,,,,,,,,,,,,,,,,,
decision_alternatives,,,,,,,,,,,,,,,,,,,,,,DA4A625ABF,DEC317C999C,PAY_AT_MATURITY,0.72,268715.41,263651.37,-0.18,0.44,,,,,,,,,,,,,,,,,,,,,,,,,,,,,,,,,,,,,,,,,,,,,,,,,,,,,,,,,,,,,,,,,
decision_alternatives,,,,,,,,,,,,,,,,,,,,,,DA755F0DFD,DEC317C999C,DELAY_PAYMENT,0.63,1524936.47,361141.13,0.11,0.42,,,,,,,,,,,,,,,,,,,,,,,,,,,,,,,,,,,,,,,,,,,,,,,,,,,,,,,,,,,,,,,,,
decision_alternatives,,,,,,,,,,,,,,,,,,,,,,DAED43CEC0,DEC317C999C,CAPTURE_DISCOUNT,0.89,1289738.17,356436.85,-0.28,0.79,,,,,,,,,,,,,,,,,,,,,,,,,,,,,,,,,,,,,,,,,,,,,,,,,,,,,,,,,,,,,,,,,
decision_alternatives,,,,,,,,,,,,,,,,,,,,,,DA71C1DE36,DEC317C999C,BANK_FINANCE,0.1,853493.79,134625.53,0.04,0.77,,,,,,,,,,,,,,,,,,,,,,,,,,,,,,,,,,,,,,,,,,,,,,,,,,,,,,,,,,,,,,,,,
decision_alternatives,,,,,,,,,,,,,,,,,,,,,,DA07F10FF3,DEC317C999C,SUPPLIER_FINANCE,0.16,956925.99,155310.1,-0.22,0.61,,,,,,,,,,,,,,,,,,,,,,,,,,,,,,,,,,,,,,,,,,,,,,,,,,,,,,,,,,,,,,,,,
decision_alternatives,,,,,,,,,,,,,,,,,,,,,,DA4B3E9A63,DEC317C999C,RETAIN_CASH,0.25,1096956.12,102772.69,0.3,0.61,,,,,,,,,,,,,,,,,,,,,,,,,,,,,,,,,,,,,,,,,,,,,,,,,,,,,,,,,,,,,,,,,
decision_alternatives,,,,,,,,,,,,,,,,,,,,,,DA46B776BF,DECEAE7B656,PAY_NOW,0.44,527791.45,379423.1,0.21,0.37,,,,,,,,,,,,,,,,,,,,,,,,,,,,,,,,,,,,,,,,,,,,,,,,,,,,,,,,,,,,,,,,,
decision_alternatives,,,,,,,,,,,,,,,,,,,,,,DA3F7E19B2,DECEAE7B656,PAY_AT_MATURITY,0.82,471902.63,997215.46,0.27,0.34,,,,,,,,,,,,,,,,,,,,,,,,,,,,,,,,,,,,,,,,,,,,,,,,,,,,,,,,,,,,,,,,,
decision_alternatives,,,,,,,,,,,,,,,,,,,,,,DA8E4E199B,DECEAE7B656,DELAY_PAYMENT,0.75,1030153.29,311387.52,-0.27,0.81,,,,,,,,,,,,,,,,,,,,,,,,,,,,,,,,,,,,,,,,,,,,,,,,,,,,,,,,,,,,,,,,,
decision_alternatives,,,,,,,,,,,,,,,,,,,,,,DACBAD1C9F,DECEAE7B656,CAPTURE_DISCOUNT,0.3,748618.05,415384.92,0.26,0.85,,,,,,,,,,,,,,,,,,,,,,,,,,,,,,,,,,,,,,,,,,,,,,,,,,,,,,,,,,,,,,,,,
decision_alternatives,,,,,,,,,,,,,,,,,,,,,,DA42348AE0,DECEAE7B656,BANK_FINANCE,0.68,1058766.41,168348.51,0.02,0.7,,,,,,,,,,,,,,,,,,,,,,,,,,,,,,,,,,,,,,,,,,,,,,,,,,,,,,,,,,,,,,,,,
decision_alternatives,,,,,,,,,,,,,,,,,,,,,,DA445FB169,DECEAE7B656,SUPPLIER_FINANCE,0.64,1664302.55,585627.47,0.16,0.4,,,,,,,,,,,,,,,,,,,,,,,,,,,,,,,,,,,,,,,,,,,,,,,,,,,,,,,,,,,,,,,,,
decision_alternatives,,,,,,,,,,,,,,,,,,,,,,DA9C77C012,DECEAE7B656,RETAIN_CASH,0.56,1646891.8,492446.54,0.02,0.51,,,,,,,,,,,,,,,,,,,,,,,,,,,,,,,,,,,,,,,,,,,,,,,,,,,,,,,,,,,,,,,,,
decision_alternatives,,,,,,,,,,,,,,,,,,,,,,DA53BB5630,DEC2990B0F1,PAY_NOW,0.82,2514538.21,2070870.32,0.28,0.78,,,,,,,,,,,,,,,,,,,,,,,,,,,,,,,,,,,,,,,,,,,,,,,,,,,,,,,,,,,,,,,,,
decision_alternatives,,,,,,,,,,,,,,,,,,,,,,DA26861D0A,DEC2990B0F1,PAY_AT_MATURITY,0.8,1406195.54,1624434.74,-0.04,0.62,,,,,,,,,,,,,,,,,,,,,,,,,,,,,,,,,,,,,,,,,,,,,,,,,,,,,,,,,,,,,,,,,
decision_alternatives,,,,,,,,,,,,,,,,,,,,,,DAD206AB1B,DEC2990B0F1,DELAY_PAYMENT,0.14,2749399.07,1196761.46,-0.12,0.55,,,,,,,,,,,,,,,,,,,,,,,,,,,,,,,,,,,,,,,,,,,,,,,,,,,,,,,,,,,,,,,,,
decision_alternatives,,,,,,,,,,,,,,,,,,,,,,DA7F5C8010,DEC2990B0F1,CAPTURE_DISCOUNT,0.14,1939485.34,1585687.72,-0.08,0.59,,,,,,,,,,,,,,,,,,,,,,,,,,,,,,,,,,,,,,,,,,,,,,,,,,,,,,,,,,,,,,,,,
decision_alternatives,,,,,,,,,,,,,,,,,,,,,,DAA5A97C1C,DEC2990B0F1,BANK_FINANCE,0.84,2283135.15,533087.82,0.02,0.71,,,,,,,,,,,,,,,,,,,,,,,,,,,,,,,,,,,,,,,,,,,,,,,,,,,,,,,,,,,,,,,,,
decision_alternatives,,,,,,,,,,,,,,,,,,,,,,DA0E7B1B53,DEC2990B0F1,SUPPLIER_FINANCE,0.45,1350908.84,1575158.4,0.13,0.81,,,,,,,,,,,,,,,,,,,,,,,,,,,,,,,,,,,,,,,,,,,,,,,,,,,,,,,,,,,,,,,,,
decision_alternatives,,,,,,,,,,,,,,,,,,,,,,DA118D7338,DEC2990B0F1,RETAIN_CASH,0.69,1874540.08,1637261.18,0.09,0.73,,,,,,,,,,,,,,,,,,,,,,,,,,,,,,,,,,,,,,,,,,,,,,,,,,,,,,,,,,,,,,,,,
decision_alternatives,,,,,,,,,,,,,,,,,,,,,,DA7F58ADB7,DECAF637E93,PAY_NOW,0.21,883586.88,625846.48,0.01,0.57,,,,,,,,,,,,,,,,,,,,,,,,,,,,,,,,,,,,,,,,,,,,,,,,,,,,,,,,,,,,,,,,,
decision_alternatives,,,,,,,,,,,,,,,,,,,,,,DAC1BC2663,DECAF637E93,PAY_AT_MATURITY,0.76,1515935.45,155592.5,-0.09,0.24,,,,,,,,,,,,,,,,,,,,,,,,,,,,,,,,,,,,,,,,,,,,,,,,,,,,,,,,,,,,,,,,,
decision_alternatives,,,,,,,,,,,,,,,,,,,,,,DA11CA3F54,DECAF637E93,DELAY_PAYMENT,0.83,438025.27,527035.43,-0.12,0.32,,,,,,,,,,,,,,,,,,,,,,,,,,,,,,,,,,,,,,,,,,,,,,,,,,,,,,,,,,,,,,,,,
decision_alternatives,,,,,,,,,,,,,,,,,,,,,,DABE9D2284,DECAF637E93,CAPTURE_DISCOUNT,0.65,1270236.26,521407.07,0.21,0.67,,,,,,,,,,,,,,,,,,,,,,,,,,,,,,,,,,,,,,,,,,,,,,,,,,,,,,,,,,,,,,,,,
decision_alternatives,,,,,,,,,,,,,,,,,,,,,,DAD2B0CC2C,DECAF637E93,BANK_FINANCE,0.76,234104.1,781906.49,0.17,0.49,,,,,,,,,,,,,,,,,,,,,,,,,,,,,,,,,,,,,,,,,,,,,,,,,,,,,,,,,,,,,,,,,
decision_alternatives,,,,,,,,,,,,,,,,,,,,,,DA32E27E84,DECAF637E93,SUPPLIER_FINANCE,0.41,667597.99,823116.06,-0.19,0.41,,,,,,,,,,,,,,,,,,,,,,,,,,,,,,,,,,,,,,,,,,,,,,,,,,,,,,,,,,,,,,,,,
decision_alternatives,,,,,,,,,,,,,,,,,,,,,,DA21D98344,DECAF637E93,RETAIN_CASH,0.64,402574.44,638700.8,-0.17,0.71,,,,,,,,,,,,,,,,,,,,,,,,,,,,,,,,,,,,,,,,,,,,,,,,,,,,,,,,,,,,,,,,,
decision_alternatives,,,,,,,,,,,,,,,,,,,,,,DA9AFF6F0C,DEC4321C084,PAY_NOW,0.9,1134727.01,769070.76,0.1,0.6,,,,,,,,,,,,,,,,,,,,,,,,,,,,,,,,,,,,,,,,,,,,,,,,,,,,,,,,,,,,,,,,,
decision_alternatives,,,,,,,,,,,,,,,,,,,,,,DA93DCD0DC,DEC4321C084,PAY_AT_MATURITY,0.51,1224989.34,142478.55,-0.06,0.6,,,,,,,,,,,,,,,,,,,,,,,,,,,,,,,,,,,,,,,,,,,,,,,,,,,,,,,,,,,,,,,,,
decision_alternatives,,,,,,,,,,,,,,,,,,,,,,DA08858501,DEC4321C084,DELAY_PAYMENT,0.57,254853.41,264931.23,-0.02,0.47,,,,,,,,,,,,,,,,,,,,,,,,,,,,,,,,,,,,,,,,,,,,,,,,,,,,,,,,,,,,,,,,,
decision_alternatives,,,,,,,,,,,,,,,,,,,,,,DA62456948,DEC4321C084,CAPTURE_DISCOUNT,0.19,263016.48,307940.86,0.22,0.83,,,,,,,,,,,,,,,,,,,,,,,,,,,,,,,,,,,,,,,,,,,,,,,,,,,,,,,,,,,,,,,,,
decision_alternatives,,,,,,,,,,,,,,,,,,,,,,DAD3A23A30,DEC4321C084,BANK_FINANCE,0.87,409572.04,304824.15,0.03,0.9,,,,,,,,,,,,,,,,,,,,,,,,,,,,,,,,,,,,,,,,,,,,,,,,,,,,,,,,,,,,,,,,,
decision_alternatives,,,,,,,,,,,,,,,,,,,,,,DA11874261,DEC4321C084,SUPPLIER_FINANCE,0.51,882018.65,181906.28,0.0,0.71,,,,,,,,,,,,,,,,,,,,,,,,,,,,,,,,,,,,,,,,,,,,,,,,,,,,,,,,,,,,,,,,,
decision_alternatives,,,,,,,,,,,,,,,,,,,,,,DA29DECFF5,DEC4321C084,RETAIN_CASH,0.87,524239.56,736633.75,-0.18,0.31,,,,,,,,,,,,,,,,,,,,,,,,,,,,,,,,,,,,,,,,,,,,,,,,,,,,,,,,,,,,,,,,,
decision_alternatives,,,,,,,,,,,,,,,,,,,,,,DA92F1EA71,DECAF0CE59C,PAY_NOW,0.91,305691.14,98019.84,-0.02,0.65,,,,,,,,,,,,,,,,,,,,,,,,,,,,,,,,,,,,,,,,,,,,,,,,,,,,,,,,,,,,,,,,,
decision_alternatives,,,,,,,,,,,,,,,,,,,,,,DA813DADDD,DECAF0CE59C,PAY_AT_MATURITY,0.85,276263.13,310253.54,0.13,0.45,,,,,,,,,,,,,,,,,,,,,,,,,,,,,,,,,,,,,,,,,,,,,,,,,,,,,,,,,,,,,,,,,
decision_alternatives,,,,,,,,,,,,,,,,,,,,,,DADE548E12,DECAF0CE59C,DELAY_PAYMENT,0.83,595488.79,104555.91,0.02,0.7,,,,,,,,,,,,,,,,,,,,,,,,,,,,,,,,,,,,,,,,,,,,,,,,,,,,,,,,,,,,,,,,,
decision_alternatives,,,,,,,,,,,,,,,,,,,,,,DA39E3E3B9,DECAF0CE59C,CAPTURE_DISCOUNT,0.73,704320.16,70037.95,-0.28,0.77,,,,,,,,,,,,,,,,,,,,,,,,,,,,,,,,,,,,,,,,,,,,,,,,,,,,,,,,,,,,,,,,,
decision_alternatives,,,,,,,,,,,,,,,,,,,,,,DA31CD1C34,DECAF0CE59C,BANK_FINANCE,0.57,861468.19,152830.32,0.23,0.88,,,,,,,,,,,,,,,,,,,,,,,,,,,,,,,,,,,,,,,,,,,,,,,,,,,,,,,,,,,,,,,,,
decision_alternatives,,,,,,,,,,,,,,,,,,,,,,DA1735740F,DECAF0CE59C,SUPPLIER_FINANCE,0.65,271913.2,445257.57,0.07,0.54,,,,,,,,,,,,,,,,,,,,,,,,,,,,,,,,,,,,,,,,,,,,,,,,,,,,,,,,,,,,,,,,,
decision_alternatives,,,,,,,,,,,,,,,,,,,,,,DA4BA2A805,DECAF0CE59C,RETAIN_CASH,0.71,405046.83,481743.82,0.05,0.46,,,,,,,,,,,,,,,,,,,,,,,,,,,,,,,,,,,,,,,,,,,,,,,,,,,,,,,,,,,,,,,,,
decision_alternatives,,,,,,,,,,,,,,,,,,,,,,DAF5A34D70,DEC8636377E,PAY_NOW,0.89,1932789.13,468783.6,0.0,0.4,,,,,,,,,,,,,,,,,,,,,,,,,,,,,,,,,,,,,,,,,,,,,,,,,,,,,,,,,,,,,,,,,
decision_alternatives,,,,,,,,,,,,,,,,,,,,,,DA0F4178CB,DEC8636377E,PAY_AT_MATURITY,0.39,2039868.88,831814.1,0.19,0.74,,,,,,,,,,,,,,,,,,,,,,,,,,,,,,,,,,,,,,,,,,,,,,,,,,,,,,,,,,,,,,,,,
decision_alternatives,,,,,,,,,,,,,,,,,,,,,,DABE877A3C,DEC8636377E,DELAY_PAYMENT,0.87,3453455.92,1764701.69,-0.23,0.22,,,,,,,,,,,,,,,,,,,,,,,,,,,,,,,,,,,,,,,,,,,,,,,,,,,,,,,,,,,,,,,,,
decision_alternatives,,,,,,,,,,,,,,,,,,,,,,DA55F36180,DEC8636377E,CAPTURE_DISCOUNT,0.6,1424601.61,1993411.5,0.05,0.74,,,,,,,,,,,,,,,,,,,,,,,,,,,,,,,,,,,,,,,,,,,,,,,,,,,,,,,,,,,,,,,,,
decision_alternatives,,,,,,,,,,,,,,,,,,,,,,DAB7A6C595,DEC8636377E,BANK_FINANCE,0.82,2256425.39,646201.58,-0.21,0.19,,,,,,,,,,,,,,,,,,,,,,,,,,,,,,,,,,,,,,,,,,,,,,,,,,,,,,,,,,,,,,,,,
decision_alternatives,,,,,,,,,,,,,,,,,,,,,,DA350048C1,DEC8636377E,SUPPLIER_FINANCE,0.41,2241288.79,510926.52,-0.12,0.52,,,,,,,,,,,,,,,,,,,,,,,,,,,,,,,,,,,,,,,,,,,,,,,,,,,,,,,,,,,,,,,,,
decision_alternatives,,,,,,,,,,,,,,,,,,,,,,DAD4C34D78,DEC8636377E,RETAIN_CASH,0.47,1572349.28,1105597.82,-0.03,0.12,,,,,,,,,,,,,,,,,,,,,,,,,,,,,,,,,,,,,,,,,,,,,,,,,,,,,,,,,,,,,,,,,
decision_alternatives,,,,,,,,,,,,,,,,,,,,,,DA30D5D12C,DEC0CC3BE30,PAY_NOW,0.91,3682568.81,783015.12,-0.08,0.11,,,,,,,,,,,,,,,,,,,,,,,,,,,,,,,,,,,,,,,,,,,,,,,,,,,,,,,,,,,,,,,,,
decision_alternatives,,,,,,,,,,,,,,,,,,,,,,DA465A2F6C,DEC0CC3BE30,PAY_AT_MATURITY,0.32,1356023.25,729400.89,0.07,0.16,,,,,,,,,,,,,,,,,,,,,,,,,,,,,,,,,,,,,,,,,,,,,,,,,,,,,,,,,,,,,,,,,
decision_alternatives,,,,,,,,,,,,,,,,,,,,,,DA20C58A8B,DEC0CC3BE30,DELAY_PAYMENT,0.83,1413369.05,1965671.59,-0.07,0.3,,,,,,,,,,,,,,,,,,,,,,,,,,,,,,,,,,,,,,,,,,,,,,,,,,,,,,,,,,,,,,,,,
decision_alternatives,,,,,,,,,,,,,,,,,,,,,,DA5F3AECFA,DEC0CC3BE30,CAPTURE_DISCOUNT,0.46,3744397.55,693399.09,0.13,0.74,,,,,,,,,,,,,,,,,,,,,,,,,,,,,,,,,,,,,,,,,,,,,,,,,,,,,,,,,,,,,,,,,
decision_alternatives,,,,,,,,,,,,,,,,,,,,,,DA3B139447,DEC0CC3BE30,BANK_FINANCE,0.36,1875718.61,1413946.74,0.01,0.51,,,,,,,,,,,,,,,,,,,,,,,,,,,,,,,,,,,,,,,,,,,,,,,,,,,,,,,,,,,,,,,,,
decision_alternatives,,,,,,,,,,,,,,,,,,,,,,DA251DA877,DEC0CC3BE30,SUPPLIER_FINANCE,0.88,3535611.97,1697200.4,0.05,0.56,,,,,,,,,,,,,,,,,,,,,,,,,,,,,,,,,,,,,,,,,,,,,,,,,,,,,,,,,,,,,,,,,
decision_alternatives,,,,,,,,,,,,,,,,,,,,,,DA288D1E60,DEC0CC3BE30,RETAIN_CASH,0.88,3699615.64,1217667.75,-0.13,0.28,,,,,,,,,,,,,,,,,,,,,,,,,,,,,,,,,,,,,,,,,,,,,,,,,,,,,,,,,,,,,,,,,
decision_alternatives,,,,,,,,,,,,,,,,,,,,,,DACB34E169,DEC9B9B4978,PAY_NOW,0.92,1177832.55,2051325.69,-0.24,0.83,,,,,,,,,,,,,,,,,,,,,,,,,,,,,,,,,,,,,,,,,,,,,,,,,,,,,,,,,,,,,,,,,
decision_alternatives,,,,,,,,,,,,,,,,,,,,,,DA0AB719D8,DEC9B9B4978,PAY_AT_MATURITY,0.6,4024852.91,1253610.02,-0.19,0.42,,,,,,,,,,,,,,,,,,,,,,,,,,,,,,,,,,,,,,,,,,,,,,,,,,,,,,,,,,,,,,,,,
decision_alternatives,,,,,,,,,,,,,,,,,,,,,,DAD835F4A6,DEC9B9B4978,DELAY_PAYMENT,0.84,3979423.12,805080.06,-0.05,0.16,,,,,,,,,,,,,,,,,,,,,,,,,,,,,,,,,,,,,,,,,,,,,,,,,,,,,,,,,,,,,,,,,
decision_alternatives,,,,,,,,,,,,,,,,,,,,,,DA3A3AEC37,DEC9B9B4978,CAPTURE_DISCOUNT,0.25,4333044.6,2172528.91,0.19,0.3,,,,,,,,,,,,,,,,,,,,,,,,,,,,,,,,,,,,,,,,,,,,,,,,,,,,,,,,,,,,,,,,,
decision_alternatives,,,,,,,,,,,,,,,,,,,,,,DA15ACAB48,DEC9B9B4978,BANK_FINANCE,0.49,732397.6,1369920.2,0.19,0.49,,,,,,,,,,,,,,,,,,,,,,,,,,,,,,,,,,,,,,,,,,,,,,,,,,,,,,,,,,,,,,,,,
decision_alternatives,,,,,,,,,,,,,,,,,,,,,,DAE373848E,DEC9B9B4978,SUPPLIER_FINANCE,0.82,3969975.31,1614388.56,0.14,0.74,,,,,,,,,,,,,,,,,,,,,,,,,,,,,,,,,,,,,,,,,,,,,,,,,,,,,,,,,,,,,,,,,
decision_alternatives,,,,,,,,,,,,,,,,,,,,,,DA8EB162DE,DEC9B9B4978,RETAIN_CASH,0.21,3197662.2,1301632.8,-0.3,0.74,,,,,,,,,,,,,,,,,,,,,,,,,,,,,,,,,,,,,,,,,,,,,,,,,,,,,,,,,,,,,,,,,
decision_alternatives,,,,,,,,,,,,,,,,,,,,,,DAFD2A64FD,DECE331C7EF,PAY_NOW,0.93,448326.46,598411.35,-0.25,0.34,,,,,,,,,,,,,,,,,,,,,,,,,,,,,,,,,,,,,,,,,,,,,,,,,,,,,,,,,,,,,,,,,
decision_alternatives,,,,,,,,,,,,,,,,,,,,,,DA56D81754,DECE331C7EF,PAY_AT_MATURITY,0.25,350698.09,615676.89,-0.1,0.12,,,,,,,,,,,,,,,,,,,,,,,,,,,,,,,,,,,,,,,,,,,,,,,,,,,,,,,,,,,,,,,,,
decision_alternatives,,,,,,,,,,,,,,,,,,,,,,DA42266803,DECE331C7EF,DELAY_PAYMENT,0.19,462580.92,275451.1,-0.24,0.84,,,,,,,,,,,,,,,,,,,,,,,,,,,,,,,,,,,,,,,,,,,,,,,,,,,,,,,,,,,,,,,,,
decision_alternatives,,,,,,,,,,,,,,,,,,,,,,DA0D04970A,DECE331C7EF,CAPTURE_DISCOUNT,0.7,1122117.87,355988.73,0.28,0.28,,,,,,,,,,,,,,,,,,,,,,,,,,,,,,,,,,,,,,,,,,,,,,,,,,,,,,,,,,,,,,,,,
decision_alternatives,,,,,,,,,,,,,,,,,,,,,,DADB7E4004,DECE331C7EF,BANK_FINANCE,0.56,1300764.53,516149.41,-0.19,0.54,,,,,,,,,,,,,,,,,,,,,,,,,,,,,,,,,,,,,,,,,,,,,,,,,,,,,,,,,,,,,,,,,
decision_alternatives,,,,,,,,,,,,,,,,,,,,,,DADC870790,DECE331C7EF,SUPPLIER_FINANCE,0.4,885031.0,104622.66,0.05,0.87,,,,,,,,,,,,,,,,,,,,,,,,,,,,,,,,,,,,,,,,,,,,,,,,,,,,,,,,,,,,,,,,,
decision_alternatives,,,,,,,,,,,,,,,,,,,,,,DAFFBB4F94,DECE331C7EF,RETAIN_CASH,0.8,1280221.9,572974.46,0.27,0.56,,,,,,,,,,,,,,,,,,,,,,,,,,,,,,,,,,,,,,,,,,,,,,,,,,,,,,,,,,,,,,,,,
decision_alternatives,,,,,,,,,,,,,,,,,,,,,,DA68222D3F,DECA73D8B1B,PAY_NOW,0.81,3323514.2,694617.68,0.3,0.26,,,,,,,,,,,,,,,,,,,,,,,,,,,,,,,,,,,,,,,,,,,,,,,,,,,,,,,,,,,,,,,,,
decision_alternatives,,,,,,,,,,,,,,,,,,,,,,DAE4F726F6,DECA73D8B1B,PAY_AT_MATURITY,0.26,553019.69,1004000.18,-0.19,0.43,,,,,,,,,,,,,,,,,,,,,,,,,,,,,,,,,,,,,,,,,,,,,,,,,,,,,,,,,,,,,,,,,
decision_alternatives,,,,,,,,,,,,,,,,,,,,,,DA0E325034,DECA73D8B1B,DELAY_PAYMENT,0.19,3536316.32,1523893.93,0.22,0.56,,,,,,,,,,,,,,,,,,,,,,,,,,,,,,,,,,,,,,,,,,,,,,,,,,,,,,,,,,,,,,,,,
decision_alternatives,,,,,,,,,,,,,,,,,,,,,,DAA8F6EB1D,DECA73D8B1B,CAPTURE_DISCOUNT,0.74,3594438.45,1999729.44,0.25,0.4,,,,,,,,,,,,,,,,,,,,,,,,,,,,,,,,,,,,,,,,,,,,,,,,,,,,,,,,,,,,,,,,,
decision_alternatives,,,,,,,,,,,,,,,,,,,,,,DA09E2E66B,DECA73D8B1B,BANK_FINANCE,0.8,557220.84,877933.16,-0.16,0.43,,,,,,,,,,,,,,,,,,,,,,,,,,,,,,,,,,,,,,,,,,,,,,,,,,,,,,,,,,,,,,,,,
decision_alternatives,,,,,,,,,,,,,,,,,,,,,,DAEB43473C,DECA73D8B1B,SUPPLIER_FINANCE,0.2,1473574.35,598913.17,-0.28,0.68,,,,,,,,,,,,,,,,,,,,,,,,,,,,,,,,,,,,,,,,,,,,,,,,,,,,,,,,,,,,,,,,,
decision_alternatives,,,,,,,,,,,,,,,,,,,,,,DA042FDD2E,DECA73D8B1B,RETAIN_CASH,0.58,1279296.9,1091252.18,0.05,0.22,,,,,,,,,,,,,,,,,,,,,,,,,,,,,,,,,,,,,,,,,,,,,,,,,,,,,,,,,,,,,,,,,
decision_alternatives,,,,,,,,,,,,,,,,,,,,,,DA6C7AB94E,DEC907A3FC7,PAY_NOW,0.92,1787757.45,2038396.43,-0.15,0.19,,,,,,,,,,,,,,,,,,,,,,,,,,,,,,,,,,,,,,,,,,,,,,,,,,,,,,,,,,,,,,,,,
decision_alternatives,,,,,,,,,,,,,,,,,,,,,,DA5FE77A8C,DEC907A3FC7,PAY_AT_MATURITY,0.14,572242.35,967466.9,0.01,0.75,,,,,,,,,,,,,,,,,,,,,,,,,,,,,,,,,,,,,,,,,,,,,,,,,,,,,,,,,,,,,,,,,
decision_alternatives,,,,,,,,,,,,,,,,,,,,,,DA3C422121,DEC907A3FC7,DELAY_PAYMENT,0.2,4174367.57,615959.59,0.06,0.16,,,,,,,,,,,,,,,,,,,,,,,,,,,,,,,,,,,,,,,,,,,,,,,,,,,,,,,,,,,,,,,,,
decision_alternatives,,,,,,,,,,,,,,,,,,,,,,DA57E02490,DEC907A3FC7,CAPTURE_DISCOUNT,0.22,1995525.25,1485972.7,0.16,0.2,,,,,,,,,,,,,,,,,,,,,,,,,,,,,,,,,,,,,,,,,,,,,,,,,,,,,,,,,,,,,,,,,
decision_alternatives,,,,,,,,,,,,,,,,,,,,,,DAFD2FA39D,DEC907A3FC7,BANK_FINANCE,0.4,2686750.13,1744789.62,0.28,0.64,,,,,,,,,,,,,,,,,,,,,,,,,,,,,,,,,,,,,,,,,,,,,,,,,,,,,,,,,,,,,,,,,
decision_alternatives,,,,,,,,,,,,,,,,,,,,,,DAA3323D71,DEC907A3FC7,SUPPLIER_FINANCE,0.3,1974452.41,1959758.28,-0.11,0.36,,,,,,,,,,,,,,,,,,,,,,,,,,,,,,,,,,,,,,,,,,,,,,,,,,,,,,,,,,,,,,,,,
decision_alternatives,,,,,,,,,,,,,,,,,,,,,,DA84321E50,DEC907A3FC7,RETAIN_CASH,0.82,4396654.72,2214134.56,0.2,0.18,,,,,,,,,,,,,,,,,,,,,,,,,,,,,,,,,,,,,,,,,,,,,,,,,,,,,,,,,,,,,,,,,
decision_alternatives,,,,,,,,,,,,,,,,,,,,,,DA7452623D,DECC033E377,PAY_NOW,0.81,1405638.8,816012.49,0.29,0.12,,,,,,,,,,,,,,,,,,,,,,,,,,,,,,,,,,,,,,,,,,,,,,,,,,,,,,,,,,,,,,,,,
decision_alternatives,,,,,,,,,,,,,,,,,,,,,,DA3B2626B0,DECC033E377,PAY_AT_MATURITY,0.62,814392.1,692696.37,0.15,0.29,,,,,,,,,,,,,,,,,,,,,,,,,,,,,,,,,,,,,,,,,,,,,,,,,,,,,,,,,,,,,,,,,
decision_alternatives,,,,,,,,,,,,,,,,,,,,,,DA6E3EE217,DECC033E377,DELAY_PAYMENT,0.65,1400242.65,243379.04,0.17,0.3,,,,,,,,,,,,,,,,,,,,,,,,,,,,,,,,,,,,,,,,,,,,,,,,,,,,,,,,,,,,,,,,,
decision_alternatives,,,,,,,,,,,,,,,,,,,,,,DA8BE43E0C,DECC033E377,CAPTURE_DISCOUNT,0.16,1005979.84,229637.32,-0.26,0.37,,,,,,,,,,,,,,,,,,,,,,,,,,,,,,,,,,,,,,,,,,,,,,,,,,,,,,,,,,,,,,,,,
decision_alternatives,,,,,,,,,,,,,,,,,,,,,,DA24225967,DECC033E377,BANK_FINANCE,0.17,2065155.04,450779.63,-0.02,0.5,,,,,,,,,,,,,,,,,,,,,,,,,,,,,,,,,,,,,,,,,,,,,,,,,,,,,,,,,,,,,,,,,
decision_alternatives,,,,,,,,,,,,,,,,,,,,,,DAA9F3DA80,DECC033E377,SUPPLIER_FINANCE,0.63,1607636.57,924665.3,-0.04,0.82,,,,,,,,,,,,,,,,,,,,,,,,,,,,,,,,,,,,,,,,,,,,,,,,,,,,,,,,,,,,,,,,,
decision_alternatives,,,,,,,,,,,,,,,,,,,,,,DA30F9EDC1,DECC033E377,RETAIN_CASH,0.6,1416409.09,1034572.24,0.0,0.18,,,,,,,,,,,,,,,,,,,,,,,,,,,,,,,,,,,,,,,,,,,,,,,,,,,,,,,,,,,,,,,,,
decision_alternatives,,,,,,,,,,,,,,,,,,,,,,DAE1F725F6,DEC18ABA2AB,PAY_NOW,0.89,601039.41,293449.46,-0.15,0.8,,,,,,,,,,,,,,,,,,,,,,,,,,,,,,,,,,,,,,,,,,,,,,,,,,,,,,,,,,,,,,,,,
decision_alternatives,,,,,,,,,,,,,,,,,,,,,,DA188CA9D4,DEC18ABA2AB,PAY_AT_MATURITY,0.24,1192380.25,148663.96,-0.08,0.24,,,,,,,,,,,,,,,,,,,,,,,,,,,,,,,,,,,,,,,,,,,,,,,,,,,,,,,,,,,,,,,,,
decision_alternatives,,,,,,,,,,,,,,,,,,,,,,DAAF6B539E,DEC18ABA2AB,DELAY_PAYMENT,0.24,996604.06,167214.74,0.21,0.26,,,,,,,,,,,,,,,,,,,,,,,,,,,,,,,,,,,,,,,,,,,,,,,,,,,,,,,,,,,,,,,,,
decision_alternatives,,,,,,,,,,,,,,,,,,,,,,DA42861DA0,DEC18ABA2AB,CAPTURE_DISCOUNT,0.15,1224852.81,127717.77,-0.1,0.18,,,,,,,,,,,,,,,,,,,,,,,,,,,,,,,,,,,,,,,,,,,,,,,,,,,,,,,,,,,,,,,,,
decision_alternatives,,,,,,,,,,,,,,,,,,,,,,DAA4FE4687,DEC18ABA2AB,BANK_FINANCE,0.88,255748.57,340686.01,0.08,0.45,,,,,,,,,,,,,,,,,,,,,,,,,,,,,,,,,,,,,,,,,,,,,,,,,,,,,,,,,,,,,,,,,
decision_alternatives,,,,,,,,,,,,,,,,,,,,,,DA5E660FB8,DEC18ABA2AB,SUPPLIER_FINANCE,0.4,766147.07,280625.88,0.13,0.21,,,,,,,,,,,,,,,,,,,,,,,,,,,,,,,,,,,,,,,,,,,,,,,,,,,,,,,,,,,,,,,,,
decision_alternatives,,,,,,,,,,,,,,,,,,,,,,DADF4B312D,DEC18ABA2AB,RETAIN_CASH,0.35,1573524.21,500022.01,0.02,0.23,,,,,,,,,,,,,,,,,,,,,,,,,,,,,,,,,,,,,,,,,,,,,,,,,,,,,,,,,,,,,,,,,
decision_alternatives,,,,,,,,,,,,,,,,,,,,,,DA848CD15E,DEC7D2FD67C,PAY_NOW,0.87,609637.92,313220.55,-0.04,0.64,,,,,,,,,,,,,,,,,,,,,,,,,,,,,,,,,,,,,,,,,,,,,,,,,,,,,,,,,,,,,,,,,
decision_alternatives,,,,,,,,,,,,,,,,,,,,,,DAD0BCA9F8,DEC7D2FD67C,PAY_AT_MATURITY,0.34,579994.01,346248.4,0.12,0.53,,,,,,,,,,,,,,,,,,,,,,,,,,,,,,,,,,,,,,,,,,,,,,,,,,,,,,,,,,,,,,,,,
decision_alternatives,,,,,,,,,,,,,,,,,,,,,,DAF7071379,DEC7D2FD67C,DELAY_PAYMENT,0.86,785557.79,278334.24,-0.24,0.13,,,,,,,,,,,,,,,,,,,,,,,,,,,,,,,,,,,,,,,,,,,,,,,,,,,,,,,,,,,,,,,,,
decision_alternatives,,,,,,,,,,,,,,,,,,,,,,DA33BA40FF,DEC7D2FD67C,CAPTURE_DISCOUNT,0.35,560373.91,197448.26,0.13,0.83,,,,,,,,,,,,,,,,,,,,,,,,,,,,,,,,,,,,,,,,,,,,,,,,,,,,,,,,,,,,,,,,,
decision_alternatives,,,,,,,,,,,,,,,,,,,,,,DA4ED930B0,DEC7D2FD67C,BANK_FINANCE,0.51,825580.86,233078.86,0.19,0.59,,,,,,,,,,,,,,,,,,,,,,,,,,,,,,,,,,,,,,,,,,,,,,,,,,,,,,,,,,,,,,,,,
decision_alternatives,,,,,,,,,,,,,,,,,,,,,,DABCD3A029,DEC7D2FD67C,SUPPLIER_FINANCE,0.16,747487.49,386981.93,0.2,0.32,,,,,,,,,,,,,,,,,,,,,,,,,,,,,,,,,,,,,,,,,,,,,,,,,,,,,,,,,,,,,,,,,
decision_alternatives,,,,,,,,,,,,,,,,,,,,,,DA8F0EADE7,DEC7D2FD67C,RETAIN_CASH,0.87,511610.72,243986.16,0.04,0.8,,,,,,,,,,,,,,,,,,,,,,,,,,,,,,,,,,,,,,,,,,,,,,,,,,,,,,,,,,,,,,,,,
decision_alternatives,,,,,,,,,,,,,,,,,,,,,,DA33ACEC8E,DEC384CCBFD,PAY_NOW,0.81,2227019.11,1202027.5,0.15,0.65,,,,,,,,,,,,,,,,,,,,,,,,,,,,,,,,,,,,,,,,,,,,,,,,,,,,,,,,,,,,,,,,,
decision_alternatives,,,,,,,,,,,,,,,,,,,,,,DAAECB5AAD,DEC384CCBFD,PAY_AT_MATURITY,0.14,1001099.12,1138274.44,-0.12,0.63,,,,,,,,,,,,,,,,,,,,,,,,,,,,,,,,,,,,,,,,,,,,,,,,,,,,,,,,,,,,,,,,,
decision_alternatives,,,,,,,,,,,,,,,,,,,,,,DAAEB7FC7F,DEC384CCBFD,DELAY_PAYMENT,0.22,2688355.27,804766.21,-0.07,0.34,,,,,,,,,,,,,,,,,,,,,,,,,,,,,,,,,,,,,,,,,,,,,,,,,,,,,,,,,,,,,,,,,
decision_alternatives,,,,,,,,,,,,,,,,,,,,,,DA24FFE631,DEC384CCBFD,CAPTURE_DISCOUNT,0.4,1929118.66,288254.28,0.28,0.59,,,,,,,,,,,,,,,,,,,,,,,,,,,,,,,,,,,,,,,,,,,,,,,,,,,,,,,,,,,,,,,,,
decision_alternatives,,,,,,,,,,,,,,,,,,,,,,DA584F231A,DEC384CCBFD,BANK_FINANCE,0.55,1730435.0,1142987.77,0.18,0.14,,,,,,,,,,,,,,,,,,,,,,,,,,,,,,,,,,,,,,,,,,,,,,,,,,,,,,,,,,,,,,,,,
decision_alternatives,,,,,,,,,,,,,,,,,,,,,,DA669E94FD,DEC384CCBFD,SUPPLIER_FINANCE,0.32,1286443.45,1674691.65,-0.18,0.45,,,,,,,,,,,,,,,,,,,,,,,,,,,,,,,,,,,,,,,,,,,,,,,,,,,,,,,,,,,,,,,,,
decision_alternatives,,,,,,,,,,,,,,,,,,,,,,DACE9D645A,DEC384CCBFD,RETAIN_CASH,0.28,2861276.05,465496.12,-0.21,0.2,,,,,,,,,,,,,,,,,,,,,,,,,,,,,,,,,,,,,,,,,,,,,,,,,,,,,,,,,,,,,,,,,
decision_alternatives,,,,,,,,,,,,,,,,,,,,,,DA97F8DCA6,DEC4EDD8622,PAY_NOW,0.9,1107155.93,1484867.12,-0.07,0.72,,,,,,,,,,,,,,,,,,,,,,,,,,,,,,,,,,,,,,,,,,,,,,,,,,,,,,,,,,,,,,,,,
decision_alternatives,,,,,,,,,,,,,,,,,,,,,,DA3D8DB7E5,DEC4EDD8622,PAY_AT_MATURITY,0.17,715310.24,1791231.19,-0.27,0.71,,,,,,,,,,,,,,,,,,,,,,,,,,,,,,,,,,,,,,,,,,,,,,,,,,,,,,,,,,,,,,,,,
decision_alternatives,,,,,,,,,,,,,,,,,,,,,,DA63C23A9B,DEC4EDD8622,DELAY_PAYMENT,0.18,1630908.87,469016.89,-0.05,0.85,,,,,,,,,,,,,,,,,,,,,,,,,,,,,,,,,,,,,,,,,,,,,,,,,,,,,,,,,,,,,,,,,
decision_alternatives,,,,,,,,,,,,,,,,,,,,,,DA4A032E91,DEC4EDD8622,CAPTURE_DISCOUNT,0.85,2647234.51,1261487.12,-0.12,0.9,,,,,,,,,,,,,,,,,,,,,,,,,,,,,,,,,,,,,,,,,,,,,,,,,,,,,,,,,,,,,,,,,
decision_alternatives,,,,,,,,,,,,,,,,,,,,,,DAB3C6E3B8,DEC4EDD8622,BANK_FINANCE,0.23,3379652.34,838153.41,0.01,0.67,,,,,,,,,,,,,,,,,,,,,,,,,,,,,,,,,,,,,,,,,,,,,,,,,,,,,,,,,,,,,,,,,
decision_alternatives,,,,,,,,,,,,,,,,,,,,,,DAFD4754AB,DEC4EDD8622,SUPPLIER_FINANCE,0.6,4011669.11,1400480.1,0.13,0.41,,,,,,,,,,,,,,,,,,,,,,,,,,,,,,,,,,,,,,,,,,,,,,,,,,,,,,,,,,,,,,,,,
decision_alternatives,,,,,,,,,,,,,,,,,,,,,,DA2113ABAC,DEC4EDD8622,RETAIN_CASH,0.62,2432489.4,1709400.76,0.05,0.34,,,,,,,,,,,,,,,,,,,,,,,,,,,,,,,,,,,,,,,,,,,,,,,,,,,,,,,,,,,,,,,,,
decision_alternatives,,,,,,,,,,,,,,,,,,,,,,DA14D46B49,DECB02EA059,PAY_NOW,0.83,3521430.81,961264.03,0.1,0.71,,,,,,,,,,,,,,,,,,,,,,,,,,,,,,,,,,,,,,,,,,,,,,,,,,,,,,,,,,,,,,,,,
decision_alternatives,,,,,,,,,,,,,,,,,,,,,,DA53B7EF1C,DECB02EA059,PAY_AT_MATURITY,0.53,1120443.64,1389795.39,0.23,0.33,,,,,,,,,,,,,,,,,,,,,,,,,,,,,,,,,,,,,,,,,,,,,,,,,,,,,,,,,,,,,,,,,
decision_alternatives,,,,,,,,,,,,,,,,,,,,,,DA6D27A426,DECB02EA059,DELAY_PAYMENT,0.29,2966288.6,1827055.01,-0.23,0.25,,,,,,,,,,,,,,,,,,,,,,,,,,,,,,,,,,,,,,,,,,,,,,,,,,,,,,,,,,,,,,,,,
decision_alternatives,,,,,,,,,,,,,,,,,,,,,,DA53C502AC,DECB02EA059,CAPTURE_DISCOUNT,0.7,656289.02,1407007.11,-0.09,0.72,,,,,,,,,,,,,,,,,,,,,,,,,,,,,,,,,,,,,,,,,,,,,,,,,,,,,,,,,,,,,,,,,
decision_alternatives,,,,,,,,,,,,,,,,,,,,,,DA39BD78E9,DECB02EA059,BANK_FINANCE,0.85,1722782.47,756018.53,-0.09,0.53,,,,,,,,,,,,,,,,,,,,,,,,,,,,,,,,,,,,,,,,,,,,,,,,,,,,,,,,,,,,,,,,,
decision_alternatives,,,,,,,,,,,,,,,,,,,,,,DAF034EB0D,DECB02EA059,SUPPLIER_FINANCE,0.11,3607338.84,547157.03,0.1,0.18,,,,,,,,,,,,,,,,,,,,,,,,,,,,,,,,,,,,,,,,,,,,,,,,,,,,,,,,,,,,,,,,,
decision_alternatives,,,,,,,,,,,,,,,,,,,,,,DA4A6CB587,DECB02EA059,RETAIN_CASH,0.53,2466967.27,1265678.35,0.21,0.83,,,,,,,,,,,,,,,,,,,,,,,,,,,,,,,,,,,,,,,,,,,,,,,,,,,,,,,,,,,,,,,,,
decision_alternatives,,,,,,,,,,,,,,,,,,,,,,DA85A748B9,DEC33A8F58E,PAY_NOW,0.91,1530913.69,1044859.84,-0.08,0.68,,,,,,,,,,,,,,,,,,,,,,,,,,,,,,,,,,,,,,,,,,,,,,,,,,,,,,,,,,,,,,,,,
decision_alternatives,,,,,,,,,,,,,,,,,,,,,,DA2FA043D8,DEC33A8F58E,PAY_AT_MATURITY,0.61,518792.9,847512.09,0.08,0.56,,,,,,,,,,,,,,,,,,,,,,,,,,,,,,,,,,,,,,,,,,,,,,,,,,,,,,,,,,,,,,,,,
decision_alternatives,,,,,,,,,,,,,,,,,,,,,,DA026AEDE8,DEC33A8F58E,DELAY_PAYMENT,0.78,984262.07,249031.8,-0.12,0.41,,,,,,,,,,,,,,,,,,,,,,,,,,,,,,,,,,,,,,,,,,,,,,,,,,,,,,,,,,,,,,,,,
decision_alternatives,,,,,,,,,,,,,,,,,,,,,,DA5BD7E843,DEC33A8F58E,CAPTURE_DISCOUNT,0.89,2360074.39,632769.26,-0.01,0.7,,,,,,,,,,,,,,,,,,,,,,,,,,,,,,,,,,,,,,,,,,,,,,,,,,,,,,,,,,,,,,,,,
decision_alternatives,,,,,,,,,,,,,,,,,,,,,,DAA322BC77,DEC33A8F58E,BANK_FINANCE,0.26,584121.09,1242205.7,-0.05,0.32,,,,,,,,,,,,,,,,,,,,,,,,,,,,,,,,,,,,,,,,,,,,,,,,,,,,,,,,,,,,,,,,,
decision_alternatives,,,,,,,,,,,,,,,,,,,,,,DAF8BD1EBA,DEC33A8F58E,SUPPLIER_FINANCE,0.16,1855221.47,971681.11,-0.23,0.2,,,,,,,,,,,,,,,,,,,,,,,,,,,,,,,,,,,,,,,,,,,,,,,,,,,,,,,,,,,,,,,,,
decision_alternatives,,,,,,,,,,,,,,,,,,,,,,DAB69D70C9,DEC33A8F58E,RETAIN_CASH,0.25,2103763.89,1269290.16,0.1,0.22,,,,,,,,,,,,,,,,,,,,,,,,,,,,,,,,,,,,,,,,,,,,,,,,,,,,,,,,,,,,,,,,,
decision_alternatives,,,,,,,,,,,,,,,,,,,,,,DAFF3A42EE,DEC221D5A9A,PAY_NOW,0.86,1296097.68,2325452.5,0.01,0.22,,,,,,,,,,,,,,,,,,,,,,,,,,,,,,,,,,,,,,,,,,,,,,,,,,,,,,,,,,,,,,,,,
decision_alternatives,,,,,,,,,,,,,,,,,,,,,,DAC247D5CA,DEC221D5A9A,PAY_AT_MATURITY,0.31,2764017.38,2096094.17,0.11,0.38,,,,,,,,,,,,,,,,,,,,,,,,,,,,,,,,,,,,,,,,,,,,,,,,,,,,,,,,,,,,,,,,,
decision_alternatives,,,,,,,,,,,,,,,,,,,,,,DA6C572CF0,DEC221D5A9A,DELAY_PAYMENT,0.81,1926662.04,2060661.6,-0.05,0.31,,,,,,,,,,,,,,,,,,,,,,,,,,,,,,,,,,,,,,,,,,,,,,,,,,,,,,,,,,,,,,,,,
decision_alternatives,,,,,,,,,,,,,,,,,,,,,,DA2A43B656,DEC221D5A9A,CAPTURE_DISCOUNT,0.58,4683842.0,1646189.43,-0.14,0.84,,,,,,,,,,,,,,,,,,,,,,,,,,,,,,,,,,,,,,,,,,,,,,,,,,,,,,,,,,,,,,,,,
decision_alternatives,,,,,,,,,,,,,,,,,,,,,,DA42B5B417,DEC221D5A9A,BANK_FINANCE,0.31,1061448.36,2073305.96,0.27,0.62,,,,,,,,,,,,,,,,,,,,,,,,,,,,,,,,,,,,,,,,,,,,,,,,,,,,,,,,,,,,,,,,,
decision_alternatives,,,,,,,,,,,,,,,,,,,,,,DADFACB234,DEC221D5A9A,SUPPLIER_FINANCE,0.27,3250000.16,2008199.72,0.27,0.81,,,,,,,,,,,,,,,,,,,,,,,,,,,,,,,,,,,,,,,,,,,,,,,,,,,,,,,,,,,,,,,,,
decision_alternatives,,,,,,,,,,,,,,,,,,,,,,DAE23B1D9A,DEC221D5A9A,RETAIN_CASH,0.28,944069.63,648708.41,-0.11,0.29,,,,,,,,,,,,,,,,,,,,,,,,,,,,,,,,,,,,,,,,,,,,,,,,,,,,,,,,,,,,,,,,,
decision_alternatives,,,,,,,,,,,,,,,,,,,,,,DA8702986C,DECC8A9DB68,PAY_NOW,0.84,1059440.47,539344.42,0.3,0.37,,,,,,,,,,,,,,,,,,,,,,,,,,,,,,,,,,,,,,,,,,,,,,,,,,,,,,,,,,,,,,,,,
decision_alternatives,,,,,,,,,,,,,,,,,,,,,,DA939C9D24,DECC8A9DB68,PAY_AT_MATURITY,0.62,1703662.44,303311.48,-0.22,0.37,,,,,,,,,,,,,,,,,,,,,,,,,,,,,,,,,,,,,,,,,,,,,,,,,,,,,,,,,,,,,,,,,
decision_alternatives,,,,,,,,,,,,,,,,,,,,,,DA02C68B0F,DECC8A9DB68,DELAY_PAYMENT,0.25,909356.99,142442.26,0.2,0.3,,,,,,,,,,,,,,,,,,,,,,,,,,,,,,,,,,,,,,,,,,,,,,,,,,,,,,,,,,,,,,,,,
decision_alternatives,,,,,,,,,,,,,,,,,,,,,,DA837E8404,DECC8A9DB68,CAPTURE_DISCOUNT,0.14,939501.14,330387.36,0.11,0.63,,,,,,,,,,,,,,,,,,,,,,,,,,,,,,,,,,,,,,,,,,,,,,,,,,,,,,,,,,,,,,,,,
decision_alternatives,,,,,,,,,,,,,,,,,,,,,,DAEFAA50DF,DECC8A9DB68,BANK_FINANCE,0.76,624681.88,755339.45,0.24,0.62,,,,,,,,,,,,,,,,,,,,,,,,,,,,,,,,,,,,,,,,,,,,,,,,,,,,,,,,,,,,,,,,,
decision_alternatives,,,,,,,,,,,,,,,,,,,,,,DA49740616,DECC8A9DB68,SUPPLIER_FINANCE,0.19,660132.4,669183.1,0.01,0.17,,,,,,,,,,,,,,,,,,,,,,,,,,,,,,,,,,,,,,,,,,,,,,,,,,,,,,,,,,,,,,,,,
decision_alternatives,,,,,,,,,,,,,,,,,,,,,,DA95DEB761,DECC8A9DB68,RETAIN_CASH,0.51,533011.46,182161.46,0.07,0.59,,,,,,,,,,,,,,,,,,,,,,,,,,,,,,,,,,,,,,,,,,,,,,,,,,,,,,,,,,,,,,,,,
decision_alternatives,,,,,,,,,,,,,,,,,,,,,,DA142AF77D,DEC99B8425A,PAY_NOW,0.95,2422638.0,307122.76,0.03,0.11,,,,,,,,,,,,,,,,,,,,,,,,,,,,,,,,,,,,,,,,,,,,,,,,,,,,,,,,,,,,,,,,,
decision_alternatives,,,,,,,,,,,,,,,,,,,,,,DAB7E6B68F,DEC99B8425A,PAY_AT_MATURITY,0.54,1629611.97,1458619.23,0.0,0.75,,,,,,,,,,,,,,,,,,,,,,,,,,,,,,,,,,,,,,,,,,,,,,,,,,,,,,,,,,,,,,,,,
decision_alternatives,,,,,,,,,,,,,,,,,,,,,,DAC31DDCA1,DEC99B8425A,DELAY_PAYMENT,0.38,1006454.37,706494.95,0.15,0.69,,,,,,,,,,,,,,,,,,,,,,,,,,,,,,,,,,,,,,,,,,,,,,,,,,,,,,,,,,,,,,,,,
decision_alternatives,,,,,,,,,,,,,,,,,,,,,,DA9B52C423,DEC99B8425A,CAPTURE_DISCOUNT,0.45,2724094.81,1469488.95,0.14,0.53,,,,,,,,,,,,,,,,,,,,,,,,,,,,,,,,,,,,,,,,,,,,,,,,,,,,,,,,,,,,,,,,,
decision_alternatives,,,,,,,,,,,,,,,,,,,,,,DA9B67B0DC,DEC99B8425A,BANK_FINANCE,0.27,638353.7,420855.36,0.04,0.86,,,,,,,,,,,,,,,,,,,,,,,,,,,,,,,,,,,,,,,,,,,,,,,,,,,,,,,,,,,,,,,,,
decision_alternatives,,,,,,,,,,,,,,,,,,,,,,DAFEE1D8DD,DEC99B8425A,SUPPLIER_FINANCE,0.16,538967.16,236317.9,-0.1,0.39,,,,,,,,,,,,,,,,,,,,,,,,,,,,,,,,,,,,,,,,,,,,,,,,,,,,,,,,,,,,,,,,,
decision_alternatives,,,,,,,,,,,,,,,,,,,,,,DA721DC31A,DEC99B8425A,RETAIN_CASH,0.3,1318685.53,1171539.47,0.18,0.22,,,,,,,,,,,,,,,,,,,,,,,,,,,,,,,,,,,,,,,,,,,,,,,,,,,,,,,,,,,,,,,,,
decision_alternatives,,,,,,,,,,,,,,,,,,,,,,DA01A0D6E5,DEC7132C91B,PAY_NOW,0.85,2475191.77,395955.76,0.29,0.79,,,,,,,,,,,,,,,,,,,,,,,,,,,,,,,,,,,,,,,,,,,,,,,,,,,,,,,,,,,,,,,,,
decision_alternatives,,,,,,,,,,,,,,,,,,,,,,DA17F1A876,DEC7132C91B,PAY_AT_MATURITY,0.69,2495805.6,216763.72,0.03,0.75,,,,,,,,,,,,,,,,,,,,,,,,,,,,,,,,,,,,,,,,,,,,,,,,,,,,,,,,,,,,,,,,,
decision_alternatives,,,,,,,,,,,,,,,,,,,,,,DA9259DB2E,DEC7132C91B,DELAY_PAYMENT,0.4,654008.89,692914.81,0.23,0.22,,,,,,,,,,,,,,,,,,,,,,,,,,,,,,,,,,,,,,,,,,,,,,,,,,,,,,,,,,,,,,,,,
decision_alternatives,,,,,,,,,,,,,,,,,,,,,,DAB3A75BA2,DEC7132C91B,CAPTURE_DISCOUNT,0.71,1669565.39,1083506.7,-0.21,0.73,,,,,,,,,,,,,,,,,,,,,,,,,,,,,,,,,,,,,,,,,,,,,,,,,,,,,,,,,,,,,,,,,
decision_alternatives,,,,,,,,,,,,,,,,,,,,,,DACA0C0924,DEC7132C91B,BANK_FINANCE,0.29,1309836.71,1060525.92,0.22,0.17,,,,,,,,,,,,,,,,,,,,,,,,,,,,,,,,,,,,,,,,,,,,,,,,,,,,,,,,,,,,,,,,,
decision_alternatives,,,,,,,,,,,,,,,,,,,,,,DAC0E788FE,DEC7132C91B,SUPPLIER_FINANCE,0.18,2527268.52,1285434.34,0.18,0.4,,,,,,,,,,,,,,,,,,,,,,,,,,,,,,,,,,,,,,,,,,,,,,,,,,,,,,,,,,,,,,,,,
decision_alternatives,,,,,,,,,,,,,,,,,,,,,,DA54EDCEFE,DEC7132C91B,RETAIN_CASH,0.8,2939303.33,424306.64,0.21,0.13,,,,,,,,,,,,,,,,,,,,,,,,,,,,,,,,,,,,,,,,,,,,,,,,,,,,,,,,,,,,,,,,,
decision_alternatives,,,,,,,,,,,,,,,,,,,,,,DAB4151731,DEC28E77477,PAY_NOW,0.88,1061704.84,211696.67,0.29,0.42,,,,,,,,,,,,,,,,,,,,,,,,,,,,,,,,,,,,,,,,,,,,,,,,,,,,,,,,,,,,,,,,,
decision_alternatives,,,,,,,,,,,,,,,,,,,,,,DA86CCD7A9,DEC28E77477,PAY_AT_MATURITY,0.19,1073954.37,141882.24,0.09,0.7,,,,,,,,,,,,,,,,,,,,,,,,,,,,,,,,,,,,,,,,,,,,,,,,,,,,,,,,,,,,,,,,,
decision_alternatives,,,,,,,,,,,,,,,,,,,,,,DAA49840EC,DEC28E77477,DELAY_PAYMENT,0.54,1050298.55,538874.37,-0.26,0.68,,,,,,,,,,,,,,,,,,,,,,,,,,,,,,,,,,,,,,,,,,,,,,,,,,,,,,,,,,,,,,,,,
decision_alternatives,,,,,,,,,,,,,,,,,,,,,,DAFE33DD49,DEC28E77477,CAPTURE_DISCOUNT,0.23,202233.26,712245.11,0.09,0.77,,,,,,,,,,,,,,,,,,,,,,,,,,,,,,,,,,,,,,,,,,,,,,,,,,,,,,,,,,,,,,,,,
decision_alternatives,,,,,,,,,,,,,,,,,,,,,,DA012C5258,DEC28E77477,BANK_FINANCE,0.89,930450.4,114917.69,0.25,0.2,,,,,,,,,,,,,,,,,,,,,,,,,,,,,,,,,,,,,,,,,,,,,,,,,,,,,,,,,,,,,,,,,
decision_alternatives,,,,,,,,,,,,,,,,,,,,,,DA62F8EB3F,DEC28E77477,SUPPLIER_FINANCE,0.64,1197605.68,173184.85,-0.17,0.64,,,,,,,,,,,,,,,,,,,,,,,,,,,,,,,,,,,,,,,,,,,,,,,,,,,,,,,,,,,,,,,,,
decision_alternatives,,,,,,,,,,,,,,,,,,,,,,DAA3DC3899,DEC28E77477,RETAIN_CASH,0.53,510497.91,363075.32,0.19,0.76,,,,,,,,,,,,,,,,,,,,,,,,,,,,,,,,,,,,,,,,,,,,,,,,,,,,,,,,,,,,,,,,,
decision_alternatives,,,,,,,,,,,,,,,,,,,,,,DAB19A4E58,DEC1EBB54E5,PAY_NOW,0.94,733294.82,920945.92,0.27,0.16,,,,,,,,,,,,,,,,,,,,,,,,,,,,,,,,,,,,,,,,,,,,,,,,,,,,,,,,,,,,,,,,,
decision_alternatives,,,,,,,,,,,,,,,,,,,,,,DA95F04BC8,DEC1EBB54E5,PAY_AT_MATURITY,0.17,537890.62,970962.49,0.04,0.36,,,,,,,,,,,,,,,,,,,,,,,,,,,,,,,,,,,,,,,,,,,,,,,,,,,,,,,,,,,,,,,,,
decision_alternatives,,,,,,,,,,,,,,,,,,,,,,DA6966AB3F,DEC1EBB54E5,DELAY_PAYMENT,0.33,2047804.34,808151.97,-0.26,0.55,,,,,,,,,,,,,,,,,,,,,,,,,,,,,,,,,,,,,,,,,,,,,,,,,,,,,,,,,,,,,,,,,
decision_alternatives,,,,,,,,,,,,,,,,,,,,,,DAC009E4DF,DEC1EBB54E5,CAPTURE_DISCOUNT,0.56,1381614.85,926758.55,0.03,0.63,,,,,,,,,,,,,,,,,,,,,,,,,,,,,,,,,,,,,,,,,,,,,,,,,,,,,,,,,,,,,,,,,
decision_alternatives,,,,,,,,,,,,,,,,,,,,,,DAD3870C4B,DEC1EBB54E5,BANK_FINANCE,0.64,431746.79,163122.91,-0.05,0.11,,,,,,,,,,,,,,,,,,,,,,,,,,,,,,,,,,,,,,,,,,,,,,,,,,,,,,,,,,,,,,,,,
decision_alternatives,,,,,,,,,,,,,,,,,,,,,,DA555DEED2,DEC1EBB54E5,SUPPLIER_FINANCE,0.87,568209.61,859888.5,-0.09,0.79,,,,,,,,,,,,,,,,,,,,,,,,,,,,,,,,,,,,,,,,,,,,,,,,,,,,,,,,,,,,,,,,,
decision_alternatives,,,,,,,,,,,,,,,,,,,,,,DA6F6070BE,DEC1EBB54E5,RETAIN_CASH,0.14,694162.63,685075.15,-0.3,0.2,,,,,,,,,,,,,,,,,,,,,,,,,,,,,,,,,,,,,,,,,,,,,,,,,,,,,,,,,,,,,,,,,
decision_alternatives,,,,,,,,,,,,,,,,,,,,,,DA4AAEBF2A,DEC29310234,PAY_NOW,0.85,1170737.66,569519.35,-0.01,0.83,,,,,,,,,,,,,,,,,,,,,,,,,,,,,,,,,,,,,,,,,,,,,,,,,,,,,,,,,,,,,,,,,
decision_alternatives,,,,,,,,,,,,,,,,,,,,,,DABC5BA219,DEC29310234,PAY_AT_MATURITY,0.81,1193023.79,633779.31,0.3,0.66,,,,,,,,,,,,,,,,,,,,,,,,,,,,,,,,,,,,,,,,,,,,,,,,,,,,,,,,,,,,,,,,,
decision_alternatives,,,,,,,,,,,,,,,,,,,,,,DA1307A32F,DEC29310234,DELAY_PAYMENT,0.77,1421503.8,218562.13,-0.19,0.37,,,,,,,,,,,,,,,,,,,,,,,,,,,,,,,,,,,,,,,,,,,,,,,,,,,,,,,,,,,,,,,,,
decision_alternatives,,,,,,,,,,,,,,,,,,,,,,DA5409D114,DEC29310234,CAPTURE_DISCOUNT,0.39,813057.0,697304.9,-0.3,0.28,,,,,,,,,,,,,,,,,,,,,,,,,,,,,,,,,,,,,,,,,,,,,,,,,,,,,,,,,,,,,,,,,
decision_alternatives,,,,,,,,,,,,,,,,,,,,,,DA01A4713D,DEC29310234,BANK_FINANCE,0.76,2399698.59,625372.52,-0.07,0.27,,,,,,,,,,,,,,,,,,,,,,,,,,,,,,,,,,,,,,,,,,,,,,,,,,,,,,,,,,,,,,,,,
decision_alternatives,,,,,,,,,,,,,,,,,,,,,,DA37972906,DEC29310234,SUPPLIER_FINANCE,0.11,725027.85,1113537.56,0.04,0.84,,,,,,,,,,,,,,,,,,,,,,,,,,,,,,,,,,,,,,,,,,,,,,,,,,,,,,,,,,,,,,,,,
decision_alternatives,,,,,,,,,,,,,,,,,,,,,,DA62ABE09A,DEC29310234,RETAIN_CASH,0.62,3241201.62,1298773.05,0.17,0.83,,,,,,,,,,,,,,,,,,,,,,,,,,,,,,,,,,,,,,,,,,,,,,,,,,,,,,,,,,,,,,,,,
decision_alternatives,,,,,,,,,,,,,,,,,,,,,,DA9689A0B7,DECC851FF97,PAY_NOW,0.86,1407942.45,963840.42,-0.24,0.43,,,,,,,,,,,,,,,,,,,,,,,,,,,,,,,,,,,,,,,,,,,,,,,,,,,,,,,,,,,,,,,,,
decision_alternatives,,,,,,,,,,,,,,,,,,,,,,DAEB3FCFE8,DECC851FF97,PAY_AT_MATURITY,0.13,1614461.14,875597.8,0.3,0.84,,,,,,,,,,,,,,,,,,,,,,,,,,,,,,,,,,,,,,,,,,,,,,,,,,,,,,,,,,,,,,,,,
decision_alternatives,,,,,,,,,,,,,,,,,,,,,,DAF95CB828,DECC851FF97,DELAY_PAYMENT,0.52,894419.71,316362.13,0.12,0.22,,,,,,,,,,,,,,,,,,,,,,,,,,,,,,,,,,,,,,,,,,,,,,,,,,,,,,,,,,,,,,,,,
decision_alternatives,,,,,,,,,,,,,,,,,,,,,,DA013C9D5E,DECC851FF97,CAPTURE_DISCOUNT,0.79,3918242.28,756993.04,-0.23,0.51,,,,,,,,,,,,,,,,,,,,,,,,,,,,,,,,,,,,,,,,,,,,,,,,,,,,,,,,,,,,,,,,,
decision_alternatives,,,,,,,,,,,,,,,,,,,,,,DA7304DDA4,DECC851FF97,BANK_FINANCE,0.31,2001189.3,1133954.41,0.01,0.1,,,,,,,,,,,,,,,,,,,,,,,,,,,,,,,,,,,,,,,,,,,,,,,,,,,,,,,,,,,,,,,,,
decision_alternatives,,,,,,,,,,,,,,,,,,,,,,DA85B9DFCC,DECC851FF97,SUPPLIER_FINANCE,0.4,2197207.38,382145.31,0.1,0.6,,,,,,,,,,,,,,,,,,,,,,,,,,,,,,,,,,,,,,,,,,,,,,,,,,,,,,,,,,,,,,,,,
decision_alternatives,,,,,,,,,,,,,,,,,,,,,,DAE821CDFF,DECC851FF97,RETAIN_CASH,0.7,2401363.89,1250312.21,0.23,0.24,,,,,,,,,,,,,,,,,,,,,,,,,,,,,,,,,,,,,,,,,,,,,,,,,,,,,,,,,,,,,,,,,
decision_alternatives,,,,,,,,,,,,,,,,,,,,,,DA5CBB5E7A,DEC070A31D2,PAY_NOW,0.81,399317.18,646121.53,0.04,0.47,,,,,,,,,,,,,,,,,,,,,,,,,,,,,,,,,,,,,,,,,,,,,,,,,,,,,,,,,,,,,,,,,
decision_alternatives,,,,,,,,,,,,,,,,,,,,,,DAD2B6E128,DEC070A31D2,PAY_AT_MATURITY,0.33,615030.55,294988.81,-0.28,0.75,,,,,,,,,,,,,,,,,,,,,,,,,,,,,,,,,,,,,,,,,,,,,,,,,,,,,,,,,,,,,,,,,
decision_alternatives,,,,,,,,,,,,,,,,,,,,,,DA2A064015,DEC070A31D2,DELAY_PAYMENT,0.77,451847.73,142984.74,0.02,0.13,,,,,,,,,,,,,,,,,,,,,,,,,,,,,,,,,,,,,,,,,,,,,,,,,,,,,,,,,,,,,,,,,
decision_alternatives,,,,,,,,,,,,,,,,,,,,,,DA5A167F13,DEC070A31D2,CAPTURE_DISCOUNT,0.3,912710.37,747425.57,0.11,0.71,,,,,,,,,,,,,,,,,,,,,,,,,,,,,,,,,,,,,,,,,,,,,,,,,,,,,,,,,,,,,,,,,
decision_alternatives,,,,,,,,,,,,,,,,,,,,,,DACEB2A85A,DEC070A31D2,BANK_FINANCE,0.81,800236.2,555253.38,-0.27,0.28,,,,,,,,,,,,,,,,,,,,,,,,,,,,,,,,,,,,,,,,,,,,,,,,,,,,,,,,,,,,,,,,,
decision_alternatives,,,,,,,,,,,,,,,,,,,,,,DA06021C67,DEC070A31D2,SUPPLIER_FINANCE,0.27,1032807.66,167543.36,0.17,0.2,,,,,,,,,,,,,,,,,,,,,,,,,,,,,,,,,,,,,,,,,,,,,,,,,,,,,,,,,,,,,,,,,
decision_alternatives,,,,,,,,,,,,,,,,,,,,,,DA0314EB04,DEC070A31D2,RETAIN_CASH,0.59,1090841.63,293784.93,-0.02,0.83,,,,,,,,,,,,,,,,,,,,,,,,,,,,,,,,,,,,,,,,,,,,,,,,,,,,,,,,,,,,,,,,,
decision_alternatives,,,,,,,,,,,,,,,,,,,,,,DA8BBC0888,DEC7FF066C0,PAY_NOW,0.95,875262.41,653755.79,-0.07,0.53,,,,,,,,,,,,,,,,,,,,,,,,,,,,,,,,,,,,,,,,,,,,,,,,,,,,,,,,,,,,,,,,,
decision_alternatives,,,,,,,,,,,,,,,,,,,,,,DAA9763391,DEC7FF066C0,PAY_AT_MATURITY,0.29,1234044.5,328280.62,-0.16,0.77,,,,,,,,,,,,,,,,,,,,,,,,,,,,,,,,,,,,,,,,,,,,,,,,,,,,,,,,,,,,,,,,,
decision_alternatives,,,,,,,,,,,,,,,,,,,,,,DAB2721E08,DEC7FF066C0,DELAY_PAYMENT,0.31,1951054.72,1356383.97,-0.24,0.82,,,,,,,,,,,,,,,,,,,,,,,,,,,,,,,,,,,,,,,,,,,,,,,,,,,,,,,,,,,,,,,,,
decision_alternatives,,,,,,,,,,,,,,,,,,,,,,DAD0FF3E5A,DEC7FF066C0,CAPTURE_DISCOUNT,0.41,1478515.05,1356277.26,-0.05,0.63,,,,,,,,,,,,,,,,,,,,,,,,,,,,,,,,,,,,,,,,,,,,,,,,,,,,,,,,,,,,,,,,,
decision_alternatives,,,,,,,,,,,,,,,,,,,,,,DA25DE1AAA,DEC7FF066C0,BANK_FINANCE,0.24,2448517.87,1018201.63,0.11,0.63,,,,,,,,,,,,,,,,,,,,,,,,,,,,,,,,,,,,,,,,,,,,,,,,,,,,,,,,,,,,,,,,,
decision_alternatives,,,,,,,,,,,,,,,,,,,,,,DACEA4250C,DEC7FF066C0,SUPPLIER_FINANCE,0.74,834539.09,1273079.03,-0.13,0.82,,,,,,,,,,,,,,,,,,,,,,,,,,,,,,,,,,,,,,,,,,,,,,,,,,,,,,,,,,,,,,,,,
decision_alternatives,,,,,,,,,,,,,,,,,,,,,,DACDD8692E,DEC7FF066C0,RETAIN_CASH,0.66,1741729.99,1503459.73,-0.22,0.34,,,,,,,,,,,,,,,,,,,,,,,,,,,,,,,,,,,,,,,,,,,,,,,,,,,,,,,,,,,,,,,,,
decision_alternatives,,,,,,,,,,,,,,,,,,,,,,DA65657157,DECAD984735,PAY_NOW,0.8,2617205.77,1553715.48,-0.09,0.11,,,,,,,,,,,,,,,,,,,,,,,,,,,,,,,,,,,,,,,,,,,,,,,,,,,,,,,,,,,,,,,,,
decision_alternatives,,,,,,,,,,,,,,,,,,,,,,DAB562012E,DECAD984735,PAY_AT_MATURITY,0.39,4116902.32,509637.67,0.28,0.76,,,,,,,,,,,,,,,,,,,,,,,,,,,,,,,,,,,,,,,,,,,,,,,,,,,,,,,,,,,,,,,,,
decision_alternatives,,,,,,,,,,,,,,,,,,,,,,DA5B342A0E,DECAD984735,DELAY_PAYMENT,0.28,696050.35,2020925.29,-0.09,0.74,,,,,,,,,,,,,,,,,,,,,,,,,,,,,,,,,,,,,,,,,,,,,,,,,,,,,,,,,,,,,,,,,
decision_alternatives,,,,,,,,,,,,,,,,,,,,,,DA400F59AE,DECAD984735,CAPTURE_DISCOUNT,0.59,1124549.58,772203.65,-0.21,0.67,,,,,,,,,,,,,,,,,,,,,,,,,,,,,,,,,,,,,,,,,,,,,,,,,,,,,,,,,,,,,,,,,
decision_alternatives,,,,,,,,,,,,,,,,,,,,,,DADA1B21D2,DECAD984735,BANK_FINANCE,0.25,3443383.56,1322512.2,-0.3,0.34,,,,,,,,,,,,,,,,,,,,,,,,,,,,,,,,,,,,,,,,,,,,,,,,,,,,,,,,,,,,,,,,,
decision_alternatives,,,,,,,,,,,,,,,,,,,,,,DA31324071,DECAD984735,SUPPLIER_FINANCE,0.24,4443756.64,1444131.06,0.05,0.44,,,,,,,,,,,,,,,,,,,,,,,,,,,,,,,,,,,,,,,,,,,,,,,,,,,,,,,,,,,,,,,,,
decision_alternatives,,,,,,,,,,,,,,,,,,,,,,DA881CE663,DECAD984735,RETAIN_CASH,0.83,1071645.54,308583.1,-0.27,0.32,,,,,,,,,,,,,,,,,,,,,,,,,,,,,,,,,,,,,,,,,,,,,,,,,,,,,,,,,,,,,,,,,
decision_alternatives,,,,,,,,,,,,,,,,,,,,,,DA76D58104,DEC9D7B2572,PAY_NOW,0.89,3465081.15,2141545.04,0.27,0.51,,,,,,,,,,,,,,,,,,,,,,,,,,,,,,,,,,,,,,,,,,,,,,,,,,,,,,,,,,,,,,,,,
decision_alternatives,,,,,,,,,,,,,,,,,,,,,,DA71B520E5,DEC9D7B2572,PAY_AT_MATURITY,0.19,2470620.41,1281420.46,0.03,0.64,,,,,,,,,,,,,,,,,,,,,,,,,,,,,,,,,,,,,,,,,,,,,,,,,,,,,,,,,,,,,,,,,
decision_alternatives,,,,,,,,,,,,,,,,,,,,,,DABBD27939,DEC9D7B2572,DELAY_PAYMENT,0.24,719717.62,1844796.7,0.29,0.42,,,,,,,,,,,,,,,,,,,,,,,,,,,,,,,,,,,,,,,,,,,,,,,,,,,,,,,,,,,,,,,,,
decision_alternatives,,,,,,,,,,,,,,,,,,,,,,DA16710984,DEC9D7B2572,CAPTURE_DISCOUNT,0.71,3337290.62,903584.31,-0.25,0.27,,,,,,,,,,,,,,,,,,,,,,,,,,,,,,,,,,,,,,,,,,,,,,,,,,,,,,,,,,,,,,,,,
decision_alternatives,,,,,,,,,,,,,,,,,,,,,,DA64589509,DEC9D7B2572,BANK_FINANCE,0.53,4038664.37,923253.05,0.3,0.44,,,,,,,,,,,,,,,,,,,,,,,,,,,,,,,,,,,,,,,,,,,,,,,,,,,,,,,,,,,,,,,,,
decision_alternatives,,,,,,,,,,,,,,,,,,,,,,DADED07E65,DEC9D7B2572,SUPPLIER_FINANCE,0.84,578752.63,547123.16,0.23,0.79,,,,,,,,,,,,,,,,,,,,,,,,,,,,,,,,,,,,,,,,,,,,,,,,,,,,,,,,,,,,,,,,,
decision_alternatives,,,,,,,,,,,,,,,,,,,,,,DA6CDA9A57,DEC9D7B2572,RETAIN_CASH,0.8,994092.62,1919666.57,-0.15,0.42,,,,,,,,,,,,,,,,,,,,,,,,,,,,,,,,,,,,,,,,,,,,,,,,,,,,,,,,,,,,,,,,,
decision_alternatives,,,,,,,,,,,,,,,,,,,,,,DA96C7EE19,DECFBC1AF98,PAY_NOW,0.91,1455546.78,606443.6,-0.06,0.12,,,,,,,,,,,,,,,,,,,,,,,,,,,,,,,,,,,,,,,,,,,,,,,,,,,,,,,,,,,,,,,,,
decision_alternatives,,,,,,,,,,,,,,,,,,,,,,DAE9106433,DECFBC1AF98,PAY_AT_MATURITY,0.34,1168016.83,120413.16,0.23,0.39,,,,,,,,,,,,,,,,,,,,,,,,,,,,,,,,,,,,,,,,,,,,,,,,,,,,,,,,,,,,,,,,,
decision_alternatives,,,,,,,,,,,,,,,,,,,,,,DA365DF3AB,DECFBC1AF98,DELAY_PAYMENT,0.44,981245.19,710067.19,-0.08,0.63,,,,,,,,,,,,,,,,,,,,,,,,,,,,,,,,,,,,,,,,,,,,,,,,,,,,,,,,,,,,,,,,,
decision_alternatives,,,,,,,,,,,,,,,,,,,,,,DA8EE80B80,DECFBC1AF98,CAPTURE_DISCOUNT,0.74,203195.39,385184.78,0.29,0.62,,,,,,,,,,,,,,,,,,,,,,,,,,,,,,,,,,,,,,,,,,,,,,,,,,,,,,,,,,,,,,,,,
decision_alternatives,,,,,,,,,,,,,,,,,,,,,,DAA8FABACB,DECFBC1AF98,BANK_FINANCE,0.49,729695.6,534163.13,0.06,0.13,,,,,,,,,,,,,,,,,,,,,,,,,,,,,,,,,,,,,,,,,,,,,,,,,,,,,,,,,,,,,,,,,
decision_alternatives,,,,,,,,,,,,,,,,,,,,,,DABA35D83D,DECFBC1AF98,SUPPLIER_FINANCE,0.74,869797.64,504171.47,0.08,0.11,,,,,,,,,,,,,,,,,,,,,,,,,,,,,,,,,,,,,,,,,,,,,,,,,,,,,,,,,,,,,,,,,
decision_alternatives,,,,,,,,,,,,,,,,,,,,,,DA5D7E057E,DECFBC1AF98,RETAIN_CASH,0.76,465216.15,449643.74,-0.16,0.51,,,,,,,,,,,,,,,,,,,,,,,,,,,,,,,,,,,,,,,,,,,,,,,,,,,,,,,,,,,,,,,,,
decision_alternatives,,,,,,,,,,,,,,,,,,,,,,DA1201FA8E,DECE30E16F1,PAY_NOW,0.87,1508381.82,1096378.1,-0.05,0.15,,,,,,,,,,,,,,,,,,,,,,,,,,,,,,,,,,,,,,,,,,,,,,,,,,,,,,,,,,,,,,,,,
decision_alternatives,,,,,,,,,,,,,,,,,,,,,,DA29AF0A65,DECE30E16F1,PAY_AT_MATURITY,0.44,1189940.66,1252519.66,-0.1,0.56,,,,,,,,,,,,,,,,,,,,,,,,,,,,,,,,,,,,,,,,,,,,,,,,,,,,,,,,,,,,,,,,,
decision_alternatives,,,,,,,,,,,,,,,,,,,,,,DA990C0959,DECE30E16F1,DELAY_PAYMENT,0.25,1762431.58,421587.37,-0.03,0.7,,,,,,,,,,,,,,,,,,,,,,,,,,,,,,,,,,,,,,,,,,,,,,,,,,,,,,,,,,,,,,,,,
decision_alternatives,,,,,,,,,,,,,,,,,,,,,,DA613FC024,DECE30E16F1,CAPTURE_DISCOUNT,0.87,2337723.65,1349388.8,-0.12,0.43,,,,,,,,,,,,,,,,,,,,,,,,,,,,,,,,,,,,,,,,,,,,,,,,,,,,,,,,,,,,,,,,,
decision_alternatives,,,,,,,,,,,,,,,,,,,,,,DA40D9EEFF,DECE30E16F1,BANK_FINANCE,0.77,1301923.48,1202770.23,0.17,0.16,,,,,,,,,,,,,,,,,,,,,,,,,,,,,,,,,,,,,,,,,,,,,,,,,,,,,,,,,,,,,,,,,
decision_alternatives,,,,,,,,,,,,,,,,,,,,,,DAABE7123C,DECE30E16F1,SUPPLIER_FINANCE,0.69,1559920.79,1219045.18,0.12,0.27,,,,,,,,,,,,,,,,,,,,,,,,,,,,,,,,,,,,,,,,,,,,,,,,,,,,,,,,,,,,,,,,,
decision_alternatives,,,,,,,,,,,,,,,,,,,,,,DA898FE4A8,DECE30E16F1,RETAIN_CASH,0.35,2407162.79,596426.04,-0.28,0.17,,,,,,,,,,,,,,,,,,,,,,,,,,,,,,,,,,,,,,,,,,,,,,,,,,,,,,,,,,,,,,,,,
decision_alternatives,,,,,,,,,,,,,,,,,,,,,,DA6C976479,DEC46B38838,PAY_NOW,0.86,3458848.46,1020891.12,-0.05,0.66,,,,,,,,,,,,,,,,,,,,,,,,,,,,,,,,,,,,,,,,,,,,,,,,,,,,,,,,,,,,,,,,,
decision_alternatives,,,,,,,,,,,,,,,,,,,,,,DA023458E2,DEC46B38838,PAY_AT_MATURITY,0.23,2441297.37,656343.15,0.14,0.61,,,,,,,,,,,,,,,,,,,,,,,,,,,,,,,,,,,,,,,,,,,,,,,,,,,,,,,,,,,,,,,,,
decision_alternatives,,,,,,,,,,,,,,,,,,,,,,DA28FCF771,DEC46B38838,DELAY_PAYMENT,0.28,2687177.78,1380085.39,0.27,0.82,,,,,,,,,,,,,,,,,,,,,,,,,,,,,,,,,,,,,,,,,,,,,,,,,,,,,,,,,,,,,,,,,
decision_alternatives,,,,,,,,,,,,,,,,,,,,,,DA9DE74C2C,DEC46B38838,CAPTURE_DISCOUNT,0.52,3840559.55,1024210.33,0.04,0.43,,,,,,,,,,,,,,,,,,,,,,,,,,,,,,,,,,,,,,,,,,,,,,,,,,,,,,,,,,,,,,,,,
decision_alternatives,,,,,,,,,,,,,,,,,,,,,,DA42807117,DEC46B38838,BANK_FINANCE,0.71,634887.86,608903.54,-0.18,0.84,,,,,,,,,,,,,,,,,,,,,,,,,,,,,,,,,,,,,,,,,,,,,,,,,,,,,,,,,,,,,,,,,
decision_alternatives,,,,,,,,,,,,,,,,,,,,,,DA527800E5,DEC46B38838,SUPPLIER_FINANCE,0.83,2243727.24,532220.74,-0.03,0.55,,,,,,,,,,,,,,,,,,,,,,,,,,,,,,,,,,,,,,,,,,,,,,,,,,,,,,,,,,,,,,,,,
decision_alternatives,,,,,,,,,,,,,,,,,,,,,,DA21D66D9C,DEC46B38838,RETAIN_CASH,0.89,3076873.57,903038.41,0.05,0.47,,,,,,,,,,,,,,,,,,,,,,,,,,,,,,,,,,,,,,,,,,,,,,,,,,,,,,,,,,,,,,,,,
decision_alternatives,,,,,,,,,,,,,,,,,,,,,,DA8530EEF3,DEC6ACCE1A3,PAY_NOW,0.88,2424246.62,960330.79,0.24,0.34,,,,,,,,,,,,,,,,,,,,,,,,,,,,,,,,,,,,,,,,,,,,,,,,,,,,,,,,,,,,,,,,,
decision_alternatives,,,,,,,,,,,,,,,,,,,,,,DADF31DF5B,DEC6ACCE1A3,PAY_AT_MATURITY,0.23,1302027.42,1335227.0,-0.26,0.79,,,,,,,,,,,,,,,,,,,,,,,,,,,,,,,,,,,,,,,,,,,,,,,,,,,,,,,,,,,,,,,,,
decision_alternatives,,,,,,,,,,,,,,,,,,,,,,DA6E598C8E,DEC6ACCE1A3,DELAY_PAYMENT,0.35,2071727.98,804274.46,0.03,0.66,,,,,,,,,,,,,,,,,,,,,,,,,,,,,,,,,,,,,,,,,,,,,,,,,,,,,,,,,,,,,,,,,
decision_alternatives,,,,,,,,,,,,,,,,,,,,,,DA146B5874,DEC6ACCE1A3,CAPTURE_DISCOUNT,0.29,2923849.85,1030141.59,0.12,0.74,,,,,,,,,,,,,,,,,,,,,,,,,,,,,,,,,,,,,,,,,,,,,,,,,,,,,,,,,,,,,,,,,
decision_alternatives,,,,,,,,,,,,,,,,,,,,,,DA9DB6D15B,DEC6ACCE1A3,BANK_FINANCE,0.39,1857998.56,297397.92,0.11,0.54,,,,,,,,,,,,,,,,,,,,,,,,,,,,,,,,,,,,,,,,,,,,,,,,,,,,,,,,,,,,,,,,,
decision_alternatives,,,,,,,,,,,,,,,,,,,,,,DA52F8E82B,DEC6ACCE1A3,SUPPLIER_FINANCE,0.82,2963061.87,1726969.73,0.22,0.4,,,,,,,,,,,,,,,,,,,,,,,,,,,,,,,,,,,,,,,,,,,,,,,,,,,,,,,,,,,,,,,,,
decision_alternatives,,,,,,,,,,,,,,,,,,,,,,DA1775C672,DEC6ACCE1A3,RETAIN_CASH,0.13,1605702.47,1907956.01,-0.15,0.43,,,,,,,,,,,,,,,,,,,,,,,,,,,,,,,,,,,,,,,,,,,,,,,,,,,,,,,,,,,,,,,,,
decision_alternatives,,,,,,,,,,,,,,,,,,,,,,DA619552B3,DEC86A44AFA,PAY_NOW,0.59,172753.92,314324.23,0.11,0.77,,,,,,,,,,,,,,,,,,,,,,,,,,,,,,,,,,,,,,,,,,,,,,,,,,,,,,,,,,,,,,,,,
decision_alternatives,,,,,,,,,,,,,,,,,,,,,,DAC4F15489,DEC86A44AFA,PAY_AT_MATURITY,0.8,392808.76,297457.1,-0.24,0.38,,,,,,,,,,,,,,,,,,,,,,,,,,,,,,,,,,,,,,,,,,,,,,,,,,,,,,,,,,,,,,,,,
decision_alternatives,,,,,,,,,,,,,,,,,,,,,,DACE2A566E,DEC86A44AFA,DELAY_PAYMENT,0.47,653836.07,113841.5,-0.16,0.53,,,,,,,,,,,,,,,,,,,,,,,,,,,,,,,,,,,,,,,,,,,,,,,,,,,,,,,,,,,,,,,,,
decision_alternatives,,,,,,,,,,,,,,,,,,,,,,DA6008ADA6,DEC86A44AFA,CAPTURE_DISCOUNT,0.69,510398.45,426757.81,-0.18,0.36,,,,,,,,,,,,,,,,,,,,,,,,,,,,,,,,,,,,,,,,,,,,,,,,,,,,,,,,,,,,,,,,,
decision_alternatives,,,,,,,,,,,,,,,,,,,,,,DACF61A837,DEC86A44AFA,BANK_FINANCE,0.56,1128299.58,133445.45,0.17,0.71,,,,,,,,,,,,,,,,,,,,,,,,,,,,,,,,,,,,,,,,,,,,,,,,,,,,,,,,,,,,,,,,,
decision_alternatives,,,,,,,,,,,,,,,,,,,,,,DA2C26FEA7,DEC86A44AFA,SUPPLIER_FINANCE,0.41,410099.23,229601.41,0.14,0.41,,,,,,,,,,,,,,,,,,,,,,,,,,,,,,,,,,,,,,,,,,,,,,,,,,,,,,,,,,,,,,,,,
decision_alternatives,,,,,,,,,,,,,,,,,,,,,,DA3FE0DC21,DEC86A44AFA,RETAIN_CASH,0.42,529745.82,73142.63,0.22,0.33,,,,,,,,,,,,,,,,,,,,,,,,,,,,,,,,,,,,,,,,,,,,,,,,,,,,,,,,,,,,,,,,,
decision_alternatives,,,,,,,,,,,,,,,,,,,,,,DA50C111D7,DECF0B0B35F,PAY_NOW,0.88,465046.87,540869.35,0.1,0.37,,,,,,,,,,,,,,,,,,,,,,,,,,,,,,,,,,,,,,,,,,,,,,,,,,,,,,,,,,,,,,,,,
decision_alternatives,,,,,,,,,,,,,,,,,,,,,,DAB1D808A7,DECF0B0B35F,PAY_AT_MATURITY,0.72,385806.84,528301.43,-0.13,0.29,,,,,,,,,,,,,,,,,,,,,,,,,,,,,,,,,,,,,,,,,,,,,,,,,,,,,,,,,,,,,,,,,
decision_alternatives,,,,,,,,,,,,,,,,,,,,,,DAA4E13EAC,DECF0B0B35F,DELAY_PAYMENT,0.22,1257772.69,639470.63,0.15,0.64,,,,,,,,,,,,,,,,,,,,,,,,,,,,,,,,,,,,,,,,,,,,,,,,,,,,,,,,,,,,,,,,,
decision_alternatives,,,,,,,,,,,,,,,,,,,,,,DA2FC9B8FF,DECF0B0B35F,CAPTURE_DISCOUNT,0.78,422870.73,421957.18,0.12,0.59,,,,,,,,,,,,,,,,,,,,,,,,,,,,,,,,,,,,,,,,,,,,,,,,,,,,,,,,,,,,,,,,,
decision_alternatives,,,,,,,,,,,,,,,,,,,,,,DACC41DBAE,DECF0B0B35F,BANK_FINANCE,0.87,663076.07,228513.87,0.17,0.86,,,,,,,,,,,,,,,,,,,,,,,,,,,,,,,,,,,,,,,,,,,,,,,,,,,,,,,,,,,,,,,,,
decision_alternatives,,,,,,,,,,,,,,,,,,,,,,DAC11768CD,DECF0B0B35F,SUPPLIER_FINANCE,0.62,695294.88,514962.16,0.05,0.4,,,,,,,,,,,,,,,,,,,,,,,,,,,,,,,,,,,,,,,,,,,,,,,,,,,,,,,,,,,,,,,,,
decision_alternatives,,,,,,,,,,,,,,,,,,,,,,DAABB3B9B4,DECF0B0B35F,RETAIN_CASH,0.68,851739.34,474555.19,0.1,0.71,,,,,,,,,,,,,,,,,,,,,,,,,,,,,,,,,,,,,,,,,,,,,,,,,,,,,,,,,,,,,,,,,
decision_alternatives,,,,,,,,,,,,,,,,,,,,,,DA98BCB967,DEC31FBDB92,PAY_NOW,0.89,1871931.47,1153800.95,-0.18,0.53,,,,,,,,,,,,,,,,,,,,,,,,,,,,,,,,,,,,,,,,,,,,,,,,,,,,,,,,,,,,,,,,,
decision_alternatives,,,,,,,,,,,,,,,,,,,,,,DACA6EC3BF,DEC31FBDB92,PAY_AT_MATURITY,0.8,2672873.02,386190.54,0.13,0.65,,,,,,,,,,,,,,,,,,,,,,,,,,,,,,,,,,,,,,,,,,,,,,,,,,,,,,,,,,,,,,,,,
decision_alternatives,,,,,,,,,,,,,,,,,,,,,,DA60DDAEBA,DEC31FBDB92,DELAY_PAYMENT,0.15,850923.88,919680.05,-0.22,0.65,,,,,,,,,,,,,,,,,,,,,,,,,,,,,,,,,,,,,,,,,,,,,,,,,,,,,,,,,,,,,,,,,
decision_alternatives,,,,,,,,,,,,,,,,,,,,,,DA58FB91C2,DEC31FBDB92,CAPTURE_DISCOUNT,0.18,1792232.57,1022683.98,-0.18,0.88,,,,,,,,,,,,,,,,,,,,,,,,,,,,,,,,,,,,,,,,,,,,,,,,,,,,,,,,,,,,,,,,,
decision_alternatives,,,,,,,,,,,,,,,,,,,,,,DAD36AD9B5,DEC31FBDB92,BANK_FINANCE,0.47,568837.05,386193.94,0.09,0.7,,,,,,,,,,,,,,,,,,,,,,,,,,,,,,,,,,,,,,,,,,,,,,,,,,,,,,,,,,,,,,,,,
decision_alternatives,,,,,,,,,,,,,,,,,,,,,,DA105C5BAF,DEC31FBDB92,SUPPLIER_FINANCE,0.61,2486002.04,535086.54,-0.23,0.13,,,,,,,,,,,,,,,,,,,,,,,,,,,,,,,,,,,,,,,,,,,,,,,,,,,,,,,,,,,,,,,,,
decision_alternatives,,,,,,,,,,,,,,,,,,,,,,DAAA338D8E,DEC31FBDB92,RETAIN_CASH,0.7,2269531.65,1210768.16,0.06,0.33,,,,,,,,,,,,,,,,,,,,,,,,,,,,,,,,,,,,,,,,,,,,,,,,,,,,,,,,,,,,,,,,,
decision_alternatives,,,,,,,,,,,,,,,,,,,,,,DA5EA3D0FE,DECFAD7C285,PAY_NOW,0.87,2510081.54,313005.76,-0.18,0.25,,,,,,,,,,,,,,,,,,,,,,,,,,,,,,,,,,,,,,,,,,,,,,,,,,,,,,,,,,,,,,,,,
decision_alternatives,,,,,,,,,,,,,,,,,,,,,,DA6047C553,DECFAD7C285,PAY_AT_MATURITY,0.72,2746748.9,772455.76,0.03,0.52,,,,,,,,,,,,,,,,,,,,,,,,,,,,,,,,,,,,,,,,,,,,,,,,,,,,,,,,,,,,,,,,,
decision_alternatives,,,,,,,,,,,,,,,,,,,,,,DA03735DA6,DECFAD7C285,DELAY_PAYMENT,0.36,2700586.69,856269.21,0.16,0.63,,,,,,,,,,,,,,,,,,,,,,,,,,,,,,,,,,,,,,,,,,,,,,,,,,,,,,,,,,,,,,,,,
decision_alternatives,,,,,,,,,,,,,,,,,,,,,,DAB6CA4BDC,DECFAD7C285,CAPTURE_DISCOUNT,0.35,1915329.73,785395.51,-0.16,0.56,,,,,,,,,,,,,,,,,,,,,,,,,,,,,,,,,,,,,,,,,,,,,,,,,,,,,,,,,,,,,,,,,
decision_alternatives,,,,,,,,,,,,,,,,,,,,,,DAAFFD620A,DECFAD7C285,BANK_FINANCE,0.9,3350803.75,1642726.12,-0.0,0.81,,,,,,,,,,,,,,,,,,,,,,,,,,,,,,,,,,,,,,,,,,,,,,,,,,,,,,,,,,,,,,,,,
decision_alternatives,,,,,,,,,,,,,,,,,,,,,,DA15F03319,DECFAD7C285,SUPPLIER_FINANCE,0.75,1927951.55,475095.16,0.29,0.19,,,,,,,,,,,,,,,,,,,,,,,,,,,,,,,,,,,,,,,,,,,,,,,,,,,,,,,,,,,,,,,,,
decision_alternatives,,,,,,,,,,,,,,,,,,,,,,DAF539F2E2,DECFAD7C285,RETAIN_CASH,0.34,957815.72,2153389.48,0.23,0.47,,,,,,,,,,,,,,,,,,,,,,,,,,,,,,,,,,,,,,,,,,,,,,,,,,,,,,,,,,,,,,,,,
decision_alternatives,,,,,,,,,,,,,,,,,,,,,,DA4F53D4E1,DEC61838417,PAY_NOW,0.8,2145488.51,1518588.18,-0.25,0.43,,,,,,,,,,,,,,,,,,,,,,,,,,,,,,,,,,,,,,,,,,,,,,,,,,,,,,,,,,,,,,,,,
decision_alternatives,,,,,,,,,,,,,,,,,,,,,,DAE7FE3F4E,DEC61838417,PAY_AT_MATURITY,0.12,2397764.46,1674376.53,0.15,0.11,,,,,,,,,,,,,,,,,,,,,,,,,,,,,,,,,,,,,,,,,,,,,,,,,,,,,,,,,,,,,,,,,
decision_alternatives,,,,,,,,,,,,,,,,,,,,,,DA2376A324,DEC61838417,DELAY_PAYMENT,0.34,1229052.18,1255270.28,0.19,0.16,,,,,,,,,,,,,,,,,,,,,,,,,,,,,,,,,,,,,,,,,,,,,,,,,,,,,,,,,,,,,,,,,
decision_alternatives,,,,,,,,,,,,,,,,,,,,,,DAB05925DE,DEC61838417,CAPTURE_DISCOUNT,0.15,3821662.14,1483391.03,0.27,0.63,,,,,,,,,,,,,,,,,,,,,,,,,,,,,,,,,,,,,,,,,,,,,,,,,,,,,,,,,,,,,,,,,
decision_alternatives,,,,,,,,,,,,,,,,,,,,,,DAF7B51A94,DEC61838417,BANK_FINANCE,0.82,1054515.38,1354682.24,-0.26,0.63,,,,,,,,,,,,,,,,,,,,,,,,,,,,,,,,,,,,,,,,,,,,,,,,,,,,,,,,,,,,,,,,,
decision_alternatives,,,,,,,,,,,,,,,,,,,,,,DA9BA517EB,DEC61838417,SUPPLIER_FINANCE,0.29,599728.37,273169.69,0.16,0.85,,,,,,,,,,,,,,,,,,,,,,,,,,,,,,,,,,,,,,,,,,,,,,,,,,,,,,,,,,,,,,,,,
decision_alternatives,,,,,,,,,,,,,,,,,,,,,,DA588C0E8B,DEC61838417,RETAIN_CASH,0.34,3788363.9,1457929.32,-0.02,0.8,,,,,,,,,,,,,,,,,,,,,,,,,,,,,,,,,,,,,,,,,,,,,,,,,,,,,,,,,,,,,,,,,
decision_alternatives,,,,,,,,,,,,,,,,,,,,,,DA8F15C3BC,DEC139E22D7,PAY_NOW,0.93,548877.14,963290.17,0.1,0.86,,,,,,,,,,,,,,,,,,,,,,,,,,,,,,,,,,,,,,,,,,,,,,,,,,,,,,,,,,,,,,,,,
decision_alternatives,,,,,,,,,,,,,,,,,,,,,,DA4453952A,DEC139E22D7,PAY_AT_MATURITY,0.16,1500546.17,1789541.89,0.23,0.44,,,,,,,,,,,,,,,,,,,,,,,,,,,,,,,,,,,,,,,,,,,,,,,,,,,,,,,,,,,,,,,,,
decision_alternatives,,,,,,,,,,,,,,,,,,,,,,DA583D6754,DEC139E22D7,DELAY_PAYMENT,0.75,2845897.01,462258.97,-0.26,0.34,,,,,,,,,,,,,,,,,,,,,,,,,,,,,,,,,,,,,,,,,,,,,,,,,,,,,,,,,,,,,,,,,
decision_alternatives,,,,,,,,,,,,,,,,,,,,,,DA4929F57B,DEC139E22D7,CAPTURE_DISCOUNT,0.83,2770884.06,741929.4,-0.1,0.67,,,,,,,,,,,,,,,,,,,,,,,,,,,,,,,,,,,,,,,,,,,,,,,,,,,,,,,,,,,,,,,,,
decision_alternatives,,,,,,,,,,,,,,,,,,,,,,DA621032B0,DEC139E22D7,BANK_FINANCE,0.23,946439.01,940837.44,0.22,0.6,,,,,,,,,,,,,,,,,,,,,,,,,,,,,,,,,,,,,,,,,,,,,,,,,,,,,,,,,,,,,,,,,
decision_alternatives,,,,,,,,,,,,,,,,,,,,,,DA47331522,DEC139E22D7,SUPPLIER_FINANCE,0.31,2940654.87,251984.66,0.17,0.83,,,,,,,,,,,,,,,,,,,,,,,,,,,,,,,,,,,,,,,,,,,,,,,,,,,,,,,,,,,,,,,,,
decision_alternatives,,,,,,,,,,,,,,,,,,,,,,DA3C4580EC,DEC139E22D7,RETAIN_CASH,0.11,1265869.63,885671.71,-0.29,0.78,,,,,,,,,,,,,,,,,,,,,,,,,,,,,,,,,,,,,,,,,,,,,,,,,,,,,,,,,,,,,,,,,
decision_alternatives,,,,,,,,,,,,,,,,,,,,,,DA331D7E93,DECE9753A95,PAY_NOW,0.82,179747.0,252407.07,0.15,0.68,,,,,,,,,,,,,,,,,,,,,,,,,,,,,,,,,,,,,,,,,,,,,,,,,,,,,,,,,,,,,,,,,
decision_alternatives,,,,,,,,,,,,,,,,,,,,,,DA4A637993,DECE9753A95,PAY_AT_MATURITY,0.43,1100620.81,478381.04,0.01,0.63,,,,,,,,,,,,,,,,,,,,,,,,,,,,,,,,,,,,,,,,,,,,,,,,,,,,,,,,,,,,,,,,,
decision_alternatives,,,,,,,,,,,,,,,,,,,,,,DA34DD469C,DECE9753A95,DELAY_PAYMENT,0.61,1023530.26,648303.16,-0.03,0.6,,,,,,,,,,,,,,,,,,,,,,,,,,,,,,,,,,,,,,,,,,,,,,,,,,,,,,,,,,,,,,,,,
decision_alternatives,,,,,,,,,,,,,,,,,,,,,,DA4FB73071,DECE9753A95,CAPTURE_DISCOUNT,0.18,764591.28,557534.71,0.12,0.45,,,,,,,,,,,,,,,,,,,,,,,,,,,,,,,,,,,,,,,,,,,,,,,,,,,,,,,,,,,,,,,,,
decision_alternatives,,,,,,,,,,,,,,,,,,,,,,DA8AADE396,DECE9753A95,BANK_FINANCE,0.15,179209.52,591059.73,0.29,0.36,,,,,,,,,,,,,,,,,,,,,,,,,,,,,,,,,,,,,,,,,,,,,,,,,,,,,,,,,,,,,,,,,
decision_alternatives,,,,,,,,,,,,,,,,,,,,,,DA4C0D6EBD,DECE9753A95,SUPPLIER_FINANCE,0.44,1208171.84,473305.33,0.13,0.71,,,,,,,,,,,,,,,,,,,,,,,,,,,,,,,,,,,,,,,,,,,,,,,,,,,,,,,,,,,,,,,,,
decision_alternatives,,,,,,,,,,,,,,,,,,,,,,DAAA2C52B6,DECE9753A95,RETAIN_CASH,0.63,613797.18,620636.03,0.24,0.24,,,,,,,,,,,,,,,,,,,,,,,,,,,,,,,,,,,,,,,,,,,,,,,,,,,,,,,,,,,,,,,,,
decision_alternatives,,,,,,,,,,,,,,,,,,,,,,DA6423D4B0,DECA8283E15,PAY_NOW,0.74,1051575.27,96022.71,-0.13,0.78,,,,,,,,,,,,,,,,,,,,,,,,,,,,,,,,,,,,,,,,,,,,,,,,,,,,,,,,,,,,,,,,,
decision_alternatives,,,,,,,,,,,,,,,,,,,,,,DA3A433016,DECA8283E15,PAY_AT_MATURITY,0.87,498540.39,255215.75,-0.04,0.64,,,,,,,,,,,,,,,,,,,,,,,,,,,,,,,,,,,,,,,,,,,,,,,,,,,,,,,,,,,,,,,,,
decision_alternatives,,,,,,,,,,,,,,,,,,,,,,DA22267301,DECA8283E15,DELAY_PAYMENT,0.69,922901.26,193778.85,-0.15,0.48,,,,,,,,,,,,,,,,,,,,,,,,,,,,,,,,,,,,,,,,,,,,,,,,,,,,,,,,,,,,,,,,,
decision_alternatives,,,,,,,,,,,,,,,,,,,,,,DAFBFD3D3E,DECA8283E15,CAPTURE_DISCOUNT,0.76,763284.26,593719.21,0.01,0.83,,,,,,,,,,,,,,,,,,,,,,,,,,,,,,,,,,,,,,,,,,,,,,,,,,,,,,,,,,,,,,,,,
decision_alternatives,,,,,,,,,,,,,,,,,,,,,,DA058A009A,DECA8283E15,BANK_FINANCE,0.64,745319.64,388223.22,0.2,0.82,,,,,,,,,,,,,,,,,,,,,,,,,,,,,,,,,,,,,,,,,,,,,,,,,,,,,,,,,,,,,,,,,
decision_alternatives,,,,,,,,,,,,,,,,,,,,,,DA7AB44AEC,DECA8283E15,SUPPLIER_FINANCE,0.22,755832.43,552393.43,-0.27,0.65,,,,,,,,,,,,,,,,,,,,,,,,,,,,,,,,,,,,,,,,,,,,,,,,,,,,,,,,,,,,,,,,,
decision_alternatives,,,,,,,,,,,,,,,,,,,,,,DAF2E3DE8D,DECA8283E15,RETAIN_CASH,0.72,387134.43,482450.34,0.3,0.17,,,,,,,,,,,,,,,,,,,,,,,,,,,,,,,,,,,,,,,,,,,,,,,,,,,,,,,,,,,,,,,,,
decision_alternatives,,,,,,,,,,,,,,,,,,,,,,DAEA0B0850,DEC1E87F7C1,PAY_NOW,0.91,469777.41,1215159.54,-0.22,0.19,,,,,,,,,,,,,,,,,,,,,,,,,,,,,,,,,,,,,,,,,,,,,,,,,,,,,,,,,,,,,,,,,
decision_alternatives,,,,,,,,,,,,,,,,,,,,,,DAF1FA0497,DEC1E87F7C1,PAY_AT_MATURITY,0.51,790461.36,1034006.98,0.03,0.72,,,,,,,,,,,,,,,,,,,,,,,,,,,,,,,,,,,,,,,,,,,,,,,,,,,,,,,,,,,,,,,,,
decision_alternatives,,,,,,,,,,,,,,,,,,,,,,DA1C003B6E,DEC1E87F7C1,DELAY_PAYMENT,0.49,588043.37,354387.02,0.2,0.39,,,,,,,,,,,,,,,,,,,,,,,,,,,,,,,,,,,,,,,,,,,,,,,,,,,,,,,,,,,,,,,,,
decision_alternatives,,,,,,,,,,,,,,,,,,,,,,DA2D1E82EF,DEC1E87F7C1,CAPTURE_DISCOUNT,0.74,2161339.46,166240.76,-0.24,0.46,,,,,,,,,,,,,,,,,,,,,,,,,,,,,,,,,,,,,,,,,,,,,,,,,,,,,,,,,,,,,,,,,
decision_alternatives,,,,,,,,,,,,,,,,,,,,,,DABF1EEF1C,DEC1E87F7C1,BANK_FINANCE,0.59,578804.66,867001.48,0.16,0.78,,,,,,,,,,,,,,,,,,,,,,,,,,,,,,,,,,,,,,,,,,,,,,,,,,,,,,,,,,,,,,,,,
decision_alternatives,,,,,,,,,,,,,,,,,,,,,,DA068844A2,DEC1E87F7C1,SUPPLIER_FINANCE,0.59,502529.21,777759.95,0.05,0.53,,,,,,,,,,,,,,,,,,,,,,,,,,,,,,,,,,,,,,,,,,,,,,,,,,,,,,,,,,,,,,,,,
decision_alternatives,,,,,,,,,,,,,,,,,,,,,,DA64042B7A,DEC1E87F7C1,RETAIN_CASH,0.46,1714866.32,574715.94,-0.22,0.73,,,,,,,,,,,,,,,,,,,,,,,,,,,,,,,,,,,,,,,,,,,,,,,,,,,,,,,,,,,,,,,,,
decision_alternatives,,,,,,,,,,,,,,,,,,,,,,DA1ED588B1,DECB0CC7D4F,PAY_NOW,0.81,3248244.44,574780.71,0.19,0.83,,,,,,,,,,,,,,,,,,,,,,,,,,,,,,,,,,,,,,,,,,,,,,,,,,,,,,,,,,,,,,,,,
decision_alternatives,,,,,,,,,,,,,,,,,,,,,,DA274D0458,DECB0CC7D4F,PAY_AT_MATURITY,0.2,2978841.85,1958414.81,0.19,0.58,,,,,,,,,,,,,,,,,,,,,,,,,,,,,,,,,,,,,,,,,,,,,,,,,,,,,,,,,,,,,,,,,
decision_alternatives,,,,,,,,,,,,,,,,,,,,,,DAB3F5671D,DECB0CC7D4F,DELAY_PAYMENT,0.48,2099896.58,1746564.44,-0.12,0.74,,,,,,,,,,,,,,,,,,,,,,,,,,,,,,,,,,,,,,,,,,,,,,,,,,,,,,,,,,,,,,,,,
decision_alternatives,,,,,,,,,,,,,,,,,,,,,,DA797C99DC,DECB0CC7D4F,CAPTURE_DISCOUNT,0.19,613607.48,974319.27,-0.08,0.63,,,,,,,,,,,,,,,,,,,,,,,,,,,,,,,,,,,,,,,,,,,,,,,,,,,,,,,,,,,,,,,,,
decision_alternatives,,,,,,,,,,,,,,,,,,,,,,DAA3DFB2FA,DECB0CC7D4F,BANK_FINANCE,0.37,3249466.76,1027069.66,0.18,0.23,,,,,,,,,,,,,,,,,,,,,,,,,,,,,,,,,,,,,,,,,,,,,,,,,,,,,,,,,,,,,,,,,
decision_alternatives,,,,,,,,,,,,,,,,,,,,,,DA887AFFB6,DECB0CC7D4F,SUPPLIER_FINANCE,0.35,3550840.33,1997107.76,0.0,0.47,,,,,,,,,,,,,,,,,,,,,,,,,,,,,,,,,,,,,,,,,,,,,,,,,,,,,,,,,,,,,,,,,
decision_alternatives,,,,,,,,,,,,,,,,,,,,,,DA7C09BBAB,DECB0CC7D4F,RETAIN_CASH,0.37,1588938.3,374186.22,0.18,0.47,,,,,,,,,,,,,,,,,,,,,,,,,,,,,,,,,,,,,,,,,,,,,,,,,,,,,,,,,,,,,,,,,
decision_alternatives,,,,,,,,,,,,,,,,,,,,,,DA4950BF72,DEC5567A021,PAY_NOW,0.44,604736.12,373670.51,0.16,0.44,,,,,,,,,,,,,,,,,,,,,,,,,,,,,,,,,,,,,,,,,,,,,,,,,,,,,,,,,,,,,,,,,
decision_alternatives,,,,,,,,,,,,,,,,,,,,,,DA18FC519C,DEC5567A021,PAY_AT_MATURITY,0.81,731148.9,315422.73,-0.23,0.6,,,,,,,,,,,,,,,,,,,,,,,,,,,,,,,,,,,,,,,,,,,,,,,,,,,,,,,,,,,,,,,,,
decision_alternatives,,,,,,,,,,,,,,,,,,,,,,DA2E3B5B9A,DEC5567A021,DELAY_PAYMENT,0.84,632267.01,407081.07,-0.2,0.26,,,,,,,,,,,,,,,,,,,,,,,,,,,,,,,,,,,,,,,,,,,,,,,,,,,,,,,,,,,,,,,,,
decision_alternatives,,,,,,,,,,,,,,,,,,,,,,DAC2A46E02,DEC5567A021,CAPTURE_DISCOUNT,0.64,457963.54,165132.53,0.03,0.79,,,,,,,,,,,,,,,,,,,,,,,,,,,,,,,,,,,,,,,,,,,,,,,,,,,,,,,,,,,,,,,,,
decision_alternatives,,,,,,,,,,,,,,,,,,,,,,DA30A0AA02,DEC5567A021,BANK_FINANCE,0.74,202053.1,307660.92,0.24,0.46,,,,,,,,,,,,,,,,,,,,,,,,,,,,,,,,,,,,,,,,,,,,,,,,,,,,,,,,,,,,,,,,,
decision_alternatives,,,,,,,,,,,,,,,,,,,,,,DA72C4FD7C,DEC5567A021,SUPPLIER_FINANCE,0.44,455707.35,321460.97,-0.04,0.13,,,,,,,,,,,,,,,,,,,,,,,,,,,,,,,,,,,,,,,,,,,,,,,,,,,,,,,,,,,,,,,,,
decision_alternatives,,,,,,,,,,,,,,,,,,,,,,DAFCE3501F,DEC5567A021,RETAIN_CASH,0.3,793452.66,343646.89,0.19,0.46,,,,,,,,,,,,,,,,,,,,,,,,,,,,,,,,,,,,,,,,,,,,,,,,,,,,,,,,,,,,,,,,,
decision_alternatives,,,,,,,,,,,,,,,,,,,,,,DA1435CFB6,DECBEF7F570,PAY_NOW,0.89,2658952.94,1200173.61,-0.08,0.71,,,,,,,,,,,,,,,,,,,,,,,,,,,,,,,,,,,,,,,,,,,,,,,,,,,,,,,,,,,,,,,,,
decision_alternatives,,,,,,,,,,,,,,,,,,,,,,DA80E0E7B0,DECBEF7F570,PAY_AT_MATURITY,0.84,746040.96,582176.94,-0.18,0.51,,,,,,,,,,,,,,,,,,,,,,,,,,,,,,,,,,,,,,,,,,,,,,,,,,,,,,,,,,,,,,,,,
decision_alternatives,,,,,,,,,,,,,,,,,,,,,,DA22C9D040,DECBEF7F570,DELAY_PAYMENT,0.53,3237102.99,820372.63,-0.15,0.43,,,,,,,,,,,,,,,,,,,,,,,,,,,,,,,,,,,,,,,,,,,,,,,,,,,,,,,,,,,,,,,,,
decision_alternatives,,,,,,,,,,,,,,,,,,,,,,DAA311275C,DECBEF7F570,CAPTURE_DISCOUNT,0.59,670919.55,1296943.41,0.02,0.62,,,,,,,,,,,,,,,,,,,,,,,,,,,,,,,,,,,,,,,,,,,,,,,,,,,,,,,,,,,,,,,,,
decision_alternatives,,,,,,,,,,,,,,,,,,,,,,DA0242E01C,DECBEF7F570,BANK_FINANCE,0.3,2657333.19,307500.73,0.23,0.5,,,,,,,,,,,,,,,,,,,,,,,,,,,,,,,,,,,,,,,,,,,,,,,,,,,,,,,,,,,,,,,,,
decision_alternatives,,,,,,,,,,,,,,,,,,,,,,DA0A561F55,DECBEF7F570,SUPPLIER_FINANCE,0.69,2888466.54,550602.18,0.07,0.84,,,,,,,,,,,,,,,,,,,,,,,,,,,,,,,,,,,,,,,,,,,,,,,,,,,,,,,,,,,,,,,,,
decision_alternatives,,,,,,,,,,,,,,,,,,,,,,DA4D4D02B7,DECBEF7F570,RETAIN_CASH,0.79,2817637.76,1046850.25,-0.1,0.58,,,,,,,,,,,,,,,,,,,,,,,,,,,,,,,,,,,,,,,,,,,,,,,,,,,,,,,,,,,,,,,,,
decision_alternatives,,,,,,,,,,,,,,,,,,,,,,DAC10A19F4,DEC4E673F8E,PAY_NOW,0.83,2931638.84,1893762.18,-0.02,0.52,,,,,,,,,,,,,,,,,,,,,,,,,,,,,,,,,,,,,,,,,,,,,,,,,,,,,,,,,,,,,,,,,
decision_alternatives,,,,,,,,,,,,,,,,,,,,,,DA34FA4E42,DEC4E673F8E,PAY_AT_MATURITY,0.75,3802975.45,1884875.51,0.2,0.69,,,,,,,,,,,,,,,,,,,,,,,,,,,,,,,,,,,,,,,,,,,,,,,,,,,,,,,,,,,,,,,,,
decision_alternatives,,,,,,,,,,,,,,,,,,,,,,DA36CF54CB,DEC4E673F8E,DELAY_PAYMENT,0.14,1634438.57,720000.79,0.11,0.63,,,,,,,,,,,,,,,,,,,,,,,,,,,,,,,,,,,,,,,,,,,,,,,,,,,,,,,,,,,,,,,,,
decision_alternatives,,,,,,,,,,,,,,,,,,,,,,DAD55CF927,DEC4E673F8E,CAPTURE_DISCOUNT,0.36,2551472.32,318784.96,0.05,0.39,,,,,,,,,,,,,,,,,,,,,,,,,,,,,,,,,,,,,,,,,,,,,,,,,,,,,,,,,,,,,,,,,
decision_alternatives,,,,,,,,,,,,,,,,,,,,,,DAD365D408,DEC4E673F8E,BANK_FINANCE,0.88,2554857.7,1338351.44,0.02,0.71,,,,,,,,,,,,,,,,,,,,,,,,,,,,,,,,,,,,,,,,,,,,,,,,,,,,,,,,,,,,,,,,,
decision_alternatives,,,,,,,,,,,,,,,,,,,,,,DA396E6A0F,DEC4E673F8E,SUPPLIER_FINANCE,0.53,2591003.02,322442.05,-0.07,0.16,,,,,,,,,,,,,,,,,,,,,,,,,,,,,,,,,,,,,,,,,,,,,,,,,,,,,,,,,,,,,,,,,
decision_alternatives,,,,,,,,,,,,,,,,,,,,,,DAE41C3426,DEC4E673F8E,RETAIN_CASH,0.63,3107389.33,1503599.35,0.25,0.82,,,,,,,,,,,,,,,,,,,,,,,,,,,,,,,,,,,,,,,,,,,,,,,,,,,,,,,,,,,,,,,,,
decision_alternatives,,,,,,,,,,,,,,,,,,,,,,DA8D024286,DECEAADCBDD,PAY_NOW,0.82,486792.37,176125.86,0.0,0.87,,,,,,,,,,,,,,,,,,,,,,,,,,,,,,,,,,,,,,,,,,,,,,,,,,,,,,,,,,,,,,,,,
decision_alternatives,,,,,,,,,,,,,,,,,,,,,,DA3205FF8B,DECEAADCBDD,PAY_AT_MATURITY,0.52,925771.76,102437.01,0.1,0.59,,,,,,,,,,,,,,,,,,,,,,,,,,,,,,,,,,,,,,,,,,,,,,,,,,,,,,,,,,,,,,,,,
decision_alternatives,,,,,,,,,,,,,,,,,,,,,,DA95CF0648,DECEAADCBDD,DELAY_PAYMENT,0.35,850619.86,558255.22,0.09,0.24,,,,,,,,,,,,,,,,,,,,,,,,,,,,,,,,,,,,,,,,,,,,,,,,,,,,,,,,,,,,,,,,,
decision_alternatives,,,,,,,,,,,,,,,,,,,,,,DA0E7239F5,DECEAADCBDD,CAPTURE_DISCOUNT,0.53,899579.32,543917.53,0.19,0.31,,,,,,,,,,,,,,,,,,,,,,,,,,,,,,,,,,,,,,,,,,,,,,,,,,,,,,,,,,,,,,,,,
decision_alternatives,,,,,,,,,,,,,,,,,,,,,,DA56BD2780,DECEAADCBDD,BANK_FINANCE,0.53,606275.92,235011.0,0.28,0.16,,,,,,,,,,,,,,,,,,,,,,,,,,,,,,,,,,,,,,,,,,,,,,,,,,,,,,,,,,,,,,,,,
decision_alternatives,,,,,,,,,,,,,,,,,,,,,,DA6640CE31,DECEAADCBDD,SUPPLIER_FINANCE,0.34,981539.97,443874.02,-0.21,0.78,,,,,,,,,,,,,,,,,,,,,,,,,,,,,,,,,,,,,,,,,,,,,,,,,,,,,,,,,,,,,,,,,
decision_alternatives,,,,,,,,,,,,,,,,,,,,,,DA09523C95,DECEAADCBDD,RETAIN_CASH,0.57,1085499.95,107217.13,0.15,0.78,,,,,,,,,,,,,,,,,,,,,,,,,,,,,,,,,,,,,,,,,,,,,,,,,,,,,,,,,,,,,,,,,
decision_alternatives,,,,,,,,,,,,,,,,,,,,,,DA10A47D53,DEC8E944D37,PAY_NOW,0.92,2577227.32,289362.39,0.19,0.12,,,,,,,,,,,,,,,,,,,,,,,,,,,,,,,,,,,,,,,,,,,,,,,,,,,,,,,,,,,,,,,,,
decision_alternatives,,,,,,,,,,,,,,,,,,,,,,DAF6F76448,DEC8E944D37,PAY_AT_MATURITY,0.55,3462326.92,431074.4,0.2,0.86,,,,,,,,,,,,,,,,,,,,,,,,,,,,,,,,,,,,,,,,,,,,,,,,,,,,,,,,,,,,,,,,,
decision_alternatives,,,,,,,,,,,,,,,,,,,,,,DA13B836F3,DEC8E944D37,DELAY_PAYMENT,0.17,1113486.26,1296877.22,0.29,0.35,,,,,,,,,,,,,,,,,,,,,,,,,,,,,,,,,,,,,,,,,,,,,,,,,,,,,,,,,,,,,,,,,
decision_alternatives,,,,,,,,,,,,,,,,,,,,,,DA87F3D0B6,DEC8E944D37,CAPTURE_DISCOUNT,0.3,3108223.94,1516818.51,0.25,0.13,,,,,,,,,,,,,,,,,,,,,,,,,,,,,,,,,,,,,,,,,,,,,,,,,,,,,,,,,,,,,,,,,
decision_alternatives,,,,,,,,,,,,,,,,,,,,,,DA51E17374,DEC8E944D37,BANK_FINANCE,0.14,2577805.28,1576429.15,-0.16,0.72,,,,,,,,,,,,,,,,,,,,,,,,,,,,,,,,,,,,,,,,,,,,,,,,,,,,,,,,,,,,,,,,,
decision_alternatives,,,,,,,,,,,,,,,,,,,,,,DA3DC8F74A,DEC8E944D37,SUPPLIER_FINANCE,0.26,3070010.85,899150.52,0.07,0.35,,,,,,,,,,,,,,,,,,,,,,,,,,,,,,,,,,,,,,,,,,,,,,,,,,,,,,,,,,,,,,,,,
decision_alternatives,,,,,,,,,,,,,,,,,,,,,,DA203D7C21,DEC8E944D37,RETAIN_CASH,0.12,2906826.66,494912.24,-0.14,0.71,,,,,,,,,,,,,,,,,,,,,,,,,,,,,,,,,,,,,,,,,,,,,,,,,,,,,,,,,,,,,,,,,
decision_alternatives,,,,,,,,,,,,,,,,,,,,,,DA377E345D,DEC72DBC9B3,PAY_NOW,0.69,253114.42,121662.74,0.17,0.67,,,,,,,,,,,,,,,,,,,,,,,,,,,,,,,,,,,,,,,,,,,,,,,,,,,,,,,,,,,,,,,,,
decision_alternatives,,,,,,,,,,,,,,,,,,,,,,DAE79FD070,DEC72DBC9B3,PAY_AT_MATURITY,0.82,182555.63,102023.78,-0.26,0.42,,,,,,,,,,,,,,,,,,,,,,,,,,,,,,,,,,,,,,,,,,,,,,,,,,,,,,,,,,,,,,,,,
decision_alternatives,,,,,,,,,,,,,,,,,,,,,,DA583E9F02,DEC72DBC9B3,DELAY_PAYMENT,0.74,139249.45,66317.09,-0.1,0.54,,,,,,,,,,,,,,,,,,,,,,,,,,,,,,,,,,,,,,,,,,,,,,,,,,,,,,,,,,,,,,,,,
decision_alternatives,,,,,,,,,,,,,,,,,,,,,,DAC0CC3B00,DEC72DBC9B3,CAPTURE_DISCOUNT,0.72,226474.7,18893.65,-0.01,0.76,,,,,,,,,,,,,,,,,,,,,,,,,,,,,,,,,,,,,,,,,,,,,,,,,,,,,,,,,,,,,,,,,
decision_alternatives,,,,,,,,,,,,,,,,,,,,,,DAFBF9F0BE,DEC72DBC9B3,BANK_FINANCE,0.86,48961.06,19597.28,0.18,0.74,,,,,,,,,,,,,,,,,,,,,,,,,,,,,,,,,,,,,,,,,,,,,,,,,,,,,,,,,,,,,,,,,
decision_alternatives,,,,,,,,,,,,,,,,,,,,,,DA062ACD7C,DEC72DBC9B3,SUPPLIER_FINANCE,0.86,142679.18,119019.34,0.13,0.25,,,,,,,,,,,,,,,,,,,,,,,,,,,,,,,,,,,,,,,,,,,,,,,,,,,,,,,,,,,,,,,,,
decision_alternatives,,,,,,,,,,,,,,,,,,,,,,DA35A019C7,DEC72DBC9B3,RETAIN_CASH,0.52,247057.75,79685.68,0.03,0.86,,,,,,,,,,,,,,,,,,,,,,,,,,,,,,,,,,,,,,,,,,,,,,,,,,,,,,,,,,,,,,,,,
decision_alternatives,,,,,,,,,,,,,,,,,,,,,,DA9C40F5E0,DECC05B7437,PAY_NOW,0.86,641148.72,827804.47,0.13,0.4,,,,,,,,,,,,,,,,,,,,,,,,,,,,,,,,,,,,,,,,,,,,,,,,,,,,,,,,,,,,,,,,,
decision_alternatives,,,,,,,,,,,,,,,,,,,,,,DACB47ACF3,DECC05B7437,PAY_AT_MATURITY,0.77,984855.88,871817.67,0.19,0.67,,,,,,,,,,,,,,,,,,,,,,,,,,,,,,,,,,,,,,,,,,,,,,,,,,,,,,,,,,,,,,,,,
decision_alternatives,,,,,,,,,,,,,,,,,,,,,,DAEC2A348B,DECC05B7437,DELAY_PAYMENT,0.13,1894526.92,228174.97,-0.0,0.74,,,,,,,,,,,,,,,,,,,,,,,,,,,,,,,,,,,,,,,,,,,,,,,,,,,,,,,,,,,,,,,,,
decision_alternatives,,,,,,,,,,,,,,,,,,,,,,DA41ACAEFC,DECC05B7437,CAPTURE_DISCOUNT,0.75,1176520.82,784763.13,-0.29,0.72,,,,,,,,,,,,,,,,,,,,,,,,,,,,,,,,,,,,,,,,,,,,,,,,,,,,,,,,,,,,,,,,,
decision_alternatives,,,,,,,,,,,,,,,,,,,,,,DA2669D754,DECC05B7437,BANK_FINANCE,0.3,1680428.04,489409.43,0.13,0.61,,,,,,,,,,,,,,,,,,,,,,,,,,,,,,,,,,,,,,,,,,,,,,,,,,,,,,,,,,,,,,,,,
decision_alternatives,,,,,,,,,,,,,,,,,,,,,,DAE8B282D8,DECC05B7437,SUPPLIER_FINANCE,0.76,274035.14,342687.79,0.17,0.21,,,,,,,,,,,,,,,,,,,,,,,,,,,,,,,,,,,,,,,,,,,,,,,,,,,,,,,,,,,,,,,,,
decision_alternatives,,,,,,,,,,,,,,,,,,,,,,DA712CCEBA,DECC05B7437,RETAIN_CASH,0.84,1445619.96,230743.67,0.11,0.84,,,,,,,,,,,,,,,,,,,,,,,,,,,,,,,,,,,,,,,,,,,,,,,,,,,,,,,,,,,,,,,,,
decision_alternatives,,,,,,,,,,,,,,,,,,,,,,DA0C12319D,DEC048F2161,PAY_NOW,0.92,597104.61,285310.36,0.22,0.33,,,,,,,,,,,,,,,,,,,,,,,,,,,,,,,,,,,,,,,,,,,,,,,,,,,,,,,,,,,,,,,,,
decision_alternatives,,,,,,,,,,,,,,,,,,,,,,DA032AAD87,DEC048F2161,PAY_AT_MATURITY,0.35,122709.37,438278.56,0.16,0.56,,,,,,,,,,,,,,,,,,,,,,,,,,,,,,,,,,,,,,,,,,,,,,,,,,,,,,,,,,,,,,,,,
decision_alternatives,,,,,,,,,,,,,,,,,,,,,,DA9B3E60E4,DEC048F2161,DELAY_PAYMENT,0.57,690582.81,153851.05,-0.04,0.55,,,,,,,,,,,,,,,,,,,,,,,,,,,,,,,,,,,,,,,,,,,,,,,,,,,,,,,,,,,,,,,,,
decision_alternatives,,,,,,,,,,,,,,,,,,,,,,DA5EDB09F9,DEC048F2161,CAPTURE_DISCOUNT,0.7,918218.97,393839.71,-0.04,0.25,,,,,,,,,,,,,,,,,,,,,,,,,,,,,,,,,,,,,,,,,,,,,,,,,,,,,,,,,,,,,,,,,
decision_alternatives,,,,,,,,,,,,,,,,,,,,,,DA8E4015CE,DEC048F2161,BANK_FINANCE,0.53,290351.22,103158.75,-0.09,0.64,,,,,,,,,,,,,,,,,,,,,,,,,,,,,,,,,,,,,,,,,,,,,,,,,,,,,,,,,,,,,,,,,
decision_alternatives,,,,,,,,,,,,,,,,,,,,,,DA05750A39,DEC048F2161,SUPPLIER_FINANCE,0.43,598058.59,303899.74,0.18,0.49,,,,,,,,,,,,,,,,,,,,,,,,,,,,,,,,,,,,,,,,,,,,,,,,,,,,,,,,,,,,,,,,,
decision_alternatives,,,,,,,,,,,,,,,,,,,,,,DA26A73937,DEC048F2161,RETAIN_CASH,0.74,396199.05,88914.63,0.26,0.75,,,,,,,,,,,,,,,,,,,,,,,,,,,,,,,,,,,,,,,,,,,,,,,,,,,,,,,,,,,,,,,,,
decision_alternatives,,,,,,,,,,,,,,,,,,,,,,DA6415ABA1,DECB33674D0,PAY_NOW,0.26,1556295.39,172954.06,-0.28,0.55,,,,,,,,,,,,,,,,,,,,,,,,,,,,,,,,,,,,,,,,,,,,,,,,,,,,,,,,,,,,,,,,,
decision_alternatives,,,,,,,,,,,,,,,,,,,,,,DA44842D39,DECB33674D0,PAY_AT_MATURITY,0.73,264791.29,176383.6,0.19,0.44,,,,,,,,,,,,,,,,,,,,,,,,,,,,,,,,,,,,,,,,,,,,,,,,,,,,,,,,,,,,,,,,,
decision_alternatives,,,,,,,,,,,,,,,,,,,,,,DAAE97B692,DECB33674D0,DELAY_PAYMENT,0.56,1638413.4,300538.06,0.12,0.14,,,,,,,,,,,,,,,,,,,,,,,,,,,,,,,,,,,,,,,,,,,,,,,,,,,,,,,,,,,,,,,,,
decision_alternatives,,,,,,,,,,,,,,,,,,,,,,DA23C8D5BF,DECB33674D0,CAPTURE_DISCOUNT,0.28,1607605.63,241900.47,-0.05,0.19,,,,,,,,,,,,,,,,,,,,,,,,,,,,,,,,,,,,,,,,,,,,,,,,,,,,,,,,,,,,,,,,,
decision_alternatives,,,,,,,,,,,,,,,,,,,,,,DA1532CC1F,DECB33674D0,BANK_FINANCE,0.74,546740.79,386535.16,-0.09,0.68,,,,,,,,,,,,,,,,,,,,,,,,,,,,,,,,,,,,,,,,,,,,,,,,,,,,,,,,,,,,,,,,,
decision_alternatives,,,,,,,,,,,,,,,,,,,,,,DA65DDF329,DECB33674D0,SUPPLIER_FINANCE,0.2,619451.91,624526.99,-0.03,0.57,,,,,,,,,,,,,,,,,,,,,,,,,,,,,,,,,,,,,,,,,,,,,,,,,,,,,,,,,,,,,,,,,
decision_alternatives,,,,,,,,,,,,,,,,,,,,,,DAC555E996,DECB33674D0,RETAIN_CASH,0.15,378261.17,706657.03,-0.13,0.85,,,,,,,,,,,,,,,,,,,,,,,,,,,,,,,,,,,,,,,,,,,,,,,,,,,,,,,,,,,,,,,,,
decision_alternatives,,,,,,,,,,,,,,,,,,,,,,DA35F56D07,DEC6276426A,PAY_NOW,0.94,585341.3,506220.52,0.11,0.42,,,,,,,,,,,,,,,,,,,,,,,,,,,,,,,,,,,,,,,,,,,,,,,,,,,,,,,,,,,,,,,,,
decision_alternatives,,,,,,,,,,,,,,,,,,,,,,DAFCB75365,DEC6276426A,PAY_AT_MATURITY,0.21,465439.11,1211391.77,0.21,0.32,,,,,,,,,,,,,,,,,,,,,,,,,,,,,,,,,,,,,,,,,,,,,,,,,,,,,,,,,,,,,,,,,
decision_alternatives,,,,,,,,,,,,,,,,,,,,,,DA17B6A086,DEC6276426A,DELAY_PAYMENT,0.61,1799588.25,211216.54,-0.07,0.69,,,,,,,,,,,,,,,,,,,,,,,,,,,,,,,,,,,,,,,,,,,,,,,,,,,,,,,,,,,,,,,,,
decision_alternatives,,,,,,,,,,,,,,,,,,,,,,DAD44F77AE,DEC6276426A,CAPTURE_DISCOUNT,0.59,2241853.86,948220.68,-0.16,0.58,,,,,,,,,,,,,,,,,,,,,,,,,,,,,,,,,,,,,,,,,,,,,,,,,,,,,,,,,,,,,,,,,
decision_alternatives,,,,,,,,,,,,,,,,,,,,,,DA11DCB62B,DEC6276426A,BANK_FINANCE,0.65,441236.4,388749.38,-0.22,0.68,,,,,,,,,,,,,,,,,,,,,,,,,,,,,,,,,,,,,,,,,,,,,,,,,,,,,,,,,,,,,,,,,
decision_alternatives,,,,,,,,,,,,,,,,,,,,,,DAA12E677B,DEC6276426A,SUPPLIER_FINANCE,0.12,1391502.82,1237581.13,-0.24,0.55,,,,,,,,,,,,,,,,,,,,,,,,,,,,,,,,,,,,,,,,,,,,,,,,,,,,,,,,,,,,,,,,,
decision_alternatives,,,,,,,,,,,,,,,,,,,,,,DA137BC334,DEC6276426A,RETAIN_CASH,0.42,387584.06,233577.84,0.08,0.27,,,,,,,,,,,,,,,,,,,,,,,,,,,,,,,,,,,,,,,,,,,,,,,,,,,,,,,,,,,,,,,,,
decision_alternatives,,,,,,,,,,,,,,,,,,,,,,DA7E4AE38B,DECEB2956A2,PAY_NOW,0.87,1900457.64,576695.43,0.2,0.15,,,,,,,,,,,,,,,,,,,,,,,,,,,,,,,,,,,,,,,,,,,,,,,,,,,,,,,,,,,,,,,,,
decision_alternatives,,,,,,,,,,,,,,,,,,,,,,DA5E629296,DECEB2956A2,PAY_AT_MATURITY,0.33,2109180.97,1152763.02,0.04,0.51,,,,,,,,,,,,,,,,,,,,,,,,,,,,,,,,,,,,,,,,,,,,,,,,,,,,,,,,,,,,,,,,,
decision_alternatives,,,,,,,,,,,,,,,,,,,,,,DAE231142A,DECEB2956A2,DELAY_PAYMENT,0.87,1853416.22,1063654.78,-0.24,0.6,,,,,,,,,,,,,,,,,,,,,,,,,,,,,,,,,,,,,,,,,,,,,,,,,,,,,,,,,,,,,,,,,
decision_alternatives,,,,,,,,,,,,,,,,,,,,,,DAEB44BBBF,DECEB2956A2,CAPTURE_DISCOUNT,0.88,2155401.96,571561.14,-0.16,0.15,,,,,,,,,,,,,,,,,,,,,,,,,,,,,,,,,,,,,,,,,,,,,,,,,,,,,,,,,,,,,,,,,
decision_alternatives,,,,,,,,,,,,,,,,,,,,,,DA8A6B73A5,DECEB2956A2,BANK_FINANCE,0.67,2141693.64,299450.4,0.05,0.54,,,,,,,,,,,,,,,,,,,,,,,,,,,,,,,,,,,,,,,,,,,,,,,,,,,,,,,,,,,,,,,,,
decision_alternatives,,,,,,,,,,,,,,,,,,,,,,DA62085F48,DECEB2956A2,SUPPLIER_FINANCE,0.38,2634728.79,480412.74,0.09,0.2,,,,,,,,,,,,,,,,,,,,,,,,,,,,,,,,,,,,,,,,,,,,,,,,,,,,,,,,,,,,,,,,,
decision_alternatives,,,,,,,,,,,,,,,,,,,,,,DAD188414A,DECEB2956A2,RETAIN_CASH,0.16,3101260.35,1483738.58,-0.15,0.31,,,,,,,,,,,,,,,,,,,,,,,,,,,,,,,,,,,,,,,,,,,,,,,,,,,,,,,,,,,,,,,,,
decision_alternatives,,,,,,,,,,,,,,,,,,,,,,DA2EA1D8A1,DEC0FFAE293,PAY_NOW,0.82,4046443.76,1711332.79,0.29,0.34,,,,,,,,,,,,,,,,,,,,,,,,,,,,,,,,,,,,,,,,,,,,,,,,,,,,,,,,,,,,,,,,,
decision_alternatives,,,,,,,,,,,,,,,,,,,,,,DA2CD0995E,DEC0FFAE293,PAY_AT_MATURITY,0.84,2980516.29,1308977.29,-0.11,0.31,,,,,,,,,,,,,,,,,,,,,,,,,,,,,,,,,,,,,,,,,,,,,,,,,,,,,,,,,,,,,,,,,
decision_alternatives,,,,,,,,,,,,,,,,,,,,,,DA19DD4B69,DEC0FFAE293,DELAY_PAYMENT,0.42,1993047.15,579448.91,-0.24,0.67,,,,,,,,,,,,,,,,,,,,,,,,,,,,,,,,,,,,,,,,,,,,,,,,,,,,,,,,,,,,,,,,,
decision_alternatives,,,,,,,,,,,,,,,,,,,,,,DA52D355FF,DEC0FFAE293,CAPTURE_DISCOUNT,0.57,4411188.46,745475.5,-0.17,0.56,,,,,,,,,,,,,,,,,,,,,,,,,,,,,,,,,,,,,,,,,,,,,,,,,,,,,,,,,,,,,,,,,
decision_alternatives,,,,,,,,,,,,,,,,,,,,,,DACB64C126,DEC0FFAE293,BANK_FINANCE,0.62,2200631.64,1935803.35,0.2,0.6,,,,,,,,,,,,,,,,,,,,,,,,,,,,,,,,,,,,,,,,,,,,,,,,,,,,,,,,,,,,,,,,,
decision_alternatives,,,,,,,,,,,,,,,,,,,,,,DAC7C29D02,DEC0FFAE293,SUPPLIER_FINANCE,0.2,3413440.95,807180.03,0.21,0.23,,,,,,,,,,,,,,,,,,,,,,,,,,,,,,,,,,,,,,,,,,,,,,,,,,,,,,,,,,,,,,,,,
decision_alternatives,,,,,,,,,,,,,,,,,,,,,,DA35D6B173,DEC0FFAE293,RETAIN_CASH,0.13,4413386.07,1850145.21,-0.03,0.39,,,,,,,,,,,,,,,,,,,,,,,,,,,,,,,,,,,,,,,,,,,,,,,,,,,,,,,,,,,,,,,,,
decision_alternatives,,,,,,,,,,,,,,,,,,,,,,DADE04102B,DEC6E4392B6,PAY_NOW,0.88,2627531.34,1309556.81,0.12,0.18,,,,,,,,,,,,,,,,,,,,,,,,,,,,,,,,,,,,,,,,,,,,,,,,,,,,,,,,,,,,,,,,,
decision_alternatives,,,,,,,,,,,,,,,,,,,,,,DAA51CB0E0,DEC6E4392B6,PAY_AT_MATURITY,0.71,1000129.09,679810.01,-0.27,0.28,,,,,,,,,,,,,,,,,,,,,,,,,,,,,,,,,,,,,,,,,,,,,,,,,,,,,,,,,,,,,,,,,
decision_alternatives,,,,,,,,,,,,,,,,,,,,,,DA88A1A922,DEC6E4392B6,DELAY_PAYMENT,0.36,1371642.12,559448.19,0.0,0.38,,,,,,,,,,,,,,,,,,,,,,,,,,,,,,,,,,,,,,,,,,,,,,,,,,,,,,,,,,,,,,,,,
decision_alternatives,,,,,,,,,,,,,,,,,,,,,,DA69D662C2,DEC6E4392B6,CAPTURE_DISCOUNT,0.36,1394920.51,1406325.44,0.09,0.7,,,,,,,,,,,,,,,,,,,,,,,,,,,,,,,,,,,,,,,,,,,,,,,,,,,,,,,,,,,,,,,,,
decision_alternatives,,,,,,,,,,,,,,,,,,,,,,DA609DE745,DEC6E4392B6,BANK_FINANCE,0.43,1187533.0,962816.79,0.16,0.11,,,,,,,,,,,,,,,,,,,,,,,,,,,,,,,,,,,,,,,,,,,,,,,,,,,,,,,,,,,,,,,,,
decision_alternatives,,,,,,,,,,,,,,,,,,,,,,DA249F862B,DEC6E4392B6,SUPPLIER_FINANCE,0.18,2158833.74,888959.95,-0.2,0.85,,,,,,,,,,,,,,,,,,,,,,,,,,,,,,,,,,,,,,,,,,,,,,,,,,,,,,,,,,,,,,,,,
decision_alternatives,,,,,,,,,,,,,,,,,,,,,,DA3FE1FFD0,DEC6E4392B6,RETAIN_CASH,0.47,2456415.05,1154068.75,-0.1,0.29,,,,,,,,,,,,,,,,,,,,,,,,,,,,,,,,,,,,,,,,,,,,,,,,,,,,,,,,,,,,,,,,,
decision_alternatives,,,,,,,,,,,,,,,,,,,,,,DAF121730B,DEC31A79864,PAY_NOW,0.84,1421460.34,589074.55,0.29,0.46,,,,,,,,,,,,,,,,,,,,,,,,,,,,,,,,,,,,,,,,,,,,,,,,,,,,,,,,,,,,,,,,,
decision_alternatives,,,,,,,,,,,,,,,,,,,,,,DAB0F3DA0C,DEC31A79864,PAY_AT_MATURITY,0.3,708003.14,599680.25,-0.13,0.65,,,,,,,,,,,,,,,,,,,,,,,,,,,,,,,,,,,,,,,,,,,,,,,,,,,,,,,,,,,,,,,,,
decision_alternatives,,,,,,,,,,,,,,,,,,,,,,DAAF170560,DEC31A79864,DELAY_PAYMENT,0.18,533973.27,651822.62,-0.09,0.28,,,,,,,,,,,,,,,,,,,,,,,,,,,,,,,,,,,,,,,,,,,,,,,,,,,,,,,,,,,,,,,,,
decision_alternatives,,,,,,,,,,,,,,,,,,,,,,DACA94C10F,DEC31A79864,CAPTURE_DISCOUNT,0.66,645078.39,727643.86,0.15,0.68,,,,,,,,,,,,,,,,,,,,,,,,,,,,,,,,,,,,,,,,,,,,,,,,,,,,,,,,,,,,,,,,,
decision_alternatives,,,,,,,,,,,,,,,,,,,,,,DAFB36E8B0,DEC31A79864,BANK_FINANCE,0.62,1018554.02,251062.93,-0.22,0.49,,,,,,,,,,,,,,,,,,,,,,,,,,,,,,,,,,,,,,,,,,,,,,,,,,,,,,,,,,,,,,,,,
decision_alternatives,,,,,,,,,,,,,,,,,,,,,,DAFA63EB68,DEC31A79864,SUPPLIER_FINANCE,0.75,1485480.16,472953.96,0.16,0.3,,,,,,,,,,,,,,,,,,,,,,,,,,,,,,,,,,,,,,,,,,,,,,,,,,,,,,,,,,,,,,,,,
decision_alternatives,,,,,,,,,,,,,,,,,,,,,,DA2D455568,DEC31A79864,RETAIN_CASH,0.3,1282666.1,478683.27,-0.29,0.57,,,,,,,,,,,,,,,,,,,,,,,,,,,,,,,,,,,,,,,,,,,,,,,,,,,,,,,,,,,,,,,,,
decision_alternatives,,,,,,,,,,,,,,,,,,,,,,DA45E2AECA,DEC5A8FCA5F,PAY_NOW,0.91,635264.1,129290.26,-0.12,0.7,,,,,,,,,,,,,,,,,,,,,,,,,,,,,,,,,,,,,,,,,,,,,,,,,,,,,,,,,,,,,,,,,
decision_alternatives,,,,,,,,,,,,,,,,,,,,,,DA0E13BE22,DEC5A8FCA5F,PAY_AT_MATURITY,0.29,193509.64,166344.75,-0.12,0.63,,,,,,,,,,,,,,,,,,,,,,,,,,,,,,,,,,,,,,,,,,,,,,,,,,,,,,,,,,,,,,,,,
decision_alternatives,,,,,,,,,,,,,,,,,,,,,,DA0CD3FC0C,DEC5A8FCA5F,DELAY_PAYMENT,0.72,461230.81,181338.82,0.1,0.47,,,,,,,,,,,,,,,,,,,,,,,,,,,,,,,,,,,,,,,,,,,,,,,,,,,,,,,,,,,,,,,,,
decision_alternatives,,,,,,,,,,,,,,,,,,,,,,DAE8A7D00E,DEC5A8FCA5F,CAPTURE_DISCOUNT,0.31,149124.76,325860.24,-0.07,0.82,,,,,,,,,,,,,,,,,,,,,,,,,,,,,,,,,,,,,,,,,,,,,,,,,,,,,,,,,,,,,,,,,
decision_alternatives,,,,,,,,,,,,,,,,,,,,,,DA929F3661,DEC5A8FCA5F,BANK_FINANCE,0.53,446873.53,262873.28,-0.01,0.12,,,,,,,,,,,,,,,,,,,,,,,,,,,,,,,,,,,,,,,,,,,,,,,,,,,,,,,,,,,,,,,,,
decision_alternatives,,,,,,,,,,,,,,,,,,,,,,DA5F316F27,DEC5A8FCA5F,SUPPLIER_FINANCE,0.78,265683.41,174392.49,0.08,0.19,,,,,,,,,,,,,,,,,,,,,,,,,,,,,,,,,,,,,,,,,,,,,,,,,,,,,,,,,,,,,,,,,
decision_alternatives,,,,,,,,,,,,,,,,,,,,,,DA973A016E,DEC5A8FCA5F,RETAIN_CASH,0.8,464112.67,91769.56,-0.21,0.45,,,,,,,,,,,,,,,,,,,,,,,,,,,,,,,,,,,,,,,,,,,,,,,,,,,,,,,,,,,,,,,,,
decision_alternatives,,,,,,,,,,,,,,,,,,,,,,DA1EB0CC73,DECE3DF1C8B,PAY_NOW,0.81,578710.67,106680.67,-0.07,0.9,,,,,,,,,,,,,,,,,,,,,,,,,,,,,,,,,,,,,,,,,,,,,,,,,,,,,,,,,,,,,,,,,
decision_alternatives,,,,,,,,,,,,,,,,,,,,,,DA8985E04F,DECE3DF1C8B,PAY_AT_MATURITY,0.17,468163.83,382407.06,0.06,0.44,,,,,,,,,,,,,,,,,,,,,,,,,,,,,,,,,,,,,,,,,,,,,,,,,,,,,,,,,,,,,,,,,
decision_alternatives,,,,,,,,,,,,,,,,,,,,,,DA065D81A4,DECE3DF1C8B,DELAY_PAYMENT,0.9,755024.64,140249.26,-0.08,0.41,,,,,,,,,,,,,,,,,,,,,,,,,,,,,,,,,,,,,,,,,,,,,,,,,,,,,,,,,,,,,,,,,
decision_alternatives,,,,,,,,,,,,,,,,,,,,,,DA8A55951F,DECE3DF1C8B,CAPTURE_DISCOUNT,0.4,242483.7,256350.69,0.19,0.48,,,,,,,,,,,,,,,,,,,,,,,,,,,,,,,,,,,,,,,,,,,,,,,,,,,,,,,,,,,,,,,,,
decision_alternatives,,,,,,,,,,,,,,,,,,,,,,DA55DA3FAF,DECE3DF1C8B,BANK_FINANCE,0.74,356430.03,153127.29,0.19,0.56,,,,,,,,,,,,,,,,,,,,,,,,,,,,,,,,,,,,,,,,,,,,,,,,,,,,,,,,,,,,,,,,,
decision_alternatives,,,,,,,,,,,,,,,,,,,,,,DA96F2F97D,DECE3DF1C8B,SUPPLIER_FINANCE,0.78,322084.18,98038.73,-0.17,0.47,,,,,,,,,,,,,,,,,,,,,,,,,,,,,,,,,,,,,,,,,,,,,,,,,,,,,,,,,,,,,,,,,
decision_alternatives,,,,,,,,,,,,,,,,,,,,,,DA5D30B3B3,DECE3DF1C8B,RETAIN_CASH,0.73,176509.32,383046.63,0.0,0.35,,,,,,,,,,,,,,,,,,,,,,,,,,,,,,,,,,,,,,,,,,,,,,,,,,,,,,,,,,,,,,,,,
decision_alternatives,,,,,,,,,,,,,,,,,,,,,,DA3FE27FB1,DECF84F3BE2,PAY_NOW,0.83,464132.67,285941.36,0.03,0.79,,,,,,,,,,,,,,,,,,,,,,,,,,,,,,,,,,,,,,,,,,,,,,,,,,,,,,,,,,,,,,,,,
decision_alternatives,,,,,,,,,,,,,,,,,,,,,,DA510CF5A2,DECF84F3BE2,PAY_AT_MATURITY,0.69,450597.24,253660.07,0.11,0.45,,,,,,,,,,,,,,,,,,,,,,,,,,,,,,,,,,,,,,,,,,,,,,,,,,,,,,,,,,,,,,,,,
decision_alternatives,,,,,,,,,,,,,,,,,,,,,,DA241B0D89,DECF84F3BE2,DELAY_PAYMENT,0.46,394245.68,234687.23,-0.28,0.48,,,,,,,,,,,,,,,,,,,,,,,,,,,,,,,,,,,,,,,,,,,,,,,,,,,,,,,,,,,,,,,,,
decision_alternatives,,,,,,,,,,,,,,,,,,,,,,DA5BD58802,DECF84F3BE2,CAPTURE_DISCOUNT,0.7,322892.51,76087.38,-0.07,0.42,,,,,,,,,,,,,,,,,,,,,,,,,,,,,,,,,,,,,,,,,,,,,,,,,,,,,,,,,,,,,,,,,
decision_alternatives,,,,,,,,,,,,,,,,,,,,,,DA3E6329E4,DECF84F3BE2,BANK_FINANCE,0.45,461347.52,203668.85,-0.12,0.89,,,,,,,,,,,,,,,,,,,,,,,,,,,,,,,,,,,,,,,,,,,,,,,,,,,,,,,,,,,,,,,,,
decision_alternatives,,,,,,,,,,,,,,,,,,,,,,DA3291FB7B,DECF84F3BE2,SUPPLIER_FINANCE,0.51,312607.21,272926.81,-0.16,0.68,,,,,,,,,,,,,,,,,,,,,,,,,,,,,,,,,,,,,,,,,,,,,,,,,,,,,,,,,,,,,,,,,
decision_alternatives,,,,,,,,,,,,,,,,,,,,,,DAA91475EA,DECF84F3BE2,RETAIN_CASH,0.63,361164.54,106325.39,-0.06,0.38,,,,,,,,,,,,,,,,,,,,,,,,,,,,,,,,,,,,,,,,,,,,,,,,,,,,,,,,,,,,,,,,,
decision_alternatives,,,,,,,,,,,,,,,,,,,,,,DA13B7DCC6,DECFC350295,PAY_NOW,0.91,637890.61,1956026.26,0.15,0.49,,,,,,,,,,,,,,,,,,,,,,,,,,,,,,,,,,,,,,,,,,,,,,,,,,,,,,,,,,,,,,,,,
decision_alternatives,,,,,,,,,,,,,,,,,,,,,,DA204772FF,DECFC350295,PAY_AT_MATURITY,0.38,1333682.26,865794.89,0.25,0.46,,,,,,,,,,,,,,,,,,,,,,,,,,,,,,,,,,,,,,,,,,,,,,,,,,,,,,,,,,,,,,,,,
decision_alternatives,,,,,,,,,,,,,,,,,,,,,,DA8B147ECB,DECFC350295,DELAY_PAYMENT,0.3,1014185.64,1192388.8,0.16,0.34,,,,,,,,,,,,,,,,,,,,,,,,,,,,,,,,,,,,,,,,,,,,,,,,,,,,,,,,,,,,,,,,,
decision_alternatives,,,,,,,,,,,,,,,,,,,,,,DAE7AB9D21,DECFC350295,CAPTURE_DISCOUNT,0.62,3443824.1,1847824.91,0.01,0.38,,,,,,,,,,,,,,,,,,,,,,,,,,,,,,,,,,,,,,,,,,,,,,,,,,,,,,,,,,,,,,,,,
decision_alternatives,,,,,,,,,,,,,,,,,,,,,,DA5E2FE629,DECFC350295,BANK_FINANCE,0.34,2832304.84,1439318.6,-0.1,0.52,,,,,,,,,,,,,,,,,,,,,,,,,,,,,,,,,,,,,,,,,,,,,,,,,,,,,,,,,,,,,,,,,
decision_alternatives,,,,,,,,,,,,,,,,,,,,,,DAD1B278A4,DECFC350295,SUPPLIER_FINANCE,0.68,647154.68,644677.6,0.16,0.41,,,,,,,,,,,,,,,,,,,,,,,,,,,,,,,,,,,,,,,,,,,,,,,,,,,,,,,,,,,,,,,,,
decision_alternatives,,,,,,,,,,,,,,,,,,,,,,DA54802ED3,DECFC350295,RETAIN_CASH,0.28,4544268.81,1388576.51,-0.04,0.21,,,,,,,,,,,,,,,,,,,,,,,,,,,,,,,,,,,,,,,,,,,,,,,,,,,,,,,,,,,,,,,,,
decision_alternatives,,,,,,,,,,,,,,,,,,,,,,DA8A35D3B3,DEC4BDC762E,PAY_NOW,0.89,1110297.31,1608829.62,-0.05,0.66,,,,,,,,,,,,,,,,,,,,,,,,,,,,,,,,,,,,,,,,,,,,,,,,,,,,,,,,,,,,,,,,,
decision_alternatives,,,,,,,,,,,,,,,,,,,,,,DA4A90A0A8,DEC4BDC762E,PAY_AT_MATURITY,0.41,4235854.39,476785.97,0.21,0.78,,,,,,,,,,,,,,,,,,,,,,,,,,,,,,,,,,,,,,,,,,,,,,,,,,,,,,,,,,,,,,,,,
decision_alternatives,,,,,,,,,,,,,,,,,,,,,,DA98E9B1AB,DEC4BDC762E,DELAY_PAYMENT,0.27,1785699.55,1913629.92,-0.1,0.66,,,,,,,,,,,,,,,,,,,,,,,,,,,,,,,,,,,,,,,,,,,,,,,,,,,,,,,,,,,,,,,,,
decision_alternatives,,,,,,,,,,,,,,,,,,,,,,DA2B62A0C3,DEC4BDC762E,CAPTURE_DISCOUNT,0.37,679352.48,2383229.01,-0.2,0.31,,,,,,,,,,,,,,,,,,,,,,,,,,,,,,,,,,,,,,,,,,,,,,,,,,,,,,,,,,,,,,,,,
decision_alternatives,,,,,,,,,,,,,,,,,,,,,,DACD5518AE,DEC4BDC762E,BANK_FINANCE,0.9,1155245.86,1496562.6,-0.3,0.47,,,,,,,,,,,,,,,,,,,,,,,,,,,,,,,,,,,,,,,,,,,,,,,,,,,,,,,,,,,,,,,,,
decision_alternatives,,,,,,,,,,,,,,,,,,,,,,DA4AD50C58,DEC4BDC762E,SUPPLIER_FINANCE,0.3,1484421.03,1529101.12,0.18,0.18,,,,,,,,,,,,,,,,,,,,,,,,,,,,,,,,,,,,,,,,,,,,,,,,,,,,,,,,,,,,,,,,,
decision_alternatives,,,,,,,,,,,,,,,,,,,,,,DAABD4F56F,DEC4BDC762E,RETAIN_CASH,0.49,4604564.54,713463.89,0.2,0.29,,,,,,,,,,,,,,,,,,,,,,,,,,,,,,,,,,,,,,,,,,,,,,,,,,,,,,,,,,,,,,,,,
decision_alternatives,,,,,,,,,,,,,,,,,,,,,,DA50059A52,DECB205C000,PAY_NOW,0.81,210869.03,369014.1,-0.01,0.24,,,,,,,,,,,,,,,,,,,,,,,,,,,,,,,,,,,,,,,,,,,,,,,,,,,,,,,,,,,,,,,,,
decision_alternatives,,,,,,,,,,,,,,,,,,,,,,DA85D69689,DECB205C000,PAY_AT_MATURITY,0.36,160576.83,153393.98,0.15,0.39,,,,,,,,,,,,,,,,,,,,,,,,,,,,,,,,,,,,,,,,,,,,,,,,,,,,,,,,,,,,,,,,,
decision_alternatives,,,,,,,,,,,,,,,,,,,,,,DA2DDCCBFF,DECB205C000,DELAY_PAYMENT,0.9,1105037.68,594506.88,0.14,0.4,,,,,,,,,,,,,,,,,,,,,,,,,,,,,,,,,,,,,,,,,,,,,,,,,,,,,,,,,,,,,,,,,
decision_alternatives,,,,,,,,,,,,,,,,,,,,,,DA2EB30141,DECB205C000,CAPTURE_DISCOUNT,0.25,674901.63,160833.57,-0.1,0.7,,,,,,,,,,,,,,,,,,,,,,,,,,,,,,,,,,,,,,,,,,,,,,,,,,,,,,,,,,,,,,,,,
decision_alternatives,,,,,,,,,,,,,,,,,,,,,,DA9981EAB3,DECB205C000,BANK_FINANCE,0.85,223598.09,279589.08,0.13,0.37,,,,,,,,,,,,,,,,,,,,,,,,,,,,,,,,,,,,,,,,,,,,,,,,,,,,,,,,,,,,,,,,,
decision_alternatives,,,,,,,,,,,,,,,,,,,,,,DA961F986B,DECB205C000,SUPPLIER_FINANCE,0.81,438920.43,583548.38,-0.06,0.43,,,,,,,,,,,,,,,,,,,,,,,,,,,,,,,,,,,,,,,,,,,,,,,,,,,,,,,,,,,,,,,,,
decision_alternatives,,,,,,,,,,,,,,,,,,,,,,DA8227D3F3,DECB205C000,RETAIN_CASH,0.2,616249.53,549600.44,0.24,0.84,,,,,,,,,,,,,,,,,,,,,,,,,,,,,,,,,,,,,,,,,,,,,,,,,,,,,,,,,,,,,,,,,
decision_alternatives,,,,,,,,,,,,,,,,,,,,,,DAD5D009D2,DEC54A3B400,PAY_NOW,0.28,697751.67,741530.74,-0.16,0.32,,,,,,,,,,,,,,,,,,,,,,,,,,,,,,,,,,,,,,,,,,,,,,,,,,,,,,,,,,,,,,,,,
decision_alternatives,,,,,,,,,,,,,,,,,,,,,,DA2A8438B8,DEC54A3B400,PAY_AT_MATURITY,0.82,1135874.08,611120.49,0.2,0.28,,,,,,,,,,,,,,,,,,,,,,,,,,,,,,,,,,,,,,,,,,,,,,,,,,,,,,,,,,,,,,,,,
decision_alternatives,,,,,,,,,,,,,,,,,,,,,,DA53CC766F,DEC54A3B400,DELAY_PAYMENT,0.86,684448.05,684784.55,-0.26,0.11,,,,,,,,,,,,,,,,,,,,,,,,,,,,,,,,,,,,,,,,,,,,,,,,,,,,,,,,,,,,,,,,,
decision_alternatives,,,,,,,,,,,,,,,,,,,,,,DAD8ED2094,DEC54A3B400,CAPTURE_DISCOUNT,0.25,1451615.56,182057.24,0.27,0.12,,,,,,,,,,,,,,,,,,,,,,,,,,,,,,,,,,,,,,,,,,,,,,,,,,,,,,,,,,,,,,,,,
decision_alternatives,,,,,,,,,,,,,,,,,,,,,,DAB7945A27,DEC54A3B400,BANK_FINANCE,0.24,1120967.5,603992.08,0.11,0.42,,,,,,,,,,,,,,,,,,,,,,,,,,,,,,,,,,,,,,,,,,,,,,,,,,,,,,,,,,,,,,,,,
decision_alternatives,,,,,,,,,,,,,,,,,,,,,,DADDE3DE1C,DEC54A3B400,SUPPLIER_FINANCE,0.48,850605.51,493486.5,-0.3,0.15,,,,,,,,,,,,,,,,,,,,,,,,,,,,,,,,,,,,,,,,,,,,,,,,,,,,,,,,,,,,,,,,,
decision_alternatives,,,,,,,,,,,,,,,,,,,,,,DA268C012E,DEC54A3B400,RETAIN_CASH,0.82,1383188.45,510923.78,-0.22,0.62,,,,,,,,,,,,,,,,,,,,,,,,,,,,,,,,,,,,,,,,,,,,,,,,,,,,,,,,,,,,,,,,,
decision_alternatives,,,,,,,,,,,,,,,,,,,,,,DAABFE2746,DECAD5DFF25,PAY_NOW,0.94,2118638.24,1045049.07,-0.15,0.11,,,,,,,,,,,,,,,,,,,,,,,,,,,,,,,,,,,,,,,,,,,,,,,,,,,,,,,,,,,,,,,,,
decision_alternatives,,,,,,,,,,,,,,,,,,,,,,DADB052FD9,DECAD5DFF25,PAY_AT_MATURITY,0.37,1258061.29,812342.91,-0.21,0.8,,,,,,,,,,,,,,,,,,,,,,,,,,,,,,,,,,,,,,,,,,,,,,,,,,,,,,,,,,,,,,,,,
decision_alternatives,,,,,,,,,,,,,,,,,,,,,,DAA3806F32,DECAD5DFF25,DELAY_PAYMENT,0.18,1266465.2,418773.22,-0.24,0.66,,,,,,,,,,,,,,,,,,,,,,,,,,,,,,,,,,,,,,,,,,,,,,,,,,,,,,,,,,,,,,,,,
decision_alternatives,,,,,,,,,,,,,,,,,,,,,,DADBD31EC5,DECAD5DFF25,CAPTURE_DISCOUNT,0.76,2187783.99,848160.15,-0.25,0.69,,,,,,,,,,,,,,,,,,,,,,,,,,,,,,,,,,,,,,,,,,,,,,,,,,,,,,,,,,,,,,,,,
decision_alternatives,,,,,,,,,,,,,,,,,,,,,,DAA6E9BCC4,DECAD5DFF25,BANK_FINANCE,0.46,1535713.27,302182.69,-0.21,0.47,,,,,,,,,,,,,,,,,,,,,,,,,,,,,,,,,,,,,,,,,,,,,,,,,,,,,,,,,,,,,,,,,
decision_alternatives,,,,,,,,,,,,,,,,,,,,,,DA6CB38965,DECAD5DFF25,SUPPLIER_FINANCE,0.33,1915838.35,1152274.87,0.22,0.4,,,,,,,,,,,,,,,,,,,,,,,,,,,,,,,,,,,,,,,,,,,,,,,,,,,,,,,,,,,,,,,,,
decision_alternatives,,,,,,,,,,,,,,,,,,,,,,DA10AA9458,DECAD5DFF25,RETAIN_CASH,0.48,2789803.01,242070.93,-0.16,0.53,,,,,,,,,,,,,,,,,,,,,,,,,,,,,,,,,,,,,,,,,,,,,,,,,,,,,,,,,,,,,,,,,
decision_alternatives,,,,,,,,,,,,,,,,,,,,,,DA7135BAFA,DECC60CA195,PAY_NOW,0.89,659781.71,827774.43,-0.06,0.78,,,,,,,,,,,,,,,,,,,,,,,,,,,,,,,,,,,,,,,,,,,,,,,,,,,,,,,,,,,,,,,,,
decision_alternatives,,,,,,,,,,,,,,,,,,,,,,DA0AE66085,DECC60CA195,PAY_AT_MATURITY,0.61,1515909.88,378480.22,0.25,0.15,,,,,,,,,,,,,,,,,,,,,,,,,,,,,,,,,,,,,,,,,,,,,,,,,,,,,,,,,,,,,,,,,
decision_alternatives,,,,,,,,,,,,,,,,,,,,,,DAA7744B70,DECC60CA195,DELAY_PAYMENT,0.54,916869.44,945496.09,0.11,0.26,,,,,,,,,,,,,,,,,,,,,,,,,,,,,,,,,,,,,,,,,,,,,,,,,,,,,,,,,,,,,,,,,
decision_alternatives,,,,,,,,,,,,,,,,,,,,,,DA9120B173,DECC60CA195,CAPTURE_DISCOUNT,0.76,1596927.09,884629.2,-0.14,0.3,,,,,,,,,,,,,,,,,,,,,,,,,,,,,,,,,,,,,,,,,,,,,,,,,,,,,,,,,,,,,,,,,
decision_alternatives,,,,,,,,,,,,,,,,,,,,,,DA01964D1E,DECC60CA195,BANK_FINANCE,0.7,1381378.84,540839.83,0.17,0.52,,,,,,,,,,,,,,,,,,,,,,,,,,,,,,,,,,,,,,,,,,,,,,,,,,,,,,,,,,,,,,,,,
decision_alternatives,,,,,,,,,,,,,,,,,,,,,,DA481AAF00,DECC60CA195,SUPPLIER_FINANCE,0.88,1410490.07,429164.71,0.15,0.83,,,,,,,,,,,,,,,,,,,,,,,,,,,,,,,,,,,,,,,,,,,,,,,,,,,,,,,,,,,,,,,,,
decision_alternatives,,,,,,,,,,,,,,,,,,,,,,DA7F2499A7,DECC60CA195,RETAIN_CASH,0.83,1554327.72,239595.03,0.11,0.21,,,,,,,,,,,,,,,,,,,,,,,,,,,,,,,,,,,,,,,,,,,,,,,,,,,,,,,,,,,,,,,,,
decision_alternatives,,,,,,,,,,,,,,,,,,,,,,DA1D0C512C,DECF80014E3,PAY_NOW,0.28,440808.54,110114.68,0.13,0.87,,,,,,,,,,,,,,,,,,,,,,,,,,,,,,,,,,,,,,,,,,,,,,,,,,,,,,,,,,,,,,,,,
decision_alternatives,,,,,,,,,,,,,,,,,,,,,,DA41AFD71E,DECF80014E3,PAY_AT_MATURITY,0.74,251069.68,234376.74,0.22,0.25,,,,,,,,,,,,,,,,,,,,,,,,,,,,,,,,,,,,,,,,,,,,,,,,,,,,,,,,,,,,,,,,,
decision_alternatives,,,,,,,,,,,,,,,,,,,,,,DACFC380CB,DECF80014E3,DELAY_PAYMENT,0.82,478755.8,242101.85,0.13,0.34,,,,,,,,,,,,,,,,,,,,,,,,,,,,,,,,,,,,,,,,,,,,,,,,,,,,,,,,,,,,,,,,,
decision_alternatives,,,,,,,,,,,,,,,,,,,,,,DA0AD75444,DECF80014E3,CAPTURE_DISCOUNT,0.52,144566.98,158484.28,-0.21,0.22,,,,,,,,,,,,,,,,,,,,,,,,,,,,,,,,,,,,,,,,,,,,,,,,,,,,,,,,,,,,,,,,,
decision_alternatives,,,,,,,,,,,,,,,,,,,,,,DA5B1F1928,DECF80014E3,BANK_FINANCE,0.64,504668.36,278008.92,0.23,0.43,,,,,,,,,,,,,,,,,,,,,,,,,,,,,,,,,,,,,,,,,,,,,,,,,,,,,,,,,,,,,,,,,
decision_alternatives,,,,,,,,,,,,,,,,,,,,,,DA832A6A63,DECF80014E3,SUPPLIER_FINANCE,0.74,298309.13,276342.27,0.2,0.5,,,,,,,,,,,,,,,,,,,,,,,,,,,,,,,,,,,,,,,,,,,,,,,,,,,,,,,,,,,,,,,,,
decision_alternatives,,,,,,,,,,,,,,,,,,,,,,DA04C85B08,DECF80014E3,RETAIN_CASH,0.37,436682.4,169697.36,0.13,0.27,,,,,,,,,,,,,,,,,,,,,,,,,,,,,,,,,,,,,,,,,,,,,,,,,,,,,,,,,,,,,,,,,
decision_items,,,,,,,,,,,,,,,,,,,,,,,DECA52389B0,PAY_NOW,0.85,,,,,DIDFE00803,OBL00027,25988271.93,1268034.27,153990.5,0.62,,,,,,,,,,,,,,,,,,,,,,,,,,,,,,,,,,,,,,,,,,,,,,,,,,,,,,,,,,,
decision_items,,,,,,,,,,,,,,,,,,,,,,,DEC72D5ADE7,PAY_NOW,0.83,,,,,DI6C194C73,OBL00055,28513820.46,288791.37,589848.15,0.82,,,,,,,,,,,,,,,,,,,,,,,,,,,,,,,,,,,,,,,,,,,,,,,,,,,,,,,,,,,
decision_items,,,,,,,,,,,,,,,,,,,,,,,DEC87D0FDE7,PAY_NOW,0.86,,,,,DI2A5482DD,OBL00050,33916818.62,1267930.71,952059.75,0.19,,,,,,,,,,,,,,,,,,,,,,,,,,,,,,,,,,,,,,,,,,,,,,,,,,,,,,,,,,,
decision_items,,,,,,,,,,,,,,,,,,,,,,,DECF8746680,PAY_NOW,0.85,,,,,DI41F96431,OBL00125,12473042.01,588484.57,237815.66,0.34,,,,,,,,,,,,,,,,,,,,,,,,,,,,,,,,,,,,,,,,,,,,,,,,,,,,,,,,,,,
decision_items,,,,,,,,,,,,,,,,,,,,,,,DEC26ADBBBC,PAY_NOW,0.81,,,,,DI053245BC,OBL00183,26677932.37,878088.11,544834.14,0.51,,,,,,,,,,,,,,,,,,,,,,,,,,,,,,,,,,,,,,,,,,,,,,,,,,,,,,,,,,,
decision_items,,,,,,,,,,,,,,,,,,,,,,,DEC5300446A,PAY_NOW,0.87,,,,,DI8D65AC36,OBL00004,43286245.53,1478627.0,279228.01,0.72,,,,,,,,,,,,,,,,,,,,,,,,,,,,,,,,,,,,,,,,,,,,,,,,,,,,,,,,,,,
decision_items,,,,,,,,,,,,,,,,,,,,,,,DEC9992603A,PAY_NOW,0.86,,,,,DI8BB10940,OBL00082,34229540.86,1010265.52,363773.8,0.53,,,,,,,,,,,,,,,,,,,,,,,,,,,,,,,,,,,,,,,,,,,,,,,,,,,,,,,,,,,
decision_items,,,,,,,,,,,,,,,,,,,,,,,DEC2DC16D8F,PAY_NOW,0.83,,,,,DIFF53C590,OBL00208,59619048.51,1738558.49,893209.09,0.76,,,,,,,,,,,,,,,,,,,,,,,,,,,,,,,,,,,,,,,,,,,,,,,,,,,,,,,,,,,
decision_items,,,,,,,,,,,,,,,,,,,,,,,DECB1A8819E,PAY_NOW,0.85,,,,,DIC26A1C2B,OBL00248,47120678.69,1069431.6,603154.97,0.59,,,,,,,,,,,,,,,,,,,,,,,,,,,,,,,,,,,,,,,,,,,,,,,,,,,,,,,,,,,
decision_items,,,,,,,,,,,,,,,,,,,,,,,DEC0B7AF2B4,PAY_AT_MATURITY,0.76,,,,,DI3E39353F,OBL00120,4701351.38,229344.7,29136.72,0.18,,,,,,,,,,,,,,,,,,,,,,,,,,,,,,,,,,,,,,,,,,,,,,,,,,,,,,,,,,,
decision_items,,,,,,,,,,,,,,,,,,,,,,,DEC69DB571C,PAY_NOW,0.9,,,,,DI2EE1A717,OBL00221,46876938.92,1278964.21,420420.26,0.72,,,,,,,,,,,,,,,,,,,,,,,,,,,,,,,,,,,,,,,,,,,,,,,,,,,,,,,,,,,
decision_items,,,,,,,,,,,,,,,,,,,,,,,DEC317C999C,PAY_AT_MATURITY,0.72,,,,,DI6484EAEC,OBL00241,19217922.22,438758.12,147898.56,0.83,,,,,,,,,,,,,,,,,,,,,,,,,,,,,,,,,,,,,,,,,,,,,,,,,,,,,,,,,,,
decision_items,,,,,,,,,,,,,,,,,,,,,,,DECEAE7B656,PAY_AT_MATURITY,0.82,,,,,DI8F4DC061,OBL00159,28852113.32,1291719.99,377714.29,0.12,,,,,,,,,,,,,,,,,,,,,,,,,,,,,,,,,,,,,,,,,,,,,,,,,,,,,,,,,,,
decision_items,,,,,,,,,,,,,,,,,,,,,,,DEC2990B0F1,PAY_NOW,0.82,,,,,DI69CC0FB1,OBL00051,53079554.96,956161.41,791335.17,0.59,,,,,,,,,,,,,,,,,,,,,,,,,,,,,,,,,,,,,,,,,,,,,,,,,,,,,,,,,,,
decision_items,,,,,,,,,,,,,,,,,,,,,,,DECAF637E93,PAY_AT_MATURITY,0.76,,,,,DICC6A0E0A,OBL00172,20987988.13,770919.72,353653.52,0.68,,,,,,,,,,,,,,,,,,,,,,,,,,,,,,,,,,,,,,,,,,,,,,,,,,,,,,,,,,,
decision_items,,,,,,,,,,,,,,,,,,,,,,,DEC4321C084,PAY_NOW,0.9,,,,,DI1BA88D92,OBL00067,20221944.54,270334.38,405588.34,0.54,,,,,,,,,,,,,,,,,,,,,,,,,,,,,,,,,,,,,,,,,,,,,,,,,,,,,,,,,,,
decision_items,,,,,,,,,,,,,,,,,,,,,,,DECAF0CE59C,PAY_NOW,0.91,,,,,DICBD4B879,OBL00033,12272653.71,546353.82,348334.1,0.33,,,,,,,,,,,,,,,,,,,,,,,,,,,,,,,,,,,,,,,,,,,,,,,,,,,,,,,,,,,
decision_items,,,,,,,,,,,,,,,,,,,,,,,DEC8636377E,PAY_NOW,0.89,,,,,DI2C22F1AB,OBL00044,50253969.78,611778.6,580190.69,0.47,,,,,,,,,,,,,,,,,,,,,,,,,,,,,,,,,,,,,,,,,,,,,,,,,,,,,,,,,,,
decision_items,,,,,,,,,,,,,,,,,,,,,,,DEC0CC3BE30,PAY_NOW,0.91,,,,,DIE04EF144,OBL00240,56440998.78,2692579.24,527846.09,0.14,,,,,,,,,,,,,,,,,,,,,,,,,,,,,,,,,,,,,,,,,,,,,,,,,,,,,,,,,,,
decision_items,,,,,,,,,,,,,,,,,,,,,,,DEC9B9B4978,PAY_NOW,0.92,,,,,DI33EC44E0,OBL00144,55035278.16,1552930.89,1646414.38,0.36,,,,,,,,,,,,,,,,,,,,,,,,,,,,,,,,,,,,,,,,,,,,,,,,,,,,,,,,,,,
decision_items,,,,,,,,,,,,,,,,,,,,,,,DECE331C7EF,PAY_NOW,0.93,,,,,DIB8B0265F,OBL00041,19667282.54,830958.58,259105.01,0.59,,,,,,,,,,,,,,,,,,,,,,,,,,,,,,,,,,,,,,,,,,,,,,,,,,,,,,,,,,,
decision_items,,,,,,,,,,,,,,,,,,,,,,,DECA73D8B1B,PAY_NOW,0.81,,,,,DIA1860BC2,OBL00184,53835712.28,1139999.1,942467.75,0.15,,,,,,,,,,,,,,,,,,,,,,,,,,,,,,,,,,,,,,,,,,,,,,,,,,,,,,,,,,,
decision_items,,,,,,,,,,,,,,,,,,,,,,,DEC907A3FC7,PAY_NOW,0.92,,,,,DI83FD7D08,OBL00011,56160898.84,776291.2,379178.85,0.25,,,,,,,,,,,,,,,,,,,,,,,,,,,,,,,,,,,,,,,,,,,,,,,,,,,,,,,,,,,
decision_items,,,,,,,,,,,,,,,,,,,,,,,DECC033E377,PAY_NOW,0.81,,,,,DI723B075A,OBL00149,27847143.59,1048413.52,726384.36,0.31,,,,,,,,,,,,,,,,,,,,,,,,,,,,,,,,,,,,,,,,,,,,,,,,,,,,,,,,,,,
decision_items,,,,,,,,,,,,,,,,,,,,,,,DEC18ABA2AB,PAY_NOW,0.89,,,,,DI9586202C,OBL00118,19890219.53,249345.94,400153.16,0.67,,,,,,,,,,,,,,,,,,,,,,,,,,,,,,,,,,,,,,,,,,,,,,,,,,,,,,,,,,,
decision_items,,,,,,,,,,,,,,,,,,,,,,,DEC7D2FD67C,PAY_NOW,0.87,,,,,DI7F94F32B,OBL00037,10564107.77,473134.19,126000.68,0.3,,,,,,,,,,,,,,,,,,,,,,,,,,,,,,,,,,,,,,,,,,,,,,,,,,,,,,,,,,,
decision_items,,,,,,,,,,,,,,,,,,,,,,,DEC384CCBFD,PAY_NOW,0.81,,,,,DI9701A297,OBL00215,44305841.99,1758413.5,882449.12,0.41,,,,,,,,,,,,,,,,,,,,,,,,,,,,,,,,,,,,,,,,,,,,,,,,,,,,,,,,,,,
decision_items,,,,,,,,,,,,,,,,,,,,,,,DEC4EDD8622,PAY_NOW,0.9,,,,,DI528036C2,OBL00137,54092703.7,1803608.8,762900.01,0.27,,,,,,,,,,,,,,,,,,,,,,,,,,,,,,,,,,,,,,,,,,,,,,,,,,,,,,,,,,,
decision_items,,,,,,,,,,,,,,,,,,,,,,,DECB02EA059,PAY_NOW,0.83,,,,,DI98C8CA63,OBL00133,46094880.92,1407847.38,710589.92,0.16,,,,,,,,,,,,,,,,,,,,,,,,,,,,,,,,,,,,,,,,,,,,,,,,,,,,,,,,,,,
decision_items,,,,,,,,,,,,,,,,,,,,,,,DEC33A8F58E,PAY_NOW,0.91,,,,,DI634BCE8E,OBL00158,33207449.01,1391527.64,719942.96,0.27,,,,,,,,,,,,,,,,,,,,,,,,,,,,,,,,,,,,,,,,,,,,,,,,,,,,,,,,,,,
decision_items,,,,,,,,,,,,,,,,,,,,,,,DEC221D5A9A,PAY_NOW,0.86,,,,,DIF39C2238,OBL00057,58565845.26,1149862.72,1377206.5,0.33,,,,,,,,,,,,,,,,,,,,,,,,,,,,,,,,,,,,,,,,,,,,,,,,,,,,,,,,,,,
decision_items,,,,,,,,,,,,,,,,,,,,,,,DECC8A9DB68,PAY_NOW,0.84,,,,,DIB0E0E726,OBL00246,22470197.32,1087184.94,217982.91,0.18,,,,,,,,,,,,,,,,,,,,,,,,,,,,,,,,,,,,,,,,,,,,,,,,,,,,,,,,,,,
decision_items,,,,,,,,,,,,,,,,,,,,,,,DEC99B8425A,PAY_NOW,0.95,,,,,DI4A288D53,OBL00083,45431954.18,1949909.03,665515.18,0.21,,,,,,,,,,,,,,,,,,,,,,,,,,,,,,,,,,,,,,,,,,,,,,,,,,,,,,,,,,,
decision_items,,,,,,,,,,,,,,,,,,,,,,,DEC7132C91B,PAY_NOW,0.85,,,,,DI819169C2,OBL00209,37505685.46,1153341.45,620919.13,0.19,,,,,,,,,,,,,,,,,,,,,,,,,,,,,,,,,,,,,,,,,,,,,,,,,,,,,,,,,,,
decision_items,,,,,,,,,,,,,,,,,,,,,,,DEC28E77477,PAY_NOW,0.88,,,,,DIB78FA219,OBL00134,19572614.3,661468.97,112878.32,0.35,,,,,,,,,,,,,,,,,,,,,,,,,,,,,,,,,,,,,,,,,,,,,,,,,,,,,,,,,,,
decision_items,,,,,,,,,,,,,,,,,,,,,,,DEC1EBB54E5,PAY_NOW,0.94,,,,,DIE8F8CD92,OBL00165,28632098.21,1014702.89,449100.58,0.3,,,,,,,,,,,,,,,,,,,,,,,,,,,,,,,,,,,,,,,,,,,,,,,,,,,,,,,,,,,
decision_items,,,,,,,,,,,,,,,,,,,,,,,DEC29310234,PAY_NOW,0.85,,,,,DI9A84380C,OBL00163,42532191.01,517460.33,292249.86,0.13,,,,,,,,,,,,,,,,,,,,,,,,,,,,,,,,,,,,,,,,,,,,,,,,,,,,,,,,,,,
decision_items,,,,,,,,,,,,,,,,,,,,,,,DECC851FF97,PAY_NOW,0.86,,,,,DIB5C72E0B,OBL00243,49246748.23,810505.25,1080138.34,0.86,,,,,,,,,,,,,,,,,,,,,,,,,,,,,,,,,,,,,,,,,,,,,,,,,,,,,,,,,,,
decision_items,,,,,,,,,,,,,,,,,,,,,,,DEC070A31D2,PAY_NOW,0.81,,,,,DIBCEA2733,OBL00236,19630343.22,803505.75,193162.05,0.18,,,,,,,,,,,,,,,,,,,,,,,,,,,,,,,,,,,,,,,,,,,,,,,,,,,,,,,,,,,
decision_items,,,,,,,,,,,,,,,,,,,,,,,DEC7FF066C0,PAY_NOW,0.95,,,,,DI55EACCA6,OBL00045,38178348.76,966087.04,244086.2,0.12,,,,,,,,,,,,,,,,,,,,,,,,,,,,,,,,,,,,,,,,,,,,,,,,,,,,,,,,,,,
decision_items,,,,,,,,,,,,,,,,,,,,,,,DECAD984735,PAY_NOW,0.8,,,,,DI7B4D9A68,OBL00007,56049462.79,2143371.15,802225.89,0.85,,,,,,,,,,,,,,,,,,,,,,,,,,,,,,,,,,,,,,,,,,,,,,,,,,,,,,,,,,,
decision_items,,,,,,,,,,,,,,,,,,,,,,,DEC9D7B2572,PAY_NOW,0.89,,,,,DI098BE1E1,OBL00200,54472883.35,1772436.14,1182079.98,0.83,,,,,,,,,,,,,,,,,,,,,,,,,,,,,,,,,,,,,,,,,,,,,,,,,,,,,,,,,,,
decision_items,,,,,,,,,,,,,,,,,,,,,,,DECFBC1AF98,PAY_NOW,0.91,,,,,DI6D4960BA,OBL00111,18268819.63,380475.19,240339.85,0.29,,,,,,,,,,,,,,,,,,,,,,,,,,,,,,,,,,,,,,,,,,,,,,,,,,,,,,,,,,,
decision_items,,,,,,,,,,,,,,,,,,,,,,,DECE30E16F1,PAY_NOW,0.87,,,,,DID3128B94,OBL00062,34759861.88,500439.07,682905.87,0.63,,,,,,,,,,,,,,,,,,,,,,,,,,,,,,,,,,,,,,,,,,,,,,,,,,,,,,,,,,,
decision_items,,,,,,,,,,,,,,,,,,,,,,,DEC46B38838,PAY_NOW,0.86,,,,,DIEFACC44A,OBL00139,49886172.85,2034698.61,812337.62,0.57,,,,,,,,,,,,,,,,,,,,,,,,,,,,,,,,,,,,,,,,,,,,,,,,,,,,,,,,,,,
decision_items,,,,,,,,,,,,,,,,,,,,,,,DEC6ACCE1A3,PAY_NOW,0.88,,,,,DI9CBB6A1E,OBL00052,48216197.48,2099732.16,762647.5,0.39,,,,,,,,,,,,,,,,,,,,,,,,,,,,,,,,,,,,,,,,,,,,,,,,,,,,,,,,,,,
decision_items,,,,,,,,,,,,,,,,,,,,,,,DEC86A44AFA,PAY_AT_MATURITY,0.8,,,,,DI39EC4667,OBL00253,14493590.48,400684.76,154677.58,0.9,,,,,,,,,,,,,,,,,,,,,,,,,,,,,,,,,,,,,,,,,,,,,,,,,,,,,,,,,,,
decision_items,,,,,,,,,,,,,,,,,,,,,,,DECF0B0B35F,PAY_NOW,0.88,,,,,DI70CEE398,OBL00145,16322814.17,340060.88,323447.51,0.47,,,,,,,,,,,,,,,,,,,,,,,,,,,,,,,,,,,,,,,,,,,,,,,,,,,,,,,,,,,
decision_items,,,,,,,,,,,,,,,,,,,,,,,DEC31FBDB92,PAY_NOW,0.89,,,,,DIB4329081,OBL00220,42980793.5,576367.57,1162623.63,0.89,,,,,,,,,,,,,,,,,,,,,,,,,,,,,,,,,,,,,,,,,,,,,,,,,,,,,,,,,,,
decision_items,,,,,,,,,,,,,,,,,,,,,,,DECFAD7C285,PAY_NOW,0.87,,,,,DI5B929C01,OBL00085,59093580.01,2352843.4,556517.7,0.59,,,,,,,,,,,,,,,,,,,,,,,,,,,,,,,,,,,,,,,,,,,,,,,,,,,,,,,,,,,
decision_items,,,,,,,,,,,,,,,,,,,,,,,DEC61838417,PAY_NOW,0.8,,,,,DIDF03D850,OBL00003,51402325.62,1529368.6,449270.72,0.29,,,,,,,,,,,,,,,,,,,,,,,,,,,,,,,,,,,,,,,,,,,,,,,,,,,,,,,,,,,
decision_items,,,,,,,,,,,,,,,,,,,,,,,DEC139E22D7,PAY_NOW,0.93,,,,,DI5BFD3EE1,OBL00064,47553325.42,1225116.25,473985.93,0.35,,,,,,,,,,,,,,,,,,,,,,,,,,,,,,,,,,,,,,,,,,,,,,,,,,,,,,,,,,,
decision_items,,,,,,,,,,,,,,,,,,,,,,,DECE9753A95,PAY_NOW,0.82,,,,,DI4D4D31EF,OBL00038,16497196.76,756238.68,267580.27,0.18,,,,,,,,,,,,,,,,,,,,,,,,,,,,,,,,,,,,,,,,,,,,,,,,,,,,,,,,,,,
decision_items,,,,,,,,,,,,,,,,,,,,,,,DECA8283E15,RETAIN_CASH,0.72,,,,,DI511517E1,OBL00156,15710412.34,742666.28,402316.39,0.67,,,,,,,,,,,,,,,,,,,,,,,,,,,,,,,,,,,,,,,,,,,,,,,,,,,,,,,,,,,
decision_items,,,,,,,,,,,,,,,,,,,,,,,DEC1E87F7C1,PAY_NOW,0.91,,,,,DI38305633,OBL00077,31215432.81,996534.42,867475.75,0.35,,,,,,,,,,,,,,,,,,,,,,,,,,,,,,,,,,,,,,,,,,,,,,,,,,,,,,,,,,,
decision_items,,,,,,,,,,,,,,,,,,,,,,,DECB0CC7D4F,PAY_NOW,0.81,,,,,DI444F1981,OBL00142,53385572.22,1051964.25,747773.83,0.44,,,,,,,,,,,,,,,,,,,,,,,,,,,,,,,,,,,,,,,,,,,,,,,,,,,,,,,,,,,
decision_items,,,,,,,,,,,,,,,,,,,,,,,DEC5567A021,PAY_AT_MATURITY,0.81,,,,,DIF2B59F05,OBL00146,10660241.54,333058.7,137359.99,0.81,,,,,,,,,,,,,,,,,,,,,,,,,,,,,,,,,,,,,,,,,,,,,,,,,,,,,,,,,,,
decision_items,,,,,,,,,,,,,,,,,,,,,,,DECBEF7F570,PAY_NOW,0.89,,,,,DIE09E2B7F,OBL00196,42149907.83,1315487.96,810204.06,0.22,,,,,,,,,,,,,,,,,,,,,,,,,,,,,,,,,,,,,,,,,,,,,,,,,,,,,,,,,,,
decision_items,,,,,,,,,,,,,,,,,,,,,,,DEC4E673F8E,PAY_NOW,0.83,,,,,DI92F7EC50,OBL00087,51198253.69,1647422.99,1436003.66,0.4,,,,,,,,,,,,,,,,,,,,,,,,,,,,,,,,,,,,,,,,,,,,,,,,,,,,,,,,,,,
decision_items,,,,,,,,,,,,,,,,,,,,,,,DECEAADCBDD,PAY_NOW,0.82,,,,,DIC2DF82AB,OBL00047,14041304.61,406664.57,303591.3,0.63,,,,,,,,,,,,,,,,,,,,,,,,,,,,,,,,,,,,,,,,,,,,,,,,,,,,,,,,,,,
decision_items,,,,,,,,,,,,,,,,,,,,,,,DEC8E944D37,PAY_NOW,0.92,,,,,DI8F035543,OBL00010,47754837.45,1928378.69,1358289.16,0.52,,,,,,,,,,,,,,,,,,,,,,,,,,,,,,,,,,,,,,,,,,,,,,,,,,,,,,,,,,,
decision_items,,,,,,,,,,,,,,,,,,,,,,,DEC72DBC9B3,PAY_AT_MATURITY,0.82,,,,,DIE1D7C434,OBL00143,3186097.46,155066.95,66359.69,0.54,,,,,,,,,,,,,,,,,,,,,,,,,,,,,,,,,,,,,,,,,,,,,,,,,,,,,,,,,,,
decision_items,,,,,,,,,,,,,,,,,,,,,,,DECC05B7437,PAY_NOW,0.86,,,,,DIA39CBEEE,OBL00154,23975244.73,742949.75,677228.33,0.79,,,,,,,,,,,,,,,,,,,,,,,,,,,,,,,,,,,,,,,,,,,,,,,,,,,,,,,,,,,
decision_items,,,,,,,,,,,,,,,,,,,,,,,DEC048F2161,PAY_NOW,0.92,,,,,DI58177ABD,OBL00093,11618381.71,531930.77,155626.03,0.64,,,,,,,,,,,,,,,,,,,,,,,,,,,,,,,,,,,,,,,,,,,,,,,,,,,,,,,,,,,
decision_items,,,,,,,,,,,,,,,,,,,,,,,DECB33674D0,PAY_AT_MATURITY,0.73,,,,,DI2C18CC47,OBL00025,23043282.33,706266.98,461021.32,0.44,,,,,,,,,,,,,,,,,,,,,,,,,,,,,,,,,,,,,,,,,,,,,,,,,,,,,,,,,,,
decision_items,,,,,,,,,,,,,,,,,,,,,,,DEC6276426A,PAY_NOW,0.94,,,,,DI37F8FD40,OBL00140,31647643.88,431794.61,604351.29,0.62,,,,,,,,,,,,,,,,,,,,,,,,,,,,,,,,,,,,,,,,,,,,,,,,,,,,,,,,,,,
decision_items,,,,,,,,,,,,,,,,,,,,,,,DECEB2956A2,PAY_NOW,0.87,,,,,DI000BE07D,OBL00073,39944157.8,1000220.61,929671.81,0.49,,,,,,,,,,,,,,,,,,,,,,,,,,,,,,,,,,,,,,,,,,,,,,,,,,,,,,,,,,,
decision_items,,,,,,,,,,,,,,,,,,,,,,,DEC0FFAE293,PAY_NOW,0.82,,,,,DIACAC5973,OBL00225,58269382.62,1660548.07,875857.74,0.85,,,,,,,,,,,,,,,,,,,,,,,,,,,,,,,,,,,,,,,,,,,,,,,,,,,,,,,,,,,
decision_items,,,,,,,,,,,,,,,,,,,,,,,DEC6E4392B6,PAY_NOW,0.88,,,,,DI0FC52DC3,OBL00112,36446288.6,585605.3,438191.67,0.56,,,,,,,,,,,,,,,,,,,,,,,,,,,,,,,,,,,,,,,,,,,,,,,,,,,,,,,,,,,
decision_items,,,,,,,,,,,,,,,,,,,,,,,DEC31A79864,PAY_NOW,0.84,,,,,DID85AF5E1,OBL00135,18926240.77,601275.9,481884.94,0.1,,,,,,,,,,,,,,,,,,,,,,,,,,,,,,,,,,,,,,,,,,,,,,,,,,,,,,,,,,,
decision_items,,,,,,,,,,,,,,,,,,,,,,,DEC5A8FCA5F,PAY_NOW,0.91,,,,,DICE5092B7,OBL00153,8873178.31,295287.16,108368.82,0.65,,,,,,,,,,,,,,,,,,,,,,,,,,,,,,,,,,,,,,,,,,,,,,,,,,,,,,,,,,,
decision_items,,,,,,,,,,,,,,,,,,,,,,,DECE3DF1C8B,PAY_NOW,0.81,,,,,DI274D8237,OBL00086,12812279.86,161341.36,286574.02,0.72,,,,,,,,,,,,,,,,,,,,,,,,,,,,,,,,,,,,,,,,,,,,,,,,,,,,,,,,,,,
decision_items,,,,,,,,,,,,,,,,,,,,,,,DECF84F3BE2,PAY_NOW,0.83,,,,,DIE3E56B44,OBL00049,7163768.9,189355.51,150223.05,0.35,,,,,,,,,,,,,,,,,,,,,,,,,,,,,,,,,,,,,,,,,,,,,,,,,,,,,,,,,,,
decision_items,,,,,,,,,,,,,,,,,,,,,,,DECFC350295,PAY_NOW,0.91,,,,,DI81A2C4E3,OBL00017,58178992.62,834655.02,1273733.36,0.2,,,,,,,,,,,,,,,,,,,,,,,,,,,,,,,,,,,,,,,,,,,,,,,,,,,,,,,,,,,
decision_items,,,,,,,,,,,,,,,,,,,,,,,DEC4BDC762E,PAY_NOW,0.89,,,,,DI3D90878F,OBL00128,59855939.91,2788127.76,1728028.44,0.85,,,,,,,,,,,,,,,,,,,,,,,,,,,,,,,,,,,,,,,,,,,,,,,,,,,,,,,,,,,
decision_items,,,,,,,,,,,,,,,,,,,,,,,DECB205C000,PAY_NOW,0.81,,,,,DI8440F9D0,OBL00103,15828855.48,337559.76,343976.7,0.87,,,,,,,,,,,,,,,,,,,,,,,,,,,,,,,,,,,,,,,,,,,,,,,,,,,,,,,,,,,
decision_items,,,,,,,,,,,,,,,,,,,,,,,DEC54A3B400,PAY_AT_MATURITY,0.82,,,,,DIF29D0FCC,OBL00237,18734751.99,349238.66,431092.77,0.85,,,,,,,,,,,,,,,,,,,,,,,,,,,,,,,,,,,,,,,,,,,,,,,,,,,,,,,,,,,
decision_items,,,,,,,,,,,,,,,,,,,,,,,DECAD5DFF25,PAY_NOW,0.94,,,,,DIC7B515BC,OBL00015,40061891.54,1906221.05,722460.37,0.82,,,,,,,,,,,,,,,,,,,,,,,,,,,,,,,,,,,,,,,,,,,,,,,,,,,,,,,,,,,
decision_items,,,,,,,,,,,,,,,,,,,,,,,DECC60CA195,PAY_NOW,0.89,,,,,DI50013485,OBL00127,23802403.2,750806.72,401799.41,0.56,,,,,,,,,,,,,,,,,,,,,,,,,,,,,,,,,,,,,,,,,,,,,,,,,,,,,,,,,,,
decision_items,,,,,,,,,,,,,,,,,,,,,,,DECF80014E3,PAY_AT_MATURITY,0.74,,,,,DI768904B5,OBL00212,7104450.19,192781.09,82667.93,0.66,,,,,,,,,,,,,,,,,,,,,,,,,,,,,,,,,,,,,,,,,,,,,,,,,,,,,,,,,,,
decisions,,COMP001,,,,,,,,,,,,,,,,,,,,,DEC5300446A,,,,,,,,,,,,,2025-02-02,OBLIGATION_PAYMENT,PAY_NOW,0.87,"Strong liquidity (₹731,074,409); CRITICAL obligation – paying immediately.",EXECUTED,,,,,,,,,,,,,,,,,,,,,,,,,,,,,,,,,,,,,,,,,,,,,,,,,,,,,
decisions,,COMP001,,,,,,,,,,,,,,,,,,,,,DECE331C7EF,,,,,,,,,,,,,2025-02-09,OBLIGATION_PAYMENT,PAY_NOW,0.93,"Strong liquidity (₹899,335,817); CRITICAL obligation – paying immediately.",EXECUTED,,,,,,,,,,,,,,,,,,,,,,,,,,,,,,,,,,,,,,,,,,,,,,,,,,,,,
decisions,,COMP001,,,,,,,,,,,,,,,,,,,,,DEC31A79864,,,,,,,,,,,,,2025-02-17,OBLIGATION_PAYMENT,PAY_NOW,0.84,"Strong liquidity (₹981,969,223); HIGH obligation – paying immediately.",EXECUTED,,,,,,,,,,,,,,,,,,,,,,,,,,,,,,,,,,,,,,,,,,,,,,,,,,,,,
decisions,,COMP001,,,,,,,,,,,,,,,,,,,,,DEC8636377E,,,,,,,,,,,,,2025-02-20,OBLIGATION_PAYMENT,PAY_NOW,0.89,"Strong liquidity (₹1,069,435,575); CRITICAL obligation – paying immediately.",EXECUTED,,,,,,,,,,,,,,,,,,,,,,,,,,,,,,,,,,,,,,,,,,,,,,,,,,,,,
decisions,,COMP001,,,,,,,,,,,,,,,,,,,,,DECB205C000,,,,,,,,,,,,,2025-02-23,OBLIGATION_PAYMENT,PAY_NOW,0.81,"Strong liquidity (₹1,053,835,828); HIGH obligation – paying immediately.",EXECUTED,,,,,,,,,,,,,,,,,,,,,,,,,,,,,,,,,,,,,,,,,,,,,,,,,,,,,
decisions,,COMP001,,,,,,,,,,,,,,,,,,,,,DEC26ADBBBC,,,,,,,,,,,,,2025-03-01,OBLIGATION_PAYMENT,PAY_NOW,0.81,"Strong liquidity (₹1,095,351,427); CRITICAL obligation – paying immediately.",EXECUTED,,,,,,,,,,,,,,,,,,,,,,,,,,,,,,,,,,,,,,,,,,,,,,,,,,,,,
decisions,,COMP001,,,,,,,,,,,,,,,,,,,,,DEC33A8F58E,,,,,,,,,,,,,2025-03-08,OBLIGATION_PAYMENT,PAY_NOW,0.91,"Strong liquidity (₹1,267,128,984); HIGH obligation – paying immediately.",EXECUTED,,,,,,,,,,,,,,,,,,,,,,,,,,,,,,,,,,,,,,,,,,,,,,,,,,,,,
decisions,,COMP001,,,,,,,,,,,,,,,,,,,,,DECB0CC7D4F,,,,,,,,,,,,,2025-03-10,OBLIGATION_PAYMENT,PAY_NOW,0.81,"Strong liquidity (₹1,176,620,462); HIGH obligation – paying immediately.",EXECUTED,,,,,,,,,,,,,,,,,,,,,,,,,,,,,,,,,,,,,,,,,,,,,,,,,,,,,
decisions,,COMP001,,,,,,,,,,,,,,,,,,,,,DEC7132C91B,,,,,,,,,,,,,2025-03-16,OBLIGATION_PAYMENT,PAY_NOW,0.85,"Strong liquidity (₹1,296,197,044); CRITICAL obligation – paying immediately.",EXECUTED,,,,,,,,,,,,,,,,,,,,,,,,,,,,,,,,,,,,,,,,,,,,,,,,,,,,,
decisions,,COMP001,,,,,,,,,,,,,,,,,,,,,DECF8746680,,,,,,,,,,,,,2025-03-20,OBLIGATION_PAYMENT,PAY_NOW,0.85,"Strong liquidity (₹1,470,329,774); HIGH obligation – paying immediately.",EXECUTED,,,,,,,,,,,,,,,,,,,,,,,,,,,,,,,,,,,,,,,,,,,,,,,,,,,,,
decisions,,COMP001,,,,,,,,,,,,,,,,,,,,,DECEAADCBDD,,,,,,,,,,,,,2025-03-23,OBLIGATION_PAYMENT,PAY_NOW,0.82,"Strong liquidity (₹1,521,881,141); HIGH obligation – paying immediately.",EXECUTED,,,,,,,,,,,,,,,,,,,,,,,,,,,,,,,,,,,,,,,,,,,,,,,,,,,,,
decisions,,COMP001,,,,,,,,,,,,,,,,,,,,,DEC31FBDB92,,,,,,,,,,,,,2025-03-26,OBLIGATION_PAYMENT,PAY_NOW,0.89,"Strong liquidity (₹1,648,580,651); HIGH obligation – paying immediately.",EXECUTED,,,,,,,,,,,,,,,,,,,,,,,,,,,,,,,,,,,,,,,,,,,,,,,,,,,,,
decisions,,COMP001,,,,,,,,,,,,,,,,,,,,,DEC070A31D2,,,,,,,,,,,,,2025-03-27,OBLIGATION_PAYMENT,PAY_NOW,0.81,"Strong liquidity (₹1,689,260,354); HIGH obligation – paying immediately.",EXECUTED,,,,,,,,,,,,,,,,,,,,,,,,,,,,,,,,,,,,,,,,,,,,,,,,,,,,,
decisions,,COMP001,,,,,,,,,,,,,,,,,,,,,DEC1E87F7C1,,,,,,,,,,,,,2025-03-29,OBLIGATION_PAYMENT,PAY_NOW,0.91,"Strong liquidity (₹1,826,789,770); CRITICAL obligation – paying immediately.",EXECUTED,,,,,,,,,,,,,,,,,,,,,,,,,,,,,,,,,,,,,,,,,,,,,,,,,,,,,
decisions,,COMP001,,,,,,,,,,,,,,,,,,,,,DEC18ABA2AB,,,,,,,,,,,,,2025-04-06,OBLIGATION_PAYMENT,PAY_NOW,0.89,"Strong liquidity (₹2,208,695,936); HIGH obligation – paying immediately.",EXECUTED,,,,,,,,,,,,,,,,,,,,,,,,,,,,,,,,,,,,,,,,,,,,,,,,,,,,,
decisions,,COMP001,,,,,,,,,,,,,,,,,,,,,DECC05B7437,,,,,,,,,,,,,2025-04-15,OBLIGATION_PAYMENT,PAY_NOW,0.86,"Strong liquidity (₹2,274,946,321); CRITICAL obligation – paying immediately.",EXECUTED,,,,,,,,,,,,,,,,,,,,,,,,,,,,,,,,,,,,,,,,,,,,,,,,,,,,,
decisions,,COMP001,,,,,,,,,,,,,,,,,,,,,DECFAD7C285,,,,,,,,,,,,,2025-04-19,OBLIGATION_PAYMENT,PAY_NOW,0.87,"Strong liquidity (₹2,309,757,217); CRITICAL obligation – paying immediately.",EXECUTED,,,,,,,,,,,,,,,,,,,,,,,,,,,,,,,,,,,,,,,,,,,,,,,,,,,,,
decisions,,COMP001,,,,,,,,,,,,,,,,,,,,,DECEAE7B656,,,,,,,,,,,,,2025-04-26,OBLIGATION_PAYMENT,PAY_AT_MATURITY,0.82,Adequate cash; scheduling payment at maturity.,EXECUTED,,,,,,,,,,,,,,,,,,,,,,,,,,,,,,,,,,,,,,,,,,,,,,,,,,,,,
decisions,,COMP001,,,,,,,,,,,,,,,,,,,,,DECF0B0B35F,,,,,,,,,,,,,2025-04-26,OBLIGATION_PAYMENT,PAY_NOW,0.88,"Strong liquidity (₹2,546,283,695); HIGH obligation – paying immediately.",EXECUTED,,,,,,,,,,,,,,,,,,,,,,,,,,,,,,,,,,,,,,,,,,,,,,,,,,,,,
decisions,,COMP001,,,,,,,,,,,,,,,,,,,,,DEC5A8FCA5F,,,,,,,,,,,,,2025-05-15,OBLIGATION_PAYMENT,PAY_NOW,0.91,"Strong liquidity (₹2,779,131,424); HIGH obligation – paying immediately.",EXECUTED,,,,,,,,,,,,,,,,,,,,,,,,,,,,,,,,,,,,,,,,,,,,,,,,,,,,,
decisions,,COMP001,,,,,,,,,,,,,,,,,,,,,DEC9D7B2572,,,,,,,,,,,,,2025-05-22,OBLIGATION_PAYMENT,PAY_NOW,0.89,"Strong liquidity (₹3,099,029,462); CRITICAL obligation – paying immediately.",EXECUTED,,,,,,,,,,,,,,,,,,,,,,,,,,,,,,,,,,,,,,,,,,,,,,,,,,,,,
decisions,,COMP001,,,,,,,,,,,,,,,,,,,,,DEC6E4392B6,,,,,,,,,,,,,2025-05-22,OBLIGATION_PAYMENT,PAY_NOW,0.88,"Strong liquidity (₹3,099,029,462); CRITICAL obligation – paying immediately.",EXECUTED,,,,,,,,,,,,,,,,,,,,,,,,,,,,,,,,,,,,,,,,,,,,,,,,,,,,,
decisions,,COMP001,,,,,,,,,,,,,,,,,,,,,DEC6276426A,,,,,,,,,,,,,2025-05-24,OBLIGATION_PAYMENT,PAY_NOW,0.94,"Strong liquidity (₹3,144,001,744); HIGH obligation – paying immediately.",EXECUTED,,,,,,,,,,,,,,,,,,,,,,,,,,,,,,,,,,,,,,,,,,,,,,,,,,,,,
decisions,,COMP001,,,,,,,,,,,,,,,,,,,,,DEC0FFAE293,,,,,,,,,,,,,2025-06-11,OBLIGATION_PAYMENT,PAY_NOW,0.82,"Strong liquidity (₹3,070,430,367); CRITICAL obligation – paying immediately.",EXECUTED,,,,,,,,,,,,,,,,,,,,,,,,,,,,,,,,,,,,,,,,,,,,,,,,,,,,,
decisions,,COMP001,,,,,,,,,,,,,,,,,,,,,DEC61838417,,,,,,,,,,,,,2025-06-13,OBLIGATION_PAYMENT,PAY_NOW,0.8,"Strong liquidity (₹3,102,251,903); CRITICAL obligation – paying immediately.",EXECUTED,,,,,,,,,,,,,,,,,,,,,,,,,,,,,,,,,,,,,,,,,,,,,,,,,,,,,
decisions,,COMP001,,,,,,,,,,,,,,,,,,,,,DECC851FF97,,,,,,,,,,,,,2025-06-14,OBLIGATION_PAYMENT,PAY_NOW,0.86,"Strong liquidity (₹3,125,732,150); HIGH obligation – paying immediately.",EXECUTED,,,,,,,,,,,,,,,,,,,,,,,,,,,,,,,,,,,,,,,,,,,,,,,,,,,,,
decisions,,COMP001,,,,,,,,,,,,,,,,,,,,,DECE3DF1C8B,,,,,,,,,,,,,2025-06-14,OBLIGATION_PAYMENT,PAY_NOW,0.81,"Strong liquidity (₹3,125,732,150); HIGH obligation – paying immediately.",EXECUTED,,,,,,,,,,,,,,,,,,,,,,,,,,,,,,,,,,,,,,,,,,,,,,,,,,,,,
decisions,,COMP001,,,,,,,,,,,,,,,,,,,,,DEC72DBC9B3,,,,,,,,,,,,,2025-06-15,OBLIGATION_PAYMENT,PAY_AT_MATURITY,0.82,Adequate cash; scheduling payment at maturity.,EXECUTED,,,,,,,,,,,,,,,,,,,,,,,,,,,,,,,,,,,,,,,,,,,,,,,,,,,,,
decisions,,COMP001,,,,,,,,,,,,,,,,,,,,,DEC221D5A9A,,,,,,,,,,,,,2025-06-15,OBLIGATION_PAYMENT,PAY_NOW,0.86,"Strong liquidity (₹3,361,073,903); CRITICAL obligation – paying immediately.",EXECUTED,,,,,,,,,,,,,,,,,,,,,,,,,,,,,,,,,,,,,,,,,,,,,,,,,,,,,
decisions,,COMP001,,,,,,,,,,,,,,,,,,,,,DEC72D5ADE7,,,,,,,,,,,,,2025-06-18,OBLIGATION_PAYMENT,PAY_NOW,0.83,"Strong liquidity (₹3,396,210,888); HIGH obligation – paying immediately.",EXECUTED,,,,,,,,,,,,,,,,,,,,,,,,,,,,,,,,,,,,,,,,,,,,,,,,,,,,,
decisions,,COMP001,,,,,,,,,,,,,,,,,,,,,DEC29310234,,,,,,,,,,,,,2025-06-19,OBLIGATION_PAYMENT,PAY_NOW,0.85,"Strong liquidity (₹3,354,535,560); HIGH obligation – paying immediately.",EXECUTED,,,,,,,,,,,,,,,,,,,,,,,,,,,,,,,,,,,,,,,,,,,,,,,,,,,,,
decisions,,COMP001,,,,,,,,,,,,,,,,,,,,,DECC033E377,,,,,,,,,,,,,2025-06-20,OBLIGATION_PAYMENT,PAY_NOW,0.81,"Strong liquidity (₹3,427,257,853); HIGH obligation – paying immediately.",EXECUTED,,,,,,,,,,,,,,,,,,,,,,,,,,,,,,,,,,,,,,,,,,,,,,,,,,,,,
decisions,,COMP001,,,,,,,,,,,,,,,,,,,,,DEC87D0FDE7,,,,,,,,,,,,,2025-06-22,OBLIGATION_PAYMENT,PAY_NOW,0.86,"Strong liquidity (₹3,428,048,819); CRITICAL obligation – paying immediately.",EXECUTED,,,,,,,,,,,,,,,,,,,,,,,,,,,,,,,,,,,,,,,,,,,,,,,,,,,,,
decisions,,COMP001,,,,,,,,,,,,,,,,,,,,,DECBEF7F570,,,,,,,,,,,,,2025-06-24,OBLIGATION_PAYMENT,PAY_NOW,0.89,"Strong liquidity (₹3,397,887,088); CRITICAL obligation – paying immediately.",EXECUTED,,,,,,,,,,,,,,,,,,,,,,,,,,,,,,,,,,,,,,,,,,,,,,,,,,,,,
decisions,,COMP001,,,,,,,,,,,,,,,,,,,,,DEC907A3FC7,,,,,,,,,,,,,2025-06-30,OBLIGATION_PAYMENT,PAY_NOW,0.92,"Strong liquidity (₹3,538,708,474); CRITICAL obligation – paying immediately.",EXECUTED,,,,,,,,,,,,,,,,,,,,,,,,,,,,,,,,,,,,,,,,,,,,,,,,,,,,,
decisions,,COMP001,,,,,,,,,,,,,,,,,,,,,DECC60CA195,,,,,,,,,,,,,2025-07-08,OBLIGATION_PAYMENT,PAY_NOW,0.89,"Strong liquidity (₹3,557,222,193); HIGH obligation – paying immediately.",EXECUTED,,,,,,,,,,,,,,,,,,,,,,,,,,,,,,,,,,,,,,,,,,,,,,,,,,,,,
decisions,,COMP001,,,,,,,,,,,,,,,,,,,,,DEC2DC16D8F,,,,,,,,,,,,,2025-07-09,OBLIGATION_PAYMENT,PAY_NOW,0.83,"Strong liquidity (₹3,541,419,429); CRITICAL obligation – paying immediately.",EXECUTED,,,,,,,,,,,,,,,,,,,,,,,,,,,,,,,,,,,,,,,,,,,,,,,,,,,,,
decisions,,COMP001,,,,,,,,,,,,,,,,,,,,,DEC6ACCE1A3,,,,,,,,,,,,,2025-07-09,OBLIGATION_PAYMENT,PAY_NOW,0.88,"Strong liquidity (₹3,541,419,429); HIGH obligation – paying immediately.",EXECUTED,,,,,,,,,,,,,,,,,,,,,,,,,,,,,,,,,,,,,,,,,,,,,,,,,,,,,
decisions,,COMP001,,,,,,,,,,,,,,,,,,,,,DEC2990B0F1,,,,,,,,,,,,,2025-07-11,OBLIGATION_PAYMENT,PAY_NOW,0.82,"Strong liquidity (₹3,677,557,438); HIGH obligation – paying immediately.",EXECUTED,,,,,,,,,,,,,,,,,,,,,,,,,,,,,,,,,,,,,,,,,,,,,,,,,,,,,
decisions,,COMP001,,,,,,,,,,,,,,,,,,,,,DEC5567A021,,,,,,,,,,,,,2025-07-12,OBLIGATION_PAYMENT,PAY_AT_MATURITY,0.81,Adequate cash; scheduling payment at maturity.,EXECUTED,,,,,,,,,,,,,,,,,,,,,,,,,,,,,,,,,,,,,,,,,,,,,,,,,,,,,
decisions,,COMP001,,,,,,,,,,,,,,,,,,,,,DEC86A44AFA,,,,,,,,,,,,,2025-07-12,OBLIGATION_PAYMENT,PAY_AT_MATURITY,0.8,Adequate cash; scheduling payment at maturity.,EXECUTED,,,,,,,,,,,,,,,,,,,,,,,,,,,,,,,,,,,,,,,,,,,,,,,,,,,,,
decisions,,COMP001,,,,,,,,,,,,,,,,,,,,,DEC4BDC762E,,,,,,,,,,,,,2025-07-24,OBLIGATION_PAYMENT,PAY_NOW,0.89,"Strong liquidity (₹3,539,732,584); HIGH obligation – paying immediately.",EXECUTED,,,,,,,,,,,,,,,,,,,,,,,,,,,,,,,,,,,,,,,,,,,,,,,,,,,,,
decisions,,COMP001,,,,,,,,,,,,,,,,,,,,,DEC0CC3BE30,,,,,,,,,,,,,2025-07-24,OBLIGATION_PAYMENT,PAY_NOW,0.91,"Strong liquidity (₹3,539,732,584); CRITICAL obligation – paying immediately.",EXECUTED,,,,,,,,,,,,,,,,,,,,,,,,,,,,,,,,,,,,,,,,,,,,,,,,,,,,,
decisions,,COMP001,,,,,,,,,,,,,,,,,,,,,DEC99B8425A,,,,,,,,,,,,,2025-08-01,OBLIGATION_PAYMENT,PAY_NOW,0.95,"Strong liquidity (₹3,470,384,073); HIGH obligation – paying immediately.",EXECUTED,,,,,,,,,,,,,,,,,,,,,,,,,,,,,,,,,,,,,,,,,,,,,,,,,,,,,
decisions,,COMP001,,,,,,,,,,,,,,,,,,,,,DECF84F3BE2,,,,,,,,,,,,,2025-08-03,OBLIGATION_PAYMENT,PAY_NOW,0.83,"Strong liquidity (₹3,503,972,097); HIGH obligation – paying immediately.",EXECUTED,,,,,,,,,,,,,,,,,,,,,,,,,,,,,,,,,,,,,,,,,,,,,,,,,,,,,
decisions,,COMP001,,,,,,,,,,,,,,,,,,,,,DECFC350295,,,,,,,,,,,,,2025-08-20,OBLIGATION_PAYMENT,PAY_NOW,0.91,"Strong liquidity (₹3,186,833,210); CRITICAL obligation – paying immediately.",EXECUTED,,,,,,,,,,,,,,,,,,,,,,,,,,,,,,,,,,,,,,,,,,,,,,,,,,,,,
decisions,,COMP001,,,,,,,,,,,,,,,,,,,,,DECB33674D0,,,,,,,,,,,,,2025-08-21,OBLIGATION_PAYMENT,PAY_AT_MATURITY,0.73,Adequate cash; scheduling payment at maturity.,EXECUTED,,,,,,,,,,,,,,,,,,,,,,,,,,,,,,,,,,,,,,,,,,,,,,,,,,,,,
decisions,,COMP001,,,,,,,,,,,,,,,,,,,,,DECAF0CE59C,,,,,,,,,,,,,2025-08-21,OBLIGATION_PAYMENT,PAY_NOW,0.91,"Strong liquidity (₹3,153,204,060); HIGH obligation – paying immediately.",EXECUTED,,,,,,,,,,,,,,,,,,,,,,,,,,,,,,,,,,,,,,,,,,,,,,,,,,,,,
decisions,,COMP001,,,,,,,,,,,,,,,,,,,,,DECE9753A95,,,,,,,,,,,,,2025-08-24,OBLIGATION_PAYMENT,PAY_NOW,0.82,"Strong liquidity (₹3,235,516,227); HIGH obligation – paying immediately.",EXECUTED,,,,,,,,,,,,,,,,,,,,,,,,,,,,,,,,,,,,,,,,,,,,,,,,,,,,,
decisions,,COMP001,,,,,,,,,,,,,,,,,,,,,DECFBC1AF98,,,,,,,,,,,,,2025-09-02,OBLIGATION_PAYMENT,PAY_NOW,0.91,"Strong liquidity (₹2,998,081,921); CRITICAL obligation – paying immediately.",EXECUTED,,,,,,,,,,,,,,,,,,,,,,,,,,,,,,,,,,,,,,,,,,,,,,,,,,,,,
decisions,,COMP001,,,,,,,,,,,,,,,,,,,,,DECC8A9DB68,,,,,,,,,,,,,2025-09-15,OBLIGATION_PAYMENT,PAY_NOW,0.84,"Strong liquidity (₹3,170,631,645); CRITICAL obligation – paying immediately.",EXECUTED,,,,,,,,,,,,,,,,,,,,,,,,,,,,,,,,,,,,,,,,,,,,,,,,,,,,,
decisions,,COMP001,,,,,,,,,,,,,,,,,,,,,DEC69DB571C,,,,,,,,,,,,,2025-09-19,OBLIGATION_PAYMENT,PAY_NOW,0.9,"Strong liquidity (₹3,274,125,584); CRITICAL obligation – paying immediately.",EXECUTED,,,,,,,,,,,,,,,,,,,,,,,,,,,,,,,,,,,,,,,,,,,,,,,,,,,,,
decisions,,COMP001,,,,,,,,,,,,,,,,,,,,,DEC8E944D37,,,,,,,,,,,,,2025-09-19,OBLIGATION_PAYMENT,PAY_NOW,0.92,"Strong liquidity (₹3,274,125,584); HIGH obligation – paying immediately.",EXECUTED,,,,,,,,,,,,,,,,,,,,,,,,,,,,,,,,,,,,,,,,,,,,,,,,,,,,,
decisions,,COMP001,,,,,,,,,,,,,,,,,,,,,DEC4321C084,,,,,,,,,,,,,2025-09-20,OBLIGATION_PAYMENT,PAY_NOW,0.9,"Strong liquidity (₹3,275,569,046); HIGH obligation – paying immediately.",EXECUTED,,,,,,,,,,,,,,,,,,,,,,,,,,,,,,,,,,,,,,,,,,,,,,,,,,,,,
decisions,,COMP001,,,,,,,,,,,,,,,,,,,,,DECE30E16F1,,,,,,,,,,,,,2025-09-20,OBLIGATION_PAYMENT,PAY_NOW,0.87,"Strong liquidity (₹3,275,569,046); CRITICAL obligation – paying immediately.",EXECUTED,,,,,,,,,,,,,,,,,,,,,,,,,,,,,,,,,,,,,,,,,,,,,,,,,,,,,
decisions,,COMP001,,,,,,,,,,,,,,,,,,,,,DEC4EDD8622,,,,,,,,,,,,,2025-09-20,OBLIGATION_PAYMENT,PAY_NOW,0.9,"Strong liquidity (₹3,275,569,046); CRITICAL obligation – paying immediately.",EXECUTED,,,,,,,,,,,,,,,,,,,,,,,,,,,,,,,,,,,,,,,,,,,,,,,,,,,,,
decisions,,COMP001,,,,,,,,,,,,,,,,,,,,,DEC7D2FD67C,,,,,,,,,,,,,2025-09-27,OBLIGATION_PAYMENT,PAY_NOW,0.87,"Strong liquidity (₹3,225,776,229); HIGH obligation – paying immediately.",EXECUTED,,,,,,,,,,,,,,,,,,,,,,,,,,,,,,,,,,,,,,,,,,,,,,,,,,,,,
decisions,,COMP001,,,,,,,,,,,,,,,,,,,,,DEC048F2161,,,,,,,,,,,,,2025-09-27,OBLIGATION_PAYMENT,PAY_NOW,0.92,"Strong liquidity (₹3,225,776,229); HIGH obligation – paying immediately.",EXECUTED,,,,,,,,,,,,,,,,,,,,,,,,,,,,,,,,,,,,,,,,,,,,,,,,,,,,,
decisions,,COMP001,,,,,,,,,,,,,,,,,,,,,DEC9992603A,,,,,,,,,,,,,2025-10-02,OBLIGATION_PAYMENT,PAY_NOW,0.86,"Strong liquidity (₹3,131,889,489); HIGH obligation – paying immediately.",EXECUTED,,,,,,,,,,,,,,,,,,,,,,,,,,,,,,,,,,,,,,,,,,,,,,,,,,,,,
decisions,,COMP001,,,,,,,,,,,,,,,,,,,,,DEC139E22D7,,,,,,,,,,,,,2025-10-10,OBLIGATION_PAYMENT,PAY_NOW,0.93,"Strong liquidity (₹3,284,680,045); HIGH obligation – paying immediately.",EXECUTED,,,,,,,,,,,,,,,,,,,,,,,,,,,,,,,,,,,,,,,,,,,,,,,,,,,,,
decisions,,COMP001,,,,,,,,,,,,,,,,,,,,,DECEB2956A2,,,,,,,,,,,,,2025-10-12,OBLIGATION_PAYMENT,PAY_NOW,0.87,"Strong liquidity (₹3,214,592,019); CRITICAL obligation – paying immediately.",EXECUTED,,,,,,,,,,,,,,,,,,,,,,,,,,,,,,,,,,,,,,,,,,,,,,,,,,,,,
decisions,,COMP001,,,,,,,,,,,,,,,,,,,,,DECB1A8819E,,,,,,,,,,,,,2025-10-25,OBLIGATION_PAYMENT,PAY_NOW,0.85,"Strong liquidity (₹3,195,077,695); CRITICAL obligation – paying immediately.",EXECUTED,,,,,,,,,,,,,,,,,,,,,,,,,,,,,,,,,,,,,,,,,,,,,,,,,,,,,
decisions,,COMP001,,,,,,,,,,,,,,,,,,,,,DEC46B38838,,,,,,,,,,,,,2025-10-27,OBLIGATION_PAYMENT,PAY_NOW,0.86,"Strong liquidity (₹3,195,086,619); CRITICAL obligation – paying immediately.",EXECUTED,,,,,,,,,,,,,,,,,,,,,,,,,,,,,,,,,,,,,,,,,,,,,,,,,,,,,
decisions,,COMP001,,,,,,,,,,,,,,,,,,,,,DECAF637E93,,,,,,,,,,,,,2025-11-04,OBLIGATION_PAYMENT,PAY_AT_MATURITY,0.76,Adequate cash; scheduling payment at maturity.,EXECUTED,,,,,,,,,,,,,,,,,,,,,,,,,,,,,,,,,,,,,,,,,,,,,,,,,,,,,
decisions,,COMP001,,,,,,,,,,,,,,,,,,,,,DEC28E77477,,,,,,,,,,,,,2025-11-09,OBLIGATION_PAYMENT,PAY_NOW,0.88,"Strong liquidity (₹3,383,952,197); HIGH obligation – paying immediately.",EXECUTED,,,,,,,,,,,,,,,,,,,,,,,,,,,,,,,,,,,,,,,,,,,,,,,,,,,,,
decisions,,COMP001,,,,,,,,,,,,,,,,,,,,,DECB02EA059,,,,,,,,,,,,,2025-11-13,OBLIGATION_PAYMENT,PAY_NOW,0.83,"Strong liquidity (₹3,497,816,434); CRITICAL obligation – paying immediately.",EXECUTED,,,,,,,,,,,,,,,,,,,,,,,,,,,,,,,,,,,,,,,,,,,,,,,,,,,,,
decisions,,COMP001,,,,,,,,,,,,,,,,,,,,,DEC54A3B400,,,,,,,,,,,,,2025-11-20,OBLIGATION_PAYMENT,PAY_AT_MATURITY,0.82,Adequate cash; scheduling payment at maturity.,EXECUTED,,,,,,,,,,,,,,,,,,,,,,,,,,,,,,,,,,,,,,,,,,,,,,,,,,,,,
decisions,,COMP001,,,,,,,,,,,,,,,,,,,,,DEC7FF066C0,,,,,,,,,,,,,2025-12-01,OBLIGATION_PAYMENT,PAY_NOW,0.95,"Strong liquidity (₹3,777,423,904); CRITICAL obligation – paying immediately.",EXECUTED,,,,,,,,,,,,,,,,,,,,,,,,,,,,,,,,,,,,,,,,,,,,,,,,,,,,,
decisions,,COMP001,,,,,,,,,,,,,,,,,,,,,DECA52389B0,,,,,,,,,,,,,2025-12-05,OBLIGATION_PAYMENT,PAY_NOW,0.85,"Strong liquidity (₹3,875,611,937); HIGH obligation – paying immediately.",EXECUTED,,,,,,,,,,,,,,,,,,,,,,,,,,,,,,,,,,,,,,,,,,,,,,,,,,,,,
decisions,,COMP001,,,,,,,,,,,,,,,,,,,,,DEC1EBB54E5,,,,,,,,,,,,,2025-12-07,OBLIGATION_PAYMENT,PAY_NOW,0.94,"Strong liquidity (₹3,797,266,938); HIGH obligation – paying immediately.",EXECUTED,,,,,,,,,,,,,,,,,,,,,,,,,,,,,,,,,,,,,,,,,,,,,,,,,,,,,
decisions,,COMP001,,,,,,,,,,,,,,,,,,,,,DEC4E673F8E,,,,,,,,,,,,,2025-12-08,OBLIGATION_PAYMENT,PAY_NOW,0.83,"Strong liquidity (₹3,756,573,485); CRITICAL obligation – paying immediately.",EXECUTED,,,,,,,,,,,,,,,,,,,,,,,,,,,,,,,,,,,,,,,,,,,,,,,,,,,,,
decisions,,COMP001,,,,,,,,,,,,,,,,,,,,,DECAD984735,,,,,,,,,,,,,2025-12-10,OBLIGATION_PAYMENT,PAY_NOW,0.8,"Strong liquidity (₹3,778,101,978); CRITICAL obligation – paying immediately.",EXECUTED,,,,,,,,,,,,,,,,,,,,,,,,,,,,,,,,,,,,,,,,,,,,,,,,,,,,,
decisions,,COMP001,,,,,,,,,,,,,,,,,,,,,DECAD5DFF25,,,,,,,,,,,,,2025-12-20,OBLIGATION_PAYMENT,PAY_NOW,0.94,"Strong liquidity (₹4,035,417,819); CRITICAL obligation – paying immediately.",EXECUTED,,,,,,,,,,,,,,,,,,,,,,,,,,,,,,,,,,,,,,,,,,,,,,,,,,,,,
decisions,,COMP001,,,,,,,,,,,,,,,,,,,,,DECA8283E15,,,,,,,,,,,,,2025-12-31,OBLIGATION_PAYMENT,RETAIN_CASH,0.72,Preserving liquidity for upcoming obligations.,EXECUTED,,,,,,,,,,,,,,,,,,,,,,,,,,,,,,,,,,,,,,,,,,,,,,,,,,,,,
decisions,,COMP001,,,,,,,,,,,,,,,,,,,,,DEC384CCBFD,,,,,,,,,,,,,2025-12-31,OBLIGATION_PAYMENT,PAY_NOW,0.81,"Strong liquidity (₹4,288,265,186); HIGH obligation – paying immediately.",EXECUTED,,,,,,,,,,,,,,,,,,,,,,,,,,,,,,,,,,,,,,,,,,,,,,,,,,,,,
decisions,,COMP001,,,,,,,,,,,,,,,,,,,,,DECA73D8B1B,,,,,,,,,,,,,2025-12-31,OBLIGATION_PAYMENT,PAY_NOW,0.81,"Strong liquidity (₹4,288,265,186); HIGH obligation – paying immediately.",EXECUTED,,,,,,,,,,,,,,,,,,,,,,,,,,,,,,,,,,,,,,,,,,,,,,,,,,,,,
decisions,,COMP001,,,,,,,,,,,,,,,,,,,,,DEC9B9B4978,,,,,,,,,,,,,2025-12-31,OBLIGATION_PAYMENT,PAY_NOW,0.92,"Strong liquidity (₹4,288,265,186); HIGH obligation – paying immediately.",EXECUTED,,,,,,,,,,,,,,,,,,,,,,,,,,,,,,,,,,,,,,,,,,,,,,,,,,,,,
decisions,,COMP001,,,,,,,,,,,,,,,,,,,,,DEC317C999C,,,,,,,,,,,,,2025-12-31,OBLIGATION_PAYMENT,PAY_AT_MATURITY,0.72,Adequate cash; scheduling payment at maturity.,EXECUTED,,,,,,,,,,,,,,,,,,,,,,,,,,,,,,,,,,,,,,,,,,,,,,,,,,,,,
decisions,,COMP001,,,,,,,,,,,,,,,,,,,,,DEC0B7AF2B4,,,,,,,,,,,,,2025-12-31,OBLIGATION_PAYMENT,PAY_AT_MATURITY,0.76,Adequate cash; scheduling payment at maturity.,EXECUTED,,,,,,,,,,,,,,,,,,,,,,,,,,,,,,,,,,,,,,,,,,,,,,,,,,,,,
decisions,,COMP001,,,,,,,,,,,,,,,,,,,,,DECF80014E3,,,,,,,,,,,,,2025-12-31,OBLIGATION_PAYMENT,PAY_AT_MATURITY,0.74,Adequate cash; scheduling payment at maturity.,EXECUTED,,,,,,,,,,,,,,,,,,,,,,,,,,,,,,,,,,,,,,,,,,,,,,,,,,,,,
events,,COMP001,,,,,,,,,,,,,,,,,,,,,,,,,,,,,,,,,,2025-01-01,,,,,PROCESSED,EVTE15C7487,INTEREST_RATE_CHANGED,"{""old_rate"": 0.103, ""new_rate"": 0.111}",2025-01-01 03:00:00,,,,,,,,,,,,,,,,,,,,,,,,,,,,,,,,,,,,,,,,,,,,,,,,,
events,,COMP001,,,,,,,,,,,,,,,,,,,,,,,,,,,,,,,,,,2025-01-03,,,,,PROCESSED,EVT43B74130,UNEXPECTED_EXPENSE,"{""amount"": 74070885.01, ""reason"": ""Emergency repair""}",2025-01-03 03:00:00,,,,,,,,,,,,,,,,,,,,,,,,,,,,,,,,,,,,,,,,,,,,,,,,,
events,,COMP001,,,,,,,,,,,,,,,,,,,,,,,,,,,,,,,,,,2025-01-05,,,,,PROCESSED,EVT83FDE788,NEW_OBLIGATION,"{""supplier_id"": ""SUP001"", ""amount"": 18878978.69, ""due_days"": 60}",2025-01-05 03:00:00,,,,,,,,,,,,,,,,,,,,,,,,,,,,,,,,,,,,,,,,,,,,,,,,,
events,,COMP001,,,,,,,,,,,,,,,,,,,,,,,,,,,,,,,,,,2025-01-05,,,,,PROCESSED,EVT6B400357,FINANCING_DRAWN,"{""financing_option_id"": ""FIN002"", ""amount"": 20434541.72}",2025-01-05 05:00:00,,,,,,,,,,,,,,,,,,,,,,,,,,,,,,,,,,,,,,,,,,,,,,,,,
events,,COMP001,,,,,,,,,,,,,,,,,,,,,,,,,,,,,,,,,,2025-01-06,,,,,PROCESSED,EVTD318E4A3,SUPPLIER_PAYMENT,"{""supplier_id"": ""SUP003"", ""amount"": 7884821.3}",2025-01-06 03:00:00,,,,,,,,,,,,,,,,,,,,,,,,,,,,,,,,,,,,,,,,,,,,,,,,,
events,,COMP001,,,,,,,,,,,,,,,,,,,,,,,,,,,,,,,,,,2025-01-09,,,,,PROCESSED,EVT2DF7B15F,PAYMENT_RECEIVED,"{""amount"": 22132503.81, ""customer_id"": ""CUST011""}",2025-01-09 05:00:00,,,,,,,,,,,,,,,,,,,,,,,,,,,,,,,,,,,,,,,,,,,,,,,,,
events,,COMP001,,,,,,,,,,,,,,,,,,,,,,,,,,,,,,,,,,2025-01-11,,,,,PROCESSED,EVT02A2E70B,RECEIVABLE_DELAYED,"{""customer_id"": ""CUST007"", ""delay_days"": 9, ""original_expected_date"": ""2025-04-26"", ""new_expected_date"": ""2025-05-05""}",2025-01-11 01:00:00,,,,,,,,,,,,,,,,,,,,,,,,,,,,,,,,,,,,,,,,,,,,,,,,,
events,,COMP001,,,,,,,,,,,,,,,,,,,,,,,,,,,,,,,,,,2025-01-17,,,,,PROCESSED,EVT41C0B6EB,INVOICE_CREATED,"{""amount"": 37246881.01, ""customer_id"": ""CUST007"", ""payment_terms"": 45}",2025-01-17 04:00:00,,,,,,,,,,,,,,,,,,,,,,,,,,,,,,,,,,,,,,,,,,,,,,,,,
events,,COMP001,,,,,,,,,,,,,,,,,,,,,,,,,,,,,,,,,,2025-01-19,,,,,PROCESSED,EVTF977BA67,PAYMENT_RECEIVED,"{""amount"": 38237197.71, ""customer_id"": ""CUST006""}",2025-01-19 06:00:00,,,,,,,,,,,,,,,,,,,,,,,,,,,,,,,,,,,,,,,,,,,,,,,,,
events,,COMP001,,,,,,,,,,,,,,,,,,,,,,,,,,,,,,,,,,2025-01-20,,,,,PROCESSED,EVT436EB893,FINANCING_DRAWN,"{""financing_option_id"": ""FIN005"", ""amount"": 62209092.75}",2025-01-20 02:00:00,,,,,,,,,,,,,,,,,,,,,,,,,,,,,,,,,,,,,,,,,,,,,,,,,
events,,COMP001,,,,,,,,,,,,,,,,,,,,,,,,,,,,,,,,,,2025-01-22,,,,,PROCESSED,EVT06B00E48,INTEREST_RATE_CHANGED,"{""old_rate"": 0.104, ""new_rate"": 0.096}",2025-01-22 02:00:00,,,,,,,,,,,,,,,,,,,,,,,,,,,,,,,,,,,,,,,,,,,,,,,,,
events,,COMP001,,,,,,,,,,,,,,,,,,,,,,,,,,,,,,,,,,2025-01-22,,,,,PROCESSED,EVT7CA7110A,INTEREST_RATE_CHANGED,"{""old_rate"": 0.105, ""new_rate"": 0.128}",2025-01-22 02:00:00,,,,,,,,,,,,,,,,,,,,,,,,,,,,,,,,,,,,,,,,,,,,,,,,,
events,,COMP001,,,,,,,,,,,,,,,,,,,,,,,,,,,,,,,,,,2025-01-23,,,,,PROCESSED,EVT33B47180,UNEXPECTED_EXPENSE,"{""amount"": 63018826.12, ""reason"": ""Equipment failure""}",2025-01-23 02:00:00,,,,,,,,,,,,,,,,,,,,,,,,,,,,,,,,,,,,,,,,,,,,,,,,,
events,,COMP001,,,,,,,,,,,,,,,,,,,,,,,,,,,,,,,,,,2025-01-24,,,,,PROCESSED,EVT8ACBB98E,PAYMENT_RECEIVED,"{""amount"": 14680187.59, ""customer_id"": ""CUST006""}",2025-01-24 03:00:00,,,,,,,,,,,,,,,,,,,,,,,,,,,,,,,,,,,,,,,,,,,,,,,,,
events,,COMP001,,,,,,,,,,,,,,,,,,,,,,,,,,,,,,,,,,2025-01-24,,,,,PROCESSED,EVTBDE740F2,INTEREST_RATE_CHANGED,"{""old_rate"": 0.094, ""new_rate"": 0.106}",2025-01-24 06:00:00,,,,,,,,,,,,,,,,,,,,,,,,,,,,,,,,,,,,,,,,,,,,,,,,,
events,,COMP001,,,,,,,,,,,,,,,,,,,,,,,,,,,,,,,,,,2025-01-27,,,,,PROCESSED,EVTE2E1E279,UNEXPECTED_EXPENSE,"{""amount"": 46846796.09, ""reason"": ""Regulatory fine""}",2025-01-27 03:00:00,,,,,,,,,,,,,,,,,,,,,,,,,,,,,,,,,,,,,,,,,,,,,,,,,
events,,COMP001,,,,,,,,,,,,,,,,,,,,,,,,,,,,,,,,,,2025-01-29,,,,,PROCESSED,EVT2B208732,NEW_OBLIGATION,"{""supplier_id"": ""SUP006"", ""amount"": 59932366.69, ""due_days"": 30}",2025-01-29 04:00:00,,,,,,,,,,,,,,,,,,,,,,,,,,,,,,,,,,,,,,,,,,,,,,,,,
events,,COMP001,,,,,,,,,,,,,,,,,,,,,,,,,,,,,,,,,,2025-01-30,,,,,PROCESSED,EVT9BCA7ABA,PAYMENT_RECEIVED,"{""amount"": 14388941.75, ""customer_id"": ""CUST005""}",2025-01-30 02:00:00,,,,,,,,,,,,,,,,,,,,,,,,,,,,,,,,,,,,,,,,,,,,,,,,,
events,,COMP001,,,,,,,,,,,,,,,,,,,,,,,,,,,,,,,,,,2025-01-30,,,,,PROCESSED,EVTA5CD280C,UNEXPECTED_EXPENSE,"{""amount"": 25734915.04, ""reason"": ""Equipment failure""}",2025-01-30 04:00:00,,,,,,,,,,,,,,,,,,,,,,,,,,,,,,,,,,,,,,,,,,,,,,,,,
events,,COMP001,,,,,,,,,,,,,,,,,,,,,,,,,,,,,,,,,,2025-01-30,,,,,PROCESSED,EVT78DFC63E,PAYMENT_RECEIVED,"{""amount"": 23898738.95, ""customer_id"": ""CUST001""}",2025-01-30 03:00:00,,,,,,,,,,,,,,,,,,,,,,,,,,,,,,,,,,,,,,,,,,,,,,,,,
events,,COMP001,,,,,,,,,,,,,,,,,,,,,,,,,,,,,,,,,,2025-01-31,,,,,PROCESSED,EVT83F8A105,RECEIVABLE_DELAYED,"{""customer_id"": ""CUST001"", ""delay_days"": 29, ""original_expected_date"": ""2025-01-27"", ""new_expected_date"": ""2025-02-25""}",2025-01-31 05:00:00,,,,,,,,,,,,,,,,,,,,,,,,,,,,,,,,,,,,,,,,,,,,,,,,,
events,,COMP001,,,,,,,,,,,,,,,,,,,,,,,,,,,,,,,,,,2025-02-03,,,,,PROCESSED,EVT3E11D218,PAYMENT_RECEIVED,"{""amount"": 34753069.47, ""customer_id"": ""CUST006""}",2025-02-03 05:00:00,,,,,,,,,,,,,,,,,,,,,,,,,,,,,,,,,,,,,,,,,,,,,,,,,
events,,COMP001,,,,,,,,,,,,,,,,,,,,,,,,,,,,,,,,,,2025-02-03,,,,,PROCESSED,EVT553118D9,INVOICE_CREATED,"{""amount"": 14433889.03, ""customer_id"": ""CUST017"", ""payment_terms"": 45}",2025-02-03 06:00:00,,,,,,,,,,,,,,,,,,,,,,,,,,,,,,,,,,,,,,,,,,,,,,,,,
events,,COMP001,,,,,,,,,,,,,,,,,,,,,,,,,,,,,,,,,,2025-02-04,,,,,PROCESSED,EVT72C1F28B,INVOICE_CREATED,"{""amount"": 12227624.57, ""customer_id"": ""CUST019"", ""payment_terms"": 45}",2025-02-04 02:00:00,,,,,,,,,,,,,,,,,,,,,,,,,,,,,,,,,,,,,,,,,,,,,,,,,
events,,COMP001,,,,,,,,,,,,,,,,,,,,,,,,,,,,,,,,,,2025-02-06,,,,,PROCESSED,EVT74599750,INTEREST_RATE_CHANGED,"{""old_rate"": 0.104, ""new_rate"": 0.099}",2025-02-06 02:00:00,,,,,,,,,,,,,,,,,,,,,,,,,,,,,,,,,,,,,,,,,,,,,,,,,
events,,COMP001,,,,,,,,,,,,,,,,,,,,,,,,,,,,,,,,,,2025-02-07,,,,,PROCESSED,EVT9A36F8F3,INTEREST_RATE_CHANGED,"{""old_rate"": 0.087, ""new_rate"": 0.077}",2025-02-07 05:00:00,,,,,,,,,,,,,,,,,,,,,,,,,,,,,,,,,,,,,,,,,,,,,,,,,
events,,COMP001,,,,,,,,,,,,,,,,,,,,,,,,,,,,,,,,,,2025-02-19,,,,,PROCESSED,EVT123E3F37,FINANCING_DRAWN,"{""financing_option_id"": ""FIN004"", ""amount"": 67750250.89}",2025-02-19 02:00:00,,,,,,,,,,,,,,,,,,,,,,,,,,,,,,,,,,,,,,,,,,,,,,,,,
events,,COMP001,,,,,,,,,,,,,,,,,,,,,,,,,,,,,,,,,,2025-02-20,,,,,PROCESSED,EVT281A2982,NEW_OBLIGATION,"{""supplier_id"": ""SUP005"", ""amount"": 17506283.9, ""due_days"": 30}",2025-02-20 05:00:00,,,,,,,,,,,,,,,,,,,,,,,,,,,,,,,,,,,,,,,,,,,,,,,,,
events,,COMP001,,,,,,,,,,,,,,,,,,,,,,,,,,,,,,,,,,2025-02-20,,,,,PROCESSED,EVTA1D428D2,RECEIVABLE_DELAYED,"{""customer_id"": ""CUST021"", ""delay_days"": 20, ""original_expected_date"": ""2025-04-05"", ""new_expected_date"": ""2025-04-25""}",2025-02-20 06:00:00,,,,,,,,,,,,,,,,,,,,,,,,,,,,,,,,,,,,,,,,,,,,,,,,,
events,,COMP001,,,,,,,,,,,,,,,,,,,,,,,,,,,,,,,,,,2025-02-20,,,,,PROCESSED,EVT22463D24,FINANCING_DRAWN,"{""financing_option_id"": ""FIN005"", ""amount"": 97683351.97}",2025-02-20 01:00:00,,,,,,,,,,,,,,,,,,,,,,,,,,,,,,,,,,,,,,,,,,,,,,,,,
events,,COMP001,,,,,,,,,,,,,,,,,,,,,,,,,,,,,,,,,,2025-02-22,,,,,PROCESSED,EVT032E57FF,PAYMENT_RECEIVED,"{""amount"": 40951249.45, ""customer_id"": ""CUST011""}",2025-02-22 06:00:00,,,,,,,,,,,,,,,,,,,,,,,,,,,,,,,,,,,,,,,,,,,,,,,,,
events,,COMP001,,,,,,,,,,,,,,,,,,,,,,,,,,,,,,,,,,2025-02-25,,,,,PROCESSED,EVT8C4E5A15,SUPPLIER_PAYMENT,"{""supplier_id"": ""SUP003"", ""amount"": 33502147.92}",2025-02-25 05:00:00,,,,,,,,,,,,,,,,,,,,,,,,,,,,,,,,,,,,,,,,,,,,,,,,,
events,,COMP001,,,,,,,,,,,,,,,,,,,,,,,,,,,,,,,,,,2025-02-25,,,,,PROCESSED,EVTD1B48C16,UNEXPECTED_EXPENSE,"{""amount"": 37177971.81, ""reason"": ""Equipment failure""}",2025-02-25 06:00:00,,,,,,,,,,,,,,,,,,,,,,,,,,,,,,,,,,,,,,,,,,,,,,,,,
events,,COMP001,,,,,,,,,,,,,,,,,,,,,,,,,,,,,,,,,,2025-02-27,,,,,PROCESSED,EVT29C1F620,INVOICE_CREATED,"{""amount"": 48193871.27, ""customer_id"": ""CUST012"", ""payment_terms"": 15}",2025-02-27 03:00:00,,,,,,,,,,,,,,,,,,,,,,,,,,,,,,,,,,,,,,,,,,,,,,,,,
events,,COMP001,,,,,,,,,,,,,,,,,,,,,,,,,,,,,,,,,,2025-02-28,,,,,PROCESSED,EVTECD5FE1E,NEW_OBLIGATION,"{""supplier_id"": ""SUP013"", ""amount"": 58431811.92, ""due_days"": 45}",2025-02-28 06:00:00,,,,,,,,,,,,,,,,,,,,,,,,,,,,,,,,,,,,,,,,,,,,,,,,,
events,,COMP001,,,,,,,,,,,,,,,,,,,,,,,,,,,,,,,,,,2025-03-01,,,,,PROCESSED,EVT1966BEA6,UNEXPECTED_EXPENSE,"{""amount"": 47834839.21, ""reason"": ""Regulatory fine""}",2025-03-01 03:00:00,,,,,,,,,,,,,,,,,,,,,,,,,,,,,,,,,,,,,,,,,,,,,,,,,
events,,COMP001,,,,,,,,,,,,,,,,,,,,,,,,,,,,,,,,,,2025-03-03,,,,,PROCESSED,EVTEA6528D3,PAYMENT_RECEIVED,"{""amount"": 30482685.8, ""customer_id"": ""CUST018""}",2025-03-03 03:00:00,,,,,,,,,,,,,,,,,,,,,,,,,,,,,,,,,,,,,,,,,,,,,,,,,
events,,COMP001,,,,,,,,,,,,,,,,,,,,,,,,,,,,,,,,,,2025-03-04,,,,,PROCESSED,EVT68B26DBA,SUPPLIER_PAYMENT,"{""supplier_id"": ""SUP015"", ""amount"": 46158421.97}",2025-03-04 03:00:00,,,,,,,,,,,,,,,,,,,,,,,,,,,,,,,,,,,,,,,,,,,,,,,,,
events,,COMP001,,,,,,,,,,,,,,,,,,,,,,,,,,,,,,,,,,2025-03-07,,,,,PROCESSED,EVT19A68667,FINANCING_DRAWN,"{""financing_option_id"": ""FIN005"", ""amount"": 90607223.37}",2025-03-07 05:00:00,,,,,,,,,,,,,,,,,,,,,,,,,,,,,,,,,,,,,,,,,,,,,,,,,
events,,COMP001,,,,,,,,,,,,,,,,,,,,,,,,,,,,,,,,,,2025-03-07,,,,,PROCESSED,EVTFA02C800,NEW_OBLIGATION,"{""supplier_id"": ""SUP011"", ""amount"": 52849115.52, ""due_days"": 60}",2025-03-07 06:00:00,,,,,,,,,,,,,,,,,,,,,,,,,,,,,,,,,,,,,,,,,,,,,,,,,
events,,COMP001,,,,,,,,,,,,,,,,,,,,,,,,,,,,,,,,,,2025-03-10,,,,,PROCESSED,EVTADC1E23D,INTEREST_RATE_CHANGED,"{""old_rate"": 0.093, ""new_rate"": 0.114}",2025-03-10 03:00:00,,,,,,,,,,,,,,,,,,,,,,,,,,,,,,,,,,,,,,,,,,,,,,,,,
events,,COMP001,,,,,,,,,,,,,,,,,,,,,,,,,,,,,,,,,,2025-03-11,,,,,PROCESSED,EVTF5731A0B,FINANCING_DRAWN,"{""financing_option_id"": ""FIN003"", ""amount"": 14616211.7}",2025-03-11 06:00:00,,,,,,,,,,,,,,,,,,,,,,,,,,,,,,,,,,,,,,,,,,,,,,,,,
events,,COMP001,,,,,,,,,,,,,,,,,,,,,,,,,,,,,,,,,,2025-03-13,,,,,PROCESSED,EVTB124717D,PAYMENT_RECEIVED,"{""amount"": 42750628.47, ""customer_id"": ""CUST012""}",2025-03-13 04:00:00,,,,,,,,,,,,,,,,,,,,,,,,,,,,,,,,,,,,,,,,,,,,,,,,,
events,,COMP001,,,,,,,,,,,,,,,,,,,,,,,,,,,,,,,,,,2025-03-13,,,,,PROCESSED,EVT88205F23,FINANCING_DRAWN,"{""financing_option_id"": ""FIN004"", ""amount"": 25867352.1}",2025-03-13 01:00:00,,,,,,,,,,,,,,,,,,,,,,,,,,,,,,,,,,,,,,,,,,,,,,,,,
events,,COMP001,,,,,,,,,,,,,,,,,,,,,,,,,,,,,,,,,,2025-03-21,,,,,PROCESSED,EVT960D92C7,INVOICE_CREATED,"{""amount"": 17087286.52, ""customer_id"": ""CUST016"", ""payment_terms"": 45}",2025-03-21 03:00:00,,,,,,,,,,,,,,,,,,,,,,,,,,,,,,,,,,,,,,,,,,,,,,,,,
events,,COMP001,,,,,,,,,,,,,,,,,,,,,,,,,,,,,,,,,,2025-03-21,,,,,PROCESSED,EVTB2C755F8,UNEXPECTED_EXPENSE,"{""amount"": 40257728.45, ""reason"": ""Emergency repair""}",2025-03-21 03:00:00,,,,,,,,,,,,,,,,,,,,,,,,,,,,,,,,,,,,,,,,,,,,,,,,,
events,,COMP001,,,,,,,,,,,,,,,,,,,,,,,,,,,,,,,,,,2025-03-24,,,,,PROCESSED,EVTAB789497,SUPPLIER_PAYMENT,"{""supplier_id"": ""SUP008"", ""amount"": 20831845.16}",2025-03-24 02:00:00,,,,,,,,,,,,,,,,,,,,,,,,,,,,,,,,,,,,,,,,,,,,,,,,,
events,,COMP001,,,,,,,,,,,,,,,,,,,,,,,,,,,,,,,,,,2025-03-27,,,,,PROCESSED,EVT29128744,FINANCING_DRAWN,"{""financing_option_id"": ""FIN004"", ""amount"": 72741814.41}",2025-03-27 03:00:00,,,,,,,,,,,,,,,,,,,,,,,,,,,,,,,,,,,,,,,,,,,,,,,,,
events,,COMP001,,,,,,,,,,,,,,,,,,,,,,,,,,,,,,,,,,2025-04-06,,,,,PROCESSED,EVT076D795C,INTEREST_RATE_CHANGED,"{""old_rate"": 0.093, ""new_rate"": 0.095}",2025-04-06 01:00:00,,,,,,,,,,,,,,,,,,,,,,,,,,,,,,,,,,,,,,,,,,,,,,,,,
events,,COMP001,,,,,,,,,,,,,,,,,,,,,,,,,,,,,,,,,,2025-04-09,,,,,PROCESSED,EVT95FA6E38,FINANCING_DRAWN,"{""financing_option_id"": ""FIN004"", ""amount"": 88969227.82}",2025-04-09 01:00:00,,,,,,,,,,,,,,,,,,,,,,,,,,,,,,,,,,,,,,,,,,,,,,,,,
events,,COMP001,,,,,,,,,,,,,,,,,,,,,,,,,,,,,,,,,,2025-04-11,,,,,PROCESSED,EVT7DBAB6F5,PAYMENT_RECEIVED,"{""amount"": 45839886.94, ""customer_id"": ""CUST008""}",2025-04-11 02:00:00,,,,,,,,,,,,,,,,,,,,,,,,,,,,,,,,,,,,,,,,,,,,,,,,,
events,,COMP001,,,,,,,,,,,,,,,,,,,,,,,,,,,,,,,,,,2025-04-16,,,,,PROCESSED,EVT446FABF5,INVOICE_CREATED,"{""amount"": 34600231.88, ""customer_id"": ""CUST005"", ""payment_terms"": 30}",2025-04-16 06:00:00,,,,,,,,,,,,,,,,,,,,,,,,,,,,,,,,,,,,,,,,,,,,,,,,,
events,,COMP001,,,,,,,,,,,,,,,,,,,,,,,,,,,,,,,,,,2025-04-18,,,,,PROCESSED,EVT77198B84,SUPPLIER_PAYMENT,"{""supplier_id"": ""SUP013"", ""amount"": 34994465.45}",2025-04-18 03:00:00,,,,,,,,,,,,,,,,,,,,,,,,,,,,,,,,,,,,,,,,,,,,,,,,,
events,,COMP001,,,,,,,,,,,,,,,,,,,,,,,,,,,,,,,,,,2025-04-20,,,,,PROCESSED,EVTBD16E5F8,RECEIVABLE_DELAYED,"{""customer_id"": ""CUST013"", ""delay_days"": 12, ""original_expected_date"": ""2025-09-11"", ""new_expected_date"": ""2025-09-23""}",2025-04-20 06:00:00,,,,,,,,,,,,,,,,,,,,,,,,,,,,,,,,,,,,,,,,,,,,,,,,,
events,,COMP001,,,,,,,,,,,,,,,,,,,,,,,,,,,,,,,,,,2025-04-22,,,,,PROCESSED,EVT67F72147,PAYMENT_RECEIVED,"{""amount"": 42389789.39, ""customer_id"": ""CUST017""}",2025-04-22 05:00:00,,,,,,,,,,,,,,,,,,,,,,,,,,,,,,,,,,,,,,,,,,,,,,,,,
events,,COMP001,,,,,,,,,,,,,,,,,,,,,,,,,,,,,,,,,,2025-04-23,,,,,PROCESSED,EVT9F8E00B4,FINANCING_DRAWN,"{""financing_option_id"": ""FIN003"", ""amount"": 24210277.38}",2025-04-23 06:00:00,,,,,,,,,,,,,,,,,,,,,,,,,,,,,,,,,,,,,,,,,,,,,,,,,
events,,COMP001,,,,,,,,,,,,,,,,,,,,,,,,,,,,,,,,,,2025-04-24,,,,,PROCESSED,EVT70F763DE,UNEXPECTED_EXPENSE,"{""amount"": 19350404.26, ""reason"": ""Emergency repair""}",2025-04-24 04:00:00,,,,,,,,,,,,,,,,,,,,,,,,,,,,,,,,,,,,,,,,,,,,,,,,,
events,,COMP001,,,,,,,,,,,,,,,,,,,,,,,,,,,,,,,,,,2025-04-25,,,,,PROCESSED,EVTA6DC490D,INVOICE_CREATED,"{""amount"": 10042443.95, ""customer_id"": ""CUST025"", ""payment_terms"": 45}",2025-04-25 01:00:00,,,,,,,,,,,,,,,,,,,,,,,,,,,,,,,,,,,,,,,,,,,,,,,,,
events,,COMP001,,,,,,,,,,,,,,,,,,,,,,,,,,,,,,,,,,2025-04-28,,,,,PROCESSED,EVT3B16D034,UNEXPECTED_EXPENSE,"{""amount"": 12363441.5, ""reason"": ""Emergency repair""}",2025-04-28 04:00:00,,,,,,,,,,,,,,,,,,,,,,,,,,,,,,,,,,,,,,,,,,,,,,,,,
events,,COMP001,,,,,,,,,,,,,,,,,,,,,,,,,,,,,,,,,,2025-05-01,,,,,PROCESSED,EVT2AC340D6,UNEXPECTED_EXPENSE,"{""amount"": 28987173.24, ""reason"": ""Regulatory fine""}",2025-05-01 04:00:00,,,,,,,,,,,,,,,,,,,,,,,,,,,,,,,,,,,,,,,,,,,,,,,,,
events,,COMP001,,,,,,,,,,,,,,,,,,,,,,,,,,,,,,,,,,2025-05-07,,,,,PROCESSED,EVT6AD386F1,PAYMENT_RECEIVED,"{""amount"": 27915600.81, ""customer_id"": ""CUST021""}",2025-05-07 06:00:00,,,,,,,,,,,,,,,,,,,,,,,,,,,,,,,,,,,,,,,,,,,,,,,,,
events,,COMP001,,,,,,,,,,,,,,,,,,,,,,,,,,,,,,,,,,2025-05-10,,,,,PROCESSED,EVTFE0BF2B6,INVOICE_CREATED,"{""amount"": 10995116.89, ""customer_id"": ""CUST018"", ""payment_terms"": 45}",2025-05-10 05:00:00,,,,,,,,,,,,,,,,,,,,,,,,,,,,,,,,,,,,,,,,,,,,,,,,,
events,,COMP001,,,,,,,,,,,,,,,,,,,,,,,,,,,,,,,,,,2025-05-11,,,,,PROCESSED,EVT2FEF1110,SUPPLIER_PAYMENT,"{""supplier_id"": ""SUP005"", ""amount"": 8422083.07}",2025-05-11 06:00:00,,,,,,,,,,,,,,,,,,,,,,,,,,,,,,,,,,,,,,,,,,,,,,,,,
events,,COMP001,,,,,,,,,,,,,,,,,,,,,,,,,,,,,,,,,,2025-05-17,,,,,PROCESSED,EVT6F5DB822,INVOICE_CREATED,"{""amount"": 25175782.49, ""customer_id"": ""CUST003"", ""payment_terms"": 15}",2025-05-17 05:00:00,,,,,,,,,,,,,,,,,,,,,,,,,,,,,,,,,,,,,,,,,,,,,,,,,
events,,COMP001,,,,,,,,,,,,,,,,,,,,,,,,,,,,,,,,,,2025-05-18,,,,,PROCESSED,EVT2D085D2F,NEW_OBLIGATION,"{""supplier_id"": ""SUP009"", ""amount"": 33208610.53, ""due_days"": 60}",2025-05-18 01:00:00,,,,,,,,,,,,,,,,,,,,,,,,,,,,,,,,,,,,,,,,,,,,,,,,,
events,,COMP001,,,,,,,,,,,,,,,,,,,,,,,,,,,,,,,,,,2025-05-18,,,,,PROCESSED,EVT49D3FD80,SUPPLIER_PAYMENT,"{""supplier_id"": ""SUP007"", ""amount"": 23374692.7}",2025-05-18 02:00:00,,,,,,,,,,,,,,,,,,,,,,,,,,,,,,,,,,,,,,,,,,,,,,,,,
events,,COMP001,,,,,,,,,,,,,,,,,,,,,,,,,,,,,,,,,,2025-05-21,,,,,PROCESSED,EVT854A5B3E,INTEREST_RATE_CHANGED,"{""old_rate"": 0.094, ""new_rate"": 0.089}",2025-05-21 02:00:00,,,,,,,,,,,,,,,,,,,,,,,,,,,,,,,,,,,,,,,,,,,,,,,,,
events,,COMP001,,,,,,,,,,,,,,,,,,,,,,,,,,,,,,,,,,2025-05-21,,,,,PROCESSED,EVT882277CF,PAYMENT_RECEIVED,"{""amount"": 22775209.19, ""customer_id"": ""CUST017""}",2025-05-21 01:00:00,,,,,,,,,,,,,,,,,,,,,,,,,,,,,,,,,,,,,,,,,,,,,,,,,
events,,COMP001,,,,,,,,,,,,,,,,,,,,,,,,,,,,,,,,,,2025-05-22,,,,,PROCESSED,EVTD2F6BC39,PAYMENT_RECEIVED,"{""amount"": 28617878.45, ""customer_id"": ""CUST001""}",2025-05-22 02:00:00,,,,,,,,,,,,,,,,,,,,,,,,,,,,,,,,,,,,,,,,,,,,,,,,,
events,,COMP001,,,,,,,,,,,,,,,,,,,,,,,,,,,,,,,,,,2025-05-23,,,,,PROCESSED,EVT7FA649A8,RECEIVABLE_DELAYED,"{""customer_id"": ""CUST003"", ""delay_days"": 30, ""original_expected_date"": ""2025-09-10"", ""new_expected_date"": ""2025-10-10""}",2025-05-23 04:00:00,,,,,,,,,,,,,,,,,,,,,,,,,,,,,,,,,,,,,,,,,,,,,,,,,
events,,COMP001,,,,,,,,,,,,,,,,,,,,,,,,,,,,,,,,,,2025-05-23,,,,,PROCESSED,EVT3549547B,FINANCING_DRAWN,"{""financing_option_id"": ""FIN001"", ""amount"": 85584959.63}",2025-05-23 05:00:00,,,,,,,,,,,,,,,,,,,,,,,,,,,,,,,,,,,,,,,,,,,,,,,,,
events,,COMP001,,,,,,,,,,,,,,,,,,,,,,,,,,,,,,,,,,2025-05-24,,,,,PROCESSED,EVTA69A911F,FINANCING_DRAWN,"{""financing_option_id"": ""FIN005"", ""amount"": 92965814.45}",2025-05-24 02:00:00,,,,,,,,,,,,,,,,,,,,,,,,,,,,,,,,,,,,,,,,,,,,,,,,,
events,,COMP001,,,,,,,,,,,,,,,,,,,,,,,,,,,,,,,,,,2025-05-24,,,,,PROCESSED,EVT51E6B96E,FINANCING_DRAWN,"{""financing_option_id"": ""FIN001"", ""amount"": 90032752.21}",2025-05-24 01:00:00,,,,,,,,,,,,,,,,,,,,,,,,,,,,,,,,,,,,,,,,,,,,,,,,,
events,,COMP001,,,,,,,,,,,,,,,,,,,,,,,,,,,,,,,,,,2025-05-26,,,,,PROCESSED,EVT5A6F1C16,PAYMENT_RECEIVED,"{""amount"": 42945378.08, ""customer_id"": ""CUST001""}",2025-05-26 01:00:00,,,,,,,,,,,,,,,,,,,,,,,,,,,,,,,,,,,,,,,,,,,,,,,,,
events,,COMP001,,,,,,,,,,,,,,,,,,,,,,,,,,,,,,,,,,2025-05-28,,,,,PROCESSED,EVTDB3C6A94,INVOICE_CREATED,"{""amount"": 38612611.48, ""customer_id"": ""CUST011"", ""payment_terms"": 30}",2025-05-28 03:00:00,,,,,,,,,,,,,,,,,,,,,,,,,,,,,,,,,,,,,,,,,,,,,,,,,
events,,COMP001,,,,,,,,,,,,,,,,,,,,,,,,,,,,,,,,,,2025-06-04,,,,,PROCESSED,EVTAEFAF9FB,SUPPLIER_PAYMENT,"{""supplier_id"": ""SUP004"", ""amount"": 21065315.93}",2025-06-04 02:00:00,,,,,,,,,,,,,,,,,,,,,,,,,,,,,,,,,,,,,,,,,,,,,,,,,
events,,COMP001,,,,,,,,,,,,,,,,,,,,,,,,,,,,,,,,,,2025-06-09,,,,,PROCESSED,EVT17D8AC4E,UNEXPECTED_EXPENSE,"{""amount"": 50968998.47, ""reason"": ""Emergency repair""}",2025-06-09 04:00:00,,,,,,,,,,,,,,,,,,,,,,,,,,,,,,,,,,,,,,,,,,,,,,,,,
events,,COMP001,,,,,,,,,,,,,,,,,,,,,,,,,,,,,,,,,,2025-06-11,,,,,PROCESSED,EVT723A2A01,UNEXPECTED_EXPENSE,"{""amount"": 20329249.62, ""reason"": ""Regulatory fine""}",2025-06-11 05:00:00,,,,,,,,,,,,,,,,,,,,,,,,,,,,,,,,,,,,,,,,,,,,,,,,,
events,,COMP001,,,,,,,,,,,,,,,,,,,,,,,,,,,,,,,,,,2025-06-11,,,,,PROCESSED,EVT33656BF0,RECEIVABLE_DELAYED,"{""customer_id"": ""CUST016"", ""delay_days"": 15, ""original_expected_date"": ""2025-10-04"", ""new_expected_date"": ""2025-10-19""}",2025-06-11 06:00:00,,,,,,,,,,,,,,,,,,,,,,,,,,,,,,,,,,,,,,,,,,,,,,,,,
events,,COMP001,,,,,,,,,,,,,,,,,,,,,,,,,,,,,,,,,,2025-06-15,,,,,PROCESSED,EVT9D7741FA,RECEIVABLE_DELAYED,"{""customer_id"": ""CUST003"", ""delay_days"": 14, ""original_expected_date"": ""2025-06-04"", ""new_expected_date"": ""2025-06-18""}",2025-06-15 01:00:00,,,,,,,,,,,,,,,,,,,,,,,,,,,,,,,,,,,,,,,,,,,,,,,,,
events,,COMP001,,,,,,,,,,,,,,,,,,,,,,,,,,,,,,,,,,2025-06-22,,,,,PROCESSED,EVT7732B810,SUPPLIER_PAYMENT,"{""supplier_id"": ""SUP001"", ""amount"": 42967337.08}",2025-06-22 05:00:00,,,,,,,,,,,,,,,,,,,,,,,,,,,,,,,,,,,,,,,,,,,,,,,,,
events,,COMP001,,,,,,,,,,,,,,,,,,,,,,,,,,,,,,,,,,2025-06-24,,,,,PROCESSED,EVTFCD38B2C,PAYMENT_RECEIVED,"{""amount"": 32132035.71, ""customer_id"": ""CUST019""}",2025-06-24 05:00:00,,,,,,,,,,,,,,,,,,,,,,,,,,,,,,,,,,,,,,,,,,,,,,,,,
events,,COMP001,,,,,,,,,,,,,,,,,,,,,,,,,,,,,,,,,,2025-06-25,,,,,PROCESSED,EVTB3606A07,INVOICE_CREATED,"{""amount"": 36204444.9, ""customer_id"": ""CUST022"", ""payment_terms"": 30}",2025-06-25 06:00:00,,,,,,,,,,,,,,,,,,,,,,,,,,,,,,,,,,,,,,,,,,,,,,,,,
events,,COMP001,,,,,,,,,,,,,,,,,,,,,,,,,,,,,,,,,,2025-07-03,,,,,PROCESSED,EVT26B68FC1,NEW_OBLIGATION,"{""supplier_id"": ""SUP001"", ""amount"": 56968182.97, ""due_days"": 45}",2025-07-03 05:00:00,,,,,,,,,,,,,,,,,,,,,,,,,,,,,,,,,,,,,,,,,,,,,,,,,
events,,COMP001,,,,,,,,,,,,,,,,,,,,,,,,,,,,,,,,,,2025-07-05,,,,,PROCESSED,EVT0A634DAD,NEW_OBLIGATION,"{""supplier_id"": ""SUP005"", ""amount"": 20749176.86, ""due_days"": 45}",2025-07-05 04:00:00,,,,,,,,,,,,,,,,,,,,,,,,,,,,,,,,,,,,,,,,,,,,,,,,,
events,,COMP001,,,,,,,,,,,,,,,,,,,,,,,,,,,,,,,,,,2025-07-05,,,,,PROCESSED,EVT26064BEF,INTEREST_RATE_CHANGED,"{""old_rate"": 0.119, ""new_rate"": 0.117}",2025-07-05 05:00:00,,,,,,,,,,,,,,,,,,,,,,,,,,,,,,,,,,,,,,,,,,,,,,,,,
events,,COMP001,,,,,,,,,,,,,,,,,,,,,,,,,,,,,,,,,,2025-07-05,,,,,PROCESSED,EVT78D3217C,UNEXPECTED_EXPENSE,"{""amount"": 12189087.02, ""reason"": ""Product recall""}",2025-07-05 01:00:00,,,,,,,,,,,,,,,,,,,,,,,,,,,,,,,,,,,,,,,,,,,,,,,,,
events,,COMP001,,,,,,,,,,,,,,,,,,,,,,,,,,,,,,,,,,2025-07-08,,,,,PROCESSED,EVTC9FC4D0B,RECEIVABLE_DELAYED,"{""customer_id"": ""CUST014"", ""delay_days"": 22, ""original_expected_date"": ""2025-09-04"", ""new_expected_date"": ""2025-09-26""}",2025-07-08 06:00:00,,,,,,,,,,,,,,,,,,,,,,,,,,,,,,,,,,,,,,,,,,,,,,,,,
events,,COMP001,,,,,,,,,,,,,,,,,,,,,,,,,,,,,,,,,,2025-07-09,,,,,PROCESSED,EVT04456276,FINANCING_DRAWN,"{""financing_option_id"": ""FIN005"", ""amount"": 17778751.16}",2025-07-09 05:00:00,,,,,,,,,,,,,,,,,,,,,,,,,,,,,,,,,,,,,,,,,,,,,,,,,
events,,COMP001,,,,,,,,,,,,,,,,,,,,,,,,,,,,,,,,,,2025-07-14,,,,,PROCESSED,EVTA137578E,PAYMENT_RECEIVED,"{""amount"": 29801910.17, ""customer_id"": ""CUST020""}",2025-07-14 03:00:00,,,,,,,,,,,,,,,,,,,,,,,,,,,,,,,,,,,,,,,,,,,,,,,,,
events,,COMP001,,,,,,,,,,,,,,,,,,,,,,,,,,,,,,,,,,2025-07-15,,,,,PROCESSED,EVT96BEF267,NEW_OBLIGATION,"{""supplier_id"": ""SUP002"", ""amount"": 20645329.16, ""due_days"": 30}",2025-07-15 01:00:00,,,,,,,,,,,,,,,,,,,,,,,,,,,,,,,,,,,,,,,,,,,,,,,,,
events,,COMP001,,,,,,,,,,,,,,,,,,,,,,,,,,,,,,,,,,2025-07-15,,,,,PROCESSED,EVT6ECCE176,NEW_OBLIGATION,"{""supplier_id"": ""SUP010"", ""amount"": 16077721.82, ""due_days"": 60}",2025-07-15 01:00:00,,,,,,,,,,,,,,,,,,,,,,,,,,,,,,,,,,,,,,,,,,,,,,,,,
events,,COMP001,,,,,,,,,,,,,,,,,,,,,,,,,,,,,,,,,,2025-07-17,,,,,PROCESSED,EVTBC5324AF,UNEXPECTED_EXPENSE,"{""amount"": 19641044.66, ""reason"": ""Equipment failure""}",2025-07-17 03:00:00,,,,,,,,,,,,,,,,,,,,,,,,,,,,,,,,,,,,,,,,,,,,,,,,,
events,,COMP001,,,,,,,,,,,,,,,,,,,,,,,,,,,,,,,,,,2025-07-17,,,,,PROCESSED,EVTF8BC9611,UNEXPECTED_EXPENSE,"{""amount"": 48553675.93, ""reason"": ""Emergency repair""}",2025-07-17 03:00:00,,,,,,,,,,,,,,,,,,,,,,,,,,,,,,,,,,,,,,,,,,,,,,,,,
events,,COMP001,,,,,,,,,,,,,,,,,,,,,,,,,,,,,,,,,,2025-07-17,,,,,PROCESSED,EVT67EB3A01,RECEIVABLE_DELAYED,"{""customer_id"": ""CUST018"", ""delay_days"": 5, ""original_expected_date"": ""2025-07-02"", ""new_expected_date"": ""2025-07-07""}",2025-07-17 06:00:00,,,,,,,,,,,,,,,,,,,,,,,,,,,,,,,,,,,,,,,,,,,,,,,,,
events,,COMP001,,,,,,,,,,,,,,,,,,,,,,,,,,,,,,,,,,2025-07-19,,,,,PROCESSED,EVT62D33D87,NEW_OBLIGATION,"{""supplier_id"": ""SUP003"", ""amount"": 46400854.49, ""due_days"": 15}",2025-07-19 02:00:00,,,,,,,,,,,,,,,,,,,,,,,,,,,,,,,,,,,,,,,,,,,,,,,,,
events,,COMP001,,,,,,,,,,,,,,,,,,,,,,,,,,,,,,,,,,2025-07-20,,,,,PROCESSED,EVT71DC5045,FINANCING_DRAWN,"{""financing_option_id"": ""FIN003"", ""amount"": 33565435.56}",2025-07-20 04:00:00,,,,,,,,,,,,,,,,,,,,,,,,,,,,,,,,,,,,,,,,,,,,,,,,,
events,,COMP001,,,,,,,,,,,,,,,,,,,,,,,,,,,,,,,,,,2025-07-21,,,,,PROCESSED,EVT598C46DF,FINANCING_DRAWN,"{""financing_option_id"": ""FIN004"", ""amount"": 13793354.94}",2025-07-21 01:00:00,,,,,,,,,,,,,,,,,,,,,,,,,,,,,,,,,,,,,,,,,,,,,,,,,
events,,COMP001,,,,,,,,,,,,,,,,,,,,,,,,,,,,,,,,,,2025-07-23,,,,,PROCESSED,EVT8687DB96,NEW_OBLIGATION,"{""supplier_id"": ""SUP015"", ""amount"": 33879705.92, ""due_days"": 45}",2025-07-23 04:00:00,,,,,,,,,,,,,,,,,,,,,,,,,,,,,,,,,,,,,,,,,,,,,,,,,
events,,COMP001,,,,,,,,,,,,,,,,,,,,,,,,,,,,,,,,,,2025-07-24,,,,,PROCESSED,EVTFEDC36EF,INTEREST_RATE_CHANGED,"{""old_rate"": 0.116, ""new_rate"": 0.13}",2025-07-24 04:00:00,,,,,,,,,,,,,,,,,,,,,,,,,,,,,,,,,,,,,,,,,,,,,,,,,
events,,COMP001,,,,,,,,,,,,,,,,,,,,,,,,,,,,,,,,,,2025-07-25,,,,,PROCESSED,EVT0EB60369,SUPPLIER_PAYMENT,"{""supplier_id"": ""SUP014"", ""amount"": 3570416.35}",2025-07-25 03:00:00,,,,,,,,,,,,,,,,,,,,,,,,,,,,,,,,,,,,,,,,,,,,,,,,,
events,,COMP001,,,,,,,,,,,,,,,,,,,,,,,,,,,,,,,,,,2025-07-30,,,,,PROCESSED,EVTF2E94FE1,NEW_OBLIGATION,"{""supplier_id"": ""SUP011"", ""amount"": 34201144.92, ""due_days"": 15}",2025-07-30 05:00:00,,,,,,,,,,,,,,,,,,,,,,,,,,,,,,,,,,,,,,,,,,,,,,,,,
events,,COMP001,,,,,,,,,,,,,,,,,,,,,,,,,,,,,,,,,,2025-08-01,,,,,PROCESSED,EVTFCDBA9E0,SUPPLIER_PAYMENT,"{""supplier_id"": ""SUP002"", ""amount"": 22067284.25}",2025-08-01 06:00:00,,,,,,,,,,,,,,,,,,,,,,,,,,,,,,,,,,,,,,,,,,,,,,,,,
events,,COMP001,,,,,,,,,,,,,,,,,,,,,,,,,,,,,,,,,,2025-08-08,,,,,PROCESSED,EVT4BCE7809,NEW_OBLIGATION,"{""supplier_id"": ""SUP006"", ""amount"": 54286584.52, ""due_days"": 30}",2025-08-08 05:00:00,,,,,,,,,,,,,,,,,,,,,,,,,,,,,,,,,,,,,,,,,,,,,,,,,
events,,COMP001,,,,,,,,,,,,,,,,,,,,,,,,,,,,,,,,,,2025-08-08,,,,,PROCESSED,EVTB6E6A42A,UNEXPECTED_EXPENSE,"{""amount"": 72457278.2, ""reason"": ""Legal settlement""}",2025-08-08 04:00:00,,,,,,,,,,,,,,,,,,,,,,,,,,,,,,,,,,,,,,,,,,,,,,,,,
events,,COMP001,,,,,,,,,,,,,,,,,,,,,,,,,,,,,,,,,,2025-08-10,,,,,PROCESSED,EVT7CC2E066,INVOICE_CREATED,"{""amount"": 43534440.55, ""customer_id"": ""CUST018"", ""payment_terms"": 45}",2025-08-10 05:00:00,,,,,,,,,,,,,,,,,,,,,,,,,,,,,,,,,,,,,,,,,,,,,,,,,
events,,COMP001,,,,,,,,,,,,,,,,,,,,,,,,,,,,,,,,,,2025-08-14,,,,,PROCESSED,EVT73C32F6B,NEW_OBLIGATION,"{""supplier_id"": ""SUP014"", ""amount"": 50590344.74, ""due_days"": 45}",2025-08-14 01:00:00,,,,,,,,,,,,,,,,,,,,,,,,,,,,,,,,,,,,,,,,,,,,,,,,,
events,,COMP001,,,,,,,,,,,,,,,,,,,,,,,,,,,,,,,,,,2025-08-15,,,,,PROCESSED,EVT650E54E1,SUPPLIER_PAYMENT,"{""supplier_id"": ""SUP012"", ""amount"": 27722686.04}",2025-08-15 04:00:00,,,,,,,,,,,,,,,,,,,,,,,,,,,,,,,,,,,,,,,,,,,,,,,,,
events,,COMP001,,,,,,,,,,,,,,,,,,,,,,,,,,,,,,,,,,2025-08-16,,,,,PROCESSED,EVT2B3F552D,UNEXPECTED_EXPENSE,"{""amount"": 68383742.82, ""reason"": ""Emergency repair""}",2025-08-16 02:00:00,,,,,,,,,,,,,,,,,,,,,,,,,,,,,,,,,,,,,,,,,,,,,,,,,
events,,COMP001,,,,,,,,,,,,,,,,,,,,,,,,,,,,,,,,,,2025-08-17,,,,,PROCESSED,EVT3B04E4B2,SUPPLIER_PAYMENT,"{""supplier_id"": ""SUP004"", ""amount"": 3541907.04}",2025-08-17 05:00:00,,,,,,,,,,,,,,,,,,,,,,,,,,,,,,,,,,,,,,,,,,,,,,,,,
events,,COMP001,,,,,,,,,,,,,,,,,,,,,,,,,,,,,,,,,,2025-08-19,,,,,PROCESSED,EVT941CF7EC,UNEXPECTED_EXPENSE,"{""amount"": 44169128.84, ""reason"": ""Product recall""}",2025-08-19 04:00:00,,,,,,,,,,,,,,,,,,,,,,,,,,,,,,,,,,,,,,,,,,,,,,,,,
events,,COMP001,,,,,,,,,,,,,,,,,,,,,,,,,,,,,,,,,,2025-08-20,,,,,PROCESSED,EVT3B648B04,SUPPLIER_PAYMENT,"{""supplier_id"": ""SUP015"", ""amount"": 48430569.21}",2025-08-20 06:00:00,,,,,,,,,,,,,,,,,,,,,,,,,,,,,,,,,,,,,,,,,,,,,,,,,
events,,COMP001,,,,,,,,,,,,,,,,,,,,,,,,,,,,,,,,,,2025-08-24,,,,,PROCESSED,EVTC43E58CF,RECEIVABLE_DELAYED,"{""customer_id"": ""CUST011"", ""delay_days"": 19, ""original_expected_date"": ""2025-02-19"", ""new_expected_date"": ""2025-03-10""}",2025-08-24 06:00:00,,,,,,,,,,,,,,,,,,,,,,,,,,,,,,,,,,,,,,,,,,,,,,,,,
events,,COMP001,,,,,,,,,,,,,,,,,,,,,,,,,,,,,,,,,,2025-08-25,,,,,PROCESSED,EVTEE7AB2A4,RECEIVABLE_DELAYED,"{""customer_id"": ""CUST018"", ""delay_days"": 9, ""original_expected_date"": ""2025-06-11"", ""new_expected_date"": ""2025-06-20""}",2025-08-25 05:00:00,,,,,,,,,,,,,,,,,,,,,,,,,,,,,,,,,,,,,,,,,,,,,,,,,
events,,COMP001,,,,,,,,,,,,,,,,,,,,,,,,,,,,,,,,,,2025-08-29,,,,,PROCESSED,EVT7D09533C,INTEREST_RATE_CHANGED,"{""old_rate"": 0.105, ""new_rate"": 0.131}",2025-08-29 05:00:00,,,,,,,,,,,,,,,,,,,,,,,,,,,,,,,,,,,,,,,,,,,,,,,,,
events,,COMP001,,,,,,,,,,,,,,,,,,,,,,,,,,,,,,,,,,2025-08-29,,,,,PROCESSED,EVT25736B06,SUPPLIER_PAYMENT,"{""supplier_id"": ""SUP005"", ""amount"": 11971772.09}",2025-08-29 04:00:00,,,,,,,,,,,,,,,,,,,,,,,,,,,,,,,,,,,,,,,,,,,,,,,,,
events,,COMP001,,,,,,,,,,,,,,,,,,,,,,,,,,,,,,,,,,2025-08-31,,,,,PROCESSED,EVTD41D4DF7,NEW_OBLIGATION,"{""supplier_id"": ""SUP009"", ""amount"": 18969152.44, ""due_days"": 15}",2025-08-31 02:00:00,,,,,,,,,,,,,,,,,,,,,,,,,,,,,,,,,,,,,,,,,,,,,,,,,
events,,COMP001,,,,,,,,,,,,,,,,,,,,,,,,,,,,,,,,,,2025-09-01,,,,,PROCESSED,EVT17D4DF35,RECEIVABLE_DELAYED,"{""customer_id"": ""CUST023"", ""delay_days"": 10, ""original_expected_date"": ""2025-10-18"", ""new_expected_date"": ""2025-10-28""}",2025-09-01 06:00:00,,,,,,,,,,,,,,,,,,,,,,,,,,,,,,,,,,,,,,,,,,,,,,,,,
events,,COMP001,,,,,,,,,,,,,,,,,,,,,,,,,,,,,,,,,,2025-09-01,,,,,PROCESSED,EVTB204C731,RECEIVABLE_DELAYED,"{""customer_id"": ""CUST005"", ""delay_days"": 15, ""original_expected_date"": ""2025-05-09"", ""new_expected_date"": ""2025-05-24""}",2025-09-01 01:00:00,,,,,,,,,,,,,,,,,,,,,,,,,,,,,,,,,,,,,,,,,,,,,,,,,
events,,COMP001,,,,,,,,,,,,,,,,,,,,,,,,,,,,,,,,,,2025-09-04,,,,,PROCESSED,EVTF8CDD750,PAYMENT_RECEIVED,"{""amount"": 30688891.96, ""customer_id"": ""CUST007""}",2025-09-04 05:00:00,,,,,,,,,,,,,,,,,,,,,,,,,,,,,,,,,,,,,,,,,,,,,,,,,
events,,COMP001,,,,,,,,,,,,,,,,,,,,,,,,,,,,,,,,,,2025-09-05,,,,,PROCESSED,EVT5DDB55AF,SUPPLIER_PAYMENT,"{""supplier_id"": ""SUP009"", ""amount"": 17038649.07}",2025-09-05 05:00:00,,,,,,,,,,,,,,,,,,,,,,,,,,,,,,,,,,,,,,,,,,,,,,,,,
events,,COMP001,,,,,,,,,,,,,,,,,,,,,,,,,,,,,,,,,,2025-09-05,,,,,PROCESSED,EVTE901B01A,RECEIVABLE_DELAYED,"{""customer_id"": ""CUST015"", ""delay_days"": 21, ""original_expected_date"": ""2025-07-20"", ""new_expected_date"": ""2025-08-10""}",2025-09-05 06:00:00,,,,,,,,,,,,,,,,,,,,,,,,,,,,,,,,,,,,,,,,,,,,,,,,,
events,,COMP001,,,,,,,,,,,,,,,,,,,,,,,,,,,,,,,,,,2025-09-07,,,,,PROCESSED,EVT6F89AE1B,NEW_OBLIGATION,"{""supplier_id"": ""SUP013"", ""amount"": 22767922.3, ""due_days"": 60}",2025-09-07 06:00:00,,,,,,,,,,,,,,,,,,,,,,,,,,,,,,,,,,,,,,,,,,,,,,,,,
events,,COMP001,,,,,,,,,,,,,,,,,,,,,,,,,,,,,,,,,,2025-09-09,,,,,PROCESSED,EVTDE81D8F4,FINANCING_DRAWN,"{""financing_option_id"": ""FIN003"", ""amount"": 76559456.05}",2025-09-09 02:00:00,,,,,,,,,,,,,,,,,,,,,,,,,,,,,,,,,,,,,,,,,,,,,,,,,
events,,COMP001,,,,,,,,,,,,,,,,,,,,,,,,,,,,,,,,,,2025-09-12,,,,,PROCESSED,EVTD00F22AE,RECEIVABLE_DELAYED,"{""customer_id"": ""CUST009"", ""delay_days"": 15, ""original_expected_date"": ""2025-09-15"", ""new_expected_date"": ""2025-09-30""}",2025-09-12 05:00:00,,,,,,,,,,,,,,,,,,,,,,,,,,,,,,,,,,,,,,,,,,,,,,,,,
events,,COMP001,,,,,,,,,,,,,,,,,,,,,,,,,,,,,,,,,,2025-09-13,,,,,PROCESSED,EVT23D0DF51,RECEIVABLE_DELAYED,"{""customer_id"": ""CUST002"", ""delay_days"": 20, ""original_expected_date"": ""2025-05-28"", ""new_expected_date"": ""2025-06-17""}",2025-09-13 02:00:00,,,,,,,,,,,,,,,,,,,,,,,,,,,,,,,,,,,,,,,,,,,,,,,,,
events,,COMP001,,,,,,,,,,,,,,,,,,,,,,,,,,,,,,,,,,2025-09-15,,,,,PROCESSED,EVT731AF345,SUPPLIER_PAYMENT,"{""supplier_id"": ""SUP006"", ""amount"": 36927054.42}",2025-09-15 02:00:00,,,,,,,,,,,,,,,,,,,,,,,,,,,,,,,,,,,,,,,,,,,,,,,,,
events,,COMP001,,,,,,,,,,,,,,,,,,,,,,,,,,,,,,,,,,2025-09-19,,,,,PROCESSED,EVTDE2A92AB,SUPPLIER_PAYMENT,"{""supplier_id"": ""SUP001"", ""amount"": 38099985.71}",2025-09-19 01:00:00,,,,,,,,,,,,,,,,,,,,,,,,,,,,,,,,,,,,,,,,,,,,,,,,,
events,,COMP001,,,,,,,,,,,,,,,,,,,,,,,,,,,,,,,,,,2025-09-21,,,,,PROCESSED,EVT2D24FAB6,PAYMENT_RECEIVED,"{""amount"": 11836709.15, ""customer_id"": ""CUST014""}",2025-09-21 03:00:00,,,,,,,,,,,,,,,,,,,,,,,,,,,,,,,,,,,,,,,,,,,,,,,,,
events,,COMP001,,,,,,,,,,,,,,,,,,,,,,,,,,,,,,,,,,2025-09-22,,,,,PROCESSED,EVTE5469450,UNEXPECTED_EXPENSE,"{""amount"": 28530613.17, ""reason"": ""Product recall""}",2025-09-22 02:00:00,,,,,,,,,,,,,,,,,,,,,,,,,,,,,,,,,,,,,,,,,,,,,,,,,
events,,COMP001,,,,,,,,,,,,,,,,,,,,,,,,,,,,,,,,,,2025-09-26,,,,,PROCESSED,EVT602CEA7E,UNEXPECTED_EXPENSE,"{""amount"": 68303019.86, ""reason"": ""Emergency repair""}",2025-09-26 02:00:00,,,,,,,,,,,,,,,,,,,,,,,,,,,,,,,,,,,,,,,,,,,,,,,,,
events,,COMP001,,,,,,,,,,,,,,,,,,,,,,,,,,,,,,,,,,2025-09-28,,,,,PROCESSED,EVT11351B0B,NEW_OBLIGATION,"{""supplier_id"": ""SUP001"", ""amount"": 47358814.02, ""due_days"": 30}",2025-09-28 06:00:00,,,,,,,,,,,,,,,,,,,,,,,,,,,,,,,,,,,,,,,,,,,,,,,,,
events,,COMP001,,,,,,,,,,,,,,,,,,,,,,,,,,,,,,,,,,2025-10-03,,,,,PROCESSED,EVT537232FD,INTEREST_RATE_CHANGED,"{""old_rate"": 0.082, ""new_rate"": 0.074}",2025-10-03 06:00:00,,,,,,,,,,,,,,,,,,,,,,,,,,,,,,,,,,,,,,,,,,,,,,,,,
events,,COMP001,,,,,,,,,,,,,,,,,,,,,,,,,,,,,,,,,,2025-10-04,,,,,PROCESSED,EVT02E00DE2,INTEREST_RATE_CHANGED,"{""old_rate"": 0.101, ""new_rate"": 0.117}",2025-10-04 04:00:00,,,,,,,,,,,,,,,,,,,,,,,,,,,,,,,,,,,,,,,,,,,,,,,,,
events,,COMP001,,,,,,,,,,,,,,,,,,,,,,,,,,,,,,,,,,2025-10-04,,,,,PROCESSED,EVT246D92F6,PAYMENT_RECEIVED,"{""amount"": 22686122.74, ""customer_id"": ""CUST009""}",2025-10-04 01:00:00,,,,,,,,,,,,,,,,,,,,,,,,,,,,,,,,,,,,,,,,,,,,,,,,,
events,,COMP001,,,,,,,,,,,,,,,,,,,,,,,,,,,,,,,,,,2025-10-07,,,,,PROCESSED,EVT338F8771,INVOICE_CREATED,"{""amount"": 22889423.44, ""customer_id"": ""CUST006"", ""payment_terms"": 45}",2025-10-07 06:00:00,,,,,,,,,,,,,,,,,,,,,,,,,,,,,,,,,,,,,,,,,,,,,,,,,
events,,COMP001,,,,,,,,,,,,,,,,,,,,,,,,,,,,,,,,,,2025-10-09,,,,,PROCESSED,EVTD8D4AB8C,SUPPLIER_PAYMENT,"{""supplier_id"": ""SUP001"", ""amount"": 19199610.86}",2025-10-09 03:00:00,,,,,,,,,,,,,,,,,,,,,,,,,,,,,,,,,,,,,,,,,,,,,,,,,
events,,COMP001,,,,,,,,,,,,,,,,,,,,,,,,,,,,,,,,,,2025-10-09,,,,,PROCESSED,EVT33CA3216,INTEREST_RATE_CHANGED,"{""old_rate"": 0.111, ""new_rate"": 0.117}",2025-10-09 05:00:00,,,,,,,,,,,,,,,,,,,,,,,,,,,,,,,,,,,,,,,,,,,,,,,,,
events,,COMP001,,,,,,,,,,,,,,,,,,,,,,,,,,,,,,,,,,2025-10-11,,,,,PROCESSED,EVT99666AAC,UNEXPECTED_EXPENSE,"{""amount"": 15705120.3, ""reason"": ""Equipment failure""}",2025-10-11 04:00:00,,,,,,,,,,,,,,,,,,,,,,,,,,,,,,,,,,,,,,,,,,,,,,,,,
events,,COMP001,,,,,,,,,,,,,,,,,,,,,,,,,,,,,,,,,,2025-10-11,,,,,PROCESSED,EVT048C63A7,RECEIVABLE_DELAYED,"{""customer_id"": ""CUST024"", ""delay_days"": 30, ""original_expected_date"": ""2025-05-05"", ""new_expected_date"": ""2025-06-04""}",2025-10-11 03:00:00,,,,,,,,,,,,,,,,,,,,,,,,,,,,,,,,,,,,,,,,,,,,,,,,,
events,,COMP001,,,,,,,,,,,,,,,,,,,,,,,,,,,,,,,,,,2025-10-12,,,,,PROCESSED,EVT0300D192,UNEXPECTED_EXPENSE,"{""amount"": 10159719.94, ""reason"": ""Product recall""}",2025-10-12 03:00:00,,,,,,,,,,,,,,,,,,,,,,,,,,,,,,,,,,,,,,,,,,,,,,,,,
events,,COMP001,,,,,,,,,,,,,,,,,,,,,,,,,,,,,,,,,,2025-10-13,,,,,PROCESSED,EVTA7263017,UNEXPECTED_EXPENSE,"{""amount"": 26286025.02, ""reason"": ""Equipment failure""}",2025-10-13 05:00:00,,,,,,,,,,,,,,,,,,,,,,,,,,,,,,,,,,,,,,,,,,,,,,,,,
events,,COMP001,,,,,,,,,,,,,,,,,,,,,,,,,,,,,,,,,,2025-10-14,,,,,PROCESSED,EVTF6C2DF28,SUPPLIER_PAYMENT,"{""supplier_id"": ""SUP002"", ""amount"": 41342016.6}",2025-10-14 03:00:00,,,,,,,,,,,,,,,,,,,,,,,,,,,,,,,,,,,,,,,,,,,,,,,,,
events,,COMP001,,,,,,,,,,,,,,,,,,,,,,,,,,,,,,,,,,2025-10-14,,,,,PROCESSED,EVT6158B847,INTEREST_RATE_CHANGED,"{""old_rate"": 0.098, ""new_rate"": 0.096}",2025-10-14 02:00:00,,,,,,,,,,,,,,,,,,,,,,,,,,,,,,,,,,,,,,,,,,,,,,,,,
events,,COMP001,,,,,,,,,,,,,,,,,,,,,,,,,,,,,,,,,,2025-10-15,,,,,PROCESSED,EVT8C00BD08,NEW_OBLIGATION,"{""supplier_id"": ""SUP015"", ""amount"": 36061434.85, ""due_days"": 30}",2025-10-15 03:00:00,,,,,,,,,,,,,,,,,,,,,,,,,,,,,,,,,,,,,,,,,,,,,,,,,
events,,COMP001,,,,,,,,,,,,,,,,,,,,,,,,,,,,,,,,,,2025-10-16,,,,,PROCESSED,EVT26CF0EC8,RECEIVABLE_DELAYED,"{""customer_id"": ""CUST014"", ""delay_days"": 25, ""original_expected_date"": ""2025-02-26"", ""new_expected_date"": ""2025-03-23""}",2025-10-16 01:00:00,,,,,,,,,,,,,,,,,,,,,,,,,,,,,,,,,,,,,,,,,,,,,,,,,
events,,COMP001,,,,,,,,,,,,,,,,,,,,,,,,,,,,,,,,,,2025-10-20,,,,,PROCESSED,EVT2FCDE20B,INTEREST_RATE_CHANGED,"{""old_rate"": 0.095, ""new_rate"": 0.096}",2025-10-20 03:00:00,,,,,,,,,,,,,,,,,,,,,,,,,,,,,,,,,,,,,,,,,,,,,,,,,
events,,COMP001,,,,,,,,,,,,,,,,,,,,,,,,,,,,,,,,,,2025-10-21,,,,,PROCESSED,EVT3694EA00,INVOICE_CREATED,"{""amount"": 55102830.21, ""customer_id"": ""CUST001"", ""payment_terms"": 15}",2025-10-21 02:00:00,,,,,,,,,,,,,,,,,,,,,,,,,,,,,,,,,,,,,,,,,,,,,,,,,
events,,COMP001,,,,,,,,,,,,,,,,,,,,,,,,,,,,,,,,,,2025-10-24,,,,,PROCESSED,EVTA61A544B,INTEREST_RATE_CHANGED,"{""old_rate"": 0.095, ""new_rate"": 0.12}",2025-10-24 01:00:00,,,,,,,,,,,,,,,,,,,,,,,,,,,,,,,,,,,,,,,,,,,,,,,,,
events,,COMP001,,,,,,,,,,,,,,,,,,,,,,,,,,,,,,,,,,2025-10-27,,,,,PROCESSED,EVTDEB9DFDB,NEW_OBLIGATION,"{""supplier_id"": ""SUP007"", ""amount"": 45465984.99, ""due_days"": 30}",2025-10-27 05:00:00,,,,,,,,,,,,,,,,,,,,,,,,,,,,,,,,,,,,,,,,,,,,,,,,,
events,,COMP001,,,,,,,,,,,,,,,,,,,,,,,,,,,,,,,,,,2025-10-27,,,,,PROCESSED,EVTC2EE519F,FINANCING_DRAWN,"{""financing_option_id"": ""FIN004"", ""amount"": 23127316.17}",2025-10-27 04:00:00,,,,,,,,,,,,,,,,,,,,,,,,,,,,,,,,,,,,,,,,,,,,,,,,,
events,,COMP001,,,,,,,,,,,,,,,,,,,,,,,,,,,,,,,,,,2025-10-30,,,,,PROCESSED,EVT776D5925,INTEREST_RATE_CHANGED,"{""old_rate"": 0.099, ""new_rate"": 0.122}",2025-10-30 03:00:00,,,,,,,,,,,,,,,,,,,,,,,,,,,,,,,,,,,,,,,,,,,,,,,,,
events,,COMP001,,,,,,,,,,,,,,,,,,,,,,,,,,,,,,,,,,2025-10-30,,,,,PROCESSED,EVT3E7A64D2,SUPPLIER_PAYMENT,"{""supplier_id"": ""SUP002"", ""amount"": 45956416.97}",2025-10-30 03:00:00,,,,,,,,,,,,,,,,,,,,,,,,,,,,,,,,,,,,,,,,,,,,,,,,,
events,,COMP001,,,,,,,,,,,,,,,,,,,,,,,,,,,,,,,,,,2025-10-30,,,,,PROCESSED,EVT7322B044,SUPPLIER_PAYMENT,"{""supplier_id"": ""SUP002"", ""amount"": 35678090.96}",2025-10-30 05:00:00,,,,,,,,,,,,,,,,,,,,,,,,,,,,,,,,,,,,,,,,,,,,,,,,,
events,,COMP001,,,,,,,,,,,,,,,,,,,,,,,,,,,,,,,,,,2025-11-05,,,,,PROCESSED,EVT16A80414,FINANCING_DRAWN,"{""financing_option_id"": ""FIN005"", ""amount"": 54971465.4}",2025-11-05 01:00:00,,,,,,,,,,,,,,,,,,,,,,,,,,,,,,,,,,,,,,,,,,,,,,,,,
events,,COMP001,,,,,,,,,,,,,,,,,,,,,,,,,,,,,,,,,,2025-11-05,,,,,PROCESSED,EVT39635C59,NEW_OBLIGATION,"{""supplier_id"": ""SUP008"", ""amount"": 49971646.01, ""due_days"": 60}",2025-11-05 04:00:00,,,,,,,,,,,,,,,,,,,,,,,,,,,,,,,,,,,,,,,,,,,,,,,,,
events,,COMP001,,,,,,,,,,,,,,,,,,,,,,,,,,,,,,,,,,2025-11-07,,,,,PROCESSED,EVT3B82C8F6,PAYMENT_RECEIVED,"{""amount"": 37863211.87, ""customer_id"": ""CUST021""}",2025-11-07 02:00:00,,,,,,,,,,,,,,,,,,,,,,,,,,,,,,,,,,,,,,,,,,,,,,,,,
events,,COMP001,,,,,,,,,,,,,,,,,,,,,,,,,,,,,,,,,,2025-11-07,,,,,PROCESSED,EVTCA5A1D30,UNEXPECTED_EXPENSE,"{""amount"": 30709550.97, ""reason"": ""Emergency repair""}",2025-11-07 04:00:00,,,,,,,,,,,,,,,,,,,,,,,,,,,,,,,,,,,,,,,,,,,,,,,,,
events,,COMP001,,,,,,,,,,,,,,,,,,,,,,,,,,,,,,,,,,2025-11-09,,,,,PROCESSED,EVT14084EAA,NEW_OBLIGATION,"{""supplier_id"": ""SUP005"", ""amount"": 51046614.87, ""due_days"": 15}",2025-11-09 04:00:00,,,,,,,,,,,,,,,,,,,,,,,,,,,,,,,,,,,,,,,,,,,,,,,,,
events,,COMP001,,,,,,,,,,,,,,,,,,,,,,,,,,,,,,,,,,2025-11-13,,,,,PROCESSED,EVT6BBF4DA6,PAYMENT_RECEIVED,"{""amount"": 46185786.9, ""customer_id"": ""CUST016""}",2025-11-13 05:00:00,,,,,,,,,,,,,,,,,,,,,,,,,,,,,,,,,,,,,,,,,,,,,,,,,
events,,COMP001,,,,,,,,,,,,,,,,,,,,,,,,,,,,,,,,,,2025-11-13,,,,,PROCESSED,EVTF9944929,RECEIVABLE_DELAYED,"{""customer_id"": ""CUST023"", ""delay_days"": 27, ""original_expected_date"": ""2025-09-21"", ""new_expected_date"": ""2025-10-18""}",2025-11-13 02:00:00,,,,,,,,,,,,,,,,,,,,,,,,,,,,,,,,,,,,,,,,,,,,,,,,,
events,,COMP001,,,,,,,,,,,,,,,,,,,,,,,,,,,,,,,,,,2025-11-18,,,,,PROCESSED,EVTE8159A8D,UNEXPECTED_EXPENSE,"{""amount"": 30629707.88, ""reason"": ""Equipment failure""}",2025-11-18 03:00:00,,,,,,,,,,,,,,,,,,,,,,,,,,,,,,,,,,,,,,,,,,,,,,,,,
events,,COMP001,,,,,,,,,,,,,,,,,,,,,,,,,,,,,,,,,,2025-11-19,,,,,PROCESSED,EVTE6C6AA7C,UNEXPECTED_EXPENSE,"{""amount"": 40664168.85, ""reason"": ""Equipment failure""}",2025-11-19 01:00:00,,,,,,,,,,,,,,,,,,,,,,,,,,,,,,,,,,,,,,,,,,,,,,,,,
events,,COMP001,,,,,,,,,,,,,,,,,,,,,,,,,,,,,,,,,,2025-11-25,,,,,PROCESSED,EVT7708B5D4,INVOICE_CREATED,"{""amount"": 17926837.45, ""customer_id"": ""CUST002"", ""payment_terms"": 30}",2025-11-25 05:00:00,,,,,,,,,,,,,,,,,,,,,,,,,,,,,,,,,,,,,,,,,,,,,,,,,
events,,COMP001,,,,,,,,,,,,,,,,,,,,,,,,,,,,,,,,,,2025-11-26,,,,,PROCESSED,EVT225C6EBB,INTEREST_RATE_CHANGED,"{""old_rate"": 0.085, ""new_rate"": 0.091}",2025-11-26 06:00:00,,,,,,,,,,,,,,,,,,,,,,,,,,,,,,,,,,,,,,,,,,,,,,,,,
events,,COMP001,,,,,,,,,,,,,,,,,,,,,,,,,,,,,,,,,,2025-11-28,,,,,PROCESSED,EVT5BD3507C,UNEXPECTED_EXPENSE,"{""amount"": 33062146.13, ""reason"": ""Regulatory fine""}",2025-11-28 04:00:00,,,,,,,,,,,,,,,,,,,,,,,,,,,,,,,,,,,,,,,,,,,,,,,,,
events,,COMP001,,,,,,,,,,,,,,,,,,,,,,,,,,,,,,,,,,2025-11-29,,,,,PROCESSED,EVT962BA106,INVOICE_CREATED,"{""amount"": 16771925.3, ""customer_id"": ""CUST023"", ""payment_terms"": 30}",2025-11-29 03:00:00,,,,,,,,,,,,,,,,,,,,,,,,,,,,,,,,,,,,,,,,,,,,,,,,,
events,,COMP001,,,,,,,,,,,,,,,,,,,,,,,,,,,,,,,,,,2025-11-29,,,,,PROCESSED,EVTB1BCD827,SUPPLIER_PAYMENT,"{""supplier_id"": ""SUP001"", ""amount"": 3878797.9}",2025-11-29 03:00:00,,,,,,,,,,,,,,,,,,,,,,,,,,,,,,,,,,,,,,,,,,,,,,,,,
events,,COMP001,,,,,,,,,,,,,,,,,,,,,,,,,,,,,,,,,,2025-12-02,,,,,PROCESSED,EVTBE4D16DE,INTEREST_RATE_CHANGED,"{""old_rate"": 0.106, ""new_rate"": 0.1}",2025-12-02 01:00:00,,,,,,,,,,,,,,,,,,,,,,,,,,,,,,,,,,,,,,,,,,,,,,,,,
events,,COMP001,,,,,,,,,,,,,,,,,,,,,,,,,,,,,,,,,,2025-12-04,,,,,PROCESSED,EVT22F127BE,UNEXPECTED_EXPENSE,"{""amount"": 78551423.05, ""reason"": ""Legal settlement""}",2025-12-04 02:00:00,,,,,,,,,,,,,,,,,,,,,,,,,,,,,,,,,,,,,,,,,,,,,,,,,
events,,COMP001,,,,,,,,,,,,,,,,,,,,,,,,,,,,,,,,,,2025-12-05,,,,,PROCESSED,EVT861D890F,NEW_OBLIGATION,"{""supplier_id"": ""SUP008"", ""amount"": 24611960.57, ""due_days"": 45}",2025-12-05 05:00:00,,,,,,,,,,,,,,,,,,,,,,,,,,,,,,,,,,,,,,,,,,,,,,,,,
events,,COMP001,,,,,,,,,,,,,,,,,,,,,,,,,,,,,,,,,,2025-12-05,,,,,PROCESSED,EVT21DF8070,INTEREST_RATE_CHANGED,"{""old_rate"": 0.092, ""new_rate"": 0.087}",2025-12-05 02:00:00,,,,,,,,,,,,,,,,,,,,,,,,,,,,,,,,,,,,,,,,,,,,,,,,,
events,,COMP001,,,,,,,,,,,,,,,,,,,,,,,,,,,,,,,,,,2025-12-06,,,,,PROCESSED,EVT2B786CB9,PAYMENT_RECEIVED,"{""amount"": 37695035.8, ""customer_id"": ""CUST014""}",2025-12-06 05:00:00,,,,,,,,,,,,,,,,,,,,,,,,,,,,,,,,,,,,,,,,,,,,,,,,,
events,,COMP001,,,,,,,,,,,,,,,,,,,,,,,,,,,,,,,,,,2025-12-06,,,,,PROCESSED,EVT5A8BE704,UNEXPECTED_EXPENSE,"{""amount"": 38004051.89, ""reason"": ""Regulatory fine""}",2025-12-06 01:00:00,,,,,,,,,,,,,,,,,,,,,,,,,,,,,,,,,,,,,,,,,,,,,,,,,
events,,COMP001,,,,,,,,,,,,,,,,,,,,,,,,,,,,,,,,,,2025-12-09,,,,,PROCESSED,EVT9CED2AD6,NEW_OBLIGATION,"{""supplier_id"": ""SUP010"", ""amount"": 20597248.42, ""due_days"": 15}",2025-12-09 02:00:00,,,,,,,,,,,,,,,,,,,,,,,,,,,,,,,,,,,,,,,,,,,,,,,,,
events,,COMP001,,,,,,,,,,,,,,,,,,,,,,,,,,,,,,,,,,2025-12-09,,,,,PROCESSED,EVTD74B4698,PAYMENT_RECEIVED,"{""amount"": 47718844.99, ""customer_id"": ""CUST004""}",2025-12-09 03:00:00,,,,,,,,,,,,,,,,,,,,,,,,,,,,,,,,,,,,,,,,,,,,,,,,,
events,,COMP001,,,,,,,,,,,,,,,,,,,,,,,,,,,,,,,,,,2025-12-10,,,,,PROCESSED,EVTD1D66828,INTEREST_RATE_CHANGED,"{""old_rate"": 0.081, ""new_rate"": 0.095}",2025-12-10 06:00:00,,,,,,,,,,,,,,,,,,,,,,,,,,,,,,,,,,,,,,,,,,,,,,,,,
events,,COMP001,,,,,,,,,,,,,,,,,,,,,,,,,,,,,,,,,,2025-12-11,,,,,PROCESSED,EVT9BE10068,PAYMENT_RECEIVED,"{""amount"": 22781897.25, ""customer_id"": ""CUST001""}",2025-12-11 03:00:00,,,,,,,,,,,,,,,,,,,,,,,,,,,,,,,,,,,,,,,,,,,,,,,,,
events,,COMP001,,,,,,,,,,,,,,,,,,,,,,,,,,,,,,,,,,2025-12-14,,,,,PROCESSED,EVT9DA4DB6B,RECEIVABLE_DELAYED,"{""customer_id"": ""CUST011"", ""delay_days"": 27, ""original_expected_date"": ""2025-04-09"", ""new_expected_date"": ""2025-05-06""}",2025-12-14 03:00:00,,,,,,,,,,,,,,,,,,,,,,,,,,,,,,,,,,,,,,,,,,,,,,,,,
events,,COMP001,,,,,,,,,,,,,,,,,,,,,,,,,,,,,,,,,,2025-12-20,,,,,PROCESSED,EVTE2BAE4CE,PAYMENT_RECEIVED,"{""amount"": 49802988.24, ""customer_id"": ""CUST019""}",2025-12-20 06:00:00,,,,,,,,,,,,,,,,,,,,,,,,,,,,,,,,,,,,,,,,,,,,,,,,,
events,,COMP001,,,,,,,,,,,,,,,,,,,,,,,,,,,,,,,,,,2025-12-22,,,,,PROCESSED,EVT1468E73F,NEW_OBLIGATION,"{""supplier_id"": ""SUP002"", ""amount"": 7483246.8, ""due_days"": 45}",2025-12-22 06:00:00,,,,,,,,,,,,,,,,,,,,,,,,,,,,,,,,,,,,,,,,,,,,,,,,,
events,,COMP001,,,,,,,,,,,,,,,,,,,,,,,,,,,,,,,,,,2025-12-22,,,,,PROCESSED,EVT26A8CA93,RECEIVABLE_DELAYED,"{""customer_id"": ""CUST001"", ""delay_days"": 5, ""original_expected_date"": ""2025-11-16"", ""new_expected_date"": ""2025-11-21""}",2025-12-22 06:00:00,,,,,,,,,,,,,,,,,,,,,,,,,,,,,,,,,,,,,,,,,,,,,,,,,
events,,COMP001,,,,,,,,,,,,,,,,,,,,,,,,,,,,,,,,,,2025-12-24,,,,,PROCESSED,EVTC4BED723,FINANCING_DRAWN,"{""financing_option_id"": ""FIN004"", ""amount"": 24922533.03}",2025-12-24 05:00:00,,,,,,,,,,,,,,,,,,,,,,,,,,,,,,,,,,,,,,,,,,,,,,,,,
events,,COMP001,,,,,,,,,,,,,,,,,,,,,,,,,,,,,,,,,,2025-12-24,,,,,PROCESSED,EVT06B1F9DA,RECEIVABLE_DELAYED,"{""customer_id"": ""CUST011"", ""delay_days"": 28, ""original_expected_date"": ""2025-06-27"", ""new_expected_date"": ""2025-07-25""}",2025-12-24 02:00:00,,,,,,,,,,,,,,,,,,,,,,,,,,,,,,,,,,,,,,,,,,,,,,,,,
events,,COMP001,,,,,,,,,,,,,,,,,,,,,,,,,,,,,,,,,,2025-12-25,,,,,PROCESSED,EVT1D246C59,RECEIVABLE_DELAYED,"{""customer_id"": ""CUST019"", ""delay_days"": 23, ""original_expected_date"": ""2025-01-13"", ""new_expected_date"": ""2025-02-05""}",2025-12-25 04:00:00,,,,,,,,,,,,,,,,,,,,,,,,,,,,,,,,,,,,,,,,,,,,,,,,,
events,,COMP001,,,,,,,,,,,,,,,,,,,,,,,,,,,,,,,,,,2025-12-26,,,,,PROCESSED,EVT73A10C47,SUPPLIER_PAYMENT,"{""supplier_id"": ""SUP006"", ""amount"": 24637467.74}",2025-12-26 04:00:00,,,,,,,,,,,,,,,,,,,,,,,,,,,,,,,,,,,,,,,,,,,,,,,,,
events,,COMP001,,,,,,,,,,,,,,,,,,,,,,,,,,,,,,,,,,2025-12-26,,,,,PROCESSED,EVT8B6FE9C6,SUPPLIER_PAYMENT,"{""supplier_id"": ""SUP015"", ""amount"": 17194117.38}",2025-12-26 01:00:00,,,,,,,,,,,,,,,,,,,,,,,,,,,,,,,,,,,,,,,,,,,,,,,,,
events,,COMP001,,,,,,,,,,,,,,,,,,,,,,,,,,,,,,,,,,2025-12-28,,,,,PROCESSED,EVT2358E42E,NEW_OBLIGATION,"{""supplier_id"": ""SUP012"", ""amount"": 11429858.97, ""due_days"": 15}",2025-12-28 02:00:00,,,,,,,,,,,,,,,,,,,,,,,,,,,,,,,,,,,,,,,,,,,,,,,,,
events,,COMP001,,,,,,,,,,,,,,,,,,,,,,,,,,,,,,,,,,2025-12-28,,,,,PROCESSED,EVT5ECA3E4E,RECEIVABLE_DELAYED,"{""customer_id"": ""CUST019"", ""delay_days"": 12, ""original_expected_date"": ""2025-07-17"", ""new_expected_date"": ""2025-07-29""}",2025-12-28 06:00:00,,,,,,,,,,,,,,,,,,,,,,,,,,,,,,,,,,,,,,,,,,,,,,,,,
events,,COMP001,,,,,,,,,,,,,,,,,,,,,,,,,,,,,,,,,,2025-12-30,,,,,PROCESSED,EVT8BF29753,RECEIVABLE_DELAYED,"{""customer_id"": ""CUST002"", ""delay_days"": 20, ""original_expected_date"": ""2025-03-22"", ""new_expected_date"": ""2025-04-11""}",2025-12-30 02:00:00,,,,,,,,,,,,,,,,,,,,,,,,,,,,,,,,,,,,,,,,,,,,,,,,,
financing_options,,,,,,,,,,,,,,,,,,,,,,,,,,,,,,,,,,,,,,,,,,,,,,FIN001,State Bank of India,BANK_LOAN,0.095,500000000.0,500000000.0,5000000.0,0.005,12 monthly instalments,,,,,,,,,,,,,,,,,,,,,,,,,,,,,,,,,,,,,,,,
financing_options,,,,,,,,,,,,,,,,,,,,,,,,,,,,,,,,,,,,,,,,,,,,,,FIN002,HDFC Bank,LINE_OF_CREDIT,0.105,300000000.0,250000000.0,2000000.0,0.003,Revolving – min 5% monthly,,,,,,,,,,,,,,,,,,,,,,,,,,,,,,,,,,,,,,,,
financing_options,,,,,,,,,,,,,,,,,,,,,,,,,,,,,,,,,,,,,,,,,,,,,,FIN003,ICICI Bank,WORKING_CAPITAL_LOAN,0.1,400000000.0,400000000.0,10000000.0,0.004,6 monthly instalments,,,,,,,,,,,,,,,,,,,,,,,,,,,,,,,,,,,,,,,,
financing_options,,,,,,,,,,,,,,,,,,,,,,,,,,,,,,,,,,,,,,,,,,,,,,FIN004,Kotak Mahindra Bank,INVOICE_FINANCING,0.12,200000000.0,180000000.0,1000000.0,0.006,Against invoice settlement,,,,,,,,,,,,,,,,,,,,,,,,,,,,,,,,,,,,,,,,
financing_options,,,,,,,,,,,,,,,,,,,,,,,,,,,,,,,,,,,,,,,,,,,,,,FIN005,Tata Capital Financial Svc,SUPPLIER_FINANCING,0.085,150000000.0,120000000.0,500000.0,0.002,90 days from drawdown,,,,,,,,,,,,,,,,,,,,,,,,,,,,,,,,,,,,,,,,
forecast_snapshots,,COMP001,,,,,,,,,,,,,,,,,,,,,,,,,,,,,,,,,,2025-01-03,,,,,,,,,,,,,,,,,,,SNAP8DE30610,7.0,355230110.92,179632003.66,LOW,206240860.43,153895894.17,50000000.0,0.18,,,,,,,,,,,,,,,,,,,,,,,,,,,,,,,
forecast_snapshots,,COMP001,,,,,,,,,,,,,,,,,,,,,,,,,,,,,,,,,,2025-01-03,,,,,,,,,,,,,,,,,,,SNAP89734BFB,14.0,437711945.09,273311897.93,LOW,191792760.81,212044733.34,50000000.0,0.39,,,,,,,,,,,,,,,,,,,,,,,,,,,,,,,
forecast_snapshots,,COMP001,,,,,,,,,,,,,,,,,,,,,,,,,,,,,,,,,,2025-01-03,,,,,,,,,,,,,,,,,,,SNAP7E7BBBC2,30.0,573003865.64,355764994.66,LOW,211482932.68,237815762.04,50000000.0,0.09,,,,,,,,,,,,,,,,,,,,,,,,,,,,,,,
forecast_snapshots,,COMP001,,,,,,,,,,,,,,,,,,,,,,,,,,,,,,,,,,2025-02-04,,,,,,,,,,,,,,,,,,,SNAP397D54D6,7.0,628218734.55,420286624.57,LOW,270712256.77,265244550.75,50000000.0,0.12,,,,,,,,,,,,,,,,,,,,,,,,,,,,,,,
forecast_snapshots,,COMP001,,,,,,,,,,,,,,,,,,,,,,,,,,,,,,,,,,2025-02-04,,,,,,,,,,,,,,,,,,,SNAPA64C1058,14.0,1008211857.2,815721285.53,LOW,319062373.43,444785749.5,50000000.0,0.18,,,,,,,,,,,,,,,,,,,,,,,,,,,,,,,
forecast_snapshots,,COMP001,,,,,,,,,,,,,,,,,,,,,,,,,,,,,,,,,,2025-02-04,,,,,,,,,,,,,,,,,,,SNAP376F68DE,30.0,946919204.76,609491193.12,LOW,461023123.42,284474567.6,50000000.0,0.3,,,,,,,,,,,,,,,,,,,,,,,,,,,,,,,
forecast_snapshots,,COMP001,,,,,,,,,,,,,,,,,,,,,,,,,,,,,,,,,,2025-03-03,,,,,,,,,,,,,,,,,,,SNAP80A9D495,7.0,1141034865.43,848709922.58,LOW,462470703.17,491081110.29,50000000.0,0.16,,,,,,,,,,,,,,,,,,,,,,,,,,,,,,,
forecast_snapshots,,COMP001,,,,,,,,,,,,,,,,,,,,,,,,,,,,,,,,,,2025-03-03,,,,,,,,,,,,,,,,,,,SNAP79B7E04A,14.0,1102245347.32,751281211.45,LOW,593966542.01,433727498.31,50000000.0,0.16,,,,,,,,,,,,,,,,,,,,,,,,,,,,,,,
forecast_snapshots,,COMP001,,,,,,,,,,,,,,,,,,,,,,,,,,,,,,,,,,2025-03-03,,,,,,,,,,,,,,,,,,,SNAPCCCD92F6,30.0,1349519530.95,914869735.69,LOW,712456790.86,493499143.13,50000000.0,0.3,,,,,,,,,,,,,,,,,,,,,,,,,,,,,,,
forecast_snapshots,,COMP001,,,,,,,,,,,,,,,,,,,,,,,,,,,,,,,,,,2025-04-04,,,,,,,,,,,,,,,,,,,SNAPAD2BA6CD,7.0,2025566803.4,1186423311.85,LOW,876028714.49,909617009.09,50000000.0,0.44,,,,,,,,,,,,,,,,,,,,,,,,,,,,,,,
forecast_snapshots,,COMP001,,,,,,,,,,,,,,,,,,,,,,,,,,,,,,,,,,2025-04-04,,,,,,,,,,,,,,,,,,,SNAPEEC07747,14.0,1648076070.8,1294830255.78,LOW,501121092.02,487385637.28,50000000.0,0.27,,,,,,,,,,,,,,,,,,,,,,,,,,,,,,,
forecast_snapshots,,COMP001,,,,,,,,,,,,,,,,,,,,,,,,,,,,,,,,,,2025-04-04,,,,,,,,,,,,,,,,,,,SNAPD0B0A451,30.0,1992493309.34,1325698231.17,LOW,671728566.07,936330660.74,50000000.0,0.15,,,,,,,,,,,,,,,,,,,,,,,,,,,,,,,
forecast_snapshots,,COMP001,,,,,,,,,,,,,,,,,,,,,,,,,,,,,,,,,,2025-05-04,,,,,,,,,,,,,,,,,,,SNAPAFF60810,7.0,3417564017.18,3008111455.4,LOW,1429444786.77,1179199582.5,50000000.0,0.13,,,,,,,,,,,,,,,,,,,,,,,,,,,,,,,
forecast_snapshots,,COMP001,,,,,,,,,,,,,,,,,,,,,,,,,,,,,,,,,,2025-05-04,,,,,,,,,,,,,,,,,,,SNAP9E9B5D17,14.0,1911247658.66,1683470196.54,LOW,1089601194.81,705831165.79,50000000.0,0.44,,,,,,,,,,,,,,,,,,,,,,,,,,,,,,,
forecast_snapshots,,COMP001,,,,,,,,,,,,,,,,,,,,,,,,,,,,,,,,,,2025-05-04,,,,,,,,,,,,,,,,,,,SNAP66BA5AE3,30.0,3337926820.73,1975609834.38,LOW,1930928792.46,1207310573.75,50000000.0,0.17,,,,,,,,,,,,,,,,,,,,,,,,,,,,,,,
forecast_snapshots,,COMP001,,,,,,,,,,,,,,,,,,,,,,,,,,,,,,,,,,2025-06-02,,,,,,,,,,,,,,,,,,,SNAPC808EE39,14.0,2902083854.39,1844632586.28,LOW,1283468813.64,1301242205.76,50000000.0,0.25,,,,,,,,,,,,,,,,,,,,,,,,,,,,,,,
forecast_snapshots,,COMP001,,,,,,,,,,,,,,,,,,,,,,,,,,,,,,,,,,2025-06-02,,,,,,,,,,,,,,,,,,,SNAP80F75801,30.0,3409650354.42,3032196072.98,LOW,1427560387.72,1339065753.79,50000000.0,0.14,,,,,,,,,,,,,,,,,,,,,,,,,,,,,,,
forecast_snapshots,,COMP001,,,,,,,,,,,,,,,,,,,,,,,,,,,,,,,,,,2025-06-02,,,,,,,,,,,,,,,,,,,SNAP8F5BB2E3,7.0,2865088845.2,2509019385.11,LOW,1480796588.61,959579781.05,50000000.0,0.16,,,,,,,,,,,,,,,,,,,,,,,,,,,,,,,
forecast_snapshots,,COMP001,,,,,,,,,,,,,,,,,,,,,,,,,,,,,,,,,,2025-07-02,,,,,,,,,,,,,,,,,,,SNAP189D879A,7.0,2584176257.34,2149773882.36,LOW,1219761953.06,1057409674.28,50000000.0,0.2,,,,,,,,,,,,,,,,,,,,,,,,,,,,,,,
forecast_snapshots,,COMP001,,,,,,,,,,,,,,,,,,,,,,,,,,,,,,,,,,2025-07-02,,,,,,,,,,,,,,,,,,,SNAP8D620DAD,14.0,4611507576.16,2532740800.93,LOW,2048977968.01,1017713868.34,50000000.0,0.13,,,,,,,,,,,,,,,,,,,,,,,,,,,,,,,
forecast_snapshots,,COMP001,,,,,,,,,,,,,,,,,,,,,,,,,,,,,,,,,,2025-07-02,,,,,,,,,,,,,,,,,,,SNAP4F5654E9,30.0,2537055238.18,2202968929.23,LOW,778412786.74,1260689769.77,50000000.0,0.41,,,,,,,,,,,,,,,,,,,,,,,,,,,,,,,
forecast_snapshots,,COMP001,,,,,,,,,,,,,,,,,,,,,,,,,,,,,,,,,,2025-08-01,,,,,,,,,,,,,,,,,,,SNAP86505D62,7.0,3601171948.79,2739592209.06,LOW,1927274621.6,1010486439.74,50000000.0,0.1,,,,,,,,,,,,,,,,,,,,,,,,,,,,,,,
forecast_snapshots,,COMP001,,,,,,,,,,,,,,,,,,,,,,,,,,,,,,,,,,2025-08-01,,,,,,,,,,,,,,,,,,,SNAP5C201C85,14.0,4360025074.75,3004591056.39,LOW,2008394846.83,1043192425.79,50000000.0,0.14,,,,,,,,,,,,,,,,,,,,,,,,,,,,,,,
forecast_snapshots,,COMP001,,,,,,,,,,,,,,,,,,,,,,,,,,,,,,,,,,2025-08-01,,,,,,,,,,,,,,,,,,,SNAP29DD43FF,30.0,4153468663.44,3242981982.15,LOW,2259048268.54,1119750597.33,50000000.0,0.24,,,,,,,,,,,,,,,,,,,,,,,,,,,,,,,
forecast_snapshots,,COMP001,,,,,,,,,,,,,,,,,,,,,,,,,,,,,,,,,,2025-09-01,,,,,,,,,,,,,,,,,,,SNAPA5011962,30.0,2318149274.43,1529698503.64,LOW,1346552662.0,778757178.8,50000000.0,0.08,,,,,,,,,,,,,,,,,,,,,,,,,,,,,,,
forecast_snapshots,,COMP001,,,,,,,,,,,,,,,,,,,,,,,,,,,,,,,,,,2025-09-01,,,,,,,,,,,,,,,,,,,SNAP241A9FF8,7.0,4006573427.85,3103720213.38,LOW,2254548677.13,1603075314.6,50000000.0,0.1,,,,,,,,,,,,,,,,,,,,,,,,,,,,,,,
forecast_snapshots,,COMP001,,,,,,,,,,,,,,,,,,,,,,,,,,,,,,,,,,2025-09-01,,,,,,,,,,,,,,,,,,,SNAP8EAF1DBC,14.0,2361728040.0,1585961597.54,LOW,1387351162.27,929042647.24,50000000.0,0.09,,,,,,,,,,,,,,,,,,,,,,,,,,,,,,,
forecast_snapshots,,COMP001,,,,,,,,,,,,,,,,,,,,,,,,,,,,,,,,,,2025-10-03,,,,,,,,,,,,,,,,,,,SNAPE6A29080,7.0,3888741177.44,2326888828.66,LOW,1365905584.05,1050924544.58,50000000.0,0.32,,,,,,,,,,,,,,,,,,,,,,,,,,,,,,,
forecast_snapshots,,COMP001,,,,,,,,,,,,,,,,,,,,,,,,,,,,,,,,,,2025-10-03,,,,,,,,,,,,,,,,,,,SNAP281D76EA,14.0,2927601764.78,2411941380.29,LOW,1114969942.28,1210366290.28,50000000.0,0.2,,,,,,,,,,,,,,,,,,,,,,,,,,,,,,,
forecast_snapshots,,COMP001,,,,,,,,,,,,,,,,,,,,,,,,,,,,,,,,,,2025-10-03,,,,,,,,,,,,,,,,,,,SNAP744CD9FE,30.0,2362577494.98,1356305147.77,LOW,1351360147.75,859733124.74,50000000.0,0.19,,,,,,,,,,,,,,,,,,,,,,,,,,,,,,,
forecast_snapshots,,COMP001,,,,,,,,,,,,,,,,,,,,,,,,,,,,,,,,,,2025-11-02,,,,,,,,,,,,,,,,,,,SNAPC855661D,7.0,2848665460.71,1660557993.68,LOW,1262355942.5,741736290.88,50000000.0,0.4,,,,,,,,,,,,,,,,,,,,,,,,,,,,,,,
forecast_snapshots,,COMP001,,,,,,,,,,,,,,,,,,,,,,,,,,,,,,,,,,2025-11-02,,,,,,,,,,,,,,,,,,,SNAPC6E1708B,14.0,4264454926.86,3115793036.99,LOW,2136615925.71,1572392344.08,50000000.0,0.37,,,,,,,,,,,,,,,,,,,,,,,,,,,,,,,
forecast_snapshots,,COMP001,,,,,,,,,,,,,,,,,,,,,,,,,,,,,,,,,,2025-11-02,,,,,,,,,,,,,,,,,,,SNAP80BCF08C,30.0,2712812247.83,1477022363.98,LOW,1511869316.91,1312533203.81,50000000.0,0.26,,,,,,,,,,,,,,,,,,,,,,,,,,,,,,,
forecast_snapshots,,COMP001,,,,,,,,,,,,,,,,,,,,,,,,,,,,,,,,,,2025-12-02,,,,,,,,,,,,,,,,,,,SNAP93877D3C,14.0,3540890724.69,2963670070.94,LOW,1732669609.33,1039075392.35,50000000.0,0.25,,,,,,,,,,,,,,,,,,,,,,,,,,,,,,,
forecast_snapshots,,COMP001,,,,,,,,,,,,,,,,,,,,,,,,,,,,,,,,,,2025-12-02,,,,,,,,,,,,,,,,,,,SNAPE75BB064,7.0,3285678274.78,2271993585.36,LOW,1053288053.82,800091511.02,50000000.0,0.3,,,,,,,,,,,,,,,,,,,,,,,,,,,,,,,
forecast_snapshots,,COMP001,,,,,,,,,,,,,,,,,,,,,,,,,,,,,,,,,,2025-12-02,,,,,,,,,,,,,,,,,,,SNAPFC312CC4,30.0,3635398375.45,2189794096.81,LOW,1439271681.98,1431826107.74,50000000.0,0.36,,,,,,,,,,,,,,,,,,,,,,,,,,,,,,,
invoices,,COMP001,,,,,,,,,,,,,,,,,,,,,,,,,,,,,INV00001,32820970.4,,,,,,,,,PAID,,,,,,,,,,,,,,,,,,,,,,,SUP004,2025-08-24,0.0,,1.0,INR,CHEQUE,2025-09-23,,,,,,,,,,,,,,,,,,,,,,,
invoices,,COMP001,,,,,,,,,,,,,,,,,,,,,,,,,,,,,INV00002,33381685.97,,,,,,,,,PENDING,,,,,,,,,,,,,,,,,,,,,,,SUP010,2025-12-15,2.0,2026-01-04,0.0,INR,IMPS,,,,,,,,,,,,,,,,,,,,,,,,
invoices,,COMP001,,,,,,,,,,,,,,,,,,,,,,,,,,,,,INV00003,36524146.21,,,,,,,,,PAID,,,,,,,,,,,,,,,,,,,,,,,SUP003,2025-03-11,0.0,,1.5,INR,NEFT,2025-03-25,,,,,,,,,,,,,,,,,,,,,,,
invoices,,COMP001,,,,,,,,,,,,,,,,,,,,,,,,,,,,,INV00004,12035453.82,,,,,,,,,PAID,,,,,,,,,,,,,,,,,,,,,,,SUP009,2025-05-30,1.0,2025-06-14,0.0,INR,CHEQUE,2025-07-13,,,,,,,,,,,,,,,,,,,,,,,
invoices,,COMP001,,,,,,,,,,,,,,,,,,,,,,,,,,,,,INV00005,12794703.71,,,,,,,,,PAID,,,,,,,,,,,,,,,,,,,,,,,SUP002,2025-09-06,0.0,,1.0,INR,NEFT,2025-10-05,,,,,,,,,,,,,,,,,,,,,,,
invoices,,COMP001,,,,,,,,,,,,,,,,,,,,,,,,,,,,,INV00006,12897482.72,,,,,,,,,PAID,,,,,,,,,,,,,,,,,,,,,,,SUP013,2025-10-14,0.0,,2.0,INR,NEFT,2025-12-17,,,,,,,,,,,,,,,,,,,,,,,
invoices,,COMP001,,,,,,,,,,,,,,,,,,,,,,,,,,,,,INV00007,50029147.26,,,,,,,,,PAID,,,,,,,,,,,,,,,,,,,,,,,SUP012,2025-03-06,0.0,,2.0,INR,NEFT,2025-05-02,,,,,,,,,,,,,,,,,,,,,,,
invoices,,COMP001,,,,,,,,,,,,,,,,,,,,,,,,,,,,,INV00008,52639713.58,,,,,,,,,PAID,,,,,,,,,,,,,,,,,,,,,,,SUP003,2025-07-01,2.0,2025-07-08,0.0,INR,RTGS,2025-07-16,,,,,,,,,,,,,,,,,,,,,,,
invoices,,COMP001,,,,,,,,,,,,,,,,,,,,,,,,,,,,,INV00009,49137402.15,,,,,,,,,PAID,,,,,,,,,,,,,,,,,,,,,,,SUP015,2025-06-25,1.0,2025-07-10,0.0,INR,IMPS,2025-08-09,,,,,,,,,,,,,,,,,,,,,,,
invoices,,COMP001,,,,,,,,,,,,,,,,,,,,,,,,,,,,,INV00010,39645345.71,,,,,,,,,PAID,,,,,,,,,,,,,,,,,,,,,,,SUP003,2025-09-12,1.5,2025-09-19,0.0,INR,RTGS,2025-09-27,,,,,,,,,,,,,,,,,,,,,,,
invoices,,COMP001,,,,,,,,,,,,,,,,,,,,,,,,,,,,,INV00011,35304645.57,,,,,,,,,OVERDUE,,,,,,,,,,,,,,,,,,,,,,,SUP013,2025-05-01,2.0,2025-05-21,2.0,INR,NEFT,,,,,,,,,,,,,,,,,,,,,,,,
invoices,,COMP001,,,,,,,,,,,,,,,,,,,,,,,,,,,,,INV00012,47120570.17,,,,,,,,,PAID,,,,,,,,,,,,,,,,,,,,,,,SUP003,2025-03-27,0.0,,1.0,INR,IMPS,2025-04-08,,,,,,,,,,,,,,,,,,,,,,,
invoices,,COMP001,,,,,,,,,,,,,,,,,,,,,,,,,,,,,INV00013,57069623.87,,,,,,,,,PAID,,,,,,,,,,,,,,,,,,,,,,,SUP001,2025-06-03,0.0,,0.0,INR,IMPS,2025-07-08,,,,,,,,,,,,,,,,,,,,,,,
invoices,,COMP001,,,,,,,,,,,,,,,,,,,,,,,,,,,,,INV00014,31069272.15,,,,,,,,,PAID,,,,,,,,,,,,,,,,,,,,,,,SUP005,2025-03-05,2.5,2025-03-20,0.0,INR,NEFT,2025-04-17,,,,,,,,,,,,,,,,,,,,,,,
invoices,,COMP001,,,,,,,,,,,,,,,,,,,,,,,,,,,,,INV00015,40847477.19,,,,,,,,,PAID,,,,,,,,,,,,,,,,,,,,,,,SUP014,2025-06-21,2.5,2025-07-06,0.0,INR,CHEQUE,2025-08-25,,,,,,,,,,,,,,,,,,,,,,,
invoices,,COMP001,,,,,,,,,,,,,,,,,,,,,,,,,,,,,INV00016,11592591.68,,,,,,,,,PAID,,,,,,,,,,,,,,,,,,,,,,,SUP004,2025-10-08,2.0,2025-10-18,0.0,INR,IMPS,2025-11-14,,,,,,,,,,,,,,,,,,,,,,,
invoices,,COMP001,,,,,,,,,,,,,,,,,,,,,,,,,,,,,INV00017,12926812.96,,,,,,,,,PAID,,,,,,,,,,,,,,,,,,,,,,,SUP009,2025-04-27,1.0,2025-05-12,0.0,INR,RTGS,2025-06-09,,,,,,,,,,,,,,,,,,,,,,,
invoices,,COMP001,,,,,,,,,,,,,,,,,,,,,,,,,,,,,INV00018,8355520.7,,,,,,,,,PAID,,,,,,,,,,,,,,,,,,,,,,,SUP003,2025-10-18,0.0,,2.0,INR,NEFT,2025-11-04,,,,,,,,,,,,,,,,,,,,,,,
invoices,,COMP001,,,,,,,,,,,,,,,,,,,,,,,,,,,,,INV00019,38867845.39,,,,,,,,,PAID,,,,,,,,,,,,,,,,,,,,,,,SUP015,2025-04-03,0.0,,1.0,INR,RTGS,2025-05-15,,,,,,,,,,,,,,,,,,,,,,,
invoices,,COMP001,,,,,,,,,,,,,,,,,,,,,,,,,,,,,INV00020,56162064.41,,,,,,,,,OVERDUE,,,,,,,,,,,,,,,,,,,,,,,SUP003,2025-01-02,0.0,,2.0,INR,CHEQUE,,,,,,,,,,,,,,,,,,,,,,,,
invoices,,COMP001,,,,,,,,,,,,,,,,,,,,,,,,,,,,,INV00021,12441264.31,,,,,,,,,PAID,,,,,,,,,,,,,,,,,,,,,,,SUP008,2025-02-07,0.0,,1.0,INR,CHEQUE,2025-03-24,,,,,,,,,,,,,,,,,,,,,,,
invoices,,COMP001,,,,,,,,,,,,,,,,,,,,,,,,,,,,,INV00022,12113087.75,,,,,,,,,PAID,,,,,,,,,,,,,,,,,,,,,,,SUP006,2025-09-15,2.0,2025-09-30,2.0,INR,CHEQUE,2025-10-30,,,,,,,,,,,,,,,,,,,,,,,
invoices,,COMP001,,,,,,,,,,,,,,,,,,,,,,,,,,,,,INV00023,14495537.69,,,,,,,,,PAID,,,,,,,,,,,,,,,,,,,,,,,SUP007,2025-11-10,2.5,2025-11-20,0.0,INR,RTGS,2025-12-09,,,,,,,,,,,,,,,,,,,,,,,
invoices,,COMP001,,,,,,,,,,,,,,,,,,,,,,,,,,,,,INV00024,17622135.85,,,,,,,,,PENDING,,,,,,,,,,,,,,,,,,,,,,,SUP003,2025-12-18,2.0,2025-12-25,2.0,INR,NEFT,,,,,,,,,,,,,,,,,,,,,,,,
invoices,,COMP001,,,,,,,,,,,,,,,,,,,,,,,,,,,,,INV00025,42164561.89,,,,,,,,,PAID,,,,,,,,,,,,,,,,,,,,,,,SUP009,2025-04-27,1.0,2025-05-12,1.5,INR,NEFT,2025-06-09,,,,,,,,,,,,,,,,,,,,,,,
invoices,,COMP001,,,,,,,,,,,,,,,,,,,,,,,,,,,,,INV00026,22048776.9,,,,,,,,,OVERDUE,,,,,,,,,,,,,,,,,,,,,,,SUP013,2025-10-17,0.0,,0.0,INR,NEFT,,,,,,,,,,,,,,,,,,,,,,,,
invoices,,COMP001,,,,,,,,,,,,,,,,,,,,,,,,,,,,,INV00027,20965891.37,,,,,,,,,PAID,,,,,,,,,,,,,,,,,,,,,,,SUP007,2025-02-01,0.0,,1.0,INR,RTGS,2025-03-01,,,,,,,,,,,,,,,,,,,,,,,
invoices,,COMP001,,,,,,,,,,,,,,,,,,,,,,,,,,,,,INV00028,33227923.52,,,,,,,,,PAID,,,,,,,,,,,,,,,,,,,,,,,SUP001,2025-10-23,0.0,,1.0,INR,NEFT,2025-11-19,,,,,,,,,,,,,,,,,,,,,,,
invoices,,COMP001,,,,,,,,,,,,,,,,,,,,,,,,,,,,,INV00029,33258803.06,,,,,,,,,OVERDUE,,,,,,,,,,,,,,,,,,,,,,,SUP003,2025-06-06,0.0,,1.5,INR,NEFT,,,,,,,,,,,,,,,,,,,,,,,,
invoices,,COMP001,,,,,,,,,,,,,,,,,,,,,,,,,,,,,INV00030,16201189.95,,,,,,,,,PAID,,,,,,,,,,,,,,,,,,,,,,,SUP001,2025-07-01,1.5,2025-07-11,0.0,INR,CHEQUE,2025-07-29,,,,,,,,,,,,,,,,,,,,,,,
invoices,,COMP001,,,,,,,,,,,,,,,,,,,,,,,,,,,,,INV00031,16962562.82,,,,,,,,,PAID,,,,,,,,,,,,,,,,,,,,,,,SUP015,2025-07-12,0.0,,0.0,INR,NEFT,2025-08-25,,,,,,,,,,,,,,,,,,,,,,,
invoices,,COMP001,,,,,,,,,,,,,,,,,,,,,,,,,,,,,INV00032,38381645.65,,,,,,,,,PAID,,,,,,,,,,,,,,,,,,,,,,,SUP004,2025-06-25,2.5,2025-07-05,0.0,INR,NEFT,2025-07-22,,,,,,,,,,,,,,,,,,,,,,,
invoices,,COMP001,,,,,,,,,,,,,,,,,,,,,,,,,,,,,INV00033,51109113.32,,,,,,,,,PENDING,,,,,,,,,,,,,,,,,,,,,,,SUP002,2025-12-21,2.0,2025-12-31,1.0,INR,CHEQUE,,,,,,,,,,,,,,,,,,,,,,,,
invoices,,COMP001,,,,,,,,,,,,,,,,,,,,,,,,,,,,,INV00034,46757435.6,,,,,,,,,PAID,,,,,,,,,,,,,,,,,,,,,,,SUP015,2025-07-12,2.0,2025-07-27,1.0,INR,IMPS,2025-08-30,,,,,,,,,,,,,,,,,,,,,,,
invoices,,COMP001,,,,,,,,,,,,,,,,,,,,,,,,,,,,,INV00035,16878072.34,,,,,,,,,PAID,,,,,,,,,,,,,,,,,,,,,,,SUP005,2025-09-29,0.0,,0.0,INR,IMPS,2025-11-13,,,,,,,,,,,,,,,,,,,,,,,
invoices,,COMP001,,,,,,,,,,,,,,,,,,,,,,,,,,,,,INV00036,38416832.5,,,,,,,,,PAID,,,,,,,,,,,,,,,,,,,,,,,SUP005,2025-06-07,0.0,,0.0,INR,CHEQUE,2025-08-08,,,,,,,,,,,,,,,,,,,,,,,
invoices,,COMP001,,,,,,,,,,,,,,,,,,,,,,,,,,,,,INV00037,45391163.71,,,,,,,,,PAID,,,,,,,,,,,,,,,,,,,,,,,SUP001,2025-11-05,0.0,,1.5,INR,NEFT,2025-12-10,,,,,,,,,,,,,,,,,,,,,,,
invoices,,COMP001,,,,,,,,,,,,,,,,,,,,,,,,,,,,,INV00038,27271686.0,,,,,,,,,PAID,,,,,,,,,,,,,,,,,,,,,,,SUP008,2025-08-15,2.5,2025-08-30,1.0,INR,RTGS,2025-09-29,,,,,,,,,,,,,,,,,,,,,,,
invoices,,COMP001,,,,,,,,,,,,,,,,,,,,,,,,,,,,,INV00039,25707443.11,,,,,,,,,PAID,,,,,,,,,,,,,,,,,,,,,,,SUP015,2025-05-27,0.0,,0.0,INR,IMPS,2025-07-08,,,,,,,,,,,,,,,,,,,,,,,
invoices,,COMP001,,,,,,,,,,,,,,,,,,,,,,,,,,,,,INV00040,7851856.43,,,,,,,,,PAID,,,,,,,,,,,,,,,,,,,,,,,SUP006,2025-11-01,0.0,,0.0,INR,NEFT,2025-12-13,,,,,,,,,,,,,,,,,,,,,,,
invoices,,COMP001,,,,,,,,,,,,,,,,,,,,,,,,,,,,,INV00041,53341948.69,,,,,,,,,PAID,,,,,,,,,,,,,,,,,,,,,,,SUP004,2025-08-05,2.0,2025-08-15,2.0,INR,NEFT,2025-09-02,,,,,,,,,,,,,,,,,,,,,,,
invoices,,COMP001,,,,,,,,,,,,,,,,,,,,,,,,,,,,,INV00042,41062700.77,,,,,,,,,PAID,,,,,,,,,,,,,,,,,,,,,,,SUP004,2025-04-15,0.0,,0.0,INR,CHEQUE,2025-05-30,,,,,,,,,,,,,,,,,,,,,,,
invoices,,COMP001,,,,,,,,,,,,,,,,,,,,,,,,,,,,,INV00043,50760615.05,,,,,,,,,PAID,,,,,,,,,,,,,,,,,,,,,,,SUP005,2025-04-04,2.5,2025-04-19,1.0,INR,RTGS,2025-05-23,,,,,,,,,,,,,,,,,,,,,,,
invoices,,COMP001,,,,,,,,,,,,,,,,,,,,,,,,,,,,,INV00044,45850148.1,,,,,,,,,PAID,,,,,,,,,,,,,,,,,,,,,,,SUP005,2025-04-05,1.0,2025-04-20,0.0,INR,NEFT,2025-05-18,,,,,,,,,,,,,,,,,,,,,,,
invoices,,COMP001,,,,,,,,,,,,,,,,,,,,,,,,,,,,,INV00045,45917034.35,,,,,,,,,PAID,,,,,,,,,,,,,,,,,,,,,,,SUP005,2025-03-23,2.0,2025-04-07,0.0,INR,NEFT,2025-05-10,,,,,,,,,,,,,,,,,,,,,,,
invoices,,COMP001,,,,,,,,,,,,,,,,,,,,,,,,,,,,,INV00046,25295955.07,,,,,,,,,PAID,,,,,,,,,,,,,,,,,,,,,,,SUP005,2025-08-31,0.0,,2.0,INR,CHEQUE,2025-10-13,,,,,,,,,,,,,,,,,,,,,,,
invoices,,COMP001,,,,,,,,,,,,,,,,,,,,,,,,,,,,,INV00047,17380113.34,,,,,,,,,PAID,,,,,,,,,,,,,,,,,,,,,,,SUP014,2025-08-18,0.0,,0.0,INR,CHEQUE,2025-10-01,,,,,,,,,,,,,,,,,,,,,,,
invoices,,COMP001,,,,,,,,,,,,,,,,,,,,,,,,,,,,,INV00048,10338834.65,,,,,,,,,PAID,,,,,,,,,,,,,,,,,,,,,,,SUP006,2025-09-19,1.5,2025-10-04,0.0,INR,IMPS,2025-11-03,,,,,,,,,,,,,,,,,,,,,,,
invoices,,COMP001,,,,,,,,,,,,,,,,,,,,,,,,,,,,,INV00049,27796321.66,,,,,,,,,PAID,,,,,,,,,,,,,,,,,,,,,,,SUP004,2025-10-12,0.0,,2.0,INR,NEFT,2025-11-08,,,,,,,,,,,,,,,,,,,,,,,
invoices,,COMP001,,,,,,,,,,,,,,,,,,,,,,,,,,,,,INV00050,3600999.38,,,,,,,,,PAID,,,,,,,,,,,,,,,,,,,,,,,SUP010,2025-02-12,0.0,,1.5,INR,CHEQUE,2025-04-13,,,,,,,,,,,,,,,,,,,,,,,
invoices,,COMP001,,,,,,,,,,,,,,,,,,,,,,,,,,,,,INV00051,47270989.44,,,,,,,,,PAID,,,,,,,,,,,,,,,,,,,,,,,SUP004,2025-02-15,0.0,,0.0,INR,NEFT,2025-03-15,,,,,,,,,,,,,,,,,,,,,,,
invoices,,COMP001,,,,,,,,,,,,,,,,,,,,,,,,,,,,,INV00052,12874275.97,,,,,,,,,PAID,,,,,,,,,,,,,,,,,,,,,,,SUP012,2025-06-08,1.5,2025-06-28,0.0,INR,NEFT,2025-08-05,,,,,,,,,,,,,,,,,,,,,,,
invoices,,COMP001,,,,,,,,,,,,,,,,,,,,,,,,,,,,,INV00053,19972961.58,,,,,,,,,PAID,,,,,,,,,,,,,,,,,,,,,,,SUP001,2025-04-22,0.0,,2.0,INR,NEFT,2025-05-20,,,,,,,,,,,,,,,,,,,,,,,
invoices,,COMP001,,,,,,,,,,,,,,,,,,,,,,,,,,,,,INV00054,38143020.93,,,,,,,,,PAID,,,,,,,,,,,,,,,,,,,,,,,SUP008,2025-10-05,0.0,,1.0,INR,RTGS,2025-11-17,,,,,,,,,,,,,,,,,,,,,,,
invoices,,COMP001,,,,,,,,,,,,,,,,,,,,,,,,,,,,,INV00055,56763705.74,,,,,,,,,PAID,,,,,,,,,,,,,,,,,,,,,,,SUP012,2025-10-11,0.0,,0.0,INR,CHEQUE,2025-12-16,,,,,,,,,,,,,,,,,,,,,,,
invoices,,COMP001,,,,,,,,,,,,,,,,,,,,,,,,,,,,,INV00056,34770833.25,,,,,,,,,PAID,,,,,,,,,,,,,,,,,,,,,,,SUP010,2025-06-27,2.0,2025-07-17,2.0,INR,IMPS,2025-08-24,,,,,,,,,,,,,,,,,,,,,,,
invoices,,COMP001,,,,,,,,,,,,,,,,,,,,,,,,,,,,,INV00057,27858510.24,,,,,,,,,OVERDUE,,,,,,,,,,,,,,,,,,,,,,,SUP003,2025-03-07,0.0,,2.0,INR,IMPS,,,,,,,,,,,,,,,,,,,,,,,,
invoices,,COMP001,,,,,,,,,,,,,,,,,,,,,,,,,,,,,INV00058,50538408.21,,,,,,,,,PAID,,,,,,,,,,,,,,,,,,,,,,,SUP009,2025-05-30,0.0,,2.0,INR,IMPS,2025-07-18,,,,,,,,,,,,,,,,,,,,,,,
invoices,,COMP001,,,,,,,,,,,,,,,,,,,,,,,,,,,,,INV00059,19848338.16,,,,,,,,,PAID,,,,,,,,,,,,,,,,,,,,,,,SUP012,2025-10-09,2.0,2025-10-29,1.0,INR,CHEQUE,2025-12-07,,,,,,,,,,,,,,,,,,,,,,,
invoices,,COMP001,,,,,,,,,,,,,,,,,,,,,,,,,,,,,INV00060,38837615.08,,,,,,,,,OVERDUE,,,,,,,,,,,,,,,,,,,,,,,SUP001,2025-03-31,1.0,2025-04-10,1.5,INR,CHEQUE,,,,,,,,,,,,,,,,,,,,,,,,
invoices,,COMP001,,,,,,,,,,,,,,,,,,,,,,,,,,,,,INV00061,24239668.61,,,,,,,,,PAID,,,,,,,,,,,,,,,,,,,,,,,SUP009,2025-07-14,2.0,2025-07-29,1.5,INR,IMPS,2025-08-27,,,,,,,,,,,,,,,,,,,,,,,
invoices,,COMP001,,,,,,,,,,,,,,,,,,,,,,,,,,,,,INV00062,10672995.8,,,,,,,,,PAID,,,,,,,,,,,,,,,,,,,,,,,SUP013,2025-06-30,0.0,,0.0,INR,NEFT,2025-08-27,,,,,,,,,,,,,,,,,,,,,,,
invoices,,COMP001,,,,,,,,,,,,,,,,,,,,,,,,,,,,,INV00063,36835476.8,,,,,,,,,PAID,,,,,,,,,,,,,,,,,,,,,,,SUP010,2025-05-02,1.5,2025-05-22,1.0,INR,IMPS,2025-06-30,,,,,,,,,,,,,,,,,,,,,,,
invoices,,COMP001,,,,,,,,,,,,,,,,,,,,,,,,,,,,,INV00064,53546999.83,,,,,,,,,OVERDUE,,,,,,,,,,,,,,,,,,,,,,,SUP003,2025-12-08,2.5,2025-12-15,0.0,INR,IMPS,,,,,,,,,,,,,,,,,,,,,,,,
invoices,,COMP001,,,,,,,,,,,,,,,,,,,,,,,,,,,,,INV00065,34242370.49,,,,,,,,,PAID,,,,,,,,,,,,,,,,,,,,,,,SUP011,2025-01-14,1.5,2025-02-03,1.0,INR,RTGS,2025-03-14,,,,,,,,,,,,,,,,,,,,,,,
invoices,,COMP001,,,,,,,,,,,,,,,,,,,,,,,,,,,,,INV00066,27750119.94,,,,,,,,,PAID,,,,,,,,,,,,,,,,,,,,,,,SUP005,2025-06-05,1.0,2025-06-20,0.0,INR,IMPS,2025-07-17,,,,,,,,,,,,,,,,,,,,,,,
invoices,,COMP001,,,,,,,,,,,,,,,,,,,,,,,,,,,,,INV00067,40120095.59,,,,,,,,,PAID,,,,,,,,,,,,,,,,,,,,,,,SUP004,2025-09-02,1.0,2025-09-12,1.0,INR,RTGS,2025-10-03,,,,,,,,,,,,,,,,,,,,,,,
invoices,,COMP001,,,,,,,,,,,,,,,,,,,,,,,,,,,,,INV00068,49239259.07,,,,,,,,,OVERDUE,,,,,,,,,,,,,,,,,,,,,,,SUP003,2025-08-21,0.0,,1.0,INR,RTGS,,,,,,,,,,,,,,,,,,,,,,,,
invoices,,COMP001,,,,,,,,,,,,,,,,,,,,,,,,,,,,,INV00069,47219422.93,,,,,,,,,PAID,,,,,,,,,,,,,,,,,,,,,,,SUP015,2025-07-01,1.5,2025-07-16,0.0,INR,NEFT,2025-08-14,,,,,,,,,,,,,,,,,,,,,,,
invoices,,COMP001,,,,,,,,,,,,,,,,,,,,,,,,,,,,,INV00070,28709129.31,,,,,,,,,PAID,,,,,,,,,,,,,,,,,,,,,,,SUP012,2025-01-08,2.0,2025-01-28,2.0,INR,CHEQUE,2025-03-09,,,,,,,,,,,,,,,,,,,,,,,
invoices,,COMP001,,,,,,,,,,,,,,,,,,,,,,,,,,,,,INV00071,37606917.5,,,,,,,,,OVERDUE,,,,,,,,,,,,,,,,,,,,,,,SUP004,2025-01-23,0.0,,1.5,INR,RTGS,,,,,,,,,,,,,,,,,,,,,,,,
invoices,,COMP001,,,,,,,,,,,,,,,,,,,,,,,,,,,,,INV00072,29085572.26,,,,,,,,,PAID,,,,,,,,,,,,,,,,,,,,,,,SUP014,2025-10-09,2.5,2025-10-24,2.0,INR,NEFT,2025-11-25,,,,,,,,,,,,,,,,,,,,,,,
invoices,,COMP001,,,,,,,,,,,,,,,,,,,,,,,,,,,,,INV00073,38636448.2,,,,,,,,,PAID,,,,,,,,,,,,,,,,,,,,,,,SUP005,2025-01-29,2.0,2025-02-13,0.0,INR,CHEQUE,2025-03-31,,,,,,,,,,,,,,,,,,,,,,,
invoices,,COMP001,,,,,,,,,,,,,,,,,,,,,,,,,,,,,INV00074,19201374.04,,,,,,,,,PAID,,,,,,,,,,,,,,,,,,,,,,,SUP013,2025-03-11,0.0,,0.0,INR,NEFT,2025-05-29,,,,,,,,,,,,,,,,,,,,,,,
invoices,,COMP001,,,,,,,,,,,,,,,,,,,,,,,,,,,,,INV00075,33567438.77,,,,,,,,,PAID,,,,,,,,,,,,,,,,,,,,,,,SUP014,2025-07-10,0.0,,1.5,INR,IMPS,2025-08-22,,,,,,,,,,,,,,,,,,,,,,,
invoices,,COMP001,,,,,,,,,,,,,,,,,,,,,,,,,,,,,INV00076,25182057.86,,,,,,,,,PAID,,,,,,,,,,,,,,,,,,,,,,,SUP008,2025-02-10,1.0,2025-02-25,1.0,INR,IMPS,2025-03-26,,,,,,,,,,,,,,,,,,,,,,,
invoices,,COMP001,,,,,,,,,,,,,,,,,,,,,,,,,,,,,INV00077,43034507.6,,,,,,,,,PAID,,,,,,,,,,,,,,,,,,,,,,,SUP013,2025-01-16,0.0,,0.0,INR,NEFT,2025-03-16,,,,,,,,,,,,,,,,,,,,,,,
invoices,,COMP001,,,,,,,,,,,,,,,,,,,,,,,,,,,,,INV00078,21346416.85,,,,,,,,,OVERDUE,,,,,,,,,,,,,,,,,,,,,,,SUP005,2025-05-11,0.0,,1.5,INR,RTGS,,,,,,,,,,,,,,,,,,,,,,,,
invoices,,COMP001,,,,,,,,,,,,,,,,,,,,,,,,,,,,,INV00079,3344718.31,,,,,,,,,PAID,,,,,,,,,,,,,,,,,,,,,,,SUP006,2025-03-26,1.5,2025-04-10,1.5,INR,CHEQUE,2025-05-07,,,,,,,,,,,,,,,,,,,,,,,
invoices,,COMP001,,,,,,,,,,,,,,,,,,,,,,,,,,,,,INV00080,44696490.19,,,,,,,,,PAID,,,,,,,,,,,,,,,,,,,,,,,SUP011,2025-06-13,0.0,,1.0,INR,RTGS,2025-08-14,,,,,,,,,,,,,,,,,,,,,,,
invoices,,COMP001,,,,,,,,,,,,,,,,,,,,,,,,,,,,,INV00081,34620205.16,,,,,,,,,PAID,,,,,,,,,,,,,,,,,,,,,,,SUP009,2025-07-24,1.5,2025-08-08,0.0,INR,CHEQUE,2025-09-07,,,,,,,,,,,,,,,,,,,,,,,
invoices,,COMP001,,,,,,,,,,,,,,,,,,,,,,,,,,,,,INV00082,25615769.83,,,,,,,,,PENDING,,,,,,,,,,,,,,,,,,,,,,,SUP013,2025-12-19,0.0,,1.5,INR,IMPS,,,,,,,,,,,,,,,,,,,,,,,,
invoices,,COMP001,,,,,,,,,,,,,,,,,,,,,,,,,,,,,INV00083,8101130.34,,,,,,,,,PAID,,,,,,,,,,,,,,,,,,,,,,,SUP004,2025-02-02,2.0,2025-02-12,0.0,INR,CHEQUE,2025-03-03,,,,,,,,,,,,,,,,,,,,,,,
invoices,,COMP001,,,,,,,,,,,,,,,,,,,,,,,,,,,,,INV00084,57681582.35,,,,,,,,,PAID,,,,,,,,,,,,,,,,,,,,,,,SUP012,2025-07-28,0.0,,1.0,INR,NEFT,2025-09-26,,,,,,,,,,,,,,,,,,,,,,,
invoices,,COMP001,,,,,,,,,,,,,,,,,,,,,,,,,,,,,INV00085,29831214.31,,,,,,,,,PAID,,,,,,,,,,,,,,,,,,,,,,,SUP002,2025-11-19,0.0,,1.0,INR,CHEQUE,2025-12-19,,,,,,,,,,,,,,,,,,,,,,,
invoices,,COMP001,,,,,,,,,,,,,,,,,,,,,,,,,,,,,INV00086,34701476.05,,,,,,,,,PAID,,,,,,,,,,,,,,,,,,,,,,,SUP003,2025-12-01,2.0,2025-12-08,1.5,INR,CHEQUE,2025-12-15,,,,,,,,,,,,,,,,,,,,,,,
invoices,,COMP001,,,,,,,,,,,,,,,,,,,,,,,,,,,,,INV00087,30429227.65,,,,,,,,,OVERDUE,,,,,,,,,,,,,,,,,,,,,,,SUP010,2025-03-15,0.0,,0.0,INR,CHEQUE,,,,,,,,,,,,,,,,,,,,,,,,
invoices,,COMP001,,,,,,,,,,,,,,,,,,,,,,,,,,,,,INV00088,28914358.47,,,,,,,,,PAID,,,,,,,,,,,,,,,,,,,,,,,SUP008,2025-04-04,1.5,2025-04-19,1.5,INR,IMPS,2025-05-16,,,,,,,,,,,,,,,,,,,,,,,
invoices,,COMP001,,,,,,,,,,,,,,,,,,,,,,,,,,,,,INV00089,30582012.26,,,,,,,,,PAID,,,,,,,,,,,,,,,,,,,,,,,SUP013,2025-02-20,2.0,2025-03-12,1.5,INR,RTGS,2025-04-18,,,,,,,,,,,,,,,,,,,,,,,
invoices,,COMP001,,,,,,,,,,,,,,,,,,,,,,,,,,,,,INV00090,27850283.64,,,,,,,,,PAID,,,,,,,,,,,,,,,,,,,,,,,SUP001,2025-07-15,0.0,,0.0,INR,RTGS,2025-08-14,,,,,,,,,,,,,,,,,,,,,,,
invoices,,COMP001,,,,,,,,,,,,,,,,,,,,,,,,,,,,,INV00091,27489949.4,,,,,,,,,PAID,,,,,,,,,,,,,,,,,,,,,,,SUP015,2025-10-08,1.5,2025-10-23,0.0,INR,NEFT,2025-11-21,,,,,,,,,,,,,,,,,,,,,,,
invoices,,COMP001,,,,,,,,,,,,,,,,,,,,,,,,,,,,,INV00092,46969708.86,,,,,,,,,PAID,,,,,,,,,,,,,,,,,,,,,,,SUP003,2025-04-23,0.0,,0.0,INR,IMPS,2025-05-09,,,,,,,,,,,,,,,,,,,,,,,
invoices,,COMP001,,,,,,,,,,,,,,,,,,,,,,,,,,,,,INV00093,5221748.37,,,,,,,,,PAID,,,,,,,,,,,,,,,,,,,,,,,SUP001,2025-04-13,0.0,,2.0,INR,RTGS,2025-05-13,,,,,,,,,,,,,,,,,,,,,,,
invoices,,COMP001,,,,,,,,,,,,,,,,,,,,,,,,,,,,,INV00094,18067647.23,,,,,,,,,OVERDUE,,,,,,,,,,,,,,,,,,,,,,,SUP003,2025-08-25,0.0,,1.0,INR,IMPS,,,,,,,,,,,,,,,,,,,,,,,,
invoices,,COMP001,,,,,,,,,,,,,,,,,,,,,,,,,,,,,INV00095,19659479.89,,,,,,,,,PAID,,,,,,,,,,,,,,,,,,,,,,,SUP006,2025-05-05,2.0,2025-05-20,1.5,INR,NEFT,2025-06-19,,,,,,,,,,,,,,,,,,,,,,,
invoices,,COMP001,,,,,,,,,,,,,,,,,,,,,,,,,,,,,INV00096,48510195.02,,,,,,,,,PAID,,,,,,,,,,,,,,,,,,,,,,,SUP014,2025-04-20,1.0,2025-05-05,1.0,INR,IMPS,2025-06-01,,,,,,,,,,,,,,,,,,,,,,,
invoices,,COMP001,,,,,,,,,,,,,,,,,,,,,,,,,,,,,INV00097,20191185.99,,,,,,,,,PENDING,,,,,,,,,,,,,,,,,,,,,,,SUP006,2025-12-01,2.0,2025-12-16,1.5,INR,CHEQUE,,,,,,,,,,,,,,,,,,,,,,,,
invoices,,COMP001,,,,,,,,,,,,,,,,,,,,,,,,,,,,,INV00098,33548733.08,,,,,,,,,OVERDUE,,,,,,,,,,,,,,,,,,,,,,,SUP001,2025-05-11,0.0,,1.0,INR,NEFT,,,,,,,,,,,,,,,,,,,,,,,,
invoices,,COMP001,,,,,,,,,,,,,,,,,,,,,,,,,,,,,INV00099,43568851.38,,,,,,,,,PAID,,,,,,,,,,,,,,,,,,,,,,,SUP001,2025-08-06,0.0,,0.0,INR,RTGS,2025-09-03,,,,,,,,,,,,,,,,,,,,,,,
invoices,,COMP001,,,,,,,,,,,,,,,,,,,,,,,,,,,,,INV00100,41424310.62,,,,,,,,,PAID,,,,,,,,,,,,,,,,,,,,,,,SUP010,2025-06-23,0.0,,1.0,INR,CHEQUE,2025-08-21,,,,,,,,,,,,,,,,,,,,,,,
invoices,,COMP001,,,,,,,,,,,,,,,,,,,,,,,,,,,,,INV00101,50605172.45,,,,,,,,,PAID,,,,,,,,,,,,,,,,,,,,,,,SUP011,2025-06-08,1.5,2025-06-28,0.0,INR,NEFT,2025-08-10,,,,,,,,,,,,,,,,,,,,,,,
invoices,,COMP001,,,,,,,,,,,,,,,,,,,,,,,,,,,,,INV00102,41808613.12,,,,,,,,,OVERDUE,,,,,,,,,,,,,,,,,,,,,,,SUP013,2025-02-11,0.0,,1.0,INR,CHEQUE,,,,,,,,,,,,,,,,,,,,,,,,
invoices,,COMP001,,,,,,,,,,,,,,,,,,,,,,,,,,,,,INV00103,6061544.6,,,,,,,,,PAID,,,,,,,,,,,,,,,,,,,,,,,SUP004,2025-05-06,0.0,,2.0,INR,IMPS,2025-06-12,,,,,,,,,,,,,,,,,,,,,,,
invoices,,COMP001,,,,,,,,,,,,,,,,,,,,,,,,,,,,,INV00104,3412503.98,,,,,,,,,PAID,,,,,,,,,,,,,,,,,,,,,,,SUP003,2025-11-30,0.0,,1.0,INR,RTGS,2025-12-12,,,,,,,,,,,,,,,,,,,,,,,
invoices,,COMP001,,,,,,,,,,,,,,,,,,,,,,,,,,,,,INV00105,12659738.83,,,,,,,,,PAID,,,,,,,,,,,,,,,,,,,,,,,SUP012,2025-04-02,2.0,2025-04-22,2.0,INR,NEFT,2025-06-06,,,,,,,,,,,,,,,,,,,,,,,
invoices,,COMP001,,,,,,,,,,,,,,,,,,,,,,,,,,,,,INV00106,59262688.72,,,,,,,,,PAID,,,,,,,,,,,,,,,,,,,,,,,SUP001,2025-06-06,1.0,2025-06-16,0.0,INR,NEFT,2025-07-04,,,,,,,,,,,,,,,,,,,,,,,
invoices,,COMP001,,,,,,,,,,,,,,,,,,,,,,,,,,,,,INV00107,17093060.62,,,,,,,,,PAID,,,,,,,,,,,,,,,,,,,,,,,SUP010,2025-05-13,0.0,,0.0,INR,RTGS,2025-07-12,,,,,,,,,,,,,,,,,,,,,,,
invoices,,COMP001,,,,,,,,,,,,,,,,,,,,,,,,,,,,,INV00108,7783190.74,,,,,,,,,PAID,,,,,,,,,,,,,,,,,,,,,,,SUP014,2025-11-03,1.5,2025-11-18,0.0,INR,NEFT,2025-12-17,,,,,,,,,,,,,,,,,,,,,,,
invoices,,COMP001,,,,,,,,,,,,,,,,,,,,,,,,,,,,,INV00109,24914661.1,,,,,,,,,PAID,,,,,,,,,,,,,,,,,,,,,,,SUP006,2025-09-08,0.0,,2.0,INR,RTGS,2025-10-20,,,,,,,,,,,,,,,,,,,,,,,
invoices,,COMP001,,,,,,,,,,,,,,,,,,,,,,,,,,,,,INV00110,28857805.37,,,,,,,,,OVERDUE,,,,,,,,,,,,,,,,,,,,,,,SUP014,2025-09-18,1.0,2025-10-03,0.0,INR,CHEQUE,,,,,,,,,,,,,,,,,,,,,,,,
invoices,,COMP001,,,,,,,,,,,,,,,,,,,,,,,,,,,,,INV00111,32559113.79,,,,,,,,,OVERDUE,,,,,,,,,,,,,,,,,,,,,,,SUP015,2025-05-25,2.0,2025-06-09,0.0,INR,IMPS,,,,,,,,,,,,,,,,,,,,,,,,
invoices,,COMP001,,,,,,,,,,,,,,,,,,,,,,,,,,,,,INV00112,8725523.77,,,,,,,,,PAID,,,,,,,,,,,,,,,,,,,,,,,SUP013,2025-04-16,2.0,2025-05-06,0.0,INR,RTGS,2025-06-14,,,,,,,,,,,,,,,,,,,,,,,
invoices,,COMP001,,,,,,,,,,,,,,,,,,,,,,,,,,,,,INV00113,3841663.74,,,,,,,,,PAID,,,,,,,,,,,,,,,,,,,,,,,SUP005,2025-08-12,0.0,,0.0,INR,NEFT,2025-09-26,,,,,,,,,,,,,,,,,,,,,,,
invoices,,COMP001,,,,,,,,,,,,,,,,,,,,,,,,,,,,,INV00114,7501360.09,,,,,,,,,PAID,,,,,,,,,,,,,,,,,,,,,,,SUP002,2025-02-05,2.0,2025-02-15,1.0,INR,IMPS,2025-03-10,,,,,,,,,,,,,,,,,,,,,,,
invoices,,COMP001,,,,,,,,,,,,,,,,,,,,,,,,,,,,,INV00115,37173031.88,,,,,,,,,PAID,,,,,,,,,,,,,,,,,,,,,,,SUP008,2025-07-17,1.0,2025-08-01,0.0,INR,CHEQUE,2025-08-28,,,,,,,,,,,,,,,,,,,,,,,
invoices,,COMP001,,,,,,,,,,,,,,,,,,,,,,,,,,,,,INV00116,23204982.86,,,,,,,,,PAID,,,,,,,,,,,,,,,,,,,,,,,SUP006,2025-02-09,2.0,2025-02-24,1.0,INR,IMPS,2025-03-25,,,,,,,,,,,,,,,,,,,,,,,
invoices,,COMP001,,,,,,,,,,,,,,,,,,,,,,,,,,,,,INV00117,5538653.83,,,,,,,,,PAID,,,,,,,,,,,,,,,,,,,,,,,SUP011,2025-04-13,1.5,2025-05-03,1.0,INR,RTGS,2025-06-12,,,,,,,,,,,,,,,,,,,,,,,
invoices,,COMP001,,,,,,,,,,,,,,,,,,,,,,,,,,,,,INV00118,26730437.15,,,,,,,,,PAID,,,,,,,,,,,,,,,,,,,,,,,SUP005,2025-10-11,0.0,,0.0,INR,NEFT,2025-11-25,,,,,,,,,,,,,,,,,,,,,,,
invoices,,COMP001,,,,,,,,,,,,,,,,,,,,,,,,,,,,,INV00119,14499968.93,,,,,,,,,PAID,,,,,,,,,,,,,,,,,,,,,,,SUP013,2025-04-04,0.0,,1.5,INR,NEFT,2025-06-01,,,,,,,,,,,,,,,,,,,,,,,
invoices,,COMP001,,,,,,,,,,,,,,,,,,,,,,,,,,,,,INV00120,14905740.33,,,,,,,,,PAID,,,,,,,,,,,,,,,,,,,,,,,SUP002,2025-05-04,1.5,2025-05-14,2.0,INR,NEFT,2025-06-11,,,,,,,,,,,,,,,,,,,,,,,
invoices,,COMP001,,,,,,,,,,,,,,,,,,,,,,,,,,,,,INV00121,28864137.12,,,,,,,,,PENDING,,,,,,,,,,,,,,,,,,,,,,,SUP011,2025-11-08,0.0,,2.0,INR,IMPS,,,,,,,,,,,,,,,,,,,,,,,,
invoices,,COMP001,,,,,,,,,,,,,,,,,,,,,,,,,,,,,INV00122,46919627.67,,,,,,,,,OVERDUE,,,,,,,,,,,,,,,,,,,,,,,SUP003,2025-10-14,1.0,2025-10-21,2.0,INR,IMPS,,,,,,,,,,,,,,,,,,,,,,,,
invoices,,COMP001,,,,,,,,,,,,,,,,,,,,,,,,,,,,,INV00123,45789837.08,,,,,,,,,OVERDUE,,,,,,,,,,,,,,,,,,,,,,,SUP013,2025-09-02,2.5,2025-09-22,2.0,INR,NEFT,,,,,,,,,,,,,,,,,,,,,,,,
invoices,,COMP001,,,,,,,,,,,,,,,,,,,,,,,,,,,,,INV00124,6966562.25,,,,,,,,,PAID,,,,,,,,,,,,,,,,,,,,,,,SUP002,2025-11-25,1.5,2025-12-05,0.0,INR,RTGS,2025-12-22,,,,,,,,,,,,,,,,,,,,,,,
invoices,,COMP001,,,,,,,,,,,,,,,,,,,,,,,,,,,,,INV00125,19591891.48,,,,,,,,,PENDING,,,,,,,,,,,,,,,,,,,,,,,SUP013,2025-12-04,0.0,,1.0,INR,CHEQUE,,,,,,,,,,,,,,,,,,,,,,,,
invoices,,COMP001,,,,,,,,,,,,,,,,,,,,,,,,,,,,,INV00126,5978315.31,,,,,,,,,PAID,,,,,,,,,,,,,,,,,,,,,,,SUP006,2025-11-03,1.5,2025-11-18,0.0,INR,IMPS,2025-12-17,,,,,,,,,,,,,,,,,,,,,,,
invoices,,COMP001,,,,,,,,,,,,,,,,,,,,,,,,,,,,,INV00127,22892784.05,,,,,,,,,PAID,,,,,,,,,,,,,,,,,,,,,,,SUP011,2025-09-04,2.5,2025-09-24,1.5,INR,RTGS,2025-11-02,,,,,,,,,,,,,,,,,,,,,,,
invoices,,COMP001,,,,,,,,,,,,,,,,,,,,,,,,,,,,,INV00128,18857125.8,,,,,,,,,PENDING,,,,,,,,,,,,,,,,,,,,,,,SUP004,2025-12-09,0.0,,2.0,INR,NEFT,,,,,,,,,,,,,,,,,,,,,,,,
invoices,,COMP001,,,,,,,,,,,,,,,,,,,,,,,,,,,,,INV00129,10134259.14,,,,,,,,,OVERDUE,,,,,,,,,,,,,,,,,,,,,,,SUP008,2025-10-21,0.0,,1.0,INR,CHEQUE,,,,,,,,,,,,,,,,,,,,,,,,
invoices,,COMP001,,,,,,,,,,,,,,,,,,,,,,,,,,,,,INV00130,15257690.11,,,,,,,,,PAID,,,,,,,,,,,,,,,,,,,,,,,SUP015,2025-03-30,1.5,2025-04-14,1.0,INR,NEFT,2025-05-12,,,,,,,,,,,,,,,,,,,,,,,
invoices,,COMP001,,,,,,,,,,,,,,,,,,,,,,,,,,,,,INV00131,3812834.0,,,,,,,,,PAID,,,,,,,,,,,,,,,,,,,,,,,SUP001,2025-07-06,1.0,2025-07-16,0.0,INR,IMPS,2025-08-04,,,,,,,,,,,,,,,,,,,,,,,
invoices,,COMP001,,,,,,,,,,,,,,,,,,,,,,,,,,,,,INV00132,51219082.72,,,,,,,,,PAID,,,,,,,,,,,,,,,,,,,,,,,SUP007,2025-09-20,1.5,2025-09-30,0.0,INR,IMPS,2025-10-20,,,,,,,,,,,,,,,,,,,,,,,
invoices,,COMP001,,,,,,,,,,,,,,,,,,,,,,,,,,,,,INV00133,8868624.11,,,,,,,,,PAID,,,,,,,,,,,,,,,,,,,,,,,SUP013,2025-09-20,0.0,,2.0,INR,CHEQUE,2025-11-16,,,,,,,,,,,,,,,,,,,,,,,
invoices,,COMP001,,,,,,,,,,,,,,,,,,,,,,,,,,,,,INV00134,53005991.6,,,,,,,,,PAID,,,,,,,,,,,,,,,,,,,,,,,SUP013,2025-10-27,2.0,2025-11-16,1.5,INR,NEFT,2025-12-23,,,,,,,,,,,,,,,,,,,,,,,
invoices,,COMP001,,,,,,,,,,,,,,,,,,,,,,,,,,,,,INV00135,37004053.16,,,,,,,,,PAID,,,,,,,,,,,,,,,,,,,,,,,SUP010,2025-10-28,0.0,,1.0,INR,IMPS,2025-12-27,,,,,,,,,,,,,,,,,,,,,,,
invoices,,COMP001,,,,,,,,,,,,,,,,,,,,,,,,,,,,,INV00136,48041129.26,,,,,,,,,OVERDUE,,,,,,,,,,,,,,,,,,,,,,,SUP011,2025-03-03,2.0,2025-03-23,0.0,INR,IMPS,,,,,,,,,,,,,,,,,,,,,,,,
invoices,,COMP001,,,,,,,,,,,,,,,,,,,,,,,,,,,,,INV00137,35274439.15,,,,,,,,,PAID,,,,,,,,,,,,,,,,,,,,,,,SUP004,2025-04-28,2.5,2025-05-08,0.0,INR,IMPS,2025-05-25,,,,,,,,,,,,,,,,,,,,,,,
invoices,,COMP001,,,,,,,,,,,,,,,,,,,,,,,,,,,,,INV00138,55115633.89,,,,,,,,,PAID,,,,,,,,,,,,,,,,,,,,,,,SUP014,2025-05-11,2.0,2025-05-26,0.0,INR,RTGS,2025-06-25,,,,,,,,,,,,,,,,,,,,,,,
invoices,,COMP001,,,,,,,,,,,,,,,,,,,,,,,,,,,,,INV00139,13495785.96,,,,,,,,,PAID,,,,,,,,,,,,,,,,,,,,,,,SUP002,2025-07-15,1.0,2025-07-25,2.0,INR,RTGS,2025-08-11,,,,,,,,,,,,,,,,,,,,,,,
invoices,,COMP001,,,,,,,,,,,,,,,,,,,,,,,,,,,,,INV00140,49151681.9,,,,,,,,,PAID,,,,,,,,,,,,,,,,,,,,,,,SUP015,2025-06-02,0.0,,0.0,INR,IMPS,2025-07-22,,,,,,,,,,,,,,,,,,,,,,,
invoices,,COMP001,,,,,,,,,,,,,,,,,,,,,,,,,,,,,INV00141,55932202.74,,,,,,,,,PAID,,,,,,,,,,,,,,,,,,,,,,,SUP004,2025-09-16,0.0,,1.5,INR,RTGS,2025-10-13,,,,,,,,,,,,,,,,,,,,,,,
invoices,,COMP001,,,,,,,,,,,,,,,,,,,,,,,,,,,,,INV00142,48233225.56,,,,,,,,,OVERDUE,,,,,,,,,,,,,,,,,,,,,,,SUP004,2025-10-14,0.0,,2.0,INR,CHEQUE,,,,,,,,,,,,,,,,,,,,,,,,
invoices,,COMP001,,,,,,,,,,,,,,,,,,,,,,,,,,,,,INV00143,44742748.6,,,,,,,,,PAID,,,,,,,,,,,,,,,,,,,,,,,SUP010,2025-06-16,1.0,2025-07-06,0.0,INR,RTGS,2025-08-12,,,,,,,,,,,,,,,,,,,,,,,
invoices,,COMP001,,,,,,,,,,,,,,,,,,,,,,,,,,,,,INV00144,53285675.08,,,,,,,,,PAID,,,,,,,,,,,,,,,,,,,,,,,SUP008,2025-05-10,2.0,2025-05-25,1.5,INR,IMPS,2025-06-24,,,,,,,,,,,,,,,,,,,,,,,
invoices,,COMP001,,,,,,,,,,,,,,,,,,,,,,,,,,,,,INV00145,32630588.22,,,,,,,,,PAID,,,,,,,,,,,,,,,,,,,,,,,SUP004,2025-09-09,1.5,2025-09-19,0.0,INR,CHEQUE,2025-10-16,,,,,,,,,,,,,,,,,,,,,,,
invoices,,COMP001,,,,,,,,,,,,,,,,,,,,,,,,,,,,,INV00146,41445522.24,,,,,,,,,PAID,,,,,,,,,,,,,,,,,,,,,,,SUP009,2025-01-30,0.0,,1.5,INR,CHEQUE,2025-03-15,,,,,,,,,,,,,,,,,,,,,,,
invoices,,COMP001,,,,,,,,,,,,,,,,,,,,,,,,,,,,,INV00147,17145619.92,,,,,,,,,PAID,,,,,,,,,,,,,,,,,,,,,,,SUP004,2025-02-08,2.0,2025-02-18,1.5,INR,RTGS,2025-03-09,,,,,,,,,,,,,,,,,,,,,,,
invoices,,COMP001,,,,,,,,,,,,,,,,,,,,,,,,,,,,,INV00148,40060907.41,,,,,,,,,PAID,,,,,,,,,,,,,,,,,,,,,,,SUP006,2025-07-16,2.0,2025-07-31,1.0,INR,NEFT,2025-08-27,,,,,,,,,,,,,,,,,,,,,,,
invoices,,COMP001,,,,,,,,,,,,,,,,,,,,,,,,,,,,,INV00149,26530572.71,,,,,,,,,OVERDUE,,,,,,,,,,,,,,,,,,,,,,,SUP001,2025-04-12,1.0,2025-04-22,0.0,INR,NEFT,,,,,,,,,,,,,,,,,,,,,,,,
invoices,,COMP001,,,,,,,,,,,,,,,,,,,,,,,,,,,,,INV00150,14111910.56,,,,,,,,,PAID,,,,,,,,,,,,,,,,,,,,,,,SUP009,2025-06-14,0.0,,0.0,INR,RTGS,2025-07-26,,,,,,,,,,,,,,,,,,,,,,,
invoices,,COMP001,,,,,,,,,,,,,,,,,,,,,,,,,,,,,INV00151,47910878.63,,,,,,,,,PAID,,,,,,,,,,,,,,,,,,,,,,,SUP006,2025-11-16,2.5,2025-12-01,0.0,INR,NEFT,2025-12-31,,,,,,,,,,,,,,,,,,,,,,,
invoices,,COMP001,,,,,,,,,,,,,,,,,,,,,,,,,,,,,INV00152,31552396.9,,,,,,,,,OVERDUE,,,,,,,,,,,,,,,,,,,,,,,SUP009,2025-06-12,0.0,,1.5,INR,NEFT,,,,,,,,,,,,,,,,,,,,,,,,
invoices,,COMP001,,,,,,,,,,,,,,,,,,,,,,,,,,,,,INV00153,29939231.53,,,,,,,,,PAID,,,,,,,,,,,,,,,,,,,,,,,SUP012,2025-01-24,0.0,,1.0,INR,CHEQUE,2025-03-24,,,,,,,,,,,,,,,,,,,,,,,
invoices,,COMP001,,,,,,,,,,,,,,,,,,,,,,,,,,,,,INV00154,35588666.42,,,,,,,,,PAID,,,,,,,,,,,,,,,,,,,,,,,SUP011,2025-05-18,1.5,2025-06-07,2.0,INR,CHEQUE,2025-07-17,,,,,,,,,,,,,,,,,,,,,,,
invoices,,COMP001,,,,,,,,,,,,,,,,,,,,,,,,,,,,,INV00155,11754884.54,,,,,,,,,PAID,,,,,,,,,,,,,,,,,,,,,,,SUP008,2025-09-29,0.0,,1.5,INR,IMPS,2025-11-13,,,,,,,,,,,,,,,,,,,,,,,
invoices,,COMP001,,,,,,,,,,,,,,,,,,,,,,,,,,,,,INV00156,54270624.05,,,,,,,,,PAID,,,,,,,,,,,,,,,,,,,,,,,SUP008,2025-11-04,1.5,2025-11-19,0.0,INR,NEFT,2025-12-24,,,,,,,,,,,,,,,,,,,,,,,
invoices,,COMP001,,,,,,,,,,,,,,,,,,,,,,,,,,,,,INV00157,49445617.01,,,,,,,,,PAID,,,,,,,,,,,,,,,,,,,,,,,SUP007,2025-04-28,0.0,,0.0,INR,RTGS,2025-05-26,,,,,,,,,,,,,,,,,,,,,,,
invoices,,COMP001,,,,,,,,,,,,,,,,,,,,,,,,,,,,,INV00158,49071133.15,,,,,,,,,PAID,,,,,,,,,,,,,,,,,,,,,,,SUP006,2025-08-29,1.0,2025-09-13,1.5,INR,IMPS,2025-10-10,,,,,,,,,,,,,,,,,,,,,,,
invoices,,COMP001,,,,,,,,,,,,,,,,,,,,,,,,,,,,,INV00159,55987607.6,,,,,,,,,PENDING,,,,,,,,,,,,,,,,,,,,,,,SUP015,2025-11-23,2.5,2025-12-08,0.0,INR,IMPS,,,,,,,,,,,,,,,,,,,,,,,,
invoices,,COMP001,,,,,,,,,,,,,,,,,,,,,,,,,,,,,INV00160,21158221.35,,,,,,,,,PAID,,,,,,,,,,,,,,,,,,,,,,,SUP013,2025-03-07,0.0,,0.0,INR,CHEQUE,2025-05-04,,,,,,,,,,,,,,,,,,,,,,,
invoices,,COMP001,,,,,,,,,,,,,,,,,,,,,,,,,,,,,INV00161,47606210.75,,,,,,,,,OVERDUE,,,,,,,,,,,,,,,,,,,,,,,SUP009,2025-08-11,2.5,2025-08-26,1.5,INR,IMPS,,,,,,,,,,,,,,,,,,,,,,,,
invoices,,COMP001,,,,,,,,,,,,,,,,,,,,,,,,,,,,,INV00162,22664229.38,,,,,,,,,PAID,,,,,,,,,,,,,,,,,,,,,,,SUP013,2025-02-04,2.0,2025-02-24,0.0,INR,RTGS,2025-05-01,,,,,,,,,,,,,,,,,,,,,,,
invoices,,COMP001,,,,,,,,,,,,,,,,,,,,,,,,,,,,,INV00163,23073412.31,,,,,,,,,OVERDUE,,,,,,,,,,,,,,,,,,,,,,,SUP001,2025-10-07,0.0,,1.0,INR,IMPS,,,,,,,,,,,,,,,,,,,,,,,,
invoices,,COMP001,,,,,,,,,,,,,,,,,,,,,,,,,,,,,INV00164,16952316.97,,,,,,,,,PAID,,,,,,,,,,,,,,,,,,,,,,,SUP003,2025-02-09,0.0,,1.0,INR,NEFT,2025-02-21,,,,,,,,,,,,,,,,,,,,,,,
invoices,,COMP001,,,,,,,,,,,,,,,,,,,,,,,,,,,,,INV00165,20169572.05,,,,,,,,,PAID,,,,,,,,,,,,,,,,,,,,,,,SUP009,2025-02-24,0.0,,1.5,INR,RTGS,2025-04-09,,,,,,,,,,,,,,,,,,,,,,,
invoices,,COMP001,,,,,,,,,,,,,,,,,,,,,,,,,,,,,INV00166,42155109.89,,,,,,,,,OVERDUE,,,,,,,,,,,,,,,,,,,,,,,SUP014,2025-07-04,0.0,,2.0,INR,IMPS,,,,,,,,,,,,,,,,,,,,,,,,
invoices,,COMP001,,,,,,,,,,,,,,,,,,,,,,,,,,,,,INV00167,15149695.73,,,,,,,,,PAID,,,,,,,,,,,,,,,,,,,,,,,SUP007,2025-02-06,2.5,2025-02-16,2.0,INR,CHEQUE,2025-03-14,,,,,,,,,,,,,,,,,,,,,,,
invoices,,COMP001,,,,,,,,,,,,,,,,,,,,,,,,,,,,,INV00168,36383609.38,,,,,,,,,PAID,,,,,,,,,,,,,,,,,,,,,,,SUP011,2025-10-05,2.5,2025-10-25,1.5,INR,NEFT,2025-12-03,,,,,,,,,,,,,,,,,,,,,,,
invoices,,COMP001,,,,,,,,,,,,,,,,,,,,,,,,,,,,,INV00169,6838697.27,,,,,,,,,PAID,,,,,,,,,,,,,,,,,,,,,,,SUP010,2025-01-21,0.0,,1.0,INR,CHEQUE,2025-03-19,,,,,,,,,,,,,,,,,,,,,,,
invoices,,COMP001,,,,,,,,,,,,,,,,,,,,,,,,,,,,,INV00170,13024326.86,,,,,,,,,PAID,,,,,,,,,,,,,,,,,,,,,,,SUP012,2025-08-17,1.0,2025-09-06,2.0,INR,IMPS,2025-10-13,,,,,,,,,,,,,,,,,,,,,,,
invoices,,COMP001,,,,,,,,,,,,,,,,,,,,,,,,,,,,,INV00171,3049418.23,,,,,,,,,PAID,,,,,,,,,,,,,,,,,,,,,,,SUP014,2025-03-04,1.5,2025-03-19,0.0,INR,IMPS,2025-04-17,,,,,,,,,,,,,,,,,,,,,,,
invoices,,COMP001,,,,,,,,,,,,,,,,,,,,,,,,,,,,,INV00172,44311823.48,,,,,,,,,PAID,,,,,,,,,,,,,,,,,,,,,,,SUP005,2025-06-05,0.0,,2.0,INR,NEFT,2025-07-18,,,,,,,,,,,,,,,,,,,,,,,
invoices,,COMP001,,,,,,,,,,,,,,,,,,,,,,,,,,,,,INV00173,13353019.27,,,,,,,,,PAID,,,,,,,,,,,,,,,,,,,,,,,SUP010,2025-04-10,2.0,2025-04-30,1.5,INR,RTGS,2025-06-09,,,,,,,,,,,,,,,,,,,,,,,
invoices,,COMP001,,,,,,,,,,,,,,,,,,,,,,,,,,,,,INV00174,21490334.58,,,,,,,,,PAID,,,,,,,,,,,,,,,,,,,,,,,SUP012,2025-01-02,1.0,2025-01-22,1.5,INR,IMPS,2025-03-10,,,,,,,,,,,,,,,,,,,,,,,
invoices,,COMP001,,,,,,,,,,,,,,,,,,,,,,,,,,,,,INV00175,47351805.86,,,,,,,,,OVERDUE,,,,,,,,,,,,,,,,,,,,,,,SUP009,2025-04-25,0.0,,2.0,INR,IMPS,,,,,,,,,,,,,,,,,,,,,,,,
invoices,,COMP001,,,,,,,,,,,,,,,,,,,,,,,,,,,,,INV00176,22184789.5,,,,,,,,,PAID,,,,,,,,,,,,,,,,,,,,,,,SUP004,2025-02-24,0.0,,0.0,INR,NEFT,2025-03-26,,,,,,,,,,,,,,,,,,,,,,,
invoices,,COMP001,,,,,,,,,,,,,,,,,,,,,,,,,,,,,INV00177,25700391.42,,,,,,,,,PENDING,,,,,,,,,,,,,,,,,,,,,,,SUP015,2025-12-06,0.0,,2.0,INR,NEFT,,,,,,,,,,,,,,,,,,,,,,,,
invoices,,COMP001,,,,,,,,,,,,,,,,,,,,,,,,,,,,,INV00178,22904550.26,,,,,,,,,PAID,,,,,,,,,,,,,,,,,,,,,,,SUP012,2025-05-08,1.5,2025-05-28,1.5,INR,RTGS,2025-07-06,,,,,,,,,,,,,,,,,,,,,,,
invoices,,COMP001,,,,,,,,,,,,,,,,,,,,,,,,,,,,,INV00179,24828369.78,,,,,,,,,PAID,,,,,,,,,,,,,,,,,,,,,,,SUP008,2025-06-07,2.5,2025-06-22,1.0,INR,IMPS,2025-07-21,,,,,,,,,,,,,,,,,,,,,,,
invoices,,COMP001,,,,,,,,,,,,,,,,,,,,,,,,,,,,,INV00180,42812191.69,,,,,,,,,PAID,,,,,,,,,,,,,,,,,,,,,,,SUP012,2025-09-07,1.5,2025-09-27,0.0,INR,IMPS,2025-11-03,,,,,,,,,,,,,,,,,,,,,,,
invoices,,COMP001,,,,,,,,,,,,,,,,,,,,,,,,,,,,,INV00181,57471684.56,,,,,,,,,PENDING,,,,,,,,,,,,,,,,,,,,,,,SUP014,2025-12-06,1.0,2025-12-21,2.0,INR,IMPS,,,,,,,,,,,,,,,,,,,,,,,,
invoices,,COMP001,,,,,,,,,,,,,,,,,,,,,,,,,,,,,INV00182,14577587.04,,,,,,,,,PAID,,,,,,,,,,,,,,,,,,,,,,,SUP005,2025-07-03,0.0,,1.0,INR,NEFT,2025-08-15,,,,,,,,,,,,,,,,,,,,,,,
invoices,,COMP001,,,,,,,,,,,,,,,,,,,,,,,,,,,,,INV00183,36329327.2,,,,,,,,,PENDING,,,,,,,,,,,,,,,,,,,,,,,SUP007,2025-12-11,2.5,2025-12-21,1.5,INR,NEFT,,,,,,,,,,,,,,,,,,,,,,,,
invoices,,COMP001,,,,,,,,,,,,,,,,,,,,,,,,,,,,,INV00184,59212941.81,,,,,,,,,PAID,,,,,,,,,,,,,,,,,,,,,,,SUP007,2025-02-19,1.5,2025-03-01,1.5,INR,RTGS,2025-03-18,,,,,,,,,,,,,,,,,,,,,,,
invoices,,COMP001,,,,,,,,,,,,,,,,,,,,,,,,,,,,,INV00185,42022669.81,,,,,,,,,PAID,,,,,,,,,,,,,,,,,,,,,,,SUP010,2025-10-06,1.5,2025-10-26,0.0,INR,NEFT,2025-12-03,,,,,,,,,,,,,,,,,,,,,,,
invoices,,COMP001,,,,,,,,,,,,,,,,,,,,,,,,,,,,,INV00186,16200364.13,,,,,,,,,PAID,,,,,,,,,,,,,,,,,,,,,,,SUP008,2025-09-25,0.0,,0.0,INR,IMPS,2025-11-20,,,,,,,,,,,,,,,,,,,,,,,
invoices,,COMP001,,,,,,,,,,,,,,,,,,,,,,,,,,,,,INV00187,9834321.03,,,,,,,,,OVERDUE,,,,,,,,,,,,,,,,,,,,,,,SUP010,2025-07-21,0.0,,1.5,INR,RTGS,,,,,,,,,,,,,,,,,,,,,,,,
invoices,,COMP001,,,,,,,,,,,,,,,,,,,,,,,,,,,,,INV00188,13955924.63,,,,,,,,,PAID,,,,,,,,,,,,,,,,,,,,,,,SUP004,2025-10-11,2.0,2025-10-21,0.0,INR,RTGS,2025-11-09,,,,,,,,,,,,,,,,,,,,,,,
invoices,,COMP001,,,,,,,,,,,,,,,,,,,,,,,,,,,,,INV00189,11560634.11,,,,,,,,,PAID,,,,,,,,,,,,,,,,,,,,,,,SUP012,2025-06-26,0.0,,0.0,INR,IMPS,2025-08-25,,,,,,,,,,,,,,,,,,,,,,,
invoices,,COMP001,,,,,,,,,,,,,,,,,,,,,,,,,,,,,INV00190,33263380.34,,,,,,,,,OVERDUE,,,,,,,,,,,,,,,,,,,,,,,SUP002,2025-04-10,2.0,2025-04-20,1.0,INR,CHEQUE,,,,,,,,,,,,,,,,,,,,,,,,
invoices,,COMP001,,,,,,,,,,,,,,,,,,,,,,,,,,,,,INV00191,13790443.32,,,,,,,,,PENDING,,,,,,,,,,,,,,,,,,,,,,,SUP015,2025-11-17,0.0,,1.5,INR,IMPS,,,,,,,,,,,,,,,,,,,,,,,,
invoices,,COMP001,,,,,,,,,,,,,,,,,,,,,,,,,,,,,INV00192,25990384.77,,,,,,,,,PAID,,,,,,,,,,,,,,,,,,,,,,,SUP002,2025-10-21,0.0,,1.0,INR,NEFT,2025-11-20,,,,,,,,,,,,,,,,,,,,,,,
invoices,,COMP001,,,,,,,,,,,,,,,,,,,,,,,,,,,,,INV00193,10907101.14,,,,,,,,,PAID,,,,,,,,,,,,,,,,,,,,,,,SUP014,2025-07-01,2.5,2025-07-16,1.5,INR,CHEQUE,2025-08-12,,,,,,,,,,,,,,,,,,,,,,,
invoices,,COMP001,,,,,,,,,,,,,,,,,,,,,,,,,,,,,INV00194,29941666.32,,,,,,,,,PAID,,,,,,,,,,,,,,,,,,,,,,,SUP003,2025-09-04,0.0,,1.5,INR,CHEQUE,2025-09-16,,,,,,,,,,,,,,,,,,,,,,,
invoices,,COMP001,,,,,,,,,,,,,,,,,,,,,,,,,,,,,INV00195,51949960.86,,,,,,,,,OVERDUE,,,,,,,,,,,,,,,,,,,,,,,SUP005,2025-03-02,1.5,2025-03-17,0.0,INR,CHEQUE,,,,,,,,,,,,,,,,,,,,,,,,
invoices,,COMP001,,,,,,,,,,,,,,,,,,,,,,,,,,,,,INV00196,48519338.88,,,,,,,,,PAID,,,,,,,,,,,,,,,,,,,,,,,SUP005,2025-03-28,1.0,2025-04-12,2.0,INR,CHEQUE,2025-05-10,,,,,,,,,,,,,,,,,,,,,,,
invoices,,COMP001,,,,,,,,,,,,,,,,,,,,,,,,,,,,,INV00197,59001510.19,,,,,,,,,PAID,,,,,,,,,,,,,,,,,,,,,,,SUP001,2025-01-01,1.5,2025-01-11,0.0,INR,NEFT,2025-01-29,,,,,,,,,,,,,,,,,,,,,,,
invoices,,COMP001,,,,,,,,,,,,,,,,,,,,,,,,,,,,,INV00198,40515769.14,,,,,,,,,PAID,,,,,,,,,,,,,,,,,,,,,,,SUP010,2025-06-17,0.0,,2.0,INR,RTGS,2025-08-16,,,,,,,,,,,,,,,,,,,,,,,
invoices,,COMP001,,,,,,,,,,,,,,,,,,,,,,,,,,,,,INV00199,15137166.71,,,,,,,,,PAID,,,,,,,,,,,,,,,,,,,,,,,SUP007,2025-08-20,0.0,,0.0,INR,CHEQUE,2025-09-17,,,,,,,,,,,,,,,,,,,,,,,
invoices,,COMP001,,,,,,,,,,,,,,,,,,,,,,,,,,,,,INV00200,5772139.02,,,,,,,,,PAID,,,,,,,,,,,,,,,,,,,,,,,SUP001,2025-02-08,0.0,,0.0,INR,CHEQUE,2025-03-08,,,,,,,,,,,,,,,,,,,,,,,
invoices,,COMP001,,,,,,,,,,,,,,,,,,,,,,,,,,,,,INV00201,54272235.08,,,,,,,,,PENDING,,,,,,,,,,,,,,,,,,,,,,,SUP004,2025-12-21,2.0,2025-12-31,1.0,INR,IMPS,,,,,,,,,,,,,,,,,,,,,,,,
invoices,,COMP001,,,,,,,,,,,,,,,,,,,,,,,,,,,,,INV00202,17565061.22,,,,,,,,,OVERDUE,,,,,,,,,,,,,,,,,,,,,,,SUP002,2025-09-22,0.0,,0.0,INR,IMPS,,,,,,,,,,,,,,,,,,,,,,,,
invoices,,COMP001,,,,,,,,,,,,,,,,,,,,,,,,,,,,,INV00203,39267007.7,,,,,,,,,PAID,,,,,,,,,,,,,,,,,,,,,,,SUP003,2025-07-03,2.0,2025-07-10,0.0,INR,CHEQUE,2025-07-17,,,,,,,,,,,,,,,,,,,,,,,
invoices,,COMP001,,,,,,,,,,,,,,,,,,,,,,,,,,,,,INV00204,9366595.43,,,,,,,,,PAID,,,,,,,,,,,,,,,,,,,,,,,SUP008,2025-02-19,1.0,2025-03-06,1.0,INR,RTGS,2025-04-20,,,,,,,,,,,,,,,,,,,,,,,
invoices,,COMP001,,,,,,,,,,,,,,,,,,,,,,,,,,,,,INV00205,59118384.12,,,,,,,,,PAID,,,,,,,,,,,,,,,,,,,,,,,SUP007,2025-04-08,0.0,,1.0,INR,NEFT,2025-05-07,,,,,,,,,,,,,,,,,,,,,,,
invoices,,COMP001,,,,,,,,,,,,,,,,,,,,,,,,,,,,,INV00206,47544705.26,,,,,,,,,PAID,,,,,,,,,,,,,,,,,,,,,,,SUP010,2025-07-19,0.0,,2.0,INR,NEFT,2025-10-07,,,,,,,,,,,,,,,,,,,,,,,
invoices,,COMP001,,,,,,,,,,,,,,,,,,,,,,,,,,,,,INV00207,37039778.02,,,,,,,,,PENDING,,,,,,,,,,,,,,,,,,,,,,,SUP006,2025-11-22,0.0,,0.0,INR,RTGS,,,,,,,,,,,,,,,,,,,,,,,,
invoices,,COMP001,,,,,,,,,,,,,,,,,,,,,,,,,,,,,INV00208,46623089.99,,,,,,,,,PAID,,,,,,,,,,,,,,,,,,,,,,,SUP005,2025-03-30,0.0,,0.0,INR,RTGS,2025-05-27,,,,,,,,,,,,,,,,,,,,,,,
invoices,,COMP001,,,,,,,,,,,,,,,,,,,,,,,,,,,,,INV00209,56994102.49,,,,,,,,,OVERDUE,,,,,,,,,,,,,,,,,,,,,,,SUP012,2025-05-21,2.0,2025-06-10,2.0,INR,RTGS,,,,,,,,,,,,,,,,,,,,,,,,
invoices,,COMP001,,,,,,,,,,,,,,,,,,,,,,,,,,,,,INV00210,56710986.15,,,,,,,,,PAID,,,,,,,,,,,,,,,,,,,,,,,SUP008,2025-09-16,0.0,,2.0,INR,RTGS,2025-10-29,,,,,,,,,,,,,,,,,,,,,,,
invoices,,COMP001,,,,,,,,,,,,,,,,,,,,,,,,,,,,,INV00211,34837993.69,,,,,,,,,PAID,,,,,,,,,,,,,,,,,,,,,,,SUP001,2025-07-21,0.0,,2.0,INR,CHEQUE,2025-08-19,,,,,,,,,,,,,,,,,,,,,,,
invoices,,COMP001,,,,,,,,,,,,,,,,,,,,,,,,,,,,,INV00212,19707219.96,,,,,,,,,PAID,,,,,,,,,,,,,,,,,,,,,,,SUP002,2025-03-10,1.5,2025-03-20,1.5,INR,NEFT,2025-04-06,,,,,,,,,,,,,,,,,,,,,,,
invoices,,COMP001,,,,,,,,,,,,,,,,,,,,,,,,,,,,,INV00213,9214229.01,,,,,,,,,PAID,,,,,,,,,,,,,,,,,,,,,,,SUP014,2025-01-03,0.0,,0.0,INR,CHEQUE,2025-02-14,,,,,,,,,,,,,,,,,,,,,,,
invoices,,COMP001,,,,,,,,,,,,,,,,,,,,,,,,,,,,,INV00214,54662962.52,,,,,,,,,PAID,,,,,,,,,,,,,,,,,,,,,,,SUP015,2025-09-17,1.0,2025-10-02,0.0,INR,IMPS,2025-11-01,,,,,,,,,,,,,,,,,,,,,,,
invoices,,COMP001,,,,,,,,,,,,,,,,,,,,,,,,,,,,,INV00215,13399327.05,,,,,,,,,PAID,,,,,,,,,,,,,,,,,,,,,,,SUP002,2025-12-01,1.5,2025-12-11,1.0,INR,NEFT,2025-12-30,,,,,,,,,,,,,,,,,,,,,,,
invoices,,COMP001,,,,,,,,,,,,,,,,,,,,,,,,,,,,,INV00216,13818086.85,,,,,,,,,PAID,,,,,,,,,,,,,,,,,,,,,,,SUP005,2025-07-28,0.0,,0.0,INR,RTGS,2025-09-10,,,,,,,,,,,,,,,,,,,,,,,
invoices,,COMP001,,,,,,,,,,,,,,,,,,,,,,,,,,,,,INV00217,16894007.97,,,,,,,,,PAID,,,,,,,,,,,,,,,,,,,,,,,SUP008,2025-06-27,1.0,2025-07-12,1.0,INR,CHEQUE,2025-08-19,,,,,,,,,,,,,,,,,,,,,,,
invoices,,COMP001,,,,,,,,,,,,,,,,,,,,,,,,,,,,,INV00218,54827715.33,,,,,,,,,PAID,,,,,,,,,,,,,,,,,,,,,,,SUP012,2025-03-19,2.5,2025-04-08,0.0,INR,NEFT,2025-06-03,,,,,,,,,,,,,,,,,,,,,,,
invoices,,COMP001,,,,,,,,,,,,,,,,,,,,,,,,,,,,,INV00219,8522364.74,,,,,,,,,PAID,,,,,,,,,,,,,,,,,,,,,,,SUP011,2025-05-11,0.0,,1.0,INR,NEFT,2025-07-09,,,,,,,,,,,,,,,,,,,,,,,
invoices,,COMP001,,,,,,,,,,,,,,,,,,,,,,,,,,,,,INV00220,45235935.9,,,,,,,,,PAID,,,,,,,,,,,,,,,,,,,,,,,SUP007,2025-05-07,0.0,,1.5,INR,RTGS,2025-06-05,,,,,,,,,,,,,,,,,,,,,,,
invoices,,COMP001,,,,,,,,,,,,,,,,,,,,,,,,,,,,,INV00221,43697613.1,,,,,,,,,PAID,,,,,,,,,,,,,,,,,,,,,,,SUP002,2025-04-28,1.5,2025-05-08,1.5,INR,NEFT,2025-06-01,,,,,,,,,,,,,,,,,,,,,,,
invoices,,COMP001,,,,,,,,,,,,,,,,,,,,,,,,,,,,,INV00222,23310648.38,,,,,,,,,PAID,,,,,,,,,,,,,,,,,,,,,,,SUP010,2025-07-10,0.0,,0.0,INR,RTGS,2025-09-08,,,,,,,,,,,,,,,,,,,,,,,
invoices,,COMP001,,,,,,,,,,,,,,,,,,,,,,,,,,,,,INV00223,28474262.63,,,,,,,,,PAID,,,,,,,,,,,,,,,,,,,,,,,SUP012,2025-08-17,0.0,,1.5,INR,RTGS,2025-10-13,,,,,,,,,,,,,,,,,,,,,,,
invoices,,COMP001,,,,,,,,,,,,,,,,,,,,,,,,,,,,,INV00224,50997373.5,,,,,,,,,PAID,,,,,,,,,,,,,,,,,,,,,,,SUP002,2025-05-21,0.0,,0.0,INR,NEFT,2025-06-19,,,,,,,,,,,,,,,,,,,,,,,
invoices,,COMP001,,,,,,,,,,,,,,,,,,,,,,,,,,,,,INV00225,37882349.86,,,,,,,,,PAID,,,,,,,,,,,,,,,,,,,,,,,SUP006,2025-06-13,2.5,2025-06-28,1.0,INR,NEFT,2025-07-27,,,,,,,,,,,,,,,,,,,,,,,
invoices,,COMP001,,,,,,,,,,,,,,,,,,,,,,,,,,,,,INV00226,16672552.88,,,,,,,,,PAID,,,,,,,,,,,,,,,,,,,,,,,SUP009,2025-05-05,0.0,,1.0,INR,CHEQUE,2025-06-16,,,,,,,,,,,,,,,,,,,,,,,
invoices,,COMP001,,,,,,,,,,,,,,,,,,,,,,,,,,,,,INV00227,40252700.65,,,,,,,,,PAID,,,,,,,,,,,,,,,,,,,,,,,SUP003,2025-08-05,1.0,2025-08-12,2.0,INR,RTGS,2025-08-18,,,,,,,,,,,,,,,,,,,,,,,
invoices,,COMP001,,,,,,,,,,,,,,,,,,,,,,,,,,,,,INV00228,6046468.77,,,,,,,,,PAID,,,,,,,,,,,,,,,,,,,,,,,SUP013,2025-02-07,0.0,,0.0,INR,CHEQUE,2025-05-06,,,,,,,,,,,,,,,,,,,,,,,
invoices,,COMP001,,,,,,,,,,,,,,,,,,,,,,,,,,,,,INV00229,49401958.53,,,,,,,,,PAID,,,,,,,,,,,,,,,,,,,,,,,SUP012,2025-10-22,1.5,2025-11-11,1.0,INR,NEFT,2025-12-18,,,,,,,,,,,,,,,,,,,,,,,
invoices,,COMP001,,,,,,,,,,,,,,,,,,,,,,,,,,,,,INV00230,4433867.0,,,,,,,,,PAID,,,,,,,,,,,,,,,,,,,,,,,SUP014,2025-07-18,2.5,2025-08-02,1.0,INR,NEFT,2025-09-16,,,,,,,,,,,,,,,,,,,,,,,
invoices,,COMP001,,,,,,,,,,,,,,,,,,,,,,,,,,,,,INV00231,26981555.06,,,,,,,,,OVERDUE,,,,,,,,,,,,,,,,,,,,,,,SUP004,2025-05-16,0.0,,0.0,INR,IMPS,,,,,,,,,,,,,,,,,,,,,,,,
invoices,,COMP001,,,,,,,,,,,,,,,,,,,,,,,,,,,,,INV00232,25309766.19,,,,,,,,,PAID,,,,,,,,,,,,,,,,,,,,,,,SUP010,2025-07-24,2.5,2025-08-13,0.0,INR,CHEQUE,2025-09-22,,,,,,,,,,,,,,,,,,,,,,,
invoices,,COMP001,,,,,,,,,,,,,,,,,,,,,,,,,,,,,INV00233,42169554.55,,,,,,,,,PAID,,,,,,,,,,,,,,,,,,,,,,,SUP006,2025-08-11,1.0,2025-08-26,0.0,INR,IMPS,2025-09-24,,,,,,,,,,,,,,,,,,,,,,,
invoices,,COMP001,,,,,,,,,,,,,,,,,,,,,,,,,,,,,INV00234,11463836.4,,,,,,,,,PAID,,,,,,,,,,,,,,,,,,,,,,,SUP012,2025-01-19,2.0,2025-02-08,2.0,INR,IMPS,2025-04-16,,,,,,,,,,,,,,,,,,,,,,,
invoices,,COMP001,,,,,,,,,,,,,,,,,,,,,,,,,,,,,INV00235,9293077.16,,,,,,,,,PAID,,,,,,,,,,,,,,,,,,,,,,,SUP004,2025-07-26,0.0,,0.0,INR,IMPS,2025-08-25,,,,,,,,,,,,,,,,,,,,,,,
invoices,,COMP001,,,,,,,,,,,,,,,,,,,,,,,,,,,,,INV00236,53973092.95,,,,,,,,,PAID,,,,,,,,,,,,,,,,,,,,,,,SUP014,2025-05-15,2.5,2025-05-30,1.0,INR,IMPS,2025-06-26,,,,,,,,,,,,,,,,,,,,,,,
invoices,,COMP001,,,,,,,,,,,,,,,,,,,,,,,,,,,,,INV00237,50964609.72,,,,,,,,,PENDING,,,,,,,,,,,,,,,,,,,,,,,SUP010,2025-11-09,0.0,,0.0,INR,CHEQUE,,,,,,,,,,,,,,,,,,,,,,,,
invoices,,COMP001,,,,,,,,,,,,,,,,,,,,,,,,,,,,,INV00238,42840483.27,,,,,,,,,PAID,,,,,,,,,,,,,,,,,,,,,,,SUP014,2025-03-09,2.0,2025-03-24,0.0,INR,IMPS,2025-04-23,,,,,,,,,,,,,,,,,,,,,,,
invoices,,COMP001,,,,,,,,,,,,,,,,,,,,,,,,,,,,,INV00239,30414319.76,,,,,,,,,PAID,,,,,,,,,,,,,,,,,,,,,,,SUP004,2025-01-28,1.5,2025-02-07,0.0,INR,IMPS,2025-02-27,,,,,,,,,,,,,,,,,,,,,,,
invoices,,COMP001,,,,,,,,,,,,,,,,,,,,,,,,,,,,,INV00240,53224606.9,,,,,,,,,OVERDUE,,,,,,,,,,,,,,,,,,,,,,,SUP001,2025-02-19,0.0,,2.0,INR,RTGS,,,,,,,,,,,,,,,,,,,,,,,,
invoices,,COMP001,,,,,,,,,,,,,,,,,,,,,,,,,,,,,INV00241,19861367.29,,,,,,,,,PAID,,,,,,,,,,,,,,,,,,,,,,,SUP014,2025-04-22,0.0,,2.0,INR,NEFT,2025-06-06,,,,,,,,,,,,,,,,,,,,,,,
invoices,,COMP001,,,,,,,,,,,,,,,,,,,,,,,,,,,,,INV00242,47549832.46,,,,,,,,,PAID,,,,,,,,,,,,,,,,,,,,,,,SUP004,2025-09-14,2.5,2025-09-24,2.0,INR,RTGS,2025-10-14,,,,,,,,,,,,,,,,,,,,,,,
invoices,,COMP001,,,,,,,,,,,,,,,,,,,,,,,,,,,,,INV00243,8298993.25,,,,,,,,,PAID,,,,,,,,,,,,,,,,,,,,,,,SUP011,2025-05-06,0.0,,2.0,INR,NEFT,2025-07-02,,,,,,,,,,,,,,,,,,,,,,,
invoices,,COMP001,,,,,,,,,,,,,,,,,,,,,,,,,,,,,INV00244,7786933.68,,,,,,,,,PAID,,,,,,,,,,,,,,,,,,,,,,,SUP001,2025-09-03,0.0,,0.0,INR,CHEQUE,2025-09-30,,,,,,,,,,,,,,,,,,,,,,,
invoices,,COMP001,,,,,,,,,,,,,,,,,,,,,,,,,,,,,INV00245,15589091.11,,,,,,,,,PENDING,,,,,,,,,,,,,,,,,,,,,,,SUP004,2025-12-12,0.0,,0.0,INR,RTGS,,,,,,,,,,,,,,,,,,,,,,,,
invoices,,COMP001,,,,,,,,,,,,,,,,,,,,,,,,,,,,,INV00246,32664679.04,,,,,,,,,PAID,,,,,,,,,,,,,,,,,,,,,,,SUP001,2025-06-01,0.0,,1.5,INR,CHEQUE,2025-07-01,,,,,,,,,,,,,,,,,,,,,,,
invoices,,COMP001,,,,,,,,,,,,,,,,,,,,,,,,,,,,,INV00247,9870581.94,,,,,,,,,PENDING,,,,,,,,,,,,,,,,,,,,,,,SUP011,2025-11-25,2.5,2025-12-15,1.0,INR,RTGS,,,,,,,,,,,,,,,,,,,,,,,,
invoices,,COMP001,,,,,,,,,,,,,,,,,,,,,,,,,,,,,INV00248,22681849.41,,,,,,,,,PAID,,,,,,,,,,,,,,,,,,,,,,,SUP013,2025-04-11,1.0,2025-05-01,0.0,INR,NEFT,2025-06-08,,,,,,,,,,,,,,,,,,,,,,,
invoices,,COMP001,,,,,,,,,,,,,,,,,,,,,,,,,,,,,INV00249,50046670.84,,,,,,,,,PAID,,,,,,,,,,,,,,,,,,,,,,,SUP002,2025-06-21,0.0,,2.0,INR,IMPS,2025-07-27,,,,,,,,,,,,,,,,,,,,,,,
invoices,,COMP001,,,,,,,,,,,,,,,,,,,,,,,,,,,,,INV00250,40334192.99,,,,,,,,,PAID,,,,,,,,,,,,,,,,,,,,,,,SUP013,2025-06-03,1.5,2025-06-23,0.0,INR,RTGS,2025-08-01,,,,,,,,,,,,,,,,,,,,,,,
invoices,,COMP001,,,,,,,,,,,,,,,,,,,,,,,,,,,,,INV00251,41511217.38,,,,,,,,,PENDING,,,,,,,,,,,,,,,,,,,,,,,SUP010,2025-12-13,0.0,,2.0,INR,NEFT,,,,,,,,,,,,,,,,,,,,,,,,
invoices,,COMP001,,,,,,,,,,,,,,,,,,,,,,,,,,,,,INV00252,19445433.02,,,,,,,,,PAID,,,,,,,,,,,,,,,,,,,,,,,SUP007,2025-09-01,2.5,2025-09-11,1.0,INR,IMPS,2025-09-29,,,,,,,,,,,,,,,,,,,,,,,
invoices,,COMP001,,,,,,,,,,,,,,,,,,,,,,,,,,,,,INV00253,34156559.37,,,,,,,,,OVERDUE,,,,,,,,,,,,,,,,,,,,,,,SUP007,2025-08-13,2.0,2025-08-23,1.0,INR,RTGS,,,,,,,,,,,,,,,,,,,,,,,,
invoices,,COMP001,,,,,,,,,,,,,,,,,,,,,,,,,,,,,INV00254,48749989.24,,,,,,,,,PAID,,,,,,,,,,,,,,,,,,,,,,,SUP004,2025-05-10,2.0,2025-05-20,1.5,INR,NEFT,2025-06-06,,,,,,,,,,,,,,,,,,,,,,,
invoices,,COMP001,,,,,,,,,,,,,,,,,,,,,,,,,,,,,INV00255,3492159.19,,,,,,,,,PAID,,,,,,,,,,,,,,,,,,,,,,,SUP014,2025-08-14,0.0,,1.5,INR,RTGS,2025-09-27,,,,,,,,,,,,,,,,,,,,,,,
invoices,,COMP001,,,,,,,,,,,,,,,,,,,,,,,,,,,,,INV00256,32083224.03,,,,,,,,,OVERDUE,,,,,,,,,,,,,,,,,,,,,,,SUP011,2025-09-06,0.0,,1.0,INR,CHEQUE,,,,,,,,,,,,,,,,,,,,,,,,
invoices,,COMP001,,,,,,,,,,,,,,,,,,,,,,,,,,,,,INV00257,52301825.59,,,,,,,,,PAID,,,,,,,,,,,,,,,,,,,,,,,SUP015,2025-05-12,2.0,2025-05-27,1.0,INR,RTGS,2025-06-25,,,,,,,,,,,,,,,,,,,,,,,
invoices,,COMP001,,,,,,,,,,,,,,,,,,,,,,,,,,,,,INV00258,24636891.68,,,,,,,,,PAID,,,,,,,,,,,,,,,,,,,,,,,SUP014,2025-10-02,1.0,2025-10-17,2.0,INR,RTGS,2025-11-16,,,,,,,,,,,,,,,,,,,,,,,
invoices,,COMP001,,,,,,,,,,,,,,,,,,,,,,,,,,,,,INV00259,34761151.86,,,,,,,,,PAID,,,,,,,,,,,,,,,,,,,,,,,SUP013,2025-03-30,0.0,,0.0,INR,NEFT,2025-05-26,,,,,,,,,,,,,,,,,,,,,,,
invoices,,COMP001,,,,,,,,,,,,,,,,,,,,,,,,,,,,,INV00260,43407158.61,,,,,,,,,PAID,,,,,,,,,,,,,,,,,,,,,,,SUP011,2025-10-10,1.5,2025-10-30,2.0,INR,CHEQUE,2025-12-08,,,,,,,,,,,,,,,,,,,,,,,
invoices,,COMP001,,,,,,,,,,,,,,,,,,,,,,,,,,,,,INV00261,36790467.8,,,,,,,,,OVERDUE,,,,,,,,,,,,,,,,,,,,,,,SUP005,2025-02-05,2.5,2025-02-20,0.0,INR,IMPS,,,,,,,,,,,,,,,,,,,,,,,,
invoices,,COMP001,,,,,,,,,,,,,,,,,,,,,,,,,,,,,INV00262,16565231.22,,,,,,,,,PAID,,,,,,,,,,,,,,,,,,,,,,,SUP015,2025-06-28,2.0,2025-07-13,0.0,INR,RTGS,2025-08-10,,,,,,,,,,,,,,,,,,,,,,,
invoices,,COMP001,,,,,,,,,,,,,,,,,,,,,,,,,,,,,INV00263,57567663.92,,,,,,,,,PAID,,,,,,,,,,,,,,,,,,,,,,,SUP006,2025-08-15,1.5,2025-08-30,0.0,INR,NEFT,2025-09-26,,,,,,,,,,,,,,,,,,,,,,,
invoices,,COMP001,,,,,,,,,,,,,,,,,,,,,,,,,,,,,INV00264,10608770.95,,,,,,,,,PAID,,,,,,,,,,,,,,,,,,,,,,,SUP006,2025-05-27,1.0,2025-06-11,1.0,INR,RTGS,2025-07-09,,,,,,,,,,,,,,,,,,,,,,,
invoices,,COMP001,,,,,,,,,,,,,,,,,,,,,,,,,,,,,INV00265,19807644.24,,,,,,,,,PAID,,,,,,,,,,,,,,,,,,,,,,,SUP004,2025-01-10,1.5,2025-01-20,1.5,INR,IMPS,2025-02-09,,,,,,,,,,,,,,,,,,,,,,,
invoices,,COMP001,,,,,,,,,,,,,,,,,,,,,,,,,,,,,INV00266,34697110.81,,,,,,,,,PAID,,,,,,,,,,,,,,,,,,,,,,,SUP008,2025-04-04,0.0,,1.5,INR,CHEQUE,2025-05-25,,,,,,,,,,,,,,,,,,,,,,,
invoices,,COMP001,,,,,,,,,,,,,,,,,,,,,,,,,,,,,INV00267,31188745.12,,,,,,,,,PAID,,,,,,,,,,,,,,,,,,,,,,,SUP011,2025-02-14,0.0,,1.5,INR,IMPS,2025-04-13,,,,,,,,,,,,,,,,,,,,,,,
invoices,,COMP001,,,,,,,,,,,,,,,,,,,,,,,,,,,,,INV00268,33327953.58,,,,,,,,,PAID,,,,,,,,,,,,,,,,,,,,,,,SUP012,2025-09-23,2.5,2025-10-13,2.0,INR,CHEQUE,2025-11-19,,,,,,,,,,,,,,,,,,,,,,,
invoices,,COMP001,,,,,,,,,,,,,,,,,,,,,,,,,,,,,INV00269,11321119.71,,,,,,,,,PAID,,,,,,,,,,,,,,,,,,,,,,,SUP004,2025-02-22,2.5,2025-03-04,2.0,INR,NEFT,2025-03-23,,,,,,,,,,,,,,,,,,,,,,,
invoices,,COMP001,,,,,,,,,,,,,,,,,,,,,,,,,,,,,INV00270,51891805.96,,,,,,,,,PAID,,,,,,,,,,,,,,,,,,,,,,,SUP006,2025-06-02,1.0,2025-06-17,0.0,INR,IMPS,2025-07-14,,,,,,,,,,,,,,,,,,,,,,,
invoices,,COMP001,,,,,,,,,,,,,,,,,,,,,,,,,,,,,INV00271,5020058.62,,,,,,,,,PAID,,,,,,,,,,,,,,,,,,,,,,,SUP008,2025-06-13,0.0,,0.0,INR,NEFT,2025-07-28,,,,,,,,,,,,,,,,,,,,,,,
invoices,,COMP001,,,,,,,,,,,,,,,,,,,,,,,,,,,,,INV00272,41326881.29,,,,,,,,,PENDING,,,,,,,,,,,,,,,,,,,,,,,SUP015,2025-11-18,0.0,,1.5,INR,NEFT,,,,,,,,,,,,,,,,,,,,,,,,
invoices,,COMP001,,,,,,,,,,,,,,,,,,,,,,,,,,,,,INV00273,42218532.81,,,,,,,,,PAID,,,,,,,,,,,,,,,,,,,,,,,SUP008,2025-07-28,1.5,2025-08-12,1.0,INR,NEFT,2025-09-08,,,,,,,,,,,,,,,,,,,,,,,
invoices,,COMP001,,,,,,,,,,,,,,,,,,,,,,,,,,,,,INV00274,11949768.6,,,,,,,,,PAID,,,,,,,,,,,,,,,,,,,,,,,SUP002,2025-03-14,1.5,2025-03-24,2.0,INR,RTGS,2025-04-11,,,,,,,,,,,,,,,,,,,,,,,
invoices,,COMP001,,,,,,,,,,,,,,,,,,,,,,,,,,,,,INV00275,21627336.08,,,,,,,,,PENDING,,,,,,,,,,,,,,,,,,,,,,,SUP012,2025-11-14,1.0,2025-12-04,2.0,INR,IMPS,,,,,,,,,,,,,,,,,,,,,,,,
invoices,,COMP001,,,,,,,,,,,,,,,,,,,,,,,,,,,,,INV00276,31358712.88,,,,,,,,,OVERDUE,,,,,,,,,,,,,,,,,,,,,,,SUP003,2025-12-01,0.0,,2.0,INR,RTGS,,,,,,,,,,,,,,,,,,,,,,,,
invoices,,COMP001,,,,,,,,,,,,,,,,,,,,,,,,,,,,,INV00277,27717060.92,,,,,,,,,PAID,,,,,,,,,,,,,,,,,,,,,,,SUP005,2025-10-18,0.0,,1.5,INR,NEFT,2025-12-10,,,,,,,,,,,,,,,,,,,,,,,
invoices,,COMP001,,,,,,,,,,,,,,,,,,,,,,,,,,,,,INV00278,44640959.01,,,,,,,,,PAID,,,,,,,,,,,,,,,,,,,,,,,SUP008,2025-05-31,1.5,2025-06-15,1.0,INR,RTGS,2025-07-12,,,,,,,,,,,,,,,,,,,,,,,
invoices,,COMP001,,,,,,,,,,,,,,,,,,,,,,,,,,,,,INV00279,42435799.12,,,,,,,,,PAID,,,,,,,,,,,,,,,,,,,,,,,SUP001,2025-09-10,2.5,2025-09-20,0.0,INR,RTGS,2025-10-10,,,,,,,,,,,,,,,,,,,,,,,
invoices,,COMP001,,,,,,,,,,,,,,,,,,,,,,,,,,,,,INV00280,50181804.25,,,,,,,,,OVERDUE,,,,,,,,,,,,,,,,,,,,,,,SUP014,2025-01-12,1.0,2025-01-27,0.0,INR,CHEQUE,,,,,,,,,,,,,,,,,,,,,,,,
invoices,,COMP001,,,,,,,,,,,,,,,,,,,,,,,,,,,,,INV00281,58979710.36,,,,,,,,,PENDING,,,,,,,,,,,,,,,,,,,,,,,SUP008,2025-11-30,0.0,,0.0,INR,NEFT,,,,,,,,,,,,,,,,,,,,,,,,
invoices,,COMP001,,,,,,,,,,,,,,,,,,,,,,,,,,,,,INV00282,33767112.64,,,,,,,,,PENDING,,,,,,,,,,,,,,,,,,,,,,,SUP010,2025-11-11,0.0,,1.5,INR,IMPS,,,,,,,,,,,,,,,,,,,,,,,,
invoices,,COMP001,,,,,,,,,,,,,,,,,,,,,,,,,,,,,INV00283,34248309.57,,,,,,,,,PAID,,,,,,,,,,,,,,,,,,,,,,,SUP006,2025-07-19,2.0,2025-08-03,2.0,INR,CHEQUE,2025-09-02,,,,,,,,,,,,,,,,,,,,,,,
invoices,,COMP001,,,,,,,,,,,,,,,,,,,,,,,,,,,,,INV00284,54311340.47,,,,,,,,,PAID,,,,,,,,,,,,,,,,,,,,,,,SUP001,2025-01-27,0.0,,1.5,INR,NEFT,2025-03-09,,,,,,,,,,,,,,,,,,,,,,,
invoices,,COMP001,,,,,,,,,,,,,,,,,,,,,,,,,,,,,INV00285,37230373.05,,,,,,,,,OVERDUE,,,,,,,,,,,,,,,,,,,,,,,SUP010,2025-10-06,0.0,,0.0,INR,NEFT,,,,,,,,,,,,,,,,,,,,,,,,
invoices,,COMP001,,,,,,,,,,,,,,,,,,,,,,,,,,,,,INV00286,33305581.83,,,,,,,,,OVERDUE,,,,,,,,,,,,,,,,,,,,,,,SUP004,2025-08-03,1.5,2025-08-13,2.0,INR,IMPS,,,,,,,,,,,,,,,,,,,,,,,,
invoices,,COMP001,,,,,,,,,,,,,,,,,,,,,,,,,,,,,INV00287,9643910.39,,,,,,,,,PAID,,,,,,,,,,,,,,,,,,,,,,,SUP006,2025-09-01,2.0,2025-09-16,0.0,INR,NEFT,2025-10-16,,,,,,,,,,,,,,,,,,,,,,,
invoices,,COMP001,,,,,,,,,,,,,,,,,,,,,,,,,,,,,INV00288,7283263.57,,,,,,,,,PAID,,,,,,,,,,,,,,,,,,,,,,,SUP014,2025-07-07,1.5,2025-07-22,2.0,INR,CHEQUE,2025-08-19,,,,,,,,,,,,,,,,,,,,,,,
invoices,,COMP001,,,,,,,,,,,,,,,,,,,,,,,,,,,,,INV00289,41000565.79,,,,,,,,,OVERDUE,,,,,,,,,,,,,,,,,,,,,,,SUP006,2025-09-28,0.0,,1.5,INR,NEFT,,,,,,,,,,,,,,,,,,,,,,,,
invoices,,COMP001,,,,,,,,,,,,,,,,,,,,,,,,,,,,,INV00290,59346350.75,,,,,,,,,OVERDUE,,,,,,,,,,,,,,,,,,,,,,,SUP005,2025-04-06,2.0,2025-04-21,0.0,INR,RTGS,,,,,,,,,,,,,,,,,,,,,,,,
invoices,,COMP001,,,,,,,,,,,,,,,,,,,,,,,,,,,,,INV00291,6157066.36,,,,,,,,,PAID,,,,,,,,,,,,,,,,,,,,,,,SUP001,2025-07-30,1.5,2025-08-09,0.0,INR,IMPS,2025-08-29,,,,,,,,,,,,,,,,,,,,,,,
invoices,,COMP001,,,,,,,,,,,,,,,,,,,,,,,,,,,,,INV00292,40264157.71,,,,,,,,,PAID,,,,,,,,,,,,,,,,,,,,,,,SUP011,2025-04-30,2.5,2025-05-20,0.0,INR,NEFT,2025-07-12,,,,,,,,,,,,,,,,,,,,,,,
invoices,,COMP001,,,,,,,,,,,,,,,,,,,,,,,,,,,,,INV00293,13687929.93,,,,,,,,,PAID,,,,,,,,,,,,,,,,,,,,,,,SUP010,2025-07-03,2.5,2025-07-23,0.0,INR,NEFT,2025-08-30,,,,,,,,,,,,,,,,,,,,,,,
invoices,,COMP001,,,,,,,,,,,,,,,,,,,,,,,,,,,,,INV00294,52051069.66,,,,,,,,,PAID,,,,,,,,,,,,,,,,,,,,,,,SUP011,2025-07-05,2.5,2025-07-25,1.0,INR,RTGS,2025-09-17,,,,,,,,,,,,,,,,,,,,,,,
invoices,,COMP001,,,,,,,,,,,,,,,,,,,,,,,,,,,,,INV00295,38564840.99,,,,,,,,,PAID,,,,,,,,,,,,,,,,,,,,,,,SUP003,2025-10-16,0.0,,1.5,INR,NEFT,2025-11-06,,,,,,,,,,,,,,,,,,,,,,,
invoices,,COMP001,,,,,,,,,,,,,,,,,,,,,,,,,,,,,INV00296,14627666.35,,,,,,,,,PENDING,,,,,,,,,,,,,,,,,,,,,,,SUP014,2025-11-26,1.0,2025-12-11,0.0,INR,NEFT,,,,,,,,,,,,,,,,,,,,,,,,
invoices,,COMP001,,,,,,,,,,,,,,,,,,,,,,,,,,,,,INV00297,50187759.65,,,,,,,,,PAID,,,,,,,,,,,,,,,,,,,,,,,SUP005,2025-04-25,0.0,,0.0,INR,NEFT,2025-06-18,,,,,,,,,,,,,,,,,,,,,,,
invoices,,COMP001,,,,,,,,,,,,,,,,,,,,,,,,,,,,,INV00298,12758403.4,,,,,,,,,PAID,,,,,,,,,,,,,,,,,,,,,,,SUP002,2025-08-12,0.0,,0.0,INR,NEFT,2025-09-11,,,,,,,,,,,,,,,,,,,,,,,
invoices,,COMP001,,,,,,,,,,,,,,,,,,,,,,,,,,,,,INV00299,58570252.28,,,,,,,,,OVERDUE,,,,,,,,,,,,,,,,,,,,,,,SUP002,2025-02-03,2.5,2025-02-13,2.0,INR,NEFT,,,,,,,,,,,,,,,,,,,,,,,,
invoices,,COMP001,,,,,,,,,,,,,,,,,,,,,,,,,,,,,INV00300,37903576.26,,,,,,,,,PAID,,,,,,,,,,,,,,,,,,,,,,,SUP011,2025-01-21,1.0,2025-02-10,0.0,INR,IMPS,2025-03-22,,,,,,,,,,,,,,,,,,,,,,,
invoices,,COMP001,,,,,,,,,,,,,,,,,,,,,,,,,,,,,INV00301,54355670.93,,,,,,,,,PAID,,,,,,,,,,,,,,,,,,,,,,,SUP013,2025-01-04,2.0,2025-01-24,2.0,INR,RTGS,2025-03-02,,,,,,,,,,,,,,,,,,,,,,,
invoices,,COMP001,,,,,,,,,,,,,,,,,,,,,,,,,,,,,INV00302,54310506.14,,,,,,,,,PAID,,,,,,,,,,,,,,,,,,,,,,,SUP015,2025-08-29,1.0,2025-09-13,0.0,INR,IMPS,2025-10-20,,,,,,,,,,,,,,,,,,,,,,,
invoices,,COMP001,,,,,,,,,,,,,,,,,,,,,,,,,,,,,INV00303,54519518.8,,,,,,,,,PENDING,,,,,,,,,,,,,,,,,,,,,,,SUP015,2025-12-16,0.0,,0.0,INR,CHEQUE,,,,,,,,,,,,,,,,,,,,,,,,
invoices,,COMP001,,,,,,,,,,,,,,,,,,,,,,,,,,,,,INV00304,42108326.78,,,,,,,,,PENDING,,,,,,,,,,,,,,,,,,,,,,,SUP013,2025-12-07,2.0,2025-12-27,0.0,INR,IMPS,,,,,,,,,,,,,,,,,,,,,,,,
invoices,,COMP001,,,,,,,,,,,,,,,,,,,,,,,,,,,,,INV00305,35510072.76,,,,,,,,,PAID,,,,,,,,,,,,,,,,,,,,,,,SUP010,2025-06-28,0.0,,1.0,INR,CHEQUE,2025-08-26,,,,,,,,,,,,,,,,,,,,,,,
invoices,,COMP001,,,,,,,,,,,,,,,,,,,,,,,,,,,,,INV00306,34840968.68,,,,,,,,,PAID,,,,,,,,,,,,,,,,,,,,,,,SUP011,2025-07-05,0.0,,1.0,INR,NEFT,2025-09-05,,,,,,,,,,,,,,,,,,,,,,,
invoices,,COMP001,,,,,,,,,,,,,,,,,,,,,,,,,,,,,INV00307,42536900.61,,,,,,,,,OVERDUE,,,,,,,,,,,,,,,,,,,,,,,SUP004,2025-08-26,2.0,2025-09-05,1.5,INR,NEFT,,,,,,,,,,,,,,,,,,,,,,,,
invoices,,COMP001,,,,,,,,,,,,,,,,,,,,,,,,,,,,,INV00308,12104819.62,,,,,,,,,PAID,,,,,,,,,,,,,,,,,,,,,,,SUP002,2025-11-06,2.0,2025-11-16,1.5,INR,NEFT,2025-12-04,,,,,,,,,,,,,,,,,,,,,,,
invoices,,COMP001,,,,,,,,,,,,,,,,,,,,,,,,,,,,,INV00309,12972774.34,,,,,,,,,PAID,,,,,,,,,,,,,,,,,,,,,,,SUP003,2025-01-11,2.0,2025-01-18,2.0,INR,CHEQUE,2025-01-28,,,,,,,,,,,,,,,,,,,,,,,
invoices,,COMP001,,,,,,,,,,,,,,,,,,,,,,,,,,,,,INV00310,14417488.81,,,,,,,,,PAID,,,,,,,,,,,,,,,,,,,,,,,SUP013,2025-08-20,0.0,,1.0,INR,NEFT,2025-10-18,,,,,,,,,,,,,,,,,,,,,,,
invoices,,COMP001,,,,,,,,,,,,,,,,,,,,,,,,,,,,,INV00311,5947861.62,,,,,,,,,PENDING,,,,,,,,,,,,,,,,,,,,,,,SUP014,2025-12-04,0.0,,1.5,INR,IMPS,,,,,,,,,,,,,,,,,,,,,,,,
invoices,,COMP001,,,,,,,,,,,,,,,,,,,,,,,,,,,,,INV00312,53213449.1,,,,,,,,,PAID,,,,,,,,,,,,,,,,,,,,,,,SUP015,2025-07-15,1.0,2025-07-30,0.0,INR,CHEQUE,2025-08-29,,,,,,,,,,,,,,,,,,,,,,,
invoices,,COMP001,,,,,,,,,,,,,,,,,,,,,,,,,,,,,INV00313,28139005.25,,,,,,,,,PAID,,,,,,,,,,,,,,,,,,,,,,,SUP013,2025-06-17,1.0,2025-07-07,1.5,INR,RTGS,2025-08-13,,,,,,,,,,,,,,,,,,,,,,,
invoices,,COMP001,,,,,,,,,,,,,,,,,,,,,,,,,,,,,INV00314,15818112.68,,,,,,,,,OVERDUE,,,,,,,,,,,,,,,,,,,,,,,SUP013,2025-03-07,2.0,2025-03-27,1.0,INR,RTGS,,,,,,,,,,,,,,,,,,,,,,,,
invoices,,COMP001,,,,,,,,,,,,,,,,,,,,,,,,,,,,,INV00315,33675048.95,,,,,,,,,PAID,,,,,,,,,,,,,,,,,,,,,,,SUP007,2025-08-30,0.0,,0.0,INR,RTGS,2025-09-29,,,,,,,,,,,,,,,,,,,,,,,
invoices,,COMP001,,,,,,,,,,,,,,,,,,,,,,,,,,,,,INV00316,6613478.61,,,,,,,,,PENDING,,,,,,,,,,,,,,,,,,,,,,,SUP015,2025-11-22,2.0,2025-12-07,1.5,INR,CHEQUE,,,,,,,,,,,,,,,,,,,,,,,,
invoices,,COMP001,,,,,,,,,,,,,,,,,,,,,,,,,,,,,INV00317,9138125.19,,,,,,,,,PAID,,,,,,,,,,,,,,,,,,,,,,,SUP015,2025-10-02,1.5,2025-10-17,1.0,INR,NEFT,2025-11-14,,,,,,,,,,,,,,,,,,,,,,,
invoices,,COMP001,,,,,,,,,,,,,,,,,,,,,,,,,,,,,INV00318,8280986.34,,,,,,,,,PAID,,,,,,,,,,,,,,,,,,,,,,,SUP014,2025-08-02,2.0,2025-08-17,1.0,INR,NEFT,2025-09-13,,,,,,,,,,,,,,,,,,,,,,,
invoices,,COMP001,,,,,,,,,,,,,,,,,,,,,,,,,,,,,INV00319,19149019.32,,,,,,,,,PAID,,,,,,,,,,,,,,,,,,,,,,,SUP006,2025-05-31,2.5,2025-06-15,1.5,INR,NEFT,2025-08-01,,,,,,,,,,,,,,,,,,,,,,,
invoices,,COMP001,,,,,,,,,,,,,,,,,,,,,,,,,,,,,INV00320,53531723.09,,,,,,,,,PAID,,,,,,,,,,,,,,,,,,,,,,,SUP004,2025-03-06,2.0,2025-03-16,2.0,INR,IMPS,2025-04-05,,,,,,,,,,,,,,,,,,,,,,,
invoices,,COMP001,,,,,,,,,,,,,,,,,,,,,,,,,,,,,INV00321,44240335.43,,,,,,,,,PAID,,,,,,,,,,,,,,,,,,,,,,,SUP014,2025-10-04,0.0,,0.0,INR,CHEQUE,2025-11-18,,,,,,,,,,,,,,,,,,,,,,,
invoices,,COMP001,,,,,,,,,,,,,,,,,,,,,,,,,,,,,INV00322,20763071.87,,,,,,,,,OVERDUE,,,,,,,,,,,,,,,,,,,,,,,SUP011,2025-07-10,2.0,2025-07-30,1.5,INR,CHEQUE,,,,,,,,,,,,,,,,,,,,,,,,
invoices,,COMP001,,,,,,,,,,,,,,,,,,,,,,,,,,,,,INV00323,20705555.34,,,,,,,,,PAID,,,,,,,,,,,,,,,,,,,,,,,SUP001,2025-07-27,0.0,,0.0,INR,NEFT,2025-09-01,,,,,,,,,,,,,,,,,,,,,,,
invoices,,COMP001,,,,,,,,,,,,,,,,,,,,,,,,,,,,,INV00324,9772049.29,,,,,,,,,PAID,,,,,,,,,,,,,,,,,,,,,,,SUP006,2025-03-19,2.5,2025-04-03,2.0,INR,IMPS,2025-05-02,,,,,,,,,,,,,,,,,,,,,,,
invoices,,COMP001,,,,,,,,,,,,,,,,,,,,,,,,,,,,,INV00325,34548287.1,,,,,,,,,OVERDUE,,,,,,,,,,,,,,,,,,,,,,,SUP013,2025-05-16,0.0,,1.5,INR,RTGS,,,,,,,,,,,,,,,,,,,,,,,,
invoices,,COMP001,,,,,,,,,,,,,,,,,,,,,,,,,,,,,INV00326,32101382.1,,,,,,,,,PAID,,,,,,,,,,,,,,,,,,,,,,,SUP011,2025-10-22,0.0,,2.0,INR,CHEQUE,2025-12-19,,,,,,,,,,,,,,,,,,,,,,,
invoices,,COMP001,,,,,,,,,,,,,,,,,,,,,,,,,,,,,INV00327,3172555.0,,,,,,,,,PAID,,,,,,,,,,,,,,,,,,,,,,,SUP015,2025-09-27,1.0,2025-10-12,0.0,INR,CHEQUE,2025-11-11,,,,,,,,,,,,,,,,,,,,,,,
invoices,,COMP001,,,,,,,,,,,,,,,,,,,,,,,,,,,,,INV00328,6424534.92,,,,,,,,,PAID,,,,,,,,,,,,,,,,,,,,,,,SUP012,2025-10-01,2.0,2025-10-21,1.5,INR,RTGS,2025-12-13,,,,,,,,,,,,,,,,,,,,,,,
invoices,,COMP001,,,,,,,,,,,,,,,,,,,,,,,,,,,,,INV00329,32466236.25,,,,,,,,,PAID,,,,,,,,,,,,,,,,,,,,,,,SUP005,2025-01-22,2.5,2025-02-06,0.0,INR,IMPS,2025-03-07,,,,,,,,,,,,,,,,,,,,,,,
invoices,,COMP001,,,,,,,,,,,,,,,,,,,,,,,,,,,,,INV00330,23086404.14,,,,,,,,,PAID,,,,,,,,,,,,,,,,,,,,,,,SUP015,2025-03-22,2.5,2025-04-06,1.0,INR,CHEQUE,2025-05-04,,,,,,,,,,,,,,,,,,,,,,,
invoices,,COMP001,,,,,,,,,,,,,,,,,,,,,,,,,,,,,INV00331,23599486.73,,,,,,,,,OVERDUE,,,,,,,,,,,,,,,,,,,,,,,SUP011,2025-06-08,1.0,2025-06-28,2.0,INR,IMPS,,,,,,,,,,,,,,,,,,,,,,,,
invoices,,COMP001,,,,,,,,,,,,,,,,,,,,,,,,,,,,,INV00332,31287086.76,,,,,,,,,PAID,,,,,,,,,,,,,,,,,,,,,,,SUP001,2025-08-17,1.0,2025-08-27,1.5,INR,IMPS,2025-09-16,,,,,,,,,,,,,,,,,,,,,,,
invoices,,COMP001,,,,,,,,,,,,,,,,,,,,,,,,,,,,,INV00333,18887407.96,,,,,,,,,PAID,,,,,,,,,,,,,,,,,,,,,,,SUP013,2025-07-17,0.0,,0.0,INR,CHEQUE,2025-09-13,,,,,,,,,,,,,,,,,,,,,,,
invoices,,COMP001,,,,,,,,,,,,,,,,,,,,,,,,,,,,,INV00334,53379126.99,,,,,,,,,PAID,,,,,,,,,,,,,,,,,,,,,,,SUP006,2025-08-10,2.0,2025-08-25,1.0,INR,CHEQUE,2025-09-22,,,,,,,,,,,,,,,,,,,,,,,
invoices,,COMP001,,,,,,,,,,,,,,,,,,,,,,,,,,,,,INV00335,9704618.89,,,,,,,,,PAID,,,,,,,,,,,,,,,,,,,,,,,SUP002,2025-01-10,0.0,,0.0,INR,NEFT,2025-02-06,,,,,,,,,,,,,,,,,,,,,,,
invoices,,COMP001,,,,,,,,,,,,,,,,,,,,,,,,,,,,,INV00336,27688979.44,,,,,,,,,PAID,,,,,,,,,,,,,,,,,,,,,,,SUP015,2025-09-07,1.0,2025-09-22,1.0,INR,IMPS,2025-10-19,,,,,,,,,,,,,,,,,,,,,,,
invoices,,COMP001,,,,,,,,,,,,,,,,,,,,,,,,,,,,,INV00337,11805059.78,,,,,,,,,PAID,,,,,,,,,,,,,,,,,,,,,,,SUP008,2025-05-01,0.0,,2.0,INR,CHEQUE,2025-06-15,,,,,,,,,,,,,,,,,,,,,,,
invoices,,COMP001,,,,,,,,,,,,,,,,,,,,,,,,,,,,,INV00338,14502261.58,,,,,,,,,PAID,,,,,,,,,,,,,,,,,,,,,,,SUP015,2025-11-08,2.5,2025-11-23,2.0,INR,IMPS,2026-01-06,,,,,,,,,,,,,,,,,,,,,,,
invoices,,COMP001,,,,,,,,,,,,,,,,,,,,,,,,,,,,,INV00339,52434196.37,,,,,,,,,PAID,,,,,,,,,,,,,,,,,,,,,,,SUP010,2025-01-27,0.0,,1.0,INR,RTGS,2025-04-20,,,,,,,,,,,,,,,,,,,,,,,
invoices,,COMP001,,,,,,,,,,,,,,,,,,,,,,,,,,,,,INV00340,14664296.0,,,,,,,,,PAID,,,,,,,,,,,,,,,,,,,,,,,SUP008,2025-08-05,0.0,,1.0,INR,CHEQUE,2025-09-19,,,,,,,,,,,,,,,,,,,,,,,
invoices,,COMP001,,,,,,,,,,,,,,,,,,,,,,,,,,,,,INV00341,9243177.67,,,,,,,,,PENDING,,,,,,,,,,,,,,,,,,,,,,,SUP014,2025-12-16,1.0,2025-12-31,0.0,INR,CHEQUE,,,,,,,,,,,,,,,,,,,,,,,,
invoices,,COMP001,,,,,,,,,,,,,,,,,,,,,,,,,,,,,INV00342,43741954.83,,,,,,,,,PAID,,,,,,,,,,,,,,,,,,,,,,,SUP005,2025-02-25,0.0,,2.0,INR,NEFT,2025-04-09,,,,,,,,,,,,,,,,,,,,,,,
invoices,,COMP001,,,,,,,,,,,,,,,,,,,,,,,,,,,,,INV00343,42289437.85,,,,,,,,,PAID,,,,,,,,,,,,,,,,,,,,,,,SUP003,2025-07-29,1.0,2025-08-05,2.0,INR,CHEQUE,2025-08-10,,,,,,,,,,,,,,,,,,,,,,,
invoices,,COMP001,,,,,,,,,,,,,,,,,,,,,,,,,,,,,INV00344,14353734.99,,,,,,,,,PAID,,,,,,,,,,,,,,,,,,,,,,,SUP010,2025-03-01,1.5,2025-03-21,2.0,INR,CHEQUE,2025-04-28,,,,,,,,,,,,,,,,,,,,,,,
invoices,,COMP001,,,,,,,,,,,,,,,,,,,,,,,,,,,,,INV00345,48372468.23,,,,,,,,,PENDING,,,,,,,,,,,,,,,,,,,,,,,SUP010,2025-12-08,1.0,2025-12-28,1.5,INR,CHEQUE,,,,,,,,,,,,,,,,,,,,,,,,
invoices,,COMP001,,,,,,,,,,,,,,,,,,,,,,,,,,,,,INV00346,45529010.63,,,,,,,,,PAID,,,,,,,,,,,,,,,,,,,,,,,SUP004,2025-07-07,0.0,,1.5,INR,RTGS,2025-08-05,,,,,,,,,,,,,,,,,,,,,,,
invoices,,COMP001,,,,,,,,,,,,,,,,,,,,,,,,,,,,,INV00347,47435785.77,,,,,,,,,PAID,,,,,,,,,,,,,,,,,,,,,,,SUP009,2025-06-20,1.0,2025-07-05,2.0,INR,IMPS,2025-08-04,,,,,,,,,,,,,,,,,,,,,,,
invoices,,COMP001,,,,,,,,,,,,,,,,,,,,,,,,,,,,,INV00348,9160209.29,,,,,,,,,PAID,,,,,,,,,,,,,,,,,,,,,,,SUP003,2025-02-23,0.0,,1.0,INR,CHEQUE,2025-03-08,,,,,,,,,,,,,,,,,,,,,,,
invoices,,COMP001,,,,,,,,,,,,,,,,,,,,,,,,,,,,,INV00349,7081949.69,,,,,,,,,OVERDUE,,,,,,,,,,,,,,,,,,,,,,,SUP014,2025-03-04,1.5,2025-03-19,0.0,INR,IMPS,,,,,,,,,,,,,,,,,,,,,,,,
invoices,,COMP001,,,,,,,,,,,,,,,,,,,,,,,,,,,,,INV00350,10744152.07,,,,,,,,,PAID,,,,,,,,,,,,,,,,,,,,,,,SUP011,2025-03-16,0.0,,2.0,INR,IMPS,2025-05-12,,,,,,,,,,,,,,,,,,,,,,,
invoices,,COMP001,,,,,,,,,,,,,,,,,,,,,,,,,,,,,INV00351,3523050.71,,,,,,,,,PAID,,,,,,,,,,,,,,,,,,,,,,,SUP011,2025-05-10,1.5,2025-05-30,0.0,INR,CHEQUE,2025-08-05,,,,,,,,,,,,,,,,,,,,,,,
invoices,,COMP001,,,,,,,,,,,,,,,,,,,,,,,,,,,,,INV00352,19153086.91,,,,,,,,,PAID,,,,,,,,,,,,,,,,,,,,,,,SUP005,2025-01-10,1.5,2025-01-25,1.5,INR,NEFT,2025-02-22,,,,,,,,,,,,,,,,,,,,,,,
invoices,,COMP001,,,,,,,,,,,,,,,,,,,,,,,,,,,,,INV00353,22501357.65,,,,,,,,,PAID,,,,,,,,,,,,,,,,,,,,,,,SUP003,2025-08-16,1.5,2025-08-23,0.0,INR,CHEQUE,2025-09-07,,,,,,,,,,,,,,,,,,,,,,,
invoices,,COMP001,,,,,,,,,,,,,,,,,,,,,,,,,,,,,INV00354,47906712.6,,,,,,,,,PENDING,,,,,,,,,,,,,,,,,,,,,,,SUP001,2025-12-21,2.5,2025-12-31,2.0,INR,NEFT,,,,,,,,,,,,,,,,,,,,,,,,
invoices,,COMP001,,,,,,,,,,,,,,,,,,,,,,,,,,,,,INV00355,44458552.02,,,,,,,,,OVERDUE,,,,,,,,,,,,,,,,,,,,,,,SUP014,2025-05-29,0.0,,0.0,INR,IMPS,,,,,,,,,,,,,,,,,,,,,,,,
invoices,,COMP001,,,,,,,,,,,,,,,,,,,,,,,,,,,,,INV00356,10541347.45,,,,,,,,,PAID,,,,,,,,,,,,,,,,,,,,,,,SUP002,2025-05-21,1.5,2025-05-31,2.0,INR,IMPS,2025-07-04,,,,,,,,,,,,,,,,,,,,,,,
invoices,,COMP001,,,,,,,,,,,,,,,,,,,,,,,,,,,,,INV00357,37205785.08,,,,,,,,,PENDING,,,,,,,,,,,,,,,,,,,,,,,SUP003,2025-12-19,1.5,2025-12-26,1.5,INR,CHEQUE,,,,,,,,,,,,,,,,,,,,,,,,
invoices,,COMP001,,,,,,,,,,,,,,,,,,,,,,,,,,,,,INV00358,14937912.1,,,,,,,,,PAID,,,,,,,,,,,,,,,,,,,,,,,SUP009,2025-09-26,0.0,,2.0,INR,RTGS,2025-11-07,,,,,,,,,,,,,,,,,,,,,,,
invoices,,COMP001,,,,,,,,,,,,,,,,,,,,,,,,,,,,,INV00359,19566017.2,,,,,,,,,PAID,,,,,,,,,,,,,,,,,,,,,,,SUP007,2025-10-19,0.0,,1.5,INR,RTGS,2025-11-20,,,,,,,,,,,,,,,,,,,,,,,
invoices,,COMP001,,,,,,,,,,,,,,,,,,,,,,,,,,,,,INV00360,35950615.28,,,,,,,,,PENDING,,,,,,,,,,,,,,,,,,,,,,,SUP013,2025-11-26,0.0,,2.0,INR,NEFT,,,,,,,,,,,,,,,,,,,,,,,,
invoices,,COMP001,,,,,,,,,,,,,,,,,,,,,,,,,,,,,INV00361,11942035.75,,,,,,,,,PAID,,,,,,,,,,,,,,,,,,,,,,,SUP007,2025-09-20,0.0,,1.0,INR,RTGS,2025-10-20,,,,,,,,,,,,,,,,,,,,,,,
invoices,,COMP001,,,,,,,,,,,,,,,,,,,,,,,,,,,,,INV00362,50100294.58,,,,,,,,,PAID,,,,,,,,,,,,,,,,,,,,,,,SUP012,2025-07-30,2.5,2025-08-19,1.5,INR,NEFT,2025-09-26,,,,,,,,,,,,,,,,,,,,,,,
invoices,,COMP001,,,,,,,,,,,,,,,,,,,,,,,,,,,,,INV00363,56465854.66,,,,,,,,,PENDING,,,,,,,,,,,,,,,,,,,,,,,SUP007,2025-12-08,2.0,2025-12-18,1.5,INR,IMPS,,,,,,,,,,,,,,,,,,,,,,,,
invoices,,COMP001,,,,,,,,,,,,,,,,,,,,,,,,,,,,,INV00364,39850709.23,,,,,,,,,PAID,,,,,,,,,,,,,,,,,,,,,,,SUP015,2025-03-19,1.0,2025-04-03,0.0,INR,NEFT,2025-05-03,,,,,,,,,,,,,,,,,,,,,,,
invoices,,COMP001,,,,,,,,,,,,,,,,,,,,,,,,,,,,,INV00365,28711482.45,,,,,,,,,PAID,,,,,,,,,,,,,,,,,,,,,,,SUP013,2025-08-13,0.0,,2.0,INR,IMPS,2025-10-15,,,,,,,,,,,,,,,,,,,,,,,
invoices,,COMP001,,,,,,,,,,,,,,,,,,,,,,,,,,,,,INV00366,15864788.66,,,,,,,,,PAID,,,,,,,,,,,,,,,,,,,,,,,SUP004,2025-05-05,1.5,2025-05-15,2.0,INR,IMPS,2025-06-01,,,,,,,,,,,,,,,,,,,,,,,
invoices,,COMP001,,,,,,,,,,,,,,,,,,,,,,,,,,,,,INV00367,20733261.71,,,,,,,,,PAID,,,,,,,,,,,,,,,,,,,,,,,SUP012,2025-04-20,1.5,2025-05-10,1.5,INR,IMPS,2025-06-18,,,,,,,,,,,,,,,,,,,,,,,
invoices,,COMP001,,,,,,,,,,,,,,,,,,,,,,,,,,,,,INV00368,26016205.75,,,,,,,,,PENDING,,,,,,,,,,,,,,,,,,,,,,,SUP009,2025-11-18,1.5,2025-12-03,1.5,INR,NEFT,,,,,,,,,,,,,,,,,,,,,,,,
invoices,,COMP001,,,,,,,,,,,,,,,,,,,,,,,,,,,,,INV00369,58531351.73,,,,,,,,,PAID,,,,,,,,,,,,,,,,,,,,,,,SUP008,2025-08-10,0.0,,1.0,INR,RTGS,2025-10-04,,,,,,,,,,,,,,,,,,,,,,,
invoices,,COMP001,,,,,,,,,,,,,,,,,,,,,,,,,,,,,INV00370,16143863.98,,,,,,,,,PAID,,,,,,,,,,,,,,,,,,,,,,,SUP012,2025-09-03,2.0,2025-09-23,2.0,INR,CHEQUE,2025-11-09,,,,,,,,,,,,,,,,,,,,,,,
invoices,,COMP001,,,,,,,,,,,,,,,,,,,,,,,,,,,,,INV00371,5138927.5,,,,,,,,,PAID,,,,,,,,,,,,,,,,,,,,,,,SUP007,2025-01-19,0.0,,0.0,INR,CHEQUE,2025-02-15,,,,,,,,,,,,,,,,,,,,,,,
invoices,,COMP001,,,,,,,,,,,,,,,,,,,,,,,,,,,,,INV00372,54326061.76,,,,,,,,,PAID,,,,,,,,,,,,,,,,,,,,,,,SUP008,2025-06-22,2.5,2025-07-07,1.0,INR,CHEQUE,2025-08-06,,,,,,,,,,,,,,,,,,,,,,,
invoices,,COMP001,,,,,,,,,,,,,,,,,,,,,,,,,,,,,INV00373,4699102.99,,,,,,,,,PAID,,,,,,,,,,,,,,,,,,,,,,,SUP008,2025-09-06,0.0,,2.0,INR,IMPS,2025-10-19,,,,,,,,,,,,,,,,,,,,,,,
invoices,,COMP001,,,,,,,,,,,,,,,,,,,,,,,,,,,,,INV00374,6130619.04,,,,,,,,,PAID,,,,,,,,,,,,,,,,,,,,,,,SUP010,2025-05-07,1.0,2025-05-27,1.5,INR,RTGS,2025-07-04,,,,,,,,,,,,,,,,,,,,,,,
invoices,,COMP001,,,,,,,,,,,,,,,,,,,,,,,,,,,,,INV00375,6349123.43,,,,,,,,,PAID,,,,,,,,,,,,,,,,,,,,,,,SUP014,2025-03-17,0.0,,0.0,INR,NEFT,2025-04-28,,,,,,,,,,,,,,,,,,,,,,,
invoices,,COMP001,,,,,,,,,,,,,,,,,,,,,,,,,,,,,INV00376,36787369.29,,,,,,,,,PAID,,,,,,,,,,,,,,,,,,,,,,,SUP006,2025-05-11,0.0,,1.0,INR,NEFT,2025-06-25,,,,,,,,,,,,,,,,,,,,,,,
invoices,,COMP001,,,,,,,,,,,,,,,,,,,,,,,,,,,,,INV00377,45784551.05,,,,,,,,,PAID,,,,,,,,,,,,,,,,,,,,,,,SUP002,2025-02-02,0.0,,1.0,INR,CHEQUE,2025-03-03,,,,,,,,,,,,,,,,,,,,,,,
invoices,,COMP001,,,,,,,,,,,,,,,,,,,,,,,,,,,,,INV00378,7272370.73,,,,,,,,,PAID,,,,,,,,,,,,,,,,,,,,,,,SUP002,2025-06-07,1.5,2025-06-17,1.5,INR,NEFT,2025-07-07,,,,,,,,,,,,,,,,,,,,,,,
invoices,,COMP001,,,,,,,,,,,,,,,,,,,,,,,,,,,,,INV00379,17914376.92,,,,,,,,,PAID,,,,,,,,,,,,,,,,,,,,,,,SUP005,2025-04-20,1.5,2025-05-05,0.0,INR,NEFT,2025-06-01,,,,,,,,,,,,,,,,,,,,,,,
invoices,,COMP001,,,,,,,,,,,,,,,,,,,,,,,,,,,,,INV00380,5277715.93,,,,,,,,,PAID,,,,,,,,,,,,,,,,,,,,,,,SUP001,2025-07-05,1.0,2025-07-15,1.5,INR,CHEQUE,2025-08-02,,,,,,,,,,,,,,,,,,,,,,,
invoices,,COMP001,,,,,,,,,,,,,,,,,,,,,,,,,,,,,INV00381,38581702.56,,,,,,,,,PAID,,,,,,,,,,,,,,,,,,,,,,,SUP002,2025-03-21,1.5,2025-03-31,1.0,INR,CHEQUE,2025-04-17,,,,,,,,,,,,,,,,,,,,,,,
invoices,,COMP001,,,,,,,,,,,,,,,,,,,,,,,,,,,,,INV00382,9045013.67,,,,,,,,,PAID,,,,,,,,,,,,,,,,,,,,,,,SUP013,2025-02-02,2.5,2025-02-22,2.0,INR,RTGS,2025-04-18,,,,,,,,,,,,,,,,,,,,,,,
invoices,,COMP001,,,,,,,,,,,,,,,,,,,,,,,,,,,,,INV00383,42012904.61,,,,,,,,,PAID,,,,,,,,,,,,,,,,,,,,,,,SUP011,2025-03-27,1.5,2025-04-16,1.0,INR,NEFT,2025-05-25,,,,,,,,,,,,,,,,,,,,,,,
invoices,,COMP001,,,,,,,,,,,,,,,,,,,,,,,,,,,,,INV00384,18030825.07,,,,,,,,,PAID,,,,,,,,,,,,,,,,,,,,,,,SUP011,2025-02-24,2.0,2025-03-16,1.5,INR,CHEQUE,2025-04-25,,,,,,,,,,,,,,,,,,,,,,,
invoices,,COMP001,,,,,,,,,,,,,,,,,,,,,,,,,,,,,INV00385,44036807.24,,,,,,,,,PAID,,,,,,,,,,,,,,,,,,,,,,,SUP009,2025-09-09,2.0,2025-09-24,1.5,INR,RTGS,2025-10-23,,,,,,,,,,,,,,,,,,,,,,,
invoices,,COMP001,,,,,,,,,,,,,,,,,,,,,,,,,,,,,INV00386,11290913.28,,,,,,,,,PAID,,,,,,,,,,,,,,,,,,,,,,,SUP010,2025-03-13,0.0,,2.0,INR,IMPS,2025-05-28,,,,,,,,,,,,,,,,,,,,,,,
invoices,,COMP001,,,,,,,,,,,,,,,,,,,,,,,,,,,,,INV00387,54089859.81,,,,,,,,,PENDING,,,,,,,,,,,,,,,,,,,,,,,SUP005,2025-12-09,2.5,2025-12-24,2.0,INR,NEFT,,,,,,,,,,,,,,,,,,,,,,,,
invoices,,COMP001,,,,,,,,,,,,,,,,,,,,,,,,,,,,,INV00388,48966754.74,,,,,,,,,PENDING,,,,,,,,,,,,,,,,,,,,,,,SUP015,2025-11-21,1.5,2025-12-06,2.0,INR,NEFT,,,,,,,,,,,,,,,,,,,,,,,,
invoices,,COMP001,,,,,,,,,,,,,,,,,,,,,,,,,,,,,INV00389,22618232.3,,,,,,,,,OVERDUE,,,,,,,,,,,,,,,,,,,,,,,SUP014,2025-04-30,0.0,,0.0,INR,RTGS,,,,,,,,,,,,,,,,,,,,,,,,
invoices,,COMP001,,,,,,,,,,,,,,,,,,,,,,,,,,,,,INV00390,10791460.83,,,,,,,,,OVERDUE,,,,,,,,,,,,,,,,,,,,,,,SUP012,2025-07-06,2.0,2025-07-26,1.0,INR,IMPS,,,,,,,,,,,,,,,,,,,,,,,,
invoices,,COMP001,,,,,,,,,,,,,,,,,,,,,,,,,,,,,INV00391,59820417.88,,,,,,,,,PAID,,,,,,,,,,,,,,,,,,,,,,,SUP010,2025-08-22,0.0,,1.5,INR,IMPS,2025-10-28,,,,,,,,,,,,,,,,,,,,,,,
invoices,,COMP001,,,,,,,,,,,,,,,,,,,,,,,,,,,,,INV00392,59959267.91,,,,,,,,,PAID,,,,,,,,,,,,,,,,,,,,,,,SUP007,2025-08-13,0.0,,2.0,INR,NEFT,2025-09-09,,,,,,,,,,,,,,,,,,,,,,,
invoices,,COMP001,,,,,,,,,,,,,,,,,,,,,,,,,,,,,INV00393,34206937.4,,,,,,,,,PAID,,,,,,,,,,,,,,,,,,,,,,,SUP001,2025-06-12,1.5,2025-06-22,1.0,INR,IMPS,2025-07-12,,,,,,,,,,,,,,,,,,,,,,,
invoices,,COMP001,,,,,,,,,,,,,,,,,,,,,,,,,,,,,INV00394,15301386.68,,,,,,,,,PAID,,,,,,,,,,,,,,,,,,,,,,,SUP006,2025-02-22,2.5,2025-03-09,0.0,INR,IMPS,2025-04-06,,,,,,,,,,,,,,,,,,,,,,,
invoices,,COMP001,,,,,,,,,,,,,,,,,,,,,,,,,,,,,INV00395,29870082.52,,,,,,,,,PAID,,,,,,,,,,,,,,,,,,,,,,,SUP015,2025-10-17,2.5,2025-11-01,1.0,INR,IMPS,2025-11-29,,,,,,,,,,,,,,,,,,,,,,,
invoices,,COMP001,,,,,,,,,,,,,,,,,,,,,,,,,,,,,INV00396,55258226.55,,,,,,,,,PAID,,,,,,,,,,,,,,,,,,,,,,,SUP006,2025-10-25,1.0,2025-11-09,0.0,INR,IMPS,2025-12-07,,,,,,,,,,,,,,,,,,,,,,,
invoices,,COMP001,,,,,,,,,,,,,,,,,,,,,,,,,,,,,INV00397,18102669.41,,,,,,,,,PAID,,,,,,,,,,,,,,,,,,,,,,,SUP011,2025-05-29,0.0,,1.5,INR,RTGS,2025-07-25,,,,,,,,,,,,,,,,,,,,,,,
invoices,,COMP001,,,,,,,,,,,,,,,,,,,,,,,,,,,,,INV00398,35102588.15,,,,,,,,,PAID,,,,,,,,,,,,,,,,,,,,,,,SUP015,2025-07-02,0.0,,1.5,INR,IMPS,2025-08-13,,,,,,,,,,,,,,,,,,,,,,,
invoices,,COMP001,,,,,,,,,,,,,,,,,,,,,,,,,,,,,INV00399,14152507.26,,,,,,,,,PAID,,,,,,,,,,,,,,,,,,,,,,,SUP001,2025-10-24,2.5,2025-11-03,1.5,INR,NEFT,2025-11-21,,,,,,,,,,,,,,,,,,,,,,,
invoices,,COMP001,,,,,,,,,,,,,,,,,,,,,,,,,,,,,INV00400,25059669.39,,,,,,,,,PAID,,,,,,,,,,,,,,,,,,,,,,,SUP001,2025-09-25,1.5,2025-10-05,0.0,INR,IMPS,2025-10-23,,,,,,,,,,,,,,,,,,,,,,,
invoices,,COMP001,,,,,,,,,,,,,,,,,,,,,,,,,,,,,INV00401,11074337.92,,,,,,,,,PAID,,,,,,,,,,,,,,,,,,,,,,,SUP015,2025-07-16,2.0,2025-07-31,1.5,INR,RTGS,2025-09-16,,,,,,,,,,,,,,,,,,,,,,,
invoices,,COMP001,,,,,,,,,,,,,,,,,,,,,,,,,,,,,INV00402,55158720.89,,,,,,,,,PAID,,,,,,,,,,,,,,,,,,,,,,,SUP001,2025-09-03,0.0,,0.0,INR,NEFT,2025-10-11,,,,,,,,,,,,,,,,,,,,,,,
invoices,,COMP001,,,,,,,,,,,,,,,,,,,,,,,,,,,,,INV00403,58848843.18,,,,,,,,,PENDING,,,,,,,,,,,,,,,,,,,,,,,SUP009,2025-12-14,2.5,2025-12-29,1.5,INR,CHEQUE,,,,,,,,,,,,,,,,,,,,,,,,
invoices,,COMP001,,,,,,,,,,,,,,,,,,,,,,,,,,,,,INV00404,39097656.97,,,,,,,,,PAID,,,,,,,,,,,,,,,,,,,,,,,SUP015,2025-04-21,1.0,2025-05-06,2.0,INR,CHEQUE,2025-06-05,,,,,,,,,,,,,,,,,,,,,,,
invoices,,COMP001,,,,,,,,,,,,,,,,,,,,,,,,,,,,,INV00405,25024810.43,,,,,,,,,PAID,,,,,,,,,,,,,,,,,,,,,,,SUP012,2025-02-27,0.0,,2.0,INR,CHEQUE,2025-04-27,,,,,,,,,,,,,,,,,,,,,,,
invoices,,COMP001,,,,,,,,,,,,,,,,,,,,,,,,,,,,,INV00406,54792408.89,,,,,,,,,PAID,,,,,,,,,,,,,,,,,,,,,,,SUP008,2025-01-08,1.0,2025-01-23,1.0,INR,NEFT,2025-02-20,,,,,,,,,,,,,,,,,,,,,,,
invoices,,COMP001,,,,,,,,,,,,,,,,,,,,,,,,,,,,,INV00407,13091189.62,,,,,,,,,OVERDUE,,,,,,,,,,,,,,,,,,,,,,,SUP006,2025-04-30,2.5,2025-05-15,1.5,INR,RTGS,,,,,,,,,,,,,,,,,,,,,,,,
invoices,,COMP001,,,,,,,,,,,,,,,,,,,,,,,,,,,,,INV00408,57054483.0,,,,,,,,,PENDING,,,,,,,,,,,,,,,,,,,,,,,SUP010,2025-11-02,1.0,2025-11-22,1.0,INR,NEFT,,,,,,,,,,,,,,,,,,,,,,,,
invoices,,COMP001,,,,,,,,,,,,,,,,,,,,,,,,,,,,,INV00409,15489445.14,,,,,,,,,OVERDUE,,,,,,,,,,,,,,,,,,,,,,,SUP013,2025-04-11,1.5,2025-05-01,1.0,INR,IMPS,,,,,,,,,,,,,,,,,,,,,,,,
invoices,,COMP001,,,,,,,,,,,,,,,,,,,,,,,,,,,,,INV00410,13166187.21,,,,,,,,,PAID,,,,,,,,,,,,,,,,,,,,,,,SUP003,2025-05-23,2.5,2025-05-30,0.0,INR,NEFT,2025-06-05,,,,,,,,,,,,,,,,,,,,,,,
invoices,,COMP001,,,,,,,,,,,,,,,,,,,,,,,,,,,,,INV00411,49130824.51,,,,,,,,,PAID,,,,,,,,,,,,,,,,,,,,,,,SUP007,2025-06-05,0.0,,2.0,INR,NEFT,2025-07-02,,,,,,,,,,,,,,,,,,,,,,,
invoices,,COMP001,,,,,,,,,,,,,,,,,,,,,,,,,,,,,INV00412,59748587.5,,,,,,,,,PAID,,,,,,,,,,,,,,,,,,,,,,,SUP007,2025-09-29,0.0,,0.0,INR,RTGS,2025-11-09,,,,,,,,,,,,,,,,,,,,,,,
invoices,,COMP001,,,,,,,,,,,,,,,,,,,,,,,,,,,,,INV00413,54129739.77,,,,,,,,,PENDING,,,,,,,,,,,,,,,,,,,,,,,SUP013,2025-11-11,1.5,2025-12-01,0.0,INR,RTGS,,,,,,,,,,,,,,,,,,,,,,,,
invoices,,COMP001,,,,,,,,,,,,,,,,,,,,,,,,,,,,,INV00414,32309796.92,,,,,,,,,PAID,,,,,,,,,,,,,,,,,,,,,,,SUP005,2025-01-01,0.0,,1.0,INR,IMPS,2025-02-12,,,,,,,,,,,,,,,,,,,,,,,
invoices,,COMP001,,,,,,,,,,,,,,,,,,,,,,,,,,,,,INV00415,49455952.95,,,,,,,,,PAID,,,,,,,,,,,,,,,,,,,,,,,SUP012,2025-07-14,0.0,,0.0,INR,RTGS,2025-09-10,,,,,,,,,,,,,,,,,,,,,,,
invoices,,COMP001,,,,,,,,,,,,,,,,,,,,,,,,,,,,,INV00416,6410592.77,,,,,,,,,OVERDUE,,,,,,,,,,,,,,,,,,,,,,,SUP012,2025-06-19,0.0,,2.0,INR,RTGS,,,,,,,,,,,,,,,,,,,,,,,,
invoices,,COMP001,,,,,,,,,,,,,,,,,,,,,,,,,,,,,INV00417,23674918.97,,,,,,,,,OVERDUE,,,,,,,,,,,,,,,,,,,,,,,SUP008,2025-08-27,2.5,2025-09-11,1.0,INR,RTGS,,,,,,,,,,,,,,,,,,,,,,,,
invoices,,COMP001,,,,,,,,,,,,,,,,,,,,,,,,,,,,,INV00418,53902948.36,,,,,,,,,PAID,,,,,,,,,,,,,,,,,,,,,,,SUP006,2025-02-21,2.5,2025-03-08,2.0,INR,RTGS,2025-04-22,,,,,,,,,,,,,,,,,,,,,,,
invoices,,COMP001,,,,,,,,,,,,,,,,,,,,,,,,,,,,,INV00419,30402516.87,,,,,,,,,PAID,,,,,,,,,,,,,,,,,,,,,,,SUP008,2025-09-11,0.0,,1.5,INR,RTGS,2025-10-23,,,,,,,,,,,,,,,,,,,,,,,
invoices,,COMP001,,,,,,,,,,,,,,,,,,,,,,,,,,,,,INV00420,36684794.95,,,,,,,,,PAID,,,,,,,,,,,,,,,,,,,,,,,SUP003,2025-01-31,2.5,2025-02-07,0.0,INR,CHEQUE,2025-02-14,,,,,,,,,,,,,,,,,,,,,,,
invoices,,COMP001,,,,,,,,,,,,,,,,,,,,,,,,,,,,,INV00421,29532749.24,,,,,,,,,PAID,,,,,,,,,,,,,,,,,,,,,,,SUP010,2025-02-04,1.0,2025-02-24,2.0,INR,CHEQUE,2025-04-29,,,,,,,,,,,,,,,,,,,,,,,
invoices,,COMP001,,,,,,,,,,,,,,,,,,,,,,,,,,,,,INV00422,4139178.07,,,,,,,,,PAID,,,,,,,,,,,,,,,,,,,,,,,SUP003,2025-06-29,1.5,2025-07-06,1.5,INR,CHEQUE,2025-07-16,,,,,,,,,,,,,,,,,,,,,,,
invoices,,COMP001,,,,,,,,,,,,,,,,,,,,,,,,,,,,,INV00423,58750222.88,,,,,,,,,PENDING,,,,,,,,,,,,,,,,,,,,,,,SUP011,2025-12-19,0.0,,1.0,INR,IMPS,,,,,,,,,,,,,,,,,,,,,,,,
invoices,,COMP001,,,,,,,,,,,,,,,,,,,,,,,,,,,,,INV00424,53031295.7,,,,,,,,,PAID,,,,,,,,,,,,,,,,,,,,,,,SUP011,2025-04-23,1.5,2025-05-13,0.0,INR,CHEQUE,2025-06-20,,,,,,,,,,,,,,,,,,,,,,,
invoices,,COMP001,,,,,,,,,,,,,,,,,,,,,,,,,,,,,INV00425,32665299.37,,,,,,,,,OVERDUE,,,,,,,,,,,,,,,,,,,,,,,SUP013,2025-06-07,0.0,,2.0,INR,CHEQUE,,,,,,,,,,,,,,,,,,,,,,,,
invoices,,COMP001,,,,,,,,,,,,,,,,,,,,,,,,,,,,,INV00426,56074243.96,,,,,,,,,PAID,,,,,,,,,,,,,,,,,,,,,,,SUP001,2025-01-14,2.0,2025-01-24,1.5,INR,IMPS,2025-02-11,,,,,,,,,,,,,,,,,,,,,,,
invoices,,COMP001,,,,,,,,,,,,,,,,,,,,,,,,,,,,,INV00427,57056547.69,,,,,,,,,PAID,,,,,,,,,,,,,,,,,,,,,,,SUP011,2025-04-23,0.0,,0.0,INR,RTGS,2025-06-19,,,,,,,,,,,,,,,,,,,,,,,
invoices,,COMP001,,,,,,,,,,,,,,,,,,,,,,,,,,,,,INV00428,8882679.34,,,,,,,,,PAID,,,,,,,,,,,,,,,,,,,,,,,SUP003,2025-09-09,1.0,2025-09-16,1.0,INR,IMPS,2025-09-24,,,,,,,,,,,,,,,,,,,,,,,
invoices,,COMP001,,,,,,,,,,,,,,,,,,,,,,,,,,,,,INV00429,23451569.7,,,,,,,,,PAID,,,,,,,,,,,,,,,,,,,,,,,SUP004,2025-02-07,1.5,2025-02-17,0.0,INR,NEFT,2025-03-09,,,,,,,,,,,,,,,,,,,,,,,
invoices,,COMP001,,,,,,,,,,,,,,,,,,,,,,,,,,,,,INV00430,26068721.99,,,,,,,,,PAID,,,,,,,,,,,,,,,,,,,,,,,SUP015,2025-06-03,0.0,,0.0,INR,RTGS,2025-07-18,,,,,,,,,,,,,,,,,,,,,,,
invoices,,COMP001,,,,,,,,,,,,,,,,,,,,,,,,,,,,,INV00431,46399359.6,,,,,,,,,PAID,,,,,,,,,,,,,,,,,,,,,,,SUP008,2025-03-03,0.0,,0.0,INR,NEFT,2025-04-15,,,,,,,,,,,,,,,,,,,,,,,
invoices,,COMP001,,,,,,,,,,,,,,,,,,,,,,,,,,,,,INV00432,42272407.46,,,,,,,,,PENDING,,,,,,,,,,,,,,,,,,,,,,,SUP015,2025-12-09,0.0,,1.0,INR,RTGS,,,,,,,,,,,,,,,,,,,,,,,,
invoices,,COMP001,,,,,,,,,,,,,,,,,,,,,,,,,,,,,INV00433,16921859.41,,,,,,,,,PAID,,,,,,,,,,,,,,,,,,,,,,,SUP009,2025-10-19,1.0,2025-11-03,1.5,INR,NEFT,2025-12-02,,,,,,,,,,,,,,,,,,,,,,,
invoices,,COMP001,,,,,,,,,,,,,,,,,,,,,,,,,,,,,INV00434,10218123.69,,,,,,,,,PAID,,,,,,,,,,,,,,,,,,,,,,,SUP011,2025-04-06,0.0,,2.0,INR,IMPS,2025-06-02,,,,,,,,,,,,,,,,,,,,,,,
invoices,,COMP001,,,,,,,,,,,,,,,,,,,,,,,,,,,,,INV00435,52290221.02,,,,,,,,,PAID,,,,,,,,,,,,,,,,,,,,,,,SUP009,2025-04-26,1.0,2025-05-11,1.0,INR,RTGS,2025-06-10,,,,,,,,,,,,,,,,,,,,,,,
invoices,,COMP001,,,,,,,,,,,,,,,,,,,,,,,,,,,,,INV00436,57198391.46,,,,,,,,,OVERDUE,,,,,,,,,,,,,,,,,,,,,,,SUP015,2025-07-21,2.0,2025-08-05,1.0,INR,RTGS,,,,,,,,,,,,,,,,,,,,,,,,
invoices,,COMP001,,,,,,,,,,,,,,,,,,,,,,,,,,,,,INV00437,43112053.76,,,,,,,,,PAID,,,,,,,,,,,,,,,,,,,,,,,SUP005,2025-08-30,2.0,2025-09-14,0.0,INR,CHEQUE,2025-10-12,,,,,,,,,,,,,,,,,,,,,,,
invoices,,COMP001,,,,,,,,,,,,,,,,,,,,,,,,,,,,,INV00438,35578755.43,,,,,,,,,PENDING,,,,,,,,,,,,,,,,,,,,,,,SUP007,2025-12-02,2.5,2025-12-12,2.0,INR,NEFT,,,,,,,,,,,,,,,,,,,,,,,,
invoices,,COMP001,,,,,,,,,,,,,,,,,,,,,,,,,,,,,INV00439,23856506.74,,,,,,,,,PAID,,,,,,,,,,,,,,,,,,,,,,,SUP010,2025-05-11,0.0,,0.0,INR,NEFT,2025-07-07,,,,,,,,,,,,,,,,,,,,,,,
invoices,,COMP001,,,,,,,,,,,,,,,,,,,,,,,,,,,,,INV00440,20737969.59,,,,,,,,,PAID,,,,,,,,,,,,,,,,,,,,,,,SUP011,2025-08-27,2.5,2025-09-16,0.0,INR,CHEQUE,2025-11-16,,,,,,,,,,,,,,,,,,,,,,,
invoices,,COMP001,,,,,,,,,,,,,,,,,,,,,,,,,,,,,INV00441,28651573.91,,,,,,,,,PAID,,,,,,,,,,,,,,,,,,,,,,,SUP002,2025-03-25,0.0,,2.0,INR,IMPS,2025-04-25,,,,,,,,,,,,,,,,,,,,,,,
invoices,,COMP001,,,,,,,,,,,,,,,,,,,,,,,,,,,,,INV00442,10802978.53,,,,,,,,,PAID,,,,,,,,,,,,,,,,,,,,,,,SUP011,2025-10-24,0.0,,1.5,INR,CHEQUE,2025-12-31,,,,,,,,,,,,,,,,,,,,,,,
invoices,,COMP001,,,,,,,,,,,,,,,,,,,,,,,,,,,,,INV00443,23632960.26,,,,,,,,,PAID,,,,,,,,,,,,,,,,,,,,,,,SUP002,2025-01-04,2.0,2025-01-14,0.0,INR,NEFT,2025-02-02,,,,,,,,,,,,,,,,,,,,,,,
invoices,,COMP001,,,,,,,,,,,,,,,,,,,,,,,,,,,,,INV00444,44331047.08,,,,,,,,,PAID,,,,,,,,,,,,,,,,,,,,,,,SUP005,2025-07-16,0.0,,1.0,INR,IMPS,2025-08-27,,,,,,,,,,,,,,,,,,,,,,,
invoices,,COMP001,,,,,,,,,,,,,,,,,,,,,,,,,,,,,INV00445,18428136.38,,,,,,,,,OVERDUE,,,,,,,,,,,,,,,,,,,,,,,SUP002,2025-07-22,0.0,,2.0,INR,NEFT,,,,,,,,,,,,,,,,,,,,,,,,
invoices,,COMP001,,,,,,,,,,,,,,,,,,,,,,,,,,,,,INV00446,56225568.66,,,,,,,,,OVERDUE,,,,,,,,,,,,,,,,,,,,,,,SUP006,2025-01-11,1.0,2025-01-26,2.0,INR,IMPS,,,,,,,,,,,,,,,,,,,,,,,,
invoices,,COMP001,,,,,,,,,,,,,,,,,,,,,,,,,,,,,INV00447,18705927.22,,,,,,,,,PAID,,,,,,,,,,,,,,,,,,,,,,,SUP007,2025-04-24,0.0,,0.0,INR,NEFT,2025-05-23,,,,,,,,,,,,,,,,,,,,,,,
invoices,,COMP001,,,,,,,,,,,,,,,,,,,,,,,,,,,,,INV00448,15819348.77,,,,,,,,,PAID,,,,,,,,,,,,,,,,,,,,,,,SUP008,2025-11-03,1.0,2025-11-18,0.0,INR,RTGS,2025-12-18,,,,,,,,,,,,,,,,,,,,,,,
invoices,,COMP001,,,,,,,,,,,,,,,,,,,,,,,,,,,,,INV00449,41810715.79,,,,,,,,,PAID,,,,,,,,,,,,,,,,,,,,,,,SUP003,2025-03-13,0.0,,0.0,INR,CHEQUE,2025-03-27,,,,,,,,,,,,,,,,,,,,,,,
invoices,,COMP001,,,,,,,,,,,,,,,,,,,,,,,,,,,,,INV00450,54001688.96,,,,,,,,,PAID,,,,,,,,,,,,,,,,,,,,,,,SUP014,2025-08-19,1.5,2025-09-03,2.0,INR,IMPS,2025-10-15,,,,,,,,,,,,,,,,,,,,,,,
invoices,,COMP001,,,,,,,,,,,,,,,,,,,,,,,,,,,,,INV00451,59230492.6,,,,,,,,,PAID,,,,,,,,,,,,,,,,,,,,,,,SUP009,2025-04-22,0.0,,1.0,INR,RTGS,2025-06-14,,,,,,,,,,,,,,,,,,,,,,,
invoices,,COMP001,,,,,,,,,,,,,,,,,,,,,,,,,,,,,INV00452,19934034.21,,,,,,,,,PENDING,,,,,,,,,,,,,,,,,,,,,,,SUP009,2025-12-07,2.0,2025-12-22,1.0,INR,CHEQUE,,,,,,,,,,,,,,,,,,,,,,,,
invoices,,COMP001,,,,,,,,,,,,,,,,,,,,,,,,,,,,,INV00453,42167735.21,,,,,,,,,PAID,,,,,,,,,,,,,,,,,,,,,,,SUP007,2025-06-21,1.0,2025-07-01,1.5,INR,RTGS,2025-07-18,,,,,,,,,,,,,,,,,,,,,,,
invoices,,COMP001,,,,,,,,,,,,,,,,,,,,,,,,,,,,,INV00454,16183941.26,,,,,,,,,PENDING,,,,,,,,,,,,,,,,,,,,,,,SUP012,2025-12-15,0.0,,1.5,INR,RTGS,,,,,,,,,,,,,,,,,,,,,,,,
invoices,,COMP001,,,,,,,,,,,,,,,,,,,,,,,,,,,,,INV00455,26744604.15,,,,,,,,,PAID,,,,,,,,,,,,,,,,,,,,,,,SUP014,2025-03-23,0.0,,0.0,INR,NEFT,2025-05-05,,,,,,,,,,,,,,,,,,,,,,,
invoices,,COMP001,,,,,,,,,,,,,,,,,,,,,,,,,,,,,INV00456,38175261.29,,,,,,,,,PAID,,,,,,,,,,,,,,,,,,,,,,,SUP002,2025-09-09,2.0,2025-09-19,2.0,INR,RTGS,2025-10-06,,,,,,,,,,,,,,,,,,,,,,,
invoices,,COMP001,,,,,,,,,,,,,,,,,,,,,,,,,,,,,INV00457,58874414.83,,,,,,,,,PAID,,,,,,,,,,,,,,,,,,,,,,,SUP008,2025-03-14,0.0,,2.0,INR,RTGS,2025-04-25,,,,,,,,,,,,,,,,,,,,,,,
invoices,,COMP001,,,,,,,,,,,,,,,,,,,,,,,,,,,,,INV00458,30357762.39,,,,,,,,,PAID,,,,,,,,,,,,,,,,,,,,,,,SUP004,2025-11-08,2.0,2025-11-18,1.5,INR,IMPS,2025-12-06,,,,,,,,,,,,,,,,,,,,,,,
invoices,,COMP001,,,,,,,,,,,,,,,,,,,,,,,,,,,,,INV00459,26539830.82,,,,,,,,,OVERDUE,,,,,,,,,,,,,,,,,,,,,,,SUP006,2025-05-09,0.0,,1.0,INR,CHEQUE,,,,,,,,,,,,,,,,,,,,,,,,
invoices,,COMP001,,,,,,,,,,,,,,,,,,,,,,,,,,,,,INV00460,22632544.74,,,,,,,,,OVERDUE,,,,,,,,,,,,,,,,,,,,,,,SUP003,2025-06-02,0.0,,0.0,INR,IMPS,,,,,,,,,,,,,,,,,,,,,,,,
invoices,,COMP001,,,,,,,,,,,,,,,,,,,,,,,,,,,,,INV00461,56016883.69,,,,,,,,,PAID,,,,,,,,,,,,,,,,,,,,,,,SUP008,2025-08-27,1.0,2025-09-11,0.0,INR,NEFT,2025-10-10,,,,,,,,,,,,,,,,,,,,,,,
invoices,,COMP001,,,,,,,,,,,,,,,,,,,,,,,,,,,,,INV00462,51449229.97,,,,,,,,,PAID,,,,,,,,,,,,,,,,,,,,,,,SUP001,2025-09-03,0.0,,1.5,INR,RTGS,2025-10-02,,,,,,,,,,,,,,,,,,,,,,,
invoices,,COMP001,,,,,,,,,,,,,,,,,,,,,,,,,,,,,INV00463,23207993.8,,,,,,,,,PENDING,,,,,,,,,,,,,,,,,,,,,,,SUP001,2025-12-13,0.0,,1.5,INR,IMPS,,,,,,,,,,,,,,,,,,,,,,,,
invoices,,COMP001,,,,,,,,,,,,,,,,,,,,,,,,,,,,,INV00464,5740487.98,,,,,,,,,PAID,,,,,,,,,,,,,,,,,,,,,,,SUP012,2025-06-28,2.0,2025-07-18,0.0,INR,IMPS,2025-08-24,,,,,,,,,,,,,,,,,,,,,,,
invoices,,COMP001,,,,,,,,,,,,,,,,,,,,,,,,,,,,,INV00465,52793606.64,,,,,,,,,PAID,,,,,,,,,,,,,,,,,,,,,,,SUP006,2025-10-10,0.0,,1.5,INR,NEFT,2025-12-11,,,,,,,,,,,,,,,,,,,,,,,
invoices,,COMP001,,,,,,,,,,,,,,,,,,,,,,,,,,,,,INV00466,21470452.04,,,,,,,,,PENDING,,,,,,,,,,,,,,,,,,,,,,,SUP013,2025-12-03,1.5,2025-12-23,1.0,INR,CHEQUE,,,,,,,,,,,,,,,,,,,,,,,,
invoices,,COMP001,,,,,,,,,,,,,,,,,,,,,,,,,,,,,INV00467,6438952.86,,,,,,,,,PAID,,,,,,,,,,,,,,,,,,,,,,,SUP008,2025-04-09,1.0,2025-04-24,1.5,INR,IMPS,2025-05-21,,,,,,,,,,,,,,,,,,,,,,,
invoices,,COMP001,,,,,,,,,,,,,,,,,,,,,,,,,,,,,INV00468,22333814.42,,,,,,,,,PAID,,,,,,,,,,,,,,,,,,,,,,,SUP005,2025-09-08,0.0,,1.0,INR,RTGS,2025-11-05,,,,,,,,,,,,,,,,,,,,,,,
invoices,,COMP001,,,,,,,,,,,,,,,,,,,,,,,,,,,,,INV00469,57421370.89,,,,,,,,,PAID,,,,,,,,,,,,,,,,,,,,,,,SUP004,2025-04-16,1.0,2025-04-26,1.5,INR,IMPS,2025-05-14,,,,,,,,,,,,,,,,,,,,,,,
invoices,,COMP001,,,,,,,,,,,,,,,,,,,,,,,,,,,,,INV00470,12215145.37,,,,,,,,,PAID,,,,,,,,,,,,,,,,,,,,,,,SUP007,2025-05-23,0.0,,1.0,INR,NEFT,2025-06-24,,,,,,,,,,,,,,,,,,,,,,,
invoices,,COMP001,,,,,,,,,,,,,,,,,,,,,,,,,,,,,INV00471,47703168.7,,,,,,,,,PAID,,,,,,,,,,,,,,,,,,,,,,,SUP004,2025-10-29,2.5,2025-11-08,0.0,INR,RTGS,2025-11-28,,,,,,,,,,,,,,,,,,,,,,,
invoices,,COMP001,,,,,,,,,,,,,,,,,,,,,,,,,,,,,INV00472,25682013.21,,,,,,,,,PAID,,,,,,,,,,,,,,,,,,,,,,,SUP003,2025-04-28,0.0,,1.5,INR,NEFT,2025-05-10,,,,,,,,,,,,,,,,,,,,,,,
invoices,,COMP001,,,,,,,,,,,,,,,,,,,,,,,,,,,,,INV00473,46045526.75,,,,,,,,,PAID,,,,,,,,,,,,,,,,,,,,,,,SUP009,2025-06-29,0.0,,0.0,INR,RTGS,2025-08-11,,,,,,,,,,,,,,,,,,,,,,,
invoices,,COMP001,,,,,,,,,,,,,,,,,,,,,,,,,,,,,INV00474,5660649.9,,,,,,,,,PAID,,,,,,,,,,,,,,,,,,,,,,,SUP001,2025-03-30,0.0,,1.0,INR,CHEQUE,2025-04-29,,,,,,,,,,,,,,,,,,,,,,,
invoices,,COMP001,,,,,,,,,,,,,,,,,,,,,,,,,,,,,INV00475,36552561.86,,,,,,,,,OVERDUE,,,,,,,,,,,,,,,,,,,,,,,SUP008,2025-08-12,1.0,2025-08-27,1.5,INR,RTGS,,,,,,,,,,,,,,,,,,,,,,,,
invoices,,COMP001,,,,,,,,,,,,,,,,,,,,,,,,,,,,,INV00476,37350356.53,,,,,,,,,PAID,,,,,,,,,,,,,,,,,,,,,,,SUP003,2025-05-20,0.0,,1.0,INR,IMPS,2025-06-01,,,,,,,,,,,,,,,,,,,,,,,
invoices,,COMP001,,,,,,,,,,,,,,,,,,,,,,,,,,,,,INV00477,40814430.41,,,,,,,,,PAID,,,,,,,,,,,,,,,,,,,,,,,SUP013,2025-07-20,0.0,,1.0,INR,NEFT,2025-09-17,,,,,,,,,,,,,,,,,,,,,,,
invoices,,COMP001,,,,,,,,,,,,,,,,,,,,,,,,,,,,,INV00478,17228630.64,,,,,,,,,PAID,,,,,,,,,,,,,,,,,,,,,,,SUP006,2025-09-12,2.0,2025-09-27,2.0,INR,RTGS,2025-10-26,,,,,,,,,,,,,,,,,,,,,,,
invoices,,COMP001,,,,,,,,,,,,,,,,,,,,,,,,,,,,,INV00479,27428039.96,,,,,,,,,PAID,,,,,,,,,,,,,,,,,,,,,,,SUP012,2025-02-09,0.0,,2.0,INR,RTGS,2025-04-09,,,,,,,,,,,,,,,,,,,,,,,
invoices,,COMP001,,,,,,,,,,,,,,,,,,,,,,,,,,,,,INV00480,26568657.48,,,,,,,,,PAID,,,,,,,,,,,,,,,,,,,,,,,SUP004,2025-05-07,0.0,,2.0,INR,IMPS,2025-06-04,,,,,,,,,,,,,,,,,,,,,,,
invoices,,COMP001,,,,,,,,,,,,,,,,,,,,,,,,,,,,,INV00481,34012388.6,,,,,,,,,PAID,,,,,,,,,,,,,,,,,,,,,,,SUP003,2025-05-24,2.0,2025-05-31,2.0,INR,RTGS,2025-06-07,,,,,,,,,,,,,,,,,,,,,,,
invoices,,COMP001,,,,,,,,,,,,,,,,,,,,,,,,,,,,,INV00482,29007436.99,,,,,,,,,PAID,,,,,,,,,,,,,,,,,,,,,,,SUP006,2025-06-13,1.5,2025-06-28,1.5,INR,NEFT,2025-07-31,,,,,,,,,,,,,,,,,,,,,,,
invoices,,COMP001,,,,,,,,,,,,,,,,,,,,,,,,,,,,,INV00483,59124520.0,,,,,,,,,PAID,,,,,,,,,,,,,,,,,,,,,,,SUP007,2025-07-14,0.0,,1.0,INR,RTGS,2025-08-10,,,,,,,,,,,,,,,,,,,,,,,
invoices,,COMP001,,,,,,,,,,,,,,,,,,,,,,,,,,,,,INV00484,9013577.31,,,,,,,,,PENDING,,,,,,,,,,,,,,,,,,,,,,,SUP010,2025-12-11,0.0,,0.0,INR,IMPS,,,,,,,,,,,,,,,,,,,,,,,,
invoices,,COMP001,,,,,,,,,,,,,,,,,,,,,,,,,,,,,INV00485,30980097.84,,,,,,,,,OVERDUE,,,,,,,,,,,,,,,,,,,,,,,SUP005,2025-04-19,0.0,,1.0,INR,CHEQUE,,,,,,,,,,,,,,,,,,,,,,,,
invoices,,COMP001,,,,,,,,,,,,,,,,,,,,,,,,,,,,,INV00486,10914980.63,,,,,,,,,OVERDUE,,,,,,,,,,,,,,,,,,,,,,,SUP014,2025-10-16,1.0,2025-10-31,0.0,INR,NEFT,,,,,,,,,,,,,,,,,,,,,,,,
obligations,,COMP001,,,,,,,,,,,,,,,,,,,,,,,,,,,,,,17875657.24,,,,,,,,,OVERDUE,,,,,,,,,,,,,,,,,,,,,,,SUP004,2025-04-27,,,,,,,OBL00001,UTILITY obligation – Denso India Pvt Ltd,UTILITY,2025-05-27,HIGH,,,,,,,,,,,,,,,,,,
obligations,,COMP001,,,,,,,,,,,,,,,,,,,,,,,,,,,,,,55385806.77,,,,,,,,,PAID,,,,,,,,,,,,,,,,,,,,,,,SUP009,2025-02-03,,,,,,,OBL00002,RENT obligation – Sundaram-Clayton Ltd,RENT,2025-03-20,CRITICAL,,,,,,,,,,,,,,,,,,
obligations,,COMP001,,,,,,,,,,,,,,,,,,,,,,,,,,,,,,51402325.62,,,,,,,,,PAID,,,,,,,,,,,,,,,,,,,,,,,SUP009,2025-05-06,,,,,,,OBL00003,RAW_MATERIAL obligation – Sundaram-Clayton Ltd,RAW_MATERIAL,2025-06-20,CRITICAL,,,,,,,,,,,,,,,,,,
obligations,,COMP001,,,,,,,,,,,,,,,,,,,,,,,,,,,,,,43286245.53,,,,,,,,,PAID,,,,,,,,,,,,,,,,,,,,,,,SUP004,2025-01-07,,,,,,,OBL00004,OTHER obligation – Denso India Pvt Ltd,OTHER,2025-02-06,CRITICAL,,,,,,,,,,,,,,,,,,
obligations,,COMP001,,,,,,,,,,,,,,,,,,,,,,,,,,,,,,7429242.4,,,,,,,,,PAID,,,,,,,,,,,,,,,,,,,,,,,SUP010,2025-09-29,,,,,,,OBL00005,RENT obligation – Valeo India Pvt Ltd,RENT,2025-11-28,HIGH,,,,,,,,,,,,,,,,,,
obligations,,COMP001,,,,,,,,,,,,,,,,,,,,,,,,,,,,,,13011836.57,,,,,,,,,PAID,,,,,,,,,,,,,,,,,,,,,,,SUP004,2025-08-14,,,,,,,OBL00006,REGULATORY obligation – Denso India Pvt Ltd,REGULATORY,2025-09-13,HIGH,,,,,,,,,,,,,,,,,,
obligations,,COMP001,,,,,,,,,,,,,,,,,,,,,,,,,,,,,,56049462.79,,,,,,,,,PAID,,,,,,,,,,,,,,,,,,,,,,,SUP006,2025-10-27,,,,,,,OBL00007,TAX obligation – Apollo Tyres Ltd,TAX,2025-12-11,CRITICAL,,,,,,,,,,,,,,,,,,
obligations,,COMP001,,,,,,,,,,,,,,,,,,,,,,,,,,,,,,34821581.88,,,,,,,,,PAID,,,,,,,,,,,,,,,,,,,,,,,SUP008,2025-07-25,,,,,,,OBL00008,TAX obligation – Bharat Forge Ltd,TAX,2025-09-08,HIGH,,,,,,,,,,,,,,,,,,
obligations,,COMP001,,,,,,,,,,,,,,,,,,,,,,,,,,,,,,23009047.23,,,,,,,,,OVERDUE,,,,,,,,,,,,,,,,,,,,,,,SUP003,2025-04-13,,,,,,,OBL00009,TAX obligation – Bosch Ltd,TAX,2025-04-28,CRITICAL,,,,,,,,,,,,,,,,,,
obligations,,COMP001,,,,,,,,,,,,,,,,,,,,,,,,,,,,,,47754837.45,,,,,,,,,OVERDUE,,,,,,,,,,,,,,,,,,,,,,,SUP014,2025-08-13,,,,,,,OBL00010,UTILITY obligation – Asian Paints Industrial,UTILITY,2025-09-27,HIGH,,,,,,,,,,,,,,,,,,
obligations,,COMP001,,,,,,,,,,,,,,,,,,,,,,,,,,,,,,56160898.84,,,,,,,,,PAID,,,,,,,,,,,,,,,,,,,,,,,SUP007,2025-06-02,,,,,,,OBL00011,SALARY obligation – Motherson Sumi Systems Ltd,SALARY,2025-07-02,CRITICAL,,,,,,,,,,,,,,,,,,
obligations,,COMP001,,,,,,,,,,,,,,,,,,,,,,,,,,,,,,18770758.09,,,,,,,,,PAID,,,,,,,,,,,,,,,,,,,,,,,SUP002,2025-09-16,,,,,,,OBL00012,SALARY obligation – JSW Steel Ltd,SALARY,2025-10-16,HIGH,,,,,,,,,,,,,,,,,,
obligations,,COMP001,,,,,,,,,,,,,,,,,,,,,,,,,,,,,,38973132.43,,,,,,,,,OVERDUE,,,,,,,,,,,,,,,,,,,,,,,SUP005,2025-10-13,,,,,,,OBL00013,OTHER obligation – MRF Ltd,OTHER,2025-11-27,CRITICAL,,,,,,,,,,,,,,,,,,
obligations,,COMP001,,,,,,,,,,,,,,,,,,,,,,,,,,,,,,21615878.5,,,,,,,,,PAID,,,,,,,,,,,,,,,,,,,,,,,SUP003,2025-09-19,,,,,,,OBL00014,TAX obligation – Bosch Ltd,TAX,2025-10-04,CRITICAL,,,,,,,,,,,,,,,,,,
obligations,,COMP001,,,,,,,,,,,,,,,,,,,,,,,,,,,,,,40061891.54,,,,,,,,,PAID,,,,,,,,,,,,,,,,,,,,,,,SUP003,2025-12-15,,,,,,,OBL00015,TAX obligation – Bosch Ltd,TAX,2025-12-30,CRITICAL,,,,,,,,,,,,,,,,,,
obligations,,COMP001,,,,,,,,,,,,,,,,,,,,,,,,,,,,,,37802557.31,,,,,,,,,PAID,,,,,,,,,,,,,,,,,,,,,,,SUP007,2025-02-09,,,,,,,OBL00016,SALARY obligation – Motherson Sumi Systems Ltd,SALARY,2025-03-11,CRITICAL,,,,,,,,,,,,,,,,,,
obligations,,COMP001,,,,,,,,,,,,,,,,,,,,,,,,,,,,,,58178992.62,,,,,,,,,PAID,,,,,,,,,,,,,,,,,,,,,,,SUP003,2025-08-15,,,,,,,OBL00017,EMI obligation – Bosch Ltd,EMI,2025-08-30,CRITICAL,,,,,,,,,,,,,,,,,,
obligations,,COMP001,,,,,,,,,,,,,,,,,,,,,,,,,,,,,,58832532.27,,,,,,,,,OVERDUE,,,,,,,,,,,,,,,,,,,,,,,SUP009,2025-11-10,,,,,,,OBL00018,RAW_MATERIAL obligation – Sundaram-Clayton Ltd,RAW_MATERIAL,2025-12-25,CRITICAL,,,,,,,,,,,,,,,,,,
obligations,,COMP001,,,,,,,,,,,,,,,,,,,,,,,,,,,,,,32397098.87,,,,,,,,,OVERDUE,,,,,,,,,,,,,,,,,,,,,,,SUP015,2025-01-08,,,,,,,OBL00019,RENT obligation – Castrol India Ltd,RENT,2025-02-22,MEDIUM,,,,,,,,,,,,,,,,,,
obligations,,COMP001,,,,,,,,,,,,,,,,,,,,,,,,,,,,,,47456963.82,,,,,,,,,PENDING,,,,,,,,,,,,,,,,,,,,,,,SUP010,2025-12-16,,,,,,,OBL00020,RAW_MATERIAL obligation – Valeo India Pvt Ltd,RAW_MATERIAL,2026-02-14,MEDIUM,,,,,,,,,,,,,,,,,,
obligations,,COMP001,,,,,,,,,,,,,,,,,,,,,,,,,,,,,,41005965.89,,,,,,,,,PAID,,,,,,,,,,,,,,,,,,,,,,,SUP012,2025-08-08,,,,,,,OBL00021,SALARY obligation – Saint-Gobain India,SALARY,2025-10-07,HIGH,,,,,,,,,,,,,,,,,,
obligations,,COMP001,,,,,,,,,,,,,,,,,,,,,,,,,,,,,,11176351.5,,,,,,,,,OVERDUE,,,,,,,,,,,,,,,,,,,,,,,SUP009,2025-05-18,,,,,,,OBL00022,EMI obligation – Sundaram-Clayton Ltd,EMI,2025-07-02,HIGH,,,,,,,,,,,,,,,,,,
obligations,,COMP001,,,,,,,,,,,,,,,,,,,,,,,,,,,,,,51980986.11,,,,,,,,,OVERDUE,,,,,,,,,,,,,,,,,,,,,,,SUP009,2025-01-29,,,,,,,OBL00023,REGULATORY obligation – Sundaram-Clayton Ltd,REGULATORY,2025-03-15,CRITICAL,,,,,,,,,,,,,,,,,,
obligations,,COMP001,,,,,,,,,,,,,,,,,,,,,,,,,,,,,,10512656.94,,,,,,,,,PAID,,,,,,,,,,,,,,,,,,,,,,,SUP009,2025-06-23,,,,,,,OBL00024,SALARY obligation – Sundaram-Clayton Ltd,SALARY,2025-08-07,HIGH,,,,,,,,,,,,,,,,,,
obligations,,COMP001,,,,,,,,,,,,,,,,,,,,,,,,,,,,,,23043282.33,,,,,,,,,OVERDUE,,,,,,,,,,,,,,,,,,,,,,,SUP015,2025-07-09,,,,,,,OBL00025,OTHER obligation – Castrol India Ltd,OTHER,2025-08-23,MEDIUM,,,,,,,,,,,,,,,,,,
obligations,,COMP001,,,,,,,,,,,,,,,,,,,,,,,,,,,,,,7915626.46,,,,,,,,,PAID,,,,,,,,,,,,,,,,,,,,,,,SUP003,2025-03-27,,,,,,,OBL00026,REGULATORY obligation – Bosch Ltd,REGULATORY,2025-04-11,HIGH,,,,,,,,,,,,,,,,,,
obligations,,COMP001,,,,,,,,,,,,,,,,,,,,,,,,,,,,,,25988271.93,,,,,,,,,PAID,,,,,,,,,,,,,,,,,,,,,,,SUP010,2025-10-15,,,,,,,OBL00027,REGULATORY obligation – Valeo India Pvt Ltd,REGULATORY,2025-12-14,HIGH,,,,,,,,,,,,,,,,,,
obligations,,COMP001,,,,,,,,,,,,,,,,,,,,,,,,,,,,,,34854005.14,,,,,,,,,OVERDUE,,,,,,,,,,,,,,,,,,,,,,,SUP004,2025-08-26,,,,,,,OBL00028,RENT obligation – Denso India Pvt Ltd,RENT,2025-09-25,CRITICAL,,,,,,,,,,,,,,,,,,
obligations,,COMP001,,,,,,,,,,,,,,,,,,,,,,,,,,,,,,17405586.39,,,,,,,,,OVERDUE,,,,,,,,,,,,,,,,,,,,,,,SUP002,2025-06-02,,,,,,,OBL00029,TAX obligation – JSW Steel Ltd,TAX,2025-07-02,HIGH,,,,,,,,,,,,,,,,,,
obligations,,COMP001,,,,,,,,,,,,,,,,,,,,,,,,,,,,,,37810088.17,,,,,,,,,PAID,,,,,,,,,,,,,,,,,,,,,,,SUP005,2025-10-03,,,,,,,OBL00030,EMI obligation – MRF Ltd,EMI,2025-11-17,CRITICAL,,,,,,,,,,,,,,,,,,
obligations,,COMP001,,,,,,,,,,,,,,,,,,,,,,,,,,,,,,20838211.96,,,,,,,,,PENDING,,,,,,,,,,,,,,,,,,,,,,,SUP012,2025-11-29,,,,,,,OBL00031,TAX obligation – Saint-Gobain India,TAX,2026-01-28,MEDIUM,,,,,,,,,,,,,,,,,,
obligations,,COMP001,,,,,,,,,,,,,,,,,,,,,,,,,,,,,,37867610.5,,,,,,,,,PAID,,,,,,,,,,,,,,,,,,,,,,,SUP012,2025-08-03,,,,,,,OBL00032,OTHER obligation – Saint-Gobain India,OTHER,2025-10-02,HIGH,,,,,,,,,,,,,,,,,,
obligations,,COMP001,,,,,,,,,,,,,,,,,,,,,,,,,,,,,,12272653.71,,,,,,,,,PAID,,,,,,,,,,,,,,,,,,,,,,,SUP005,2025-07-17,,,,,,,OBL00033,EMI obligation – MRF Ltd,EMI,2025-08-31,HIGH,,,,,,,,,,,,,,,,,,
obligations,,COMP001,,,,,,,,,,,,,,,,,,,,,,,,,,,,,,22348723.78,,,,,,,,,OVERDUE,,,,,,,,,,,,,,,,,,,,,,,SUP013,2025-03-13,,,,,,,OBL00034,REGULATORY obligation – 3M India Ltd,REGULATORY,2025-05-12,MEDIUM,,,,,,,,,,,,,,,,,,
obligations,,COMP001,,,,,,,,,,,,,,,,,,,,,,,,,,,,,,20123487.25,,,,,,,,,PAID,,,,,,,,,,,,,,,,,,,,,,,SUP008,2025-08-29,,,,,,,OBL00035,OTHER obligation – Bharat Forge Ltd,OTHER,2025-10-13,HIGH,,,,,,,,,,,,,,,,,,
obligations,,COMP001,,,,,,,,,,,,,,,,,,,,,,,,,,,,,,43837437.07,,,,,,,,,PAID,,,,,,,,,,,,,,,,,,,,,,,SUP006,2025-06-19,,,,,,,OBL00036,TAX obligation – Apollo Tyres Ltd,TAX,2025-08-03,CRITICAL,,,,,,,,,,,,,,,,,,
obligations,,COMP001,,,,,,,,,,,,,,,,,,,,,,,,,,,,,,10564107.77,,,,,,,,,PAID,,,,,,,,,,,,,,,,,,,,,,,SUP008,2025-08-16,,,,,,,OBL00037,EMI obligation – Bharat Forge Ltd,EMI,2025-09-30,HIGH,,,,,,,,,,,,,,,,,,
obligations,,COMP001,,,,,,,,,,,,,,,,,,,,,,,,,,,,,,16497196.76,,,,,,,,,PAID,,,,,,,,,,,,,,,,,,,,,,,SUP006,2025-07-15,,,,,,,OBL00038,UTILITY obligation – Apollo Tyres Ltd,UTILITY,2025-08-29,HIGH,,,,,,,,,,,,,,,,,,
obligations,,COMP001,,,,,,,,,,,,,,,,,,,,,,,,,,,,,,23337320.56,,,,,,,,,PENDING,,,,,,,,,,,,,,,,,,,,,,,SUP009,2025-12-04,,,,,,,OBL00039,RENT obligation – Sundaram-Clayton Ltd,RENT,2026-01-18,HIGH,,,,,,,,,,,,,,,,,,
obligations,,COMP001,,,,,,,,,,,,,,,,,,,,,,,,,,,,,,35817057.52,,,,,,,,,PAID,,,,,,,,,,,,,,,,,,,,,,,SUP005,2025-03-21,,,,,,,OBL00040,UTILITY obligation – MRF Ltd,UTILITY,2025-05-05,CRITICAL,,,,,,,,,,,,,,,,,,
obligations,,COMP001,,,,,,,,,,,,,,,,,,,,,,,,,,,,,,19667282.54,,,,,,,,,PAID,,,,,,,,,,,,,,,,,,,,,,,SUP003,2025-02-02,,,,,,,OBL00041,REGULATORY obligation – Bosch Ltd,REGULATORY,2025-02-17,CRITICAL,,,,,,,,,,,,,,,,,,
obligations,,COMP001,,,,,,,,,,,,,,,,,,,,,,,,,,,,,,29328414.41,,,,,,,,,PAID,,,,,,,,,,,,,,,,,,,,,,,SUP010,2025-02-02,,,,,,,OBL00042,TAX obligation – Valeo India Pvt Ltd,TAX,2025-04-03,HIGH,,,,,,,,,,,,,,,,,,
obligations,,COMP001,,,,,,,,,,,,,,,,,,,,,,,,,,,,,,7142743.07,,,,,,,,,PAID,,,,,,,,,,,,,,,,,,,,,,,SUP011,2025-08-13,,,,,,,OBL00043,RAW_MATERIAL obligation – ZF Commercial Vehicle Control,RAW_MATERIAL,2025-10-12,HIGH,,,,,,,,,,,,,,,,,,
obligations,,COMP001,,,,,,,,,,,,,,,,,,,,,,,,,,,,,,50253969.78,,,,,,,,,PAID,,,,,,,,,,,,,,,,,,,,,,,SUP009,2025-01-12,,,,,,,OBL00044,EMI obligation – Sundaram-Clayton Ltd,EMI,2025-02-26,CRITICAL,,,,,,,,,,,,,,,,,,
obligations,,COMP001,,,,,,,,,,,,,,,,,,,,,,,,,,,,,,38178348.76,,,,,,,,,PAID,,,,,,,,,,,,,,,,,,,,,,,SUP004,2025-11-09,,,,,,,OBL00045,REGULATORY obligation – Denso India Pvt Ltd,REGULATORY,2025-12-09,CRITICAL,,,,,,,,,,,,,,,,,,
obligations,,COMP001,,,,,,,,,,,,,,,,,,,,,,,,,,,,,,32425274.58,,,,,,,,,OVERDUE,,,,,,,,,,,,,,,,,,,,,,,SUP012,2025-07-10,,,,,,,OBL00046,RAW_MATERIAL obligation – Saint-Gobain India,RAW_MATERIAL,2025-09-08,HIGH,,,,,,,,,,,,,,,,,,
obligations,,COMP001,,,,,,,,,,,,,,,,,,,,,,,,,,,,,,14041304.61,,,,,,,,,OVERDUE,,,,,,,,,,,,,,,,,,,,,,,SUP010,2025-02-01,,,,,,,OBL00047,OTHER obligation – Valeo India Pvt Ltd,OTHER,2025-04-02,HIGH,,,,,,,,,,,,,,,,,,
obligations,,COMP001,,,,,,,,,,,,,,,,,,,,,,,,,,,,,,44395857.24,,,,,,,,,PAID,,,,,,,,,,,,,,,,,,,,,,,SUP006,2025-08-28,,,,,,,OBL00048,REGULATORY obligation – Apollo Tyres Ltd,REGULATORY,2025-10-12,CRITICAL,,,,,,,,,,,,,,,,,,
obligations,,COMP001,,,,,,,,,,,,,,,,,,,,,,,,,,,,,,7163768.9,,,,,,,,,OVERDUE,,,,,,,,,,,,,,,,,,,,,,,SUP010,2025-06-05,,,,,,,OBL00049,UTILITY obligation – Valeo India Pvt Ltd,UTILITY,2025-08-04,HIGH,,,,,,,,,,,,,,,,,,
obligations,,COMP001,,,,,,,,,,,,,,,,,,,,,,,,,,,,,,33916818.62,,,,,,,,,OVERDUE,,,,,,,,,,,,,,,,,,,,,,,SUP003,2025-06-08,,,,,,,OBL00050,RAW_MATERIAL obligation – Bosch Ltd,RAW_MATERIAL,2025-06-23,CRITICAL,,,,,,,,,,,,,,,,,,
obligations,,COMP001,,,,,,,,,,,,,,,,,,,,,,,,,,,,,,53079554.96,,,,,,,,,PAID,,,,,,,,,,,,,,,,,,,,,,,SUP013,2025-05-15,,,,,,,OBL00051,RAW_MATERIAL obligation – 3M India Ltd,RAW_MATERIAL,2025-07-14,HIGH,,,,,,,,,,,,,,,,,,
obligations,,COMP001,,,,,,,,,,,,,,,,,,,,,,,,,,,,,,48216197.48,,,,,,,,,OVERDUE,,,,,,,,,,,,,,,,,,,,,,,SUP015,2025-05-26,,,,,,,OBL00052,OTHER obligation – Castrol India Ltd,OTHER,2025-07-10,HIGH,,,,,,,,,,,,,,,,,,
obligations,,COMP001,,,,,,,,,,,,,,,,,,,,,,,,,,,,,,32009718.31,,,,,,,,,OVERDUE,,,,,,,,,,,,,,,,,,,,,,,SUP006,2025-05-29,,,,,,,OBL00053,TAX obligation – Apollo Tyres Ltd,TAX,2025-07-13,HIGH,,,,,,,,,,,,,,,,,,
obligations,,COMP001,,,,,,,,,,,,,,,,,,,,,,,,,,,,,,3780450.06,,,,,,,,,PAID,,,,,,,,,,,,,,,,,,,,,,,SUP009,2025-02-18,,,,,,,OBL00054,TAX obligation – Sundaram-Clayton Ltd,TAX,2025-04-04,HIGH,,,,,,,,,,,,,,,,,,
obligations,,COMP001,,,,,,,,,,,,,,,,,,,,,,,,,,,,,,28513820.46,,,,,,,,,PAID,,,,,,,,,,,,,,,,,,,,,,,SUP013,2025-04-24,,,,,,,OBL00055,TAX obligation – 3M India Ltd,TAX,2025-06-23,HIGH,,,,,,,,,,,,,,,,,,
obligations,,COMP001,,,,,,,,,,,,,,,,,,,,,,,,,,,,,,58076155.23,,,,,,,,,OVERDUE,,,,,,,,,,,,,,,,,,,,,,,SUP002,2025-10-16,,,,,,,OBL00056,UTILITY obligation – JSW Steel Ltd,UTILITY,2025-11-15,CRITICAL,,,,,,,,,,,,,,,,,,
obligations,,COMP001,,,,,,,,,,,,,,,,,,,,,,,,,,,,,,58565845.26,,,,,,,,,OVERDUE,,,,,,,,,,,,,,,,,,,,,,,SUP009,2025-05-04,,,,,,,OBL00057,REGULATORY obligation – Sundaram-Clayton Ltd,REGULATORY,2025-06-18,CRITICAL,,,,,,,,,,,,,,,,,,
obligations,,COMP001,,,,,,,,,,,,,,,,,,,,,,,,,,,,,,7734322.06,,,,,,,,,PAID,,,,,,,,,,,,,,,,,,,,,,,SUP004,2025-03-13,,,,,,,OBL00058,EMI obligation – Denso India Pvt Ltd,EMI,2025-04-12,HIGH,,,,,,,,,,,,,,,,,,
obligations,,COMP001,,,,,,,,,,,,,,,,,,,,,,,,,,,,,,41040883.48,,,,,,,,,PAID,,,,,,,,,,,,,,,,,,,,,,,SUP011,2025-02-07,,,,,,,OBL00059,EMI obligation – ZF Commercial Vehicle Control,EMI,2025-04-08,CRITICAL,,,,,,,,,,,,,,,,,,
obligations,,COMP001,,,,,,,,,,,,,,,,,,,,,,,,,,,,,,29913201.01,,,,,,,,,OVERDUE,,,,,,,,,,,,,,,,,,,,,,,SUP008,2025-04-26,,,,,,,OBL00060,OTHER obligation – Bharat Forge Ltd,OTHER,2025-06-10,HIGH,,,,,,,,,,,,,,,,,,
obligations,,COMP001,,,,,,,,,,,,,,,,,,,,,,,,,,,,,,31009612.64,,,,,,,,,PAID,,,,,,,,,,,,,,,,,,,,,,,SUP010,2025-06-01,,,,,,,OBL00061,UTILITY obligation – Valeo India Pvt Ltd,UTILITY,2025-07-31,HIGH,,,,,,,,,,,,,,,,,,
obligations,,COMP001,,,,,,,,,,,,,,,,,,,,,,,,,,,,,,34759861.88,,,,,,,,,PAID,,,,,,,,,,,,,,,,,,,,,,,SUP005,2025-08-13,,,,,,,OBL00062,TAX obligation – MRF Ltd,TAX,2025-09-27,CRITICAL,,,,,,,,,,,,,,,,,,
obligations,,COMP001,,,,,,,,,,,,,,,,,,,,,,,,,,,,,,57148200.53,,,,,,,,,PAID,,,,,,,,,,,,,,,,,,,,,,,SUP003,2025-07-12,,,,,,,OBL00063,TAX obligation – Bosch Ltd,TAX,2025-07-27,CRITICAL,,,,,,,,,,,,,,,,,,
obligations,,COMP001,,,,,,,,,,,,,,,,,,,,,,,,,,,,,,47553325.42,,,,,,,,,OVERDUE,,,,,,,,,,,,,,,,,,,,,,,SUP012,2025-08-18,,,,,,,OBL00064,RAW_MATERIAL obligation – Saint-Gobain India,RAW_MATERIAL,2025-10-17,HIGH,,,,,,,,,,,,,,,,,,
obligations,,COMP001,,,,,,,,,,,,,,,,,,,,,,,,,,,,,,24711205.9,,,,,,,,,PAID,,,,,,,,,,,,,,,,,,,,,,,SUP013,2025-09-03,,,,,,,OBL00065,REGULATORY obligation – 3M India Ltd,REGULATORY,2025-11-02,MEDIUM,,,,,,,,,,,,,,,,,,
obligations,,COMP001,,,,,,,,,,,,,,,,,,,,,,,,,,,,,,25360644.56,,,,,,,,,PAID,,,,,,,,,,,,,,,,,,,,,,,SUP009,2025-07-30,,,,,,,OBL00066,RAW_MATERIAL obligation – Sundaram-Clayton Ltd,RAW_MATERIAL,2025-09-13,HIGH,,,,,,,,,,,,,,,,,,
obligations,,COMP001,,,,,,,,,,,,,,,,,,,,,,,,,,,,,,20221944.54,,,,,,,,,PAID,,,,,,,,,,,,,,,,,,,,,,,SUP010,2025-07-30,,,,,,,OBL00067,RENT obligation – Valeo India Pvt Ltd,RENT,2025-09-28,HIGH,,,,,,,,,,,,,,,,,,
obligations,,COMP001,,,,,,,,,,,,,,,,,,,,,,,,,,,,,,54222236.07,,,,,,,,,OVERDUE,,,,,,,,,,,,,,,,,,,,,,,SUP010,2025-10-15,,,,,,,OBL00068,UTILITY obligation – Valeo India Pvt Ltd,UTILITY,2025-12-14,CRITICAL,,,,,,,,,,,,,,,,,,
obligations,,COMP001,,,,,,,,,,,,,,,,,,,,,,,,,,,,,,40821672.54,,,,,,,,,OVERDUE,,,,,,,,,,,,,,,,,,,,,,,SUP012,2025-09-04,,,,,,,OBL00069,RENT obligation – Saint-Gobain India,RENT,2025-11-03,HIGH,,,,,,,,,,,,,,,,,,
obligations,,COMP001,,,,,,,,,,,,,,,,,,,,,,,,,,,,,,55476493.03,,,,,,,,,PENDING,,,,,,,,,,,,,,,,,,,,,,,SUP009,2025-11-30,,,,,,,OBL00070,UTILITY obligation – Sundaram-Clayton Ltd,UTILITY,2026-01-14,HIGH,,,,,,,,,,,,,,,,,,
obligations,,COMP001,,,,,,,,,,,,,,,,,,,,,,,,,,,,,,46186667.44,,,,,,,,,OVERDUE,,,,,,,,,,,,,,,,,,,,,,,SUP004,2025-06-14,,,,,,,OBL00071,OTHER obligation – Denso India Pvt Ltd,OTHER,2025-07-14,CRITICAL,,,,,,,,,,,,,,,,,,
obligations,,COMP001,,,,,,,,,,,,,,,,,,,,,,,,,,,,,,51217738.76,,,,,,,,,PAID,,,,,,,,,,,,,,,,,,,,,,,SUP002,2025-10-09,,,,,,,OBL00072,TAX obligation – JSW Steel Ltd,TAX,2025-11-08,CRITICAL,,,,,,,,,,,,,,,,,,
obligations,,COMP001,,,,,,,,,,,,,,,,,,,,,,,,,,,,,,39944157.8,,,,,,,,,PAID,,,,,,,,,,,,,,,,,,,,,,,SUP002,2025-09-20,,,,,,,OBL00073,REGULATORY obligation – JSW Steel Ltd,REGULATORY,2025-10-20,CRITICAL,,,,,,,,,,,,,,,,,,
obligations,,COMP001,,,,,,,,,,,,,,,,,,,,,,,,,,,,,,4778392.99,,,,,,,,,PAID,,,,,,,,,,,,,,,,,,,,,,,SUP001,2025-03-28,,,,,,,OBL00074,UTILITY obligation – Tata Steel Ltd,UTILITY,2025-04-27,HIGH,,,,,,,,,,,,,,,,,,
obligations,,COMP001,,,,,,,,,,,,,,,,,,,,,,,,,,,,,,8619540.73,,,,,,,,,OVERDUE,,,,,,,,,,,,,,,,,,,,,,,SUP008,2025-03-25,,,,,,,OBL00075,EMI obligation – Bharat Forge Ltd,EMI,2025-05-09,HIGH,,,,,,,,,,,,,,,,,,
obligations,,COMP001,,,,,,,,,,,,,,,,,,,,,,,,,,,,,,16533138.42,,,,,,,,,PAID,,,,,,,,,,,,,,,,,,,,,,,SUP010,2025-09-03,,,,,,,OBL00076,OTHER obligation – Valeo India Pvt Ltd,OTHER,2025-11-02,HIGH,,,,,,,,,,,,,,,,,,
obligations,,COMP001,,,,,,,,,,,,,,,,,,,,,,,,,,,,,,31215432.81,,,,,,,,,OVERDUE,,,,,,,,,,,,,,,,,,,,,,,SUP004,2025-03-04,,,,,,,OBL00077,RENT obligation – Denso India Pvt Ltd,RENT,2025-04-03,CRITICAL,,,,,,,,,,,,,,,,,,
obligations,,COMP001,,,,,,,,,,,,,,,,,,,,,,,,,,,,,,10777778.6,,,,,,,,,PAID,,,,,,,,,,,,,,,,,,,,,,,SUP009,2025-07-17,,,,,,,OBL00078,EMI obligation – Sundaram-Clayton Ltd,EMI,2025-08-31,HIGH,,,,,,,,,,,,,,,,,,
obligations,,COMP001,,,,,,,,,,,,,,,,,,,,,,,,,,,,,,8709332.78,,,,,,,,,OVERDUE,,,,,,,,,,,,,,,,,,,,,,,SUP010,2025-05-07,,,,,,,OBL00079,TAX obligation – Valeo India Pvt Ltd,TAX,2025-07-06,HIGH,,,,,,,,,,,,,,,,,,
obligations,,COMP001,,,,,,,,,,,,,,,,,,,,,,,,,,,,,,13232461.69,,,,,,,,,PAID,,,,,,,,,,,,,,,,,,,,,,,SUP004,2025-02-16,,,,,,,OBL00080,REGULATORY obligation – Denso India Pvt Ltd,REGULATORY,2025-03-18,HIGH,,,,,,,,,,,,,,,,,,
obligations,,COMP001,,,,,,,,,,,,,,,,,,,,,,,,,,,,,,30091931.73,,,,,,,,,PAID,,,,,,,,,,,,,,,,,,,,,,,SUP010,2025-09-03,,,,,,,OBL00081,SALARY obligation – Valeo India Pvt Ltd,SALARY,2025-11-02,HIGH,,,,,,,,,,,,,,,,,,
obligations,,COMP001,,,,,,,,,,,,,,,,,,,,,,,,,,,,,,34229540.86,,,,,,,,,OVERDUE,,,,,,,,,,,,,,,,,,,,,,,SUP006,2025-08-21,,,,,,,OBL00082,SALARY obligation – Apollo Tyres Ltd,SALARY,2025-10-05,HIGH,,,,,,,,,,,,,,,,,,
obligations,,COMP001,,,,,,,,,,,,,,,,,,,,,,,,,,,,,,45431954.18,,,,,,,,,PAID,,,,,,,,,,,,,,,,,,,,,,,SUP013,2025-06-09,,,,,,,OBL00083,TAX obligation – 3M India Ltd,TAX,2025-08-08,HIGH,,,,,,,,,,,,,,,,,,
obligations,,COMP001,,,,,,,,,,,,,,,,,,,,,,,,,,,,,,59994510.78,,,,,,,,,PAID,,,,,,,,,,,,,,,,,,,,,,,SUP010,2025-04-10,,,,,,,OBL00084,OTHER obligation – Valeo India Pvt Ltd,OTHER,2025-06-09,CRITICAL,,,,,,,,,,,,,,,,,,
obligations,,COMP001,,,,,,,,,,,,,,,,,,,,,,,,,,,,,,59093580.01,,,,,,,,,OVERDUE,,,,,,,,,,,,,,,,,,,,,,,SUP011,2025-02-20,,,,,,,OBL00085,TAX obligation – ZF Commercial Vehicle Control,TAX,2025-04-21,CRITICAL,,,,,,,,,,,,,,,,,,
obligations,,COMP001,,,,,,,,,,,,,,,,,,,,,,,,,,,,,,12812279.86,,,,,,,,,PAID,,,,,,,,,,,,,,,,,,,,,,,SUP010,2025-04-20,,,,,,,OBL00086,SALARY obligation – Valeo India Pvt Ltd,SALARY,2025-06-19,HIGH,,,,,,,,,,,,,,,,,,
obligations,,COMP001,,,,,,,,,,,,,,,,,,,,,,,,,,,,,,51198253.69,,,,,,,,,PAID,,,,,,,,,,,,,,,,,,,,,,,SUP010,2025-10-10,,,,,,,OBL00087,REGULATORY obligation – Valeo India Pvt Ltd,REGULATORY,2025-12-09,CRITICAL,,,,,,,,,,,,,,,,,,
obligations,,COMP001,,,,,,,,,,,,,,,,,,,,,,,,,,,,,,30268604.28,,,,,,,,,OVERDUE,,,,,,,,,,,,,,,,,,,,,,,SUP013,2025-08-22,,,,,,,OBL00088,TAX obligation – 3M India Ltd,TAX,2025-10-21,HIGH,,,,,,,,,,,,,,,,,,
obligations,,COMP001,,,,,,,,,,,,,,,,,,,,,,,,,,,,,,11145083.65,,,,,,,,,OVERDUE,,,,,,,,,,,,,,,,,,,,,,,SUP006,2025-09-26,,,,,,,OBL00089,SALARY obligation – Apollo Tyres Ltd,SALARY,2025-11-10,HIGH,,,,,,,,,,,,,,,,,,
obligations,,COMP001,,,,,,,,,,,,,,,,,,,,,,,,,,,,,,18085743.07,,,,,,,,,OVERDUE,,,,,,,,,,,,,,,,,,,,,,,SUP010,2025-07-15,,,,,,,OBL00090,OTHER obligation – Valeo India Pvt Ltd,OTHER,2025-09-13,HIGH,,,,,,,,,,,,,,,,,,
obligations,,COMP001,,,,,,,,,,,,,,,,,,,,,,,,,,,,,,33853846.12,,,,,,,,,OVERDUE,,,,,,,,,,,,,,,,,,,,,,,SUP004,2025-07-14,,,,,,,OBL00091,TAX obligation – Denso India Pvt Ltd,TAX,2025-08-13,CRITICAL,,,,,,,,,,,,,,,,,,
obligations,,COMP001,,,,,,,,,,,,,,,,,,,,,,,,,,,,,,47926162.1,,,,,,,,,OVERDUE,,,,,,,,,,,,,,,,,,,,,,,SUP004,2025-01-15,,,,,,,OBL00092,EMI obligation – Denso India Pvt Ltd,EMI,2025-02-14,CRITICAL,,,,,,,,,,,,,,,,,,
obligations,,COMP001,,,,,,,,,,,,,,,,,,,,,,,,,,,,,,11618381.71,,,,,,,,,PAID,,,,,,,,,,,,,,,,,,,,,,,SUP003,2025-09-21,,,,,,,OBL00093,RENT obligation – Bosch Ltd,RENT,2025-10-06,HIGH,,,,,,,,,,,,,,,,,,
obligations,,COMP001,,,,,,,,,,,,,,,,,,,,,,,,,,,,,,26951377.17,,,,,,,,,PAID,,,,,,,,,,,,,,,,,,,,,,,SUP012,2025-10-11,,,,,,,OBL00094,SALARY obligation – Saint-Gobain India,SALARY,2025-12-10,HIGH,,,,,,,,,,,,,,,,,,
obligations,,COMP001,,,,,,,,,,,,,,,,,,,,,,,,,,,,,,33036633.52,,,,,,,,,PAID,,,,,,,,,,,,,,,,,,,,,,,SUP012,2025-04-04,,,,,,,OBL00095,UTILITY obligation – Saint-Gobain India,UTILITY,2025-06-03,HIGH,,,,,,,,,,,,,,,,,,
obligations,,COMP001,,,,,,,,,,,,,,,,,,,,,,,,,,,,,,37230896.72,,,,,,,,,PAID,,,,,,,,,,,,,,,,,,,,,,,SUP009,2025-08-30,,,,,,,OBL00096,OTHER obligation – Sundaram-Clayton Ltd,OTHER,2025-10-14,HIGH,,,,,,,,,,,,,,,,,,
obligations,,COMP001,,,,,,,,,,,,,,,,,,,,,,,,,,,,,,51706169.42,,,,,,,,,PAID,,,,,,,,,,,,,,,,,,,,,,,SUP014,2025-04-07,,,,,,,OBL00097,RENT obligation – Asian Paints Industrial,RENT,2025-05-22,HIGH,,,,,,,,,,,,,,,,,,
obligations,,COMP001,,,,,,,,,,,,,,,,,,,,,,,,,,,,,,37833566.97,,,,,,,,,PAID,,,,,,,,,,,,,,,,,,,,,,,SUP015,2025-07-31,,,,,,,OBL00098,UTILITY obligation – Castrol India Ltd,UTILITY,2025-09-14,HIGH,,,,,,,,,,,,,,,,,,
obligations,,COMP001,,,,,,,,,,,,,,,,,,,,,,,,,,,,,,4007692.36,,,,,,,,,PAID,,,,,,,,,,,,,,,,,,,,,,,SUP010,2025-03-08,,,,,,,OBL00099,RENT obligation – Valeo India Pvt Ltd,RENT,2025-05-07,MEDIUM,,,,,,,,,,,,,,,,,,
obligations,,COMP001,,,,,,,,,,,,,,,,,,,,,,,,,,,,,,40559878.79,,,,,,,,,PAID,,,,,,,,,,,,,,,,,,,,,,,SUP008,2025-01-10,,,,,,,OBL00100,RENT obligation – Bharat Forge Ltd,RENT,2025-02-24,CRITICAL,,,,,,,,,,,,,,,,,,
obligations,,COMP001,,,,,,,,,,,,,,,,,,,,,,,,,,,,,,16500309.91,,,,,,,,,PAID,,,,,,,,,,,,,,,,,,,,,,,SUP010,2025-03-16,,,,,,,OBL00101,SALARY obligation – Valeo India Pvt Ltd,SALARY,2025-05-15,HIGH,,,,,,,,,,,,,,,,,,
obligations,,COMP001,,,,,,,,,,,,,,,,,,,,,,,,,,,,,,36955313.16,,,,,,,,,PAID,,,,,,,,,,,,,,,,,,,,,,,SUP008,2025-11-12,,,,,,,OBL00102,EMI obligation – Bharat Forge Ltd,EMI,2025-12-27,CRITICAL,,,,,,,,,,,,,,,,,,
obligations,,COMP001,,,,,,,,,,,,,,,,,,,,,,,,,,,,,,15828855.48,,,,,,,,,OVERDUE,,,,,,,,,,,,,,,,,,,,,,,SUP005,2025-01-13,,,,,,,OBL00103,RAW_MATERIAL obligation – MRF Ltd,RAW_MATERIAL,2025-02-27,HIGH,,,,,,,,,,,,,,,,,,
obligations,,COMP001,,,,,,,,,,,,,,,,,,,,,,,,,,,,,,9741055.0,,,,,,,,,PAID,,,,,,,,,,,,,,,,,,,,,,,SUP015,2025-06-03,,,,,,,OBL00104,RENT obligation – Castrol India Ltd,RENT,2025-07-18,MEDIUM,,,,,,,,,,,,,,,,,,
obligations,,COMP001,,,,,,,,,,,,,,,,,,,,,,,,,,,,,,56764832.9,,,,,,,,,OVERDUE,,,,,,,,,,,,,,,,,,,,,,,SUP004,2025-11-23,,,,,,,OBL00105,TAX obligation – Denso India Pvt Ltd,TAX,2025-12-23,CRITICAL,,,,,,,,,,,,,,,,,,
obligations,,COMP001,,,,,,,,,,,,,,,,,,,,,,,,,,,,,,49303161.86,,,,,,,,,PAID,,,,,,,,,,,,,,,,,,,,,,,SUP002,2025-09-18,,,,,,,OBL00106,TAX obligation – JSW Steel Ltd,TAX,2025-10-18,CRITICAL,,,,,,,,,,,,,,,,,,
obligations,,COMP001,,,,,,,,,,,,,,,,,,,,,,,,,,,,,,37517833.87,,,,,,,,,OVERDUE,,,,,,,,,,,,,,,,,,,,,,,SUP005,2025-01-03,,,,,,,OBL00107,EMI obligation – MRF Ltd,EMI,2025-02-17,CRITICAL,,,,,,,,,,,,,,,,,,
obligations,,COMP001,,,,,,,,,,,,,,,,,,,,,,,,,,,,,,13668063.43,,,,,,,,,PAID,,,,,,,,,,,,,,,,,,,,,,,SUP015,2025-05-05,,,,,,,OBL00108,OTHER obligation – Castrol India Ltd,OTHER,2025-06-19,MEDIUM,,,,,,,,,,,,,,,,,,
obligations,,COMP001,,,,,,,,,,,,,,,,,,,,,,,,,,,,,,21684832.61,,,,,,,,,PAID,,,,,,,,,,,,,,,,,,,,,,,SUP014,2025-06-12,,,,,,,OBL00109,REGULATORY obligation – Asian Paints Industrial,REGULATORY,2025-07-27,MEDIUM,,,,,,,,,,,,,,,,,,
obligations,,COMP001,,,,,,,,,,,,,,,,,,,,,,,,,,,,,,34347600.26,,,,,,,,,PAID,,,,,,,,,,,,,,,,,,,,,,,SUP008,2025-08-31,,,,,,,OBL00110,RAW_MATERIAL obligation – Bharat Forge Ltd,RAW_MATERIAL,2025-10-15,HIGH,,,,,,,,,,,,,,,,,,
obligations,,COMP001,,,,,,,,,,,,,,,,,,,,,,,,,,,,,,18268819.63,,,,,,,,,PAID,,,,,,,,,,,,,,,,,,,,,,,SUP001,2025-08-05,,,,,,,OBL00111,REGULATORY obligation – Tata Steel Ltd,REGULATORY,2025-09-04,CRITICAL,,,,,,,,,,,,,,,,,,
obligations,,COMP001,,,,,,,,,,,,,,,,,,,,,,,,,,,,,,36446288.6,,,,,,,,,PAID,,,,,,,,,,,,,,,,,,,,,,,SUP005,2025-04-12,,,,,,,OBL00112,OTHER obligation – MRF Ltd,OTHER,2025-05-27,CRITICAL,,,,,,,,,,,,,,,,,,
obligations,,COMP001,,,,,,,,,,,,,,,,,,,,,,,,,,,,,,13539904.62,,,,,,,,,PAID,,,,,,,,,,,,,,,,,,,,,,,SUP012,2025-04-29,,,,,,,OBL00113,RENT obligation – Saint-Gobain India,RENT,2025-06-28,MEDIUM,,,,,,,,,,,,,,,,,,
obligations,,COMP001,,,,,,,,,,,,,,,,,,,,,,,,,,,,,,50341366.0,,,,,,,,,PAID,,,,,,,,,,,,,,,,,,,,,,,SUP002,2025-11-24,,,,,,,OBL00114,RENT obligation – JSW Steel Ltd,RENT,2025-12-24,CRITICAL,,,,,,,,,,,,,,,,,,
obligations,,COMP001,,,,,,,,,,,,,,,,,,,,,,,,,,,,,,28258022.07,,,,,,,,,PENDING,,,,,,,,,,,,,,,,,,,,,,,SUP010,2025-12-13,,,,,,,OBL00115,UTILITY obligation – Valeo India Pvt Ltd,UTILITY,2026-02-11,MEDIUM,,,,,,,,,,,,,,,,,,
obligations,,COMP001,,,,,,,,,,,,,,,,,,,,,,,,,,,,,,48213058.28,,,,,,,,,PAID,,,,,,,,,,,,,,,,,,,,,,,SUP006,2025-11-08,,,,,,,OBL00116,REGULATORY obligation – Apollo Tyres Ltd,REGULATORY,2025-12-23,CRITICAL,,,,,,,,,,,,,,,,,,
obligations,,COMP001,,,,,,,,,,,,,,,,,,,,,,,,,,,,,,45364082.47,,,,,,,,,PENDING,,,,,,,,,,,,,,,,,,,,,,,SUP009,2025-11-25,,,,,,,OBL00117,REGULATORY obligation – Sundaram-Clayton Ltd,REGULATORY,2026-01-09,HIGH,,,,,,,,,,,,,,,,,,
obligations,,COMP001,,,,,,,,,,,,,,,,,,,,,,,,,,,,,,19890219.53,,,,,,,,,PAID,,,,,,,,,,,,,,,,,,,,,,,SUP007,2025-03-17,,,,,,,OBL00118,RENT obligation – Motherson Sumi Systems Ltd,RENT,2025-04-16,HIGH,,,,,,,,,,,,,,,,,,
obligations,,COMP001,,,,,,,,,,,,,,,,,,,,,,,,,,,,,,17147123.38,,,,,,,,,PAID,,,,,,,,,,,,,,,,,,,,,,,SUP012,2025-03-20,,,,,,,OBL00119,REGULATORY obligation – Saint-Gobain India,REGULATORY,2025-05-19,MEDIUM,,,,,,,,,,,,,,,,,,
obligations,,COMP001,,,,,,,,,,,,,,,,,,,,,,,,,,,,,,4701351.38,,,,,,,,,PENDING,,,,,,,,,,,,,,,,,,,,,,,SUP009,2025-12-03,,,,,,,OBL00120,OTHER obligation – Sundaram-Clayton Ltd,OTHER,2026-01-17,MEDIUM,,,,,,,,,,,,,,,,,,
obligations,,COMP001,,,,,,,,,,,,,,,,,,,,,,,,,,,,,,31797930.05,,,,,,,,,OVERDUE,,,,,,,,,,,,,,,,,,,,,,,SUP013,2025-01-10,,,,,,,OBL00121,OTHER obligation – 3M India Ltd,OTHER,2025-03-11,HIGH,,,,,,,,,,,,,,,,,,
obligations,,COMP001,,,,,,,,,,,,,,,,,,,,,,,,,,,,,,45984810.15,,,,,,,,,PAID,,,,,,,,,,,,,,,,,,,,,,,SUP010,2025-05-01,,,,,,,OBL00122,REGULATORY obligation – Valeo India Pvt Ltd,REGULATORY,2025-06-30,HIGH,,,,,,,,,,,,,,,,,,
obligations,,COMP001,,,,,,,,,,,,,,,,,,,,,,,,,,,,,,12251289.91,,,,,,,,,PAID,,,,,,,,,,,,,,,,,,,,,,,SUP007,2025-06-05,,,,,,,OBL00123,RAW_MATERIAL obligation – Motherson Sumi Systems Ltd,RAW_MATERIAL,2025-07-05,HIGH,,,,,,,,,,,,,,,,,,
obligations,,COMP001,,,,,,,,,,,,,,,,,,,,,,,,,,,,,,33811563.99,,,,,,,,,OVERDUE,,,,,,,,,,,,,,,,,,,,,,,SUP005,2025-07-16,,,,,,,OBL00124,UTILITY obligation – MRF Ltd,UTILITY,2025-08-30,CRITICAL,,,,,,,,,,,,,,,,,,
obligations,,COMP001,,,,,,,,,,,,,,,,,,,,,,,,,,,,,,12473042.01,,,,,,,,,PAID,,,,,,,,,,,,,,,,,,,,,,,SUP002,2025-02-20,,,,,,,OBL00125,SALARY obligation – JSW Steel Ltd,SALARY,2025-03-22,HIGH,,,,,,,,,,,,,,,,,,
obligations,,COMP001,,,,,,,,,,,,,,,,,,,,,,,,,,,,,,11683010.52,,,,,,,,,PENDING,,,,,,,,,,,,,,,,,,,,,,,SUP002,2025-11-29,,,,,,,OBL00126,UTILITY obligation – JSW Steel Ltd,UTILITY,2025-12-29,HIGH,,,,,,,,,,,,,,,,,,
obligations,,COMP001,,,,,,,,,,,,,,,,,,,,,,,,,,,,,,23802403.2,,,,,,,,,OVERDUE,,,,,,,,,,,,,,,,,,,,,,,SUP011,2025-05-13,,,,,,,OBL00127,UTILITY obligation – ZF Commercial Vehicle Control,UTILITY,2025-07-12,HIGH,,,,,,,,,,,,,,,,,,
obligations,,COMP001,,,,,,,,,,,,,,,,,,,,,,,,,,,,,,59855939.91,,,,,,,,,PAID,,,,,,,,,,,,,,,,,,,,,,,SUP014,2025-06-14,,,,,,,OBL00128,EMI obligation – Asian Paints Industrial,EMI,2025-07-29,HIGH,,,,,,,,,,,,,,,,,,
obligations,,COMP001,,,,,,,,,,,,,,,,,,,,,,,,,,,,,,27844942.83,,,,,,,,,OVERDUE,,,,,,,,,,,,,,,,,,,,,,,SUP013,2025-10-24,,,,,,,OBL00129,RENT obligation – 3M India Ltd,RENT,2025-12-23,HIGH,,,,,,,,,,,,,,,,,,
obligations,,COMP001,,,,,,,,,,,,,,,,,,,,,,,,,,,,,,8805869.48,,,,,,,,,PAID,,,,,,,,,,,,,,,,,,,,,,,SUP003,2025-02-18,,,,,,,OBL00130,EMI obligation – Bosch Ltd,EMI,2025-03-05,HIGH,,,,,,,,,,,,,,,,,,
obligations,,COMP001,,,,,,,,,,,,,,,,,,,,,,,,,,,,,,57526572.96,,,,,,,,,PAID,,,,,,,,,,,,,,,,,,,,,,,SUP009,2025-02-25,,,,,,,OBL00131,EMI obligation – Sundaram-Clayton Ltd,EMI,2025-04-11,CRITICAL,,,,,,,,,,,,,,,,,,
obligations,,COMP001,,,,,,,,,,,,,,,,,,,,,,,,,,,,,,39778159.95,,,,,,,,,OVERDUE,,,,,,,,,,,,,,,,,,,,,,,SUP008,2025-10-25,,,,,,,OBL00132,RENT obligation – Bharat Forge Ltd,RENT,2025-12-09,CRITICAL,,,,,,,,,,,,,,,,,,
obligations,,COMP001,,,,,,,,,,,,,,,,,,,,,,,,,,,,,,46094880.92,,,,,,,,,PAID,,,,,,,,,,,,,,,,,,,,,,,SUP010,2025-09-24,,,,,,,OBL00133,REGULATORY obligation – Valeo India Pvt Ltd,REGULATORY,2025-11-23,CRITICAL,,,,,,,,,,,,,,,,,,
obligations,,COMP001,,,,,,,,,,,,,,,,,,,,,,,,,,,,,,19572614.3,,,,,,,,,OVERDUE,,,,,,,,,,,,,,,,,,,,,,,SUP004,2025-10-13,,,,,,,OBL00134,OTHER obligation – Denso India Pvt Ltd,OTHER,2025-11-12,HIGH,,,,,,,,,,,,,,,,,,
obligations,,COMP001,,,,,,,,,,,,,,,,,,,,,,,,,,,,,,18926240.77,,,,,,,,,OVERDUE,,,,,,,,,,,,,,,,,,,,,,,SUP005,2025-01-12,,,,,,,OBL00135,RENT obligation – MRF Ltd,RENT,2025-02-26,HIGH,,,,,,,,,,,,,,,,,,
obligations,,COMP001,,,,,,,,,,,,,,,,,,,,,,,,,,,,,,37869920.91,,,,,,,,,PAID,,,,,,,,,,,,,,,,,,,,,,,SUP007,2025-08-18,,,,,,,OBL00136,RAW_MATERIAL obligation – Motherson Sumi Systems Ltd,RAW_MATERIAL,2025-09-17,CRITICAL,,,,,,,,,,,,,,,,,,
obligations,,COMP001,,,,,,,,,,,,,,,,,,,,,,,,,,,,,,54092703.7,,,,,,,,,PAID,,,,,,,,,,,,,,,,,,,,,,,SUP010,2025-07-28,,,,,,,OBL00137,RENT obligation – Valeo India Pvt Ltd,RENT,2025-09-26,CRITICAL,,,,,,,,,,,,,,,,,,
obligations,,COMP001,,,,,,,,,,,,,,,,,,,,,,,,,,,,,,23894504.31,,,,,,,,,PAID,,,,,,,,,,,,,,,,,,,,,,,SUP007,2025-04-18,,,,,,,OBL00138,RENT obligation – Motherson Sumi Systems Ltd,RENT,2025-05-18,HIGH,,,,,,,,,,,,,,,,,,
obligations,,COMP001,,,,,,,,,,,,,,,,,,,,,,,,,,,,,,49886172.85,,,,,,,,,PAID,,,,,,,,,,,,,,,,,,,,,,,SUP002,2025-09-28,,,,,,,OBL00139,EMI obligation – JSW Steel Ltd,EMI,2025-10-28,CRITICAL,,,,,,,,,,,,,,,,,,
obligations,,COMP001,,,,,,,,,,,,,,,,,,,,,,,,,,,,,,31647643.88,,,,,,,,,PAID,,,,,,,,,,,,,,,,,,,,,,,SUP005,2025-04-17,,,,,,,OBL00140,EMI obligation – MRF Ltd,EMI,2025-06-01,HIGH,,,,,,,,,,,,,,,,,,
obligations,,COMP001,,,,,,,,,,,,,,,,,,,,,,,,,,,,,,59849274.93,,,,,,,,,PAID,,,,,,,,,,,,,,,,,,,,,,,SUP014,2025-06-12,,,,,,,OBL00141,OTHER obligation – Asian Paints Industrial,OTHER,2025-07-27,HIGH,,,,,,,,,,,,,,,,,,
obligations,,COMP001,,,,,,,,,,,,,,,,,,,,,,,,,,,,,,53385572.22,,,,,,,,,PAID,,,,,,,,,,,,,,,,,,,,,,,SUP013,2025-01-16,,,,,,,OBL00142,OTHER obligation – 3M India Ltd,OTHER,2025-03-17,HIGH,,,,,,,,,,,,,,,,,,
obligations,,COMP001,,,,,,,,,,,,,,,,,,,,,,,,,,,,,,3186097.46,,,,,,,,,PAID,,,,,,,,,,,,,,,,,,,,,,,SUP012,2025-04-17,,,,,,,OBL00143,UTILITY obligation – Saint-Gobain India,UTILITY,2025-06-16,MEDIUM,,,,,,,,,,,,,,,,,,
obligations,,COMP001,,,,,,,,,,,,,,,,,,,,,,,,,,,,,,55035278.16,,,,,,,,,PENDING,,,,,,,,,,,,,,,,,,,,,,,SUP013,2025-11-13,,,,,,,OBL00144,OTHER obligation – 3M India Ltd,OTHER,2026-01-12,HIGH,,,,,,,,,,,,,,,,,,
obligations,,COMP001,,,,,,,,,,,,,,,,,,,,,,,,,,,,,,16322814.17,,,,,,,,,PAID,,,,,,,,,,,,,,,,,,,,,,,SUP002,2025-04-05,,,,,,,OBL00145,TAX obligation – JSW Steel Ltd,TAX,2025-05-05,HIGH,,,,,,,,,,,,,,,,,,
obligations,,COMP001,,,,,,,,,,,,,,,,,,,,,,,,,,,,,,10660241.54,,,,,,,,,PAID,,,,,,,,,,,,,,,,,,,,,,,SUP015,2025-05-30,,,,,,,OBL00146,RAW_MATERIAL obligation – Castrol India Ltd,RAW_MATERIAL,2025-07-14,MEDIUM,,,,,,,,,,,,,,,,,,
obligations,,COMP001,,,,,,,,,,,,,,,,,,,,,,,,,,,,,,12177390.07,,,,,,,,,OVERDUE,,,,,,,,,,,,,,,,,,,,,,,SUP010,2025-01-16,,,,,,,OBL00147,UTILITY obligation – Valeo India Pvt Ltd,UTILITY,2025-03-17,HIGH,,,,,,,,,,,,,,,,,,
obligations,,COMP001,,,,,,,,,,,,,,,,,,,,,,,,,,,,,,52241925.52,,,,,,,,,OVERDUE,,,,,,,,,,,,,,,,,,,,,,,SUP012,2025-04-19,,,,,,,OBL00148,RENT obligation – Saint-Gobain India,RENT,2025-06-18,HIGH,,,,,,,,,,,,,,,,,,
obligations,,COMP001,,,,,,,,,,,,,,,,,,,,,,,,,,,,,,27847143.59,,,,,,,,,PAID,,,,,,,,,,,,,,,,,,,,,,,SUP011,2025-05-01,,,,,,,OBL00149,UTILITY obligation – ZF Commercial Vehicle Control,UTILITY,2025-06-30,HIGH,,,,,,,,,,,,,,,,,,
obligations,,COMP001,,,,,,,,,,,,,,,,,,,,,,,,,,,,,,52088526.31,,,,,,,,,PAID,,,,,,,,,,,,,,,,,,,,,,,SUP009,2025-11-12,,,,,,,OBL00150,OTHER obligation – Sundaram-Clayton Ltd,OTHER,2025-12-27,CRITICAL,,,,,,,,,,,,,,,,,,
obligations,,COMP001,,,,,,,,,,,,,,,,,,,,,,,,,,,,,,57860667.13,,,,,,,,,OVERDUE,,,,,,,,,,,,,,,,,,,,,,,SUP001,2025-03-05,,,,,,,OBL00151,UTILITY obligation – Tata Steel Ltd,UTILITY,2025-04-04,CRITICAL,,,,,,,,,,,,,,,,,,
obligations,,COMP001,,,,,,,,,,,,,,,,,,,,,,,,,,,,,,37852297.44,,,,,,,,,OVERDUE,,,,,,,,,,,,,,,,,,,,,,,SUP006,2025-01-15,,,,,,,OBL00152,UTILITY obligation – Apollo Tyres Ltd,UTILITY,2025-03-01,HIGH,,,,,,,,,,,,,,,,,,
obligations,,COMP001,,,,,,,,,,,,,,,,,,,,,,,,,,,,,,8873178.31,,,,,,,,,PAID,,,,,,,,,,,,,,,,,,,,,,,SUP007,2025-04-19,,,,,,,OBL00153,REGULATORY obligation – Motherson Sumi Systems Ltd,REGULATORY,2025-05-19,HIGH,,,,,,,,,,,,,,,,,,
obligations,,COMP001,,,,,,,,,,,,,,,,,,,,,,,,,,,,,,23975244.73,,,,,,,,,PAID,,,,,,,,,,,,,,,,,,,,,,,SUP004,2025-03-17,,,,,,,OBL00154,TAX obligation – Denso India Pvt Ltd,TAX,2025-04-16,CRITICAL,,,,,,,,,,,,,,,,,,
obligations,,COMP001,,,,,,,,,,,,,,,,,,,,,,,,,,,,,,47130519.54,,,,,,,,,PAID,,,,,,,,,,,,,,,,,,,,,,,SUP009,2025-07-14,,,,,,,OBL00155,SALARY obligation – Sundaram-Clayton Ltd,SALARY,2025-08-28,CRITICAL,,,,,,,,,,,,,,,,,,
obligations,,COMP001,,,,,,,,,,,,,,,,,,,,,,,,,,,,,,15710412.34,,,,,,,,,PENDING,,,,,,,,,,,,,,,,,,,,,,,SUP013,2025-12-09,,,,,,,OBL00156,SALARY obligation – 3M India Ltd,SALARY,2026-02-07,LOW,,,,,,,,,,,,,,,,,,
obligations,,COMP001,,,,,,,,,,,,,,,,,,,,,,,,,,,,,,21013059.98,,,,,,,,,OVERDUE,,,,,,,,,,,,,,,,,,,,,,,SUP015,2025-10-15,,,,,,,OBL00157,SALARY obligation – Castrol India Ltd,SALARY,2025-11-29,MEDIUM,,,,,,,,,,,,,,,,,,
obligations,,COMP001,,,,,,,,,,,,,,,,,,,,,,,,,,,,,,33207449.01,,,,,,,,,OVERDUE,,,,,,,,,,,,,,,,,,,,,,,SUP008,2025-01-27,,,,,,,OBL00158,RAW_MATERIAL obligation – Bharat Forge Ltd,RAW_MATERIAL,2025-03-13,HIGH,,,,,,,,,,,,,,,,,,
obligations,,COMP001,,,,,,,,,,,,,,,,,,,,,,,,,,,,,,28852113.32,,,,,,,,,PAID,,,,,,,,,,,,,,,,,,,,,,,SUP015,2025-03-20,,,,,,,OBL00159,RENT obligation – Castrol India Ltd,RENT,2025-05-04,MEDIUM,,,,,,,,,,,,,,,,,,
obligations,,COMP001,,,,,,,,,,,,,,,,,,,,,,,,,,,,,,6406840.85,,,,,,,,,PAID,,,,,,,,,,,,,,,,,,,,,,,SUP005,2025-04-06,,,,,,,OBL00160,REGULATORY obligation – MRF Ltd,REGULATORY,2025-05-21,HIGH,,,,,,,,,,,,,,,,,,
obligations,,COMP001,,,,,,,,,,,,,,,,,,,,,,,,,,,,,,14201948.17,,,,,,,,,PAID,,,,,,,,,,,,,,,,,,,,,,,SUP006,2025-06-28,,,,,,,OBL00161,UTILITY obligation – Apollo Tyres Ltd,UTILITY,2025-08-12,HIGH,,,,,,,,,,,,,,,,,,
obligations,,COMP001,,,,,,,,,,,,,,,,,,,,,,,,,,,,,,17812070.36,,,,,,,,,OVERDUE,,,,,,,,,,,,,,,,,,,,,,,SUP011,2025-10-17,,,,,,,OBL00162,SALARY obligation – ZF Commercial Vehicle Control,SALARY,2025-12-16,HIGH,,,,,,,,,,,,,,,,,,
obligations,,COMP001,,,,,,,,,,,,,,,,,,,,,,,,,,,,,,42532191.01,,,,,,,,,OVERDUE,,,,,,,,,,,,,,,,,,,,,,,SUP010,2025-04-27,,,,,,,OBL00163,EMI obligation – Valeo India Pvt Ltd,EMI,2025-06-26,HIGH,,,,,,,,,,,,,,,,,,
obligations,,COMP001,,,,,,,,,,,,,,,,,,,,,,,,,,,,,,41396187.27,,,,,,,,,PENDING,,,,,,,,,,,,,,,,,,,,,,,SUP009,2025-12-14,,,,,,,OBL00164,TAX obligation – Sundaram-Clayton Ltd,TAX,2026-01-28,HIGH,,,,,,,,,,,,,,,,,,
obligations,,COMP001,,,,,,,,,,,,,,,,,,,,,,,,,,,,,,28632098.21,,,,,,,,,OVERDUE,,,,,,,,,,,,,,,,,,,,,,,SUP013,2025-10-11,,,,,,,OBL00165,EMI obligation – 3M India Ltd,EMI,2025-12-10,HIGH,,,,,,,,,,,,,,,,,,
obligations,,COMP001,,,,,,,,,,,,,,,,,,,,,,,,,,,,,,16886672.91,,,,,,,,,OVERDUE,,,,,,,,,,,,,,,,,,,,,,,SUP010,2025-03-25,,,,,,,OBL00166,TAX obligation – Valeo India Pvt Ltd,TAX,2025-05-24,HIGH,,,,,,,,,,,,,,,,,,
obligations,,COMP001,,,,,,,,,,,,,,,,,,,,,,,,,,,,,,56848903.72,,,,,,,,,PAID,,,,,,,,,,,,,,,,,,,,,,,SUP003,2025-08-08,,,,,,,OBL00167,SALARY obligation – Bosch Ltd,SALARY,2025-08-23,CRITICAL,,,,,,,,,,,,,,,,,,
obligations,,COMP001,,,,,,,,,,,,,,,,,,,,,,,,,,,,,,14396359.21,,,,,,,,,OVERDUE,,,,,,,,,,,,,,,,,,,,,,,SUP002,2025-04-05,,,,,,,OBL00168,RENT obligation – JSW Steel Ltd,RENT,2025-05-05,HIGH,,,,,,,,,,,,,,,,,,
obligations,,COMP001,,,,,,,,,,,,,,,,,,,,,,,,,,,,,,35531551.92,,,,,,,,,OVERDUE,,,,,,,,,,,,,,,,,,,,,,,SUP012,2025-06-04,,,,,,,OBL00169,RAW_MATERIAL obligation – Saint-Gobain India,RAW_MATERIAL,2025-08-03,HIGH,,,,,,,,,,,,,,,,,,
obligations,,COMP001,,,,,,,,,,,,,,,,,,,,,,,,,,,,,,42016082.64,,,,,,,,,PENDING,,,,,,,,,,,,,,,,,,,,,,,SUP005,2025-11-28,,,,,,,OBL00170,SALARY obligation – MRF Ltd,SALARY,2026-01-12,HIGH,,,,,,,,,,,,,,,,,,
obligations,,COMP001,,,,,,,,,,,,,,,,,,,,,,,,,,,,,,8183923.85,,,,,,,,,PAID,,,,,,,,,,,,,,,,,,,,,,,SUP010,2025-04-07,,,,,,,OBL00171,REGULATORY obligation – Valeo India Pvt Ltd,REGULATORY,2025-06-06,HIGH,,,,,,,,,,,,,,,,,,
obligations,,COMP001,,,,,,,,,,,,,,,,,,,,,,,,,,,,,,20987988.13,,,,,,,,,PAID,,,,,,,,,,,,,,,,,,,,,,,SUP015,2025-09-29,,,,,,,OBL00172,RAW_MATERIAL obligation – Castrol India Ltd,RAW_MATERIAL,2025-11-13,MEDIUM,,,,,,,,,,,,,,,,,,
obligations,,COMP001,,,,,,,,,,,,,,,,,,,,,,,,,,,,,,32006309.42,,,,,,,,,OVERDUE,,,,,,,,,,,,,,,,,,,,,,,SUP006,2025-05-02,,,,,,,OBL00173,TAX obligation – Apollo Tyres Ltd,TAX,2025-06-16,HIGH,,,,,,,,,,,,,,,,,,
obligations,,COMP001,,,,,,,,,,,,,,,,,,,,,,,,,,,,,,56850063.73,,,,,,,,,PAID,,,,,,,,,,,,,,,,,,,,,,,SUP009,2025-07-30,,,,,,,OBL00174,OTHER obligation – Sundaram-Clayton Ltd,OTHER,2025-09-13,CRITICAL,,,,,,,,,,,,,,,,,,
obligations,,COMP001,,,,,,,,,,,,,,,,,,,,,,,,,,,,,,42798310.79,,,,,,,,,PAID,,,,,,,,,,,,,,,,,,,,,,,SUP005,2025-03-05,,,,,,,OBL00175,OTHER obligation – MRF Ltd,OTHER,2025-04-19,CRITICAL,,,,,,,,,,,,,,,,,,
obligations,,COMP001,,,,,,,,,,,,,,,,,,,,,,,,,,,,,,58645838.54,,,,,,,,,OVERDUE,,,,,,,,,,,,,,,,,,,,,,,SUP001,2025-06-22,,,,,,,OBL00176,UTILITY obligation – Tata Steel Ltd,UTILITY,2025-07-22,CRITICAL,,,,,,,,,,,,,,,,,,
obligations,,COMP001,,,,,,,,,,,,,,,,,,,,,,,,,,,,,,42111436.16,,,,,,,,,PAID,,,,,,,,,,,,,,,,,,,,,,,SUP008,2025-03-04,,,,,,,OBL00177,EMI obligation – Bharat Forge Ltd,EMI,2025-04-18,CRITICAL,,,,,,,,,,,,,,,,,,
obligations,,COMP001,,,,,,,,,,,,,,,,,,,,,,,,,,,,,,32922044.33,,,,,,,,,OVERDUE,,,,,,,,,,,,,,,,,,,,,,,SUP008,2025-08-28,,,,,,,OBL00178,RAW_MATERIAL obligation – Bharat Forge Ltd,RAW_MATERIAL,2025-10-12,HIGH,,,,,,,,,,,,,,,,,,
obligations,,COMP001,,,,,,,,,,,,,,,,,,,,,,,,,,,,,,29072974.28,,,,,,,,,PAID,,,,,,,,,,,,,,,,,,,,,,,SUP003,2025-02-25,,,,,,,OBL00179,REGULATORY obligation – Bosch Ltd,REGULATORY,2025-03-12,CRITICAL,,,,,,,,,,,,,,,,,,
obligations,,COMP001,,,,,,,,,,,,,,,,,,,,,,,,,,,,,,35222851.45,,,,,,,,,PAID,,,,,,,,,,,,,,,,,,,,,,,SUP008,2025-01-10,,,,,,,OBL00180,EMI obligation – Bharat Forge Ltd,EMI,2025-02-24,HIGH,,,,,,,,,,,,,,,,,,
obligations,,COMP001,,,,,,,,,,,,,,,,,,,,,,,,,,,,,,10238787.77,,,,,,,,,PAID,,,,,,,,,,,,,,,,,,,,,,,SUP013,2025-03-10,,,,,,,OBL00181,OTHER obligation – 3M India Ltd,OTHER,2025-05-09,MEDIUM,,,,,,,,,,,,,,,,,,
obligations,,COMP001,,,,,,,,,,,,,,,,,,,,,,,,,,,,,,5777448.08,,,,,,,,,PENDING,,,,,,,,,,,,,,,,,,,,,,,SUP008,2025-11-16,,,,,,,OBL00182,REGULATORY obligation – Bharat Forge Ltd,REGULATORY,2025-12-31,HIGH,,,,,,,,,,,,,,,,,,
obligations,,COMP001,,,,,,,,,,,,,,,,,,,,,,,,,,,,,,26677932.37,,,,,,,,,OVERDUE,,,,,,,,,,,,,,,,,,,,,,,SUP003,2025-02-22,,,,,,,OBL00183,TAX obligation – Bosch Ltd,TAX,2025-03-09,CRITICAL,,,,,,,,,,,,,,,,,,
obligations,,COMP001,,,,,,,,,,,,,,,,,,,,,,,,,,,,,,53835712.28,,,,,,,,,PENDING,,,,,,,,,,,,,,,,,,,,,,,SUP010,2025-12-09,,,,,,,OBL00184,TAX obligation – Valeo India Pvt Ltd,TAX,2026-02-07,HIGH,,,,,,,,,,,,,,,,,,
obligations,,COMP001,,,,,,,,,,,,,,,,,,,,,,,,,,,,,,8571811.23,,,,,,,,,PAID,,,,,,,,,,,,,,,,,,,,,,,SUP005,2025-11-16,,,,,,,OBL00185,REGULATORY obligation – MRF Ltd,REGULATORY,2025-12-31,HIGH,,,,,,,,,,,,,,,,,,
obligations,,COMP001,,,,,,,,,,,,,,,,,,,,,,,,,,,,,,41638219.31,,,,,,,,,OVERDUE,,,,,,,,,,,,,,,,,,,,,,,SUP001,2025-05-15,,,,,,,OBL00186,RAW_MATERIAL obligation – Tata Steel Ltd,RAW_MATERIAL,2025-06-14,CRITICAL,,,,,,,,,,,,,,,,,,
obligations,,COMP001,,,,,,,,,,,,,,,,,,,,,,,,,,,,,,40502413.38,,,,,,,,,OVERDUE,,,,,,,,,,,,,,,,,,,,,,,SUP005,2025-10-24,,,,,,,OBL00187,SALARY obligation – MRF Ltd,SALARY,2025-12-08,CRITICAL,,,,,,,,,,,,,,,,,,
obligations,,COMP001,,,,,,,,,,,,,,,,,,,,,,,,,,,,,,16740000.03,,,,,,,,,PENDING,,,,,,,,,,,,,,,,,,,,,,,SUP002,2025-12-16,,,,,,,OBL00188,REGULATORY obligation – JSW Steel Ltd,REGULATORY,2026-01-15,HIGH,,,,,,,,,,,,,,,,,,
obligations,,COMP001,,,,,,,,,,,,,,,,,,,,,,,,,,,,,,52528372.28,,,,,,,,,PAID,,,,,,,,,,,,,,,,,,,,,,,SUP011,2025-03-10,,,,,,,OBL00189,EMI obligation – ZF Commercial Vehicle Control,EMI,2025-05-09,CRITICAL,,,,,,,,,,,,,,,,,,
obligations,,COMP001,,,,,,,,,,,,,,,,,,,,,,,,,,,,,,27917765.88,,,,,,,,,PENDING,,,,,,,,,,,,,,,,,,,,,,,SUP015,2025-11-13,,,,,,,OBL00190,EMI obligation – Castrol India Ltd,EMI,2025-12-28,MEDIUM,,,,,,,,,,,,,,,,,,
obligations,,COMP001,,,,,,,,,,,,,,,,,,,,,,,,,,,,,,21809053.34,,,,,,,,,PAID,,,,,,,,,,,,,,,,,,,,,,,SUP015,2025-04-23,,,,,,,OBL00191,SALARY obligation – Castrol India Ltd,SALARY,2025-06-07,MEDIUM,,,,,,,,,,,,,,,,,,
obligations,,COMP001,,,,,,,,,,,,,,,,,,,,,,,,,,,,,,34022753.46,,,,,,,,,PENDING,,,,,,,,,,,,,,,,,,,,,,,SUP014,2025-11-18,,,,,,,OBL00192,RENT obligation – Asian Paints Industrial,RENT,2026-01-02,HIGH,,,,,,,,,,,,,,,,,,
obligations,,COMP001,,,,,,,,,,,,,,,,,,,,,,,,,,,,,,11239397.93,,,,,,,,,PAID,,,,,,,,,,,,,,,,,,,,,,,SUP012,2025-07-28,,,,,,,OBL00193,TAX obligation – Saint-Gobain India,TAX,2025-09-26,MEDIUM,,,,,,,,,,,,,,,,,,
obligations,,COMP001,,,,,,,,,,,,,,,,,,,,,,,,,,,,,,37694410.46,,,,,,,,,PAID,,,,,,,,,,,,,,,,,,,,,,,SUP014,2025-05-30,,,,,,,OBL00194,SALARY obligation – Asian Paints Industrial,SALARY,2025-07-14,HIGH,,,,,,,,,,,,,,,,,,
obligations,,COMP001,,,,,,,,,,,,,,,,,,,,,,,,,,,,,,59963782.79,,,,,,,,,OVERDUE,,,,,,,,,,,,,,,,,,,,,,,SUP008,2025-02-02,,,,,,,OBL00195,RENT obligation – Bharat Forge Ltd,RENT,2025-03-19,CRITICAL,,,,,,,,,,,,,,,,,,
obligations,,COMP001,,,,,,,,,,,,,,,,,,,,,,,,,,,,,,42149907.83,,,,,,,,,PAID,,,,,,,,,,,,,,,,,,,,,,,SUP011,2025-04-29,,,,,,,OBL00196,UTILITY obligation – ZF Commercial Vehicle Control,UTILITY,2025-06-28,CRITICAL,,,,,,,,,,,,,,,,,,
obligations,,COMP001,,,,,,,,,,,,,,,,,,,,,,,,,,,,,,22624749.24,,,,,,,,,PENDING,,,,,,,,,,,,,,,,,,,,,,,SUP013,2025-12-05,,,,,,,OBL00197,SALARY obligation – 3M India Ltd,SALARY,2026-02-03,MEDIUM,,,,,,,,,,,,,,,,,,
obligations,,COMP001,,,,,,,,,,,,,,,,,,,,,,,,,,,,,,9314430.27,,,,,,,,,OVERDUE,,,,,,,,,,,,,,,,,,,,,,,SUP003,2025-05-15,,,,,,,OBL00198,RAW_MATERIAL obligation – Bosch Ltd,RAW_MATERIAL,2025-05-30,HIGH,,,,,,,,,,,,,,,,,,
obligations,,COMP001,,,,,,,,,,,,,,,,,,,,,,,,,,,,,,43606945.33,,,,,,,,,PAID,,,,,,,,,,,,,,,,,,,,,,,SUP015,2025-11-04,,,,,,,OBL00199,REGULATORY obligation – Castrol India Ltd,REGULATORY,2025-12-19,HIGH,,,,,,,,,,,,,,,,,,
obligations,,COMP001,,,,,,,,,,,,,,,,,,,,,,,,,,,,,,54472883.35,,,,,,,,,PAID,,,,,,,,,,,,,,,,,,,,,,,SUP008,2025-04-12,,,,,,,OBL00200,RENT obligation – Bharat Forge Ltd,RENT,2025-05-27,CRITICAL,,,,,,,,,,,,,,,,,,
obligations,,COMP001,,,,,,,,,,,,,,,,,,,,,,,,,,,,,,17149435.05,,,,,,,,,PAID,,,,,,,,,,,,,,,,,,,,,,,SUP006,2025-07-13,,,,,,,OBL00201,RAW_MATERIAL obligation – Apollo Tyres Ltd,RAW_MATERIAL,2025-08-27,HIGH,,,,,,,,,,,,,,,,,,
obligations,,COMP001,,,,,,,,,,,,,,,,,,,,,,,,,,,,,,25459010.28,,,,,,,,,PAID,,,,,,,,,,,,,,,,,,,,,,,SUP001,2025-01-14,,,,,,,OBL00202,TAX obligation – Tata Steel Ltd,TAX,2025-02-13,CRITICAL,,,,,,,,,,,,,,,,,,
obligations,,COMP001,,,,,,,,,,,,,,,,,,,,,,,,,,,,,,5820593.76,,,,,,,,,OVERDUE,,,,,,,,,,,,,,,,,,,,,,,SUP007,2025-03-06,,,,,,,OBL00203,UTILITY obligation – Motherson Sumi Systems Ltd,UTILITY,2025-04-05,HIGH,,,,,,,,,,,,,,,,,,
obligations,,COMP001,,,,,,,,,,,,,,,,,,,,,,,,,,,,,,21774369.38,,,,,,,,,PAID,,,,,,,,,,,,,,,,,,,,,,,SUP006,2025-10-04,,,,,,,OBL00204,OTHER obligation – Apollo Tyres Ltd,OTHER,2025-11-18,HIGH,,,,,,,,,,,,,,,,,,
obligations,,COMP001,,,,,,,,,,,,,,,,,,,,,,,,,,,,,,30394038.01,,,,,,,,,PAID,,,,,,,,,,,,,,,,,,,,,,,SUP002,2025-07-08,,,,,,,OBL00205,SALARY obligation – JSW Steel Ltd,SALARY,2025-08-07,CRITICAL,,,,,,,,,,,,,,,,,,
obligations,,COMP001,,,,,,,,,,,,,,,,,,,,,,,,,,,,,,52517630.53,,,,,,,,,PAID,,,,,,,,,,,,,,,,,,,,,,,SUP008,2025-09-01,,,,,,,OBL00206,SALARY obligation – Bharat Forge Ltd,SALARY,2025-10-16,CRITICAL,,,,,,,,,,,,,,,,,,
obligations,,COMP001,,,,,,,,,,,,,,,,,,,,,,,,,,,,,,42483577.38,,,,,,,,,OVERDUE,,,,,,,,,,,,,,,,,,,,,,,SUP015,2025-08-02,,,,,,,OBL00207,EMI obligation – Castrol India Ltd,EMI,2025-09-16,HIGH,,,,,,,,,,,,,,,,,,
obligations,,COMP001,,,,,,,,,,,,,,,,,,,,,,,,,,,,,,59619048.51,,,,,,,,,PAID,,,,,,,,,,,,,,,,,,,,,,,SUP002,2025-06-12,,,,,,,OBL00208,TAX obligation – JSW Steel Ltd,TAX,2025-07-12,CRITICAL,,,,,,,,,,,,,,,,,,
obligations,,COMP001,,,,,,,,,,,,,,,,,,,,,,,,,,,,,,37505685.46,,,,,,,,,PAID,,,,,,,,,,,,,,,,,,,,,,,SUP001,2025-02-22,,,,,,,OBL00209,EMI obligation – Tata Steel Ltd,EMI,2025-03-24,CRITICAL,,,,,,,,,,,,,,,,,,
obligations,,COMP001,,,,,,,,,,,,,,,,,,,,,,,,,,,,,,50486009.13,,,,,,,,,OVERDUE,,,,,,,,,,,,,,,,,,,,,,,SUP013,2025-04-14,,,,,,,OBL00210,RAW_MATERIAL obligation – 3M India Ltd,RAW_MATERIAL,2025-06-13,HIGH,,,,,,,,,,,,,,,,,,
obligations,,COMP001,,,,,,,,,,,,,,,,,,,,,,,,,,,,,,36740928.19,,,,,,,,,PAID,,,,,,,,,,,,,,,,,,,,,,,SUP003,2025-08-01,,,,,,,OBL00211,SALARY obligation – Bosch Ltd,SALARY,2025-08-16,CRITICAL,,,,,,,,,,,,,,,,,,
obligations,,COMP001,,,,,,,,,,,,,,,,,,,,,,,,,,,,,,7104450.19,,,,,,,,,PENDING,,,,,,,,,,,,,,,,,,,,,,,SUP005,2025-12-16,,,,,,,OBL00212,SALARY obligation – MRF Ltd,SALARY,2026-01-30,MEDIUM,,,,,,,,,,,,,,,,,,
obligations,,COMP001,,,,,,,,,,,,,,,,,,,,,,,,,,,,,,43101329.7,,,,,,,,,OVERDUE,,,,,,,,,,,,,,,,,,,,,,,SUP012,2025-06-15,,,,,,,OBL00213,RENT obligation – Saint-Gobain India,RENT,2025-08-14,HIGH,,,,,,,,,,,,,,,,,,
obligations,,COMP001,,,,,,,,,,,,,,,,,,,,,,,,,,,,,,50060096.45,,,,,,,,,PAID,,,,,,,,,,,,,,,,,,,,,,,SUP008,2025-02-21,,,,,,,OBL00214,REGULATORY obligation – Bharat Forge Ltd,REGULATORY,2025-04-07,CRITICAL,,,,,,,,,,,,,,,,,,
obligations,,COMP001,,,,,,,,,,,,,,,,,,,,,,,,,,,,,,44305841.99,,,,,,,,,PENDING,,,,,,,,,,,,,,,,,,,,,,,SUP009,2025-12-12,,,,,,,OBL00215,SALARY obligation – Sundaram-Clayton Ltd,SALARY,2026-01-26,HIGH,,,,,,,,,,,,,,,,,,
obligations,,COMP001,,,,,,,,,,,,,,,,,,,,,,,,,,,,,,34744712.89,,,,,,,,,PAID,,,,,,,,,,,,,,,,,,,,,,,SUP005,2025-07-28,,,,,,,OBL00216,OTHER obligation – MRF Ltd,OTHER,2025-09-11,CRITICAL,,,,,,,,,,,,,,,,,,
obligations,,COMP001,,,,,,,,,,,,,,,,,,,,,,,,,,,,,,48019915.06,,,,,,,,,PAID,,,,,,,,,,,,,,,,,,,,,,,SUP003,2025-08-24,,,,,,,OBL00217,OTHER obligation – Bosch Ltd,OTHER,2025-09-08,CRITICAL,,,,,,,,,,,,,,,,,,
obligations,,COMP001,,,,,,,,,,,,,,,,,,,,,,,,,,,,,,52334750.91,,,,,,,,,OVERDUE,,,,,,,,,,,,,,,,,,,,,,,SUP011,2025-05-18,,,,,,,OBL00218,SALARY obligation – ZF Commercial Vehicle Control,SALARY,2025-07-17,CRITICAL,,,,,,,,,,,,,,,,,,
obligations,,COMP001,,,,,,,,,,,,,,,,,,,,,,,,,,,,,,43172967.25,,,,,,,,,PAID,,,,,,,,,,,,,,,,,,,,,,,SUP010,2025-10-15,,,,,,,OBL00219,SALARY obligation – Valeo India Pvt Ltd,SALARY,2025-12-14,HIGH,,,,,,,,,,,,,,,,,,
obligations,,COMP001,,,,,,,,,,,,,,,,,,,,,,,,,,,,,,42980793.5,,,,,,,,,PAID,,,,,,,,,,,,,,,,,,,,,,,SUP015,2025-02-11,,,,,,,OBL00220,REGULATORY obligation – Castrol India Ltd,REGULATORY,2025-03-28,HIGH,,,,,,,,,,,,,,,,,,
obligations,,COMP001,,,,,,,,,,,,,,,,,,,,,,,,,,,,,,46876938.92,,,,,,,,,OVERDUE,,,,,,,,,,,,,,,,,,,,,,,SUP007,2025-08-26,,,,,,,OBL00221,OTHER obligation – Motherson Sumi Systems Ltd,OTHER,2025-09-25,CRITICAL,,,,,,,,,,,,,,,,,,
obligations,,COMP001,,,,,,,,,,,,,,,,,,,,,,,,,,,,,,44311258.43,,,,,,,,,PENDING,,,,,,,,,,,,,,,,,,,,,,,SUP005,2025-11-29,,,,,,,OBL00222,OTHER obligation – MRF Ltd,OTHER,2026-01-13,HIGH,,,,,,,,,,,,,,,,,,
obligations,,COMP001,,,,,,,,,,,,,,,,,,,,,,,,,,,,,,10483279.48,,,,,,,,,OVERDUE,,,,,,,,,,,,,,,,,,,,,,,SUP001,2025-11-08,,,,,,,OBL00223,TAX obligation – Tata Steel Ltd,TAX,2025-12-08,HIGH,,,,,,,,,,,,,,,,,,
obligations,,COMP001,,,,,,,,,,,,,,,,,,,,,,,,,,,,,,21428227.91,,,,,,,,,OVERDUE,,,,,,,,,,,,,,,,,,,,,,,SUP011,2025-07-13,,,,,,,OBL00224,RENT obligation – ZF Commercial Vehicle Control,RENT,2025-09-11,HIGH,,,,,,,,,,,,,,,,,,
obligations,,COMP001,,,,,,,,,,,,,,,,,,,,,,,,,,,,,,58269382.62,,,,,,,,,OVERDUE,,,,,,,,,,,,,,,,,,,,,,,SUP006,2025-04-28,,,,,,,OBL00225,RENT obligation – Apollo Tyres Ltd,RENT,2025-06-12,CRITICAL,,,,,,,,,,,,,,,,,,
obligations,,COMP001,,,,,,,,,,,,,,,,,,,,,,,,,,,,,,50095083.89,,,,,,,,,PAID,,,,,,,,,,,,,,,,,,,,,,,SUP001,2025-09-13,,,,,,,OBL00226,OTHER obligation – Tata Steel Ltd,OTHER,2025-10-13,CRITICAL,,,,,,,,,,,,,,,,,,
obligations,,COMP001,,,,,,,,,,,,,,,,,,,,,,,,,,,,,,36158839.15,,,,,,,,,OVERDUE,,,,,,,,,,,,,,,,,,,,,,,SUP002,2025-10-07,,,,,,,OBL00227,EMI obligation – JSW Steel Ltd,EMI,2025-11-06,CRITICAL,,,,,,,,,,,,,,,,,,
obligations,,COMP001,,,,,,,,,,,,,,,,,,,,,,,,,,,,,,12368420.76,,,,,,,,,OVERDUE,,,,,,,,,,,,,,,,,,,,,,,SUP013,2025-01-28,,,,,,,OBL00228,UTILITY obligation – 3M India Ltd,UTILITY,2025-03-29,MEDIUM,,,,,,,,,,,,,,,,,,
obligations,,COMP001,,,,,,,,,,,,,,,,,,,,,,,,,,,,,,9019265.19,,,,,,,,,OVERDUE,,,,,,,,,,,,,,,,,,,,,,,SUP009,2025-11-05,,,,,,,OBL00229,UTILITY obligation – Sundaram-Clayton Ltd,UTILITY,2025-12-20,HIGH,,,,,,,,,,,,,,,,,,
obligations,,COMP001,,,,,,,,,,,,,,,,,,,,,,,,,,,,,,57638313.08,,,,,,,,,PAID,,,,,,,,,,,,,,,,,,,,,,,SUP003,2025-07-03,,,,,,,OBL00230,UTILITY obligation – Bosch Ltd,UTILITY,2025-07-18,CRITICAL,,,,,,,,,,,,,,,,,,
obligations,,COMP001,,,,,,,,,,,,,,,,,,,,,,,,,,,,,,48598334.95,,,,,,,,,PAID,,,,,,,,,,,,,,,,,,,,,,,SUP009,2025-09-12,,,,,,,OBL00231,UTILITY obligation – Sundaram-Clayton Ltd,UTILITY,2025-10-27,CRITICAL,,,,,,,,,,,,,,,,,,
obligations,,COMP001,,,,,,,,,,,,,,,,,,,,,,,,,,,,,,5892535.68,,,,,,,,,PENDING,,,,,,,,,,,,,,,,,,,,,,,SUP011,2025-11-07,,,,,,,OBL00232,EMI obligation – ZF Commercial Vehicle Control,EMI,2026-01-06,MEDIUM,,,,,,,,,,,,,,,,,,
obligations,,COMP001,,,,,,,,,,,,,,,,,,,,,,,,,,,,,,43119201.97,,,,,,,,,OVERDUE,,,,,,,,,,,,,,,,,,,,,,,SUP004,2025-03-24,,,,,,,OBL00233,SALARY obligation – Denso India Pvt Ltd,SALARY,2025-04-23,CRITICAL,,,,,,,,,,,,,,,,,,
obligations,,COMP001,,,,,,,,,,,,,,,,,,,,,,,,,,,,,,36053719.36,,,,,,,,,PAID,,,,,,,,,,,,,,,,,,,,,,,SUP013,2025-07-30,,,,,,,OBL00234,OTHER obligation – 3M India Ltd,OTHER,2025-09-28,HIGH,,,,,,,,,,,,,,,,,,
obligations,,COMP001,,,,,,,,,,,,,,,,,,,,,,,,,,,,,,18713913.3,,,,,,,,,OVERDUE,,,,,,,,,,,,,,,,,,,,,,,SUP002,2025-02-11,,,,,,,OBL00235,EMI obligation – JSW Steel Ltd,EMI,2025-03-13,HIGH,,,,,,,,,,,,,,,,,,
obligations,,COMP001,,,,,,,,,,,,,,,,,,,,,,,,,,,,,,19630343.22,,,,,,,,,PAID,,,,,,,,,,,,,,,,,,,,,,,SUP008,2025-02-18,,,,,,,OBL00236,EMI obligation – Bharat Forge Ltd,EMI,2025-04-04,HIGH,,,,,,,,,,,,,,,,,,
obligations,,COMP001,,,,,,,,,,,,,,,,,,,,,,,,,,,,,,18734751.99,,,,,,,,,OVERDUE,,,,,,,,,,,,,,,,,,,,,,,SUP013,2025-09-25,,,,,,,OBL00237,SALARY obligation – 3M India Ltd,SALARY,2025-11-24,MEDIUM,,,,,,,,,,,,,,,,,,
obligations,,COMP001,,,,,,,,,,,,,,,,,,,,,,,,,,,,,,44411141.13,,,,,,,,,PAID,,,,,,,,,,,,,,,,,,,,,,,SUP013,2025-01-13,,,,,,,OBL00238,REGULATORY obligation – 3M India Ltd,REGULATORY,2025-03-14,HIGH,,,,,,,,,,,,,,,,,,
obligations,,COMP001,,,,,,,,,,,,,,,,,,,,,,,,,,,,,,42976828.57,,,,,,,,,PAID,,,,,,,,,,,,,,,,,,,,,,,SUP015,2025-09-17,,,,,,,OBL00239,SALARY obligation – Castrol India Ltd,SALARY,2025-11-01,HIGH,,,,,,,,,,,,,,,,,,
obligations,,COMP001,,,,,,,,,,,,,,,,,,,,,,,,,,,,,,56440998.78,,,,,,,,,PAID,,,,,,,,,,,,,,,,,,,,,,,SUP003,2025-07-15,,,,,,,OBL00240,OTHER obligation – Bosch Ltd,OTHER,2025-07-30,CRITICAL,,,,,,,,,,,,,,,,,,
obligations,,COMP001,,,,,,,,,,,,,,,,,,,,,,,,,,,,,,19217922.22,,,,,,,,,PENDING,,,,,,,,,,,,,,,,,,,,,,,SUP012,2025-11-22,,,,,,,OBL00241,UTILITY obligation – Saint-Gobain India,UTILITY,2026-01-21,MEDIUM,,,,,,,,,,,,,,,,,,
obligations,,COMP001,,,,,,,,,,,,,,,,,,,,,,,,,,,,,,9595618.57,,,,,,,,,PAID,,,,,,,,,,,,,,,,,,,,,,,SUP002,2025-07-05,,,,,,,OBL00242,SALARY obligation – JSW Steel Ltd,SALARY,2025-08-04,HIGH,,,,,,,,,,,,,,,,,,
obligations,,COMP001,,,,,,,,,,,,,,,,,,,,,,,,,,,,,,49246748.23,,,,,,,,,PAID,,,,,,,,,,,,,,,,,,,,,,,SUP015,2025-05-02,,,,,,,OBL00243,RENT obligation – Castrol India Ltd,RENT,2025-06-16,HIGH,,,,,,,,,,,,,,,,,,
obligations,,COMP001,,,,,,,,,,,,,,,,,,,,,,,,,,,,,,8580198.52,,,,,,,,,PAID,,,,,,,,,,,,,,,,,,,,,,,SUP003,2025-11-16,,,,,,,OBL00244,REGULATORY obligation – Bosch Ltd,REGULATORY,2025-12-01,HIGH,,,,,,,,,,,,,,,,,,
obligations,,COMP001,,,,,,,,,,,,,,,,,,,,,,,,,,,,,,18023005.77,,,,,,,,,OVERDUE,,,,,,,,,,,,,,,,,,,,,,,SUP005,2025-10-06,,,,,,,OBL00245,UTILITY obligation – MRF Ltd,UTILITY,2025-11-20,HIGH,,,,,,,,,,,,,,,,,,
obligations,,COMP001,,,,,,,,,,,,,,,,,,,,,,,,,,,,,,22470197.32,,,,,,,,,PAID,,,,,,,,,,,,,,,,,,,,,,,SUP001,2025-08-26,,,,,,,OBL00246,UTILITY obligation – Tata Steel Ltd,UTILITY,2025-09-25,CRITICAL,,,,,,,,,,,,,,,,,,
obligations,,COMP001,,,,,,,,,,,,,,,,,,,,,,,,,,,,,,23645172.87,,,,,,,,,OVERDUE,,,,,,,,,,,,,,,,,,,,,,,SUP003,2025-02-06,,,,,,,OBL00247,RENT obligation – Bosch Ltd,RENT,2025-02-21,CRITICAL,,,,,,,,,,,,,,,,,,
obligations,,COMP001,,,,,,,,,,,,,,,,,,,,,,,,,,,,,,47120678.69,,,,,,,,,PAID,,,,,,,,,,,,,,,,,,,,,,,SUP007,2025-10-04,,,,,,,OBL00248,TAX obligation – Motherson Sumi Systems Ltd,TAX,2025-11-03,CRITICAL,,,,,,,,,,,,,,,,,,
obligations,,COMP001,,,,,,,,,,,,,,,,,,,,,,,,,,,,,,52272673.33,,,,,,,,,OVERDUE,,,,,,,,,,,,,,,,,,,,,,,SUP007,2025-11-11,,,,,,,OBL00249,EMI obligation – Motherson Sumi Systems Ltd,EMI,2025-12-11,CRITICAL,,,,,,,,,,,,,,,,,,
obligations,,COMP001,,,,,,,,,,,,,,,,,,,,,,,,,,,,,,7869478.29,,,,,,,,,PAID,,,,,,,,,,,,,,,,,,,,,,,SUP014,2025-05-03,,,,,,,OBL00250,REGULATORY obligation – Asian Paints Industrial,REGULATORY,2025-06-17,MEDIUM,,,,,,,,,,,,,,,,,,
obligations,,COMP001,,,,,,,,,,,,,,,,,,,,,,,,,,,,,,35997078.57,,,,,,,,,PENDING,,,,,,,,,,,,,,,,,,,,,,,SUP006,2025-11-23,,,,,,,OBL00251,EMI obligation – Apollo Tyres Ltd,EMI,2026-01-07,HIGH,,,,,,,,,,,,,,,,,,
obligations,,COMP001,,,,,,,,,,,,,,,,,,,,,,,,,,,,,,42443380.15,,,,,,,,,OVERDUE,,,,,,,,,,,,,,,,,,,,,,,SUP003,2025-11-08,,,,,,,OBL00252,UTILITY obligation – Bosch Ltd,UTILITY,2025-11-23,CRITICAL,,,,,,,,,,,,,,,,,,
obligations,,COMP001,,,,,,,,,,,,,,,,,,,,,,,,,,,,,,14493590.48,,,,,,,,,PAID,,,,,,,,,,,,,,,,,,,,,,,SUP012,2025-05-22,,,,,,,OBL00253,RENT obligation – Saint-Gobain India,RENT,2025-07-21,MEDIUM,,,,,,,,,,,,,,,,,,
obligations,,COMP001,,,,,,,,,,,,,,,,,,,,,,,,,,,,,,42653492.74,,,,,,,,,PAID,,,,,,,,,,,,,,,,,,,,,,,SUP001,2025-06-19,,,,,,,OBL00254,EMI obligation – Tata Steel Ltd,EMI,2025-07-19,CRITICAL,,,,,,,,,,,,,,,,,,
obligations,,COMP001,,,,,,,,,,,,,,,,,,,,,,,,,,,,,,45701903.46,,,,,,,,,PAID,,,,,,,,,,,,,,,,,,,,,,,SUP004,2025-02-08,,,,,,,OBL00255,UTILITY obligation – Denso India Pvt Ltd,UTILITY,2025-03-10,CRITICAL,,,,,,,,,,,,,,,,,,
receivables,,COMP001,,,,,,,,,CUST020,,,,,,,,,,,,,,,,,,,,,46957391.6,,,,,,,,,PAID,,,,,,,,,,,,,,,,,,,,,,,,,,,,,,2025-07-23,,,,,,RCV00001,2025-05-25,2025-07-24,0.46,1.0,,,,,,,,,,,,,
receivables,,COMP001,,,,,,,,,CUST008,,,,,,,,,,,,,,,,,,,,,64984587.65,,,,,,,,,PAID,,,,,,,,,,,,,,,,,,,,,,,,,,,,,,2025-06-08,,,,,,RCV00002,2025-05-12,2025-06-11,0.65,0.0,,,,,,,,,,,,,
receivables,,COMP001,,,,,,,,,CUST002,,,,,,,,,,,,,,,,,,,,,78726947.47,,,,,,,,,PAID,,,,,,,,,,,,,,,,,,,,,,,,,,,,,,2025-09-16,,,,,,RCV00003,2025-08-19,2025-09-18,0.87,0.0,,,,,,,,,,,,,
receivables,,COMP001,,,,,,,,,CUST015,,,,,,,,,,,,,,,,,,,,,22156068.25,,,,,,,,,PAID,,,,,,,,,,,,,,,,,,,,,,,,,,,,,,2025-03-18,,,,,,RCV00004,2025-02-19,2025-03-21,0.75,0.0,,,,,,,,,,,,,
receivables,,COMP001,,,,,,,,,CUST001,,,,,,,,,,,,,,,,,,,,,16722758.6,,,,,,,,,PAID,,,,,,,,,,,,,,,,,,,,,,,,,,,,,,2025-07-23,,,,,,RCV00005,2025-07-09,2025-07-24,0.93,0.0,,,,,,,,,,,,,
receivables,,COMP001,,,,,,,,,CUST006,,,,,,,,,,,,,,,,,,,,,57708049.14,,,,,,,,,PAID,,,,,,,,,,,,,,,,,,,,,,,,,,,,,,2025-03-23,,,,,,RCV00006,2025-02-07,2025-03-24,0.67,29.0,,,,,,,,,,,,,
receivables,,COMP001,,,,,,,,,CUST018,,,,,,,,,,,,,,,,,,,,,27426621.47,,,,,,,,,PAID,,,,,,,,,,,,,,,,,,,,,,,,,,,,,,2025-08-14,,,,,,RCV00007,2025-06-24,2025-08-08,0.79,0.0,,,,,,,,,,,,,
receivables,,COMP001,,,,,,,,,CUST001,,,,,,,,,,,,,,,,,,,,,11848311.06,,,,,,,,,PAID,,,,,,,,,,,,,,,,,,,,,,,,,,,,,,2025-03-11,,,,,,RCV00008,2025-02-26,2025-03-13,0.89,0.0,,,,,,,,,,,,,
receivables,,COMP001,,,,,,,,,CUST012,,,,,,,,,,,,,,,,,,,,,6915175.95,,,,,,,,,PAID,,,,,,,,,,,,,,,,,,,,,,,,,,,,,,2025-07-03,,,,,,RCV00009,2025-06-21,2025-07-06,0.9,0.0,,,,,,,,,,,,,
receivables,,COMP001,,,,,,,,,CUST009,,,,,,,,,,,,,,,,,,,,,10973159.39,,,,,,,,,PAID,,,,,,,,,,,,,,,,,,,,,,,,,,,,,,2025-03-27,,,,,,RCV00010,2025-01-27,2025-03-28,0.3,0.0,,,,,,,,,,,,,
receivables,,COMP001,,,,,,,,,CUST017,,,,,,,,,,,,,,,,,,,,,74802744.61,,,,,,,,,PAID,,,,,,,,,,,,,,,,,,,,,,,,,,,,,,2025-08-04,,,,,,RCV00011,2025-06-22,2025-08-06,0.85,0.0,,,,,,,,,,,,,
receivables,,COMP001,,,,,,,,,CUST003,,,,,,,,,,,,,,,,,,,,,14845108.89,,,,,,,,,PAID,,,,,,,,,,,,,,,,,,,,,,,,,,,,,,2025-12-11,,,,,,RCV00012,2025-11-29,2025-12-14,0.93,0.0,,,,,,,,,,,,,
receivables,,COMP001,,,,,,,,,CUST010,,,,,,,,,,,,,,,,,,,,,47083477.8,,,,,,,,,PAID,,,,,,,,,,,,,,,,,,,,,,,,,,,,,,2025-12-10,,,,,,RCV00013,2025-10-13,2025-12-12,0.53,0.0,,,,,,,,,,,,,
receivables,,COMP001,,,,,,,,,CUST013,,,,,,,,,,,,,,,,,,,,,34405804.22,,,,,,,,,PAID,,,,,,,,,,,,,,,,,,,,,,,,,,,,,,2025-02-01,,,,,,RCV00014,2025-01-02,2025-02-01,0.94,0.0,,,,,,,,,,,,,
receivables,,COMP001,,,,,,,,,CUST023,,,,,,,,,,,,,,,,,,,,,24186464.48,,,,,,,,,PAID,,,,,,,,,,,,,,,,,,,,,,,,,,,,,,2025-02-03,,,,,,RCV00015,2025-01-05,2025-02-04,0.88,0.0,,,,,,,,,,,,,
receivables,,COMP001,,,,,,,,,CUST011,,,,,,,,,,,,,,,,,,,,,17330106.7,,,,,,,,,PAID,,,,,,,,,,,,,,,,,,,,,,,,,,,,,,2025-02-16,,,,,,RCV00016,2025-01-18,2025-02-17,0.85,15.0,,,,,,,,,,,,,
receivables,,COMP001,,,,,,,,,CUST008,,,,,,,,,,,,,,,,,,,,,23893536.75,,,,,,,,,PAID,,,,,,,,,,,,,,,,,,,,,,,,,,,,,,2025-03-16,,,,,,RCV00017,2025-02-17,2025-03-19,0.7,0.0,,,,,,,,,,,,,
receivables,,COMP001,,,,,,,,,CUST015,,,,,,,,,,,,,,,,,,,,,75404020.42,,,,,,,,,PENDING,,,,,,,,,,,,,,,,,,,,,,,,,,,,,,,,,,,,RCV00018,2025-12-04,2026-01-03,0.82,0.0,,,,,,,,,,,,,
receivables,,COMP001,,,,,,,,,CUST019,,,,,,,,,,,,,,,,,,,,,12400209.53,,,,,,,,,OVERDUE,,,,,,,,,,,,,,,,,,,,,,,,,,,,,,,,,,,,RCV00019,2025-03-28,2025-05-12,0.36,13.0,,,,,,,,,,,,,
receivables,,COMP001,,,,,,,,,CUST007,,,,,,,,,,,,,,,,,,,,,54309266.48,,,,,,,,,OVERDUE,,,,,,,,,,,,,,,,,,,,,,,,,,,,,,,,,,,,RCV00020,2025-05-19,2025-07-03,0.59,0.0,,,,,,,,,,,,,
receivables,,COMP001,,,,,,,,,CUST025,,,,,,,,,,,,,,,,,,,,,26315601.79,,,,,,,,,PENDING,,,,,,,,,,,,,,,,,,,,,,,,,,,,,,,,,,,,RCV00021,2025-12-06,2026-01-20,0.61,29.0,,,,,,,,,,,,,
receivables,,COMP001,,,,,,,,,CUST019,,,,,,,,,,,,,,,,,,,,,63770049.8,,,,,,,,,OVERDUE,,,,,,,,,,,,,,,,,,,,,,,,,,,,,,,,,,,,RCV00022,2025-06-13,2025-07-28,0.39,2.0,,,,,,,,,,,,,
receivables,,COMP001,,,,,,,,,CUST015,,,,,,,,,,,,,,,,,,,,,45081442.16,,,,,,,,,PAID,,,,,,,,,,,,,,,,,,,,,,,,,,,,,,2025-09-23,,,,,,RCV00023,2025-08-27,2025-09-26,0.75,0.0,,,,,,,,,,,,,
receivables,,COMP001,,,,,,,,,CUST022,,,,,,,,,,,,,,,,,,,,,65192638.74,,,,,,,,,PAID,,,,,,,,,,,,,,,,,,,,,,,,,,,,,,2025-10-30,,,,,,RCV00024,2025-10-02,2025-11-01,1.0,6.0,,,,,,,,,,,,,
receivables,,COMP001,,,,,,,,,CUST010,,,,,,,,,,,,,,,,,,,,,23403671.92,,,,,,,,,PAID,,,,,,,,,,,,,,,,,,,,,,,,,,,,,,2025-04-25,,,,,,RCV00025,2025-02-24,2025-04-25,0.52,0.0,,,,,,,,,,,,,
receivables,,COMP001,,,,,,,,,CUST014,,,,,,,,,,,,,,,,,,,,,14866097.55,,,,,,,,,OVERDUE,,,,,,,,,,,,,,,,,,,,,,,,,,,,,,,,,,,,RCV00026,2025-09-19,2025-10-19,0.85,0.0,,,,,,,,,,,,,
receivables,,COMP001,,,,,,,,,CUST015,,,,,,,,,,,,,,,,,,,,,29555302.85,,,,,,,,,PAID,,,,,,,,,,,,,,,,,,,,,,,,,,,,,,2025-05-03,,,,,,RCV00027,2025-03-29,2025-04-28,0.81,24.0,,,,,,,,,,,,,
receivables,,COMP001,,,,,,,,,CUST019,,,,,,,,,,,,,,,,,,,,,56882007.59,,,,,,,,,PAID,,,,,,,,,,,,,,,,,,,,,,,,,,,,,,2025-10-21,,,,,,RCV00028,2025-08-10,2025-09-24,0.39,34.0,,,,,,,,,,,,,
receivables,,COMP001,,,,,,,,,CUST009,,,,,,,,,,,,,,,,,,,,,61519968.26,,,,,,,,,PAID,,,,,,,,,,,,,,,,,,,,,,,,,,,,,,2025-04-12,,,,,,RCV00029,2025-02-02,2025-04-03,0.28,26.0,,,,,,,,,,,,,
receivables,,COMP001,,,,,,,,,CUST018,,,,,,,,,,,,,,,,,,,,,28715012.03,,,,,,,,,PAID,,,,,,,,,,,,,,,,,,,,,,,,,,,,,,2025-05-30,,,,,,RCV00030,2025-04-15,2025-05-30,0.8,0.0,,,,,,,,,,,,,
receivables,,COMP001,,,,,,,,,CUST014,,,,,,,,,,,,,,,,,,,,,29151993.47,,,,,,,,,PAID,,,,,,,,,,,,,,,,,,,,,,,,,,,,,,2025-12-27,,,,,,RCV00031,2025-11-27,2025-12-27,0.85,0.0,,,,,,,,,,,,,
receivables,,COMP001,,,,,,,,,CUST018,,,,,,,,,,,,,,,,,,,,,4377765.42,,,,,,,,,OVERDUE,,,,,,,,,,,,,,,,,,,,,,,,,,,,,,,,,,,,RCV00032,2025-04-17,2025-06-01,0.8,0.0,,,,,,,,,,,,,
receivables,,COMP001,,,,,,,,,CUST021,,,,,,,,,,,,,,,,,,,,,58250158.21,,,,,,,,,OVERDUE,,,,,,,,,,,,,,,,,,,,,,,,,,,,,,,,,,,,RCV00033,2025-04-12,2025-04-27,0.86,0.0,,,,,,,,,,,,,
receivables,,COMP001,,,,,,,,,CUST011,,,,,,,,,,,,,,,,,,,,,43403373.29,,,,,,,,,PAID,,,,,,,,,,,,,,,,,,,,,,,,,,,,,,2025-09-08,,,,,,RCV00034,2025-08-11,2025-09-10,0.85,0.0,,,,,,,,,,,,,
receivables,,COMP001,,,,,,,,,CUST001,,,,,,,,,,,,,,,,,,,,,12012579.11,,,,,,,,,PAID,,,,,,,,,,,,,,,,,,,,,,,,,,,,,,2025-06-03,,,,,,RCV00035,2025-05-20,2025-06-04,0.89,0.0,,,,,,,,,,,,,
receivables,,COMP001,,,,,,,,,CUST010,,,,,,,,,,,,,,,,,,,,,32253868.02,,,,,,,,,PAID,,,,,,,,,,,,,,,,,,,,,,,,,,,,,,2025-09-09,,,,,,RCV00036,2025-07-14,2025-09-12,0.57,25.0,,,,,,,,,,,,,
receivables,,COMP001,,,,,,,,,CUST012,,,,,,,,,,,,,,,,,,,,,39655326.7,,,,,,,,,PAID,,,,,,,,,,,,,,,,,,,,,,,,,,,,,,2025-10-18,,,,,,RCV00037,2025-10-05,2025-10-20,0.93,0.0,,,,,,,,,,,,,
receivables,,COMP001,,,,,,,,,CUST017,,,,,,,,,,,,,,,,,,,,,70555775.67,,,,,,,,,PAID,,,,,,,,,,,,,,,,,,,,,,,,,,,,,,2025-12-17,,,,,,RCV00038,2025-10-09,2025-11-23,0.8,31.0,,,,,,,,,,,,,
receivables,,COMP001,,,,,,,,,CUST009,,,,,,,,,,,,,,,,,,,,,48951493.56,,,,,,,,,PAID,,,,,,,,,,,,,,,,,,,,,,,,,,,,,,2025-03-18,,,,,,RCV00039,2025-01-17,2025-03-18,0.3,1.0,,,,,,,,,,,,,
receivables,,COMP001,,,,,,,,,CUST004,,,,,,,,,,,,,,,,,,,,,64134521.89,,,,,,,,,PAID,,,,,,,,,,,,,,,,,,,,,,,,,,,,,,2025-07-17,,,,,,RCV00040,2025-05-22,2025-07-06,0.68,24.0,,,,,,,,,,,,,
receivables,,COMP001,,,,,,,,,CUST007,,,,,,,,,,,,,,,,,,,,,78880844.34,,,,,,,,,PENDING,,,,,,,,,,,,,,,,,,,,,,,,,,,,,,,,,,,,RCV00041,2025-11-24,2026-01-08,0.62,0.0,,,,,,,,,,,,,
receivables,,COMP001,,,,,,,,,CUST002,,,,,,,,,,,,,,,,,,,,,28362221.48,,,,,,,,,PAID,,,,,,,,,,,,,,,,,,,,,,,,,,,,,,2025-10-24,,,,,,RCV00042,2025-09-26,2025-10-26,0.83,0.0,,,,,,,,,,,,,
receivables,,COMP001,,,,,,,,,CUST019,,,,,,,,,,,,,,,,,,,,,14692309.0,,,,,,,,,PAID,,,,,,,,,,,,,,,,,,,,,,,,,,,,,,2025-06-07,,,,,,RCV00043,2025-04-26,2025-06-10,0.41,0.0,,,,,,,,,,,,,
receivables,,COMP001,,,,,,,,,CUST009,,,,,,,,,,,,,,,,,,,,,16117213.35,,,,,,,,,PAID,,,,,,,,,,,,,,,,,,,,,,,,,,,,,,2025-08-31,,,,,,RCV00044,2025-06-14,2025-08-13,0.36,0.0,,,,,,,,,,,,,
receivables,,COMP001,,,,,,,,,CUST023,,,,,,,,,,,,,,,,,,,,,28445007.54,,,,,,,,,PAID,,,,,,,,,,,,,,,,,,,,,,,,,,,,,,2025-05-14,,,,,,RCV00045,2025-04-16,2025-05-16,0.9,0.0,,,,,,,,,,,,,
receivables,,COMP001,,,,,,,,,CUST024,,,,,,,,,,,,,,,,,,,,,52685689.76,,,,,,,,,PAID,,,,,,,,,,,,,,,,,,,,,,,,,,,,,,2025-03-13,,,,,,RCV00046,2025-01-28,2025-03-14,0.79,0.0,,,,,,,,,,,,,
receivables,,COMP001,,,,,,,,,CUST022,,,,,,,,,,,,,,,,,,,,,35912422.39,,,,,,,,,PAID,,,,,,,,,,,,,,,,,,,,,,,,,,,,,,2025-08-29,,,,,,RCV00047,2025-07-31,2025-08-30,0.91,0.0,,,,,,,,,,,,,
receivables,,COMP001,,,,,,,,,CUST024,,,,,,,,,,,,,,,,,,,,,76781338.38,,,,,,,,,PAID,,,,,,,,,,,,,,,,,,,,,,,,,,,,,,2025-12-03,,,,,,RCV00048,2025-10-20,2025-12-04,0.83,19.0,,,,,,,,,,,,,
receivables,,COMP001,,,,,,,,,CUST007,,,,,,,,,,,,,,,,,,,,,49323327.42,,,,,,,,,OVERDUE,,,,,,,,,,,,,,,,,,,,,,,,,,,,,,,,,,,,RCV00049,2025-08-08,2025-09-22,0.55,30.0,,,,,,,,,,,,,
receivables,,COMP001,,,,,,,,,CUST023,,,,,,,,,,,,,,,,,,,,,19548157.43,,,,,,,,,PAID,,,,,,,,,,,,,,,,,,,,,,,,,,,,,,2025-06-27,,,,,,RCV00050,2025-05-28,2025-06-27,0.9,0.0,,,,,,,,,,,,,
receivables,,COMP001,,,,,,,,,CUST004,,,,,,,,,,,,,,,,,,,,,28369615.49,,,,,,,,,PAID,,,,,,,,,,,,,,,,,,,,,,,,,,,,,,2025-03-31,,,,,,RCV00051,2025-02-17,2025-04-03,0.68,0.0,,,,,,,,,,,,,
receivables,,COMP001,,,,,,,,,CUST017,,,,,,,,,,,,,,,,,,,,,33464025.82,,,,,,,,,PAID,,,,,,,,,,,,,,,,,,,,,,,,,,,,,,2025-09-04,,,,,,RCV00052,2025-07-23,2025-09-06,0.77,0.0,,,,,,,,,,,,,
receivables,,COMP001,,,,,,,,,CUST011,,,,,,,,,,,,,,,,,,,,,13144311.74,,,,,,,,,PAID,,,,,,,,,,,,,,,,,,,,,,,,,,,,,,2025-04-13,,,,,,RCV00053,2025-03-16,2025-04-15,0.9,0.0,,,,,,,,,,,,,
receivables,,COMP001,,,,,,,,,CUST024,,,,,,,,,,,,,,,,,,,,,9784107.31,,,,,,,,,PAID,,,,,,,,,,,,,,,,,,,,,,,,,,,,,,2025-11-15,,,,,,RCV00054,2025-10-03,2025-11-17,0.76,0.0,,,,,,,,,,,,,
receivables,,COMP001,,,,,,,,,CUST007,,,,,,,,,,,,,,,,,,,,,10592320.26,,,,,,,,,OVERDUE,,,,,,,,,,,,,,,,,,,,,,,,,,,,,,,,,,,,RCV00055,2025-06-25,2025-08-09,0.56,0.0,,,,,,,,,,,,,
receivables,,COMP001,,,,,,,,,CUST021,,,,,,,,,,,,,,,,,,,,,50537630.38,,,,,,,,,PAID,,,,,,,,,,,,,,,,,,,,,,,,,,,,,,2025-03-11,,,,,,RCV00056,2025-02-27,2025-03-14,0.86,0.0,,,,,,,,,,,,,
receivables,,COMP001,,,,,,,,,CUST007,,,,,,,,,,,,,,,,,,,,,26391244.08,,,,,,,,,PAID,,,,,,,,,,,,,,,,,,,,,,,,,,,,,,2025-07-06,,,,,,RCV00057,2025-05-22,2025-07-06,0.56,0.0,,,,,,,,,,,,,
receivables,,COMP001,,,,,,,,,CUST001,,,,,,,,,,,,,,,,,,,,,75477601.06,,,,,,,,,PAID,,,,,,,,,,,,,,,,,,,,,,,,,,,,,,2025-04-25,,,,,,RCV00058,2025-04-06,2025-04-21,0.89,0.0,,,,,,,,,,,,,
receivables,,COMP001,,,,,,,,,CUST020,,,,,,,,,,,,,,,,,,,,,26250276.95,,,,,,,,,PAID,,,,,,,,,,,,,,,,,,,,,,,,,,,,,,2025-03-04,,,,,,RCV00059,2025-01-03,2025-03-04,0.53,20.0,,,,,,,,,,,,,
receivables,,COMP001,,,,,,,,,CUST025,,,,,,,,,,,,,,,,,,,,,75004637.69,,,,,,,,,PAID,,,,,,,,,,,,,,,,,,,,,,,,,,,,,,2025-12-29,,,,,,RCV00060,2025-11-15,2025-12-30,0.63,0.0,,,,,,,,,,,,,
receivables,,COMP001,,,,,,,,,CUST013,,,,,,,,,,,,,,,,,,,,,71514668.37,,,,,,,,,PENDING,,,,,,,,,,,,,,,,,,,,,,,,,,,,,,,,,,,,RCV00061,2025-12-10,2026-01-09,0.92,0.0,,,,,,,,,,,,,
receivables,,COMP001,,,,,,,,,CUST021,,,,,,,,,,,,,,,,,,,,,72814026.58,,,,,,,,,PAID,,,,,,,,,,,,,,,,,,,,,,,,,,,,,,2025-11-30,,,,,,RCV00062,2025-11-04,2025-11-19,0.87,0.0,,,,,,,,,,,,,
receivables,,COMP001,,,,,,,,,CUST021,,,,,,,,,,,,,,,,,,,,,60052361.69,,,,,,,,,PAID,,,,,,,,,,,,,,,,,,,,,,,,,,,,,,2025-03-24,,,,,,RCV00063,2025-03-11,2025-03-26,0.85,0.0,,,,,,,,,,,,,
receivables,,COMP001,,,,,,,,,CUST011,,,,,,,,,,,,,,,,,,,,,44173442.02,,,,,,,,,PAID,,,,,,,,,,,,,,,,,,,,,,,,,,,,,,2025-05-08,,,,,,RCV00064,2025-04-09,2025-05-09,0.87,24.0,,,,,,,,,,,,,
receivables,,COMP001,,,,,,,,,CUST005,,,,,,,,,,,,,,,,,,,,,20763221.69,,,,,,,,,PENDING,,,,,,,,,,,,,,,,,,,,,,,,,,,,,,,,,,,,RCV00065,2025-12-03,2026-01-02,0.61,24.0,,,,,,,,,,,,,
receivables,,COMP001,,,,,,,,,CUST001,,,,,,,,,,,,,,,,,,,,,67979238.45,,,,,,,,,PAID,,,,,,,,,,,,,,,,,,,,,,,,,,,,,,2025-09-14,,,,,,RCV00066,2025-09-01,2025-09-16,0.84,0.0,,,,,,,,,,,,,
receivables,,COMP001,,,,,,,,,CUST008,,,,,,,,,,,,,,,,,,,,,72602567.21,,,,,,,,,PAID,,,,,,,,,,,,,,,,,,,,,,,,,,,,,,2025-04-24,,,,,,RCV00067,2025-03-26,2025-04-25,0.7,0.0,,,,,,,,,,,,,
receivables,,COMP001,,,,,,,,,CUST017,,,,,,,,,,,,,,,,,,,,,23323726.52,,,,,,,,,PAID,,,,,,,,,,,,,,,,,,,,,,,,,,,,,,2025-07-10,,,,,,RCV00068,2025-05-28,2025-07-12,0.78,0.0,,,,,,,,,,,,,
receivables,,COMP001,,,,,,,,,CUST017,,,,,,,,,,,,,,,,,,,,,12955242.14,,,,,,,,,PAID,,,,,,,,,,,,,,,,,,,,,,,,,,,,,,2025-05-14,,,,,,RCV00069,2025-03-31,2025-05-15,0.83,0.0,,,,,,,,,,,,,
receivables,,COMP001,,,,,,,,,CUST013,,,,,,,,,,,,,,,,,,,,,28365733.33,,,,,,,,,PAID,,,,,,,,,,,,,,,,,,,,,,,,,,,,,,2025-06-01,,,,,,RCV00070,2025-05-03,2025-06-02,0.94,28.0,,,,,,,,,,,,,
receivables,,COMP001,,,,,,,,,CUST004,,,,,,,,,,,,,,,,,,,,,9933398.98,,,,,,,,,PAID,,,,,,,,,,,,,,,,,,,,,,,,,,,,,,2025-08-12,,,,,,RCV00071,2025-06-30,2025-08-14,0.6,0.0,,,,,,,,,,,,,
receivables,,COMP001,,,,,,,,,CUST002,,,,,,,,,,,,,,,,,,,,,16497519.56,,,,,,,,,PAID,,,,,,,,,,,,,,,,,,,,,,,,,,,,,,2025-07-06,,,,,,RCV00072,2025-06-06,2025-07-06,0.83,0.0,,,,,,,,,,,,,
receivables,,COMP001,,,,,,,,,CUST020,,,,,,,,,,,,,,,,,,,,,25562665.28,,,,,,,,,PAID,,,,,,,,,,,,,,,,,,,,,,,,,,,,,,2025-08-28,,,,,,RCV00073,2025-07-01,2025-08-30,0.51,21.0,,,,,,,,,,,,,
receivables,,COMP001,,,,,,,,,CUST018,,,,,,,,,,,,,,,,,,,,,36013000.03,,,,,,,,,PAID,,,,,,,,,,,,,,,,,,,,,,,,,,,,,,2025-10-31,,,,,,RCV00074,2025-09-16,2025-10-31,0.74,15.0,,,,,,,,,,,,,
receivables,,COMP001,,,,,,,,,CUST021,,,,,,,,,,,,,,,,,,,,,79218146.62,,,,,,,,,PAID,,,,,,,,,,,,,,,,,,,,,,,,,,,,,,2025-11-17,,,,,,RCV00075,2025-11-05,2025-11-20,0.83,0.0,,,,,,,,,,,,,
receivables,,COMP001,,,,,,,,,CUST014,,,,,,,,,,,,,,,,,,,,,29701783.53,,,,,,,,,PAID,,,,,,,,,,,,,,,,,,,,,,,,,,,,,,2025-09-23,,,,,,RCV00076,2025-08-24,2025-09-23,0.78,0.0,,,,,,,,,,,,,
receivables,,COMP001,,,,,,,,,CUST007,,,,,,,,,,,,,,,,,,,,,74476274.28,,,,,,,,,PAID,,,,,,,,,,,,,,,,,,,,,,,,,,,,,,2025-10-05,,,,,,RCV00077,2025-08-22,2025-10-06,0.55,0.0,,,,,,,,,,,,,
receivables,,COMP001,,,,,,,,,CUST018,,,,,,,,,,,,,,,,,,,,,67565084.51,,,,,,,,,PAID,,,,,,,,,,,,,,,,,,,,,,,,,,,,,,2025-10-16,,,,,,RCV00078,2025-09-02,2025-10-17,0.75,22.0,,,,,,,,,,,,,
receivables,,COMP001,,,,,,,,,CUST010,,,,,,,,,,,,,,,,,,,,,69108335.25,,,,,,,,,OVERDUE,,,,,,,,,,,,,,,,,,,,,,,,,,,,,,,,,,,,RCV00079,2025-01-16,2025-03-17,0.52,11.0,,,,,,,,,,,,,
receivables,,COMP001,,,,,,,,,CUST014,,,,,,,,,,,,,,,,,,,,,27122264.19,,,,,,,,,OVERDUE,,,,,,,,,,,,,,,,,,,,,,,,,,,,,,,,,,,,RCV00080,2025-03-14,2025-04-13,0.8,0.0,,,,,,,,,,,,,
receivables,,COMP001,,,,,,,,,CUST006,,,,,,,,,,,,,,,,,,,,,31076296.06,,,,,,,,,OVERDUE,,,,,,,,,,,,,,,,,,,,,,,,,,,,,,,,,,,,RCV00081,2025-08-31,2025-10-15,0.67,0.0,,,,,,,,,,,,,
receivables,,COMP001,,,,,,,,,CUST006,,,,,,,,,,,,,,,,,,,,,3614697.65,,,,,,,,,OVERDUE,,,,,,,,,,,,,,,,,,,,,,,,,,,,,,,,,,,,RCV00082,2025-07-06,2025-08-20,0.58,25.0,,,,,,,,,,,,,
receivables,,COMP001,,,,,,,,,CUST021,,,,,,,,,,,,,,,,,,,,,48546819.51,,,,,,,,,PAID,,,,,,,,,,,,,,,,,,,,,,,,,,,,,,2025-06-27,,,,,,RCV00083,2025-06-13,2025-06-28,0.84,0.0,,,,,,,,,,,,,
receivables,,COMP001,,,,,,,,,CUST010,,,,,,,,,,,,,,,,,,,,,42882370.21,,,,,,,,,PAID,,,,,,,,,,,,,,,,,,,,,,,,,,,,,,2025-09-28,,,,,,RCV00084,2025-08-02,2025-10-01,0.57,0.0,,,,,,,,,,,,,
receivables,,COMP001,,,,,,,,,CUST025,,,,,,,,,,,,,,,,,,,,,43040986.27,,,,,,,,,PAID,,,,,,,,,,,,,,,,,,,,,,,,,,,,,,2025-04-04,,,,,,RCV00085,2025-02-18,2025-04-04,0.66,0.0,,,,,,,,,,,,,
receivables,,COMP001,,,,,,,,,CUST014,,,,,,,,,,,,,,,,,,,,,10438328.57,,,,,,,,,PAID,,,,,,,,,,,,,,,,,,,,,,,,,,,,,,2025-07-30,,,,,,RCV00086,2025-07-02,2025-08-01,0.79,0.0,,,,,,,,,,,,,
receivables,,COMP001,,,,,,,,,CUST008,,,,,,,,,,,,,,,,,,,,,5708399.44,,,,,,,,,PAID,,,,,,,,,,,,,,,,,,,,,,,,,,,,,,2025-12-02,,,,,,RCV00087,2025-11-03,2025-12-03,0.7,0.0,,,,,,,,,,,,,
receivables,,COMP001,,,,,,,,,CUST003,,,,,,,,,,,,,,,,,,,,,39689517.8,,,,,,,,,PAID,,,,,,,,,,,,,,,,,,,,,,,,,,,,,,2025-12-28,,,,,,RCV00088,2025-12-06,2025-12-21,0.89,0.0,,,,,,,,,,,,,
receivables,,COMP001,,,,,,,,,CUST015,,,,,,,,,,,,,,,,,,,,,20449586.59,,,,,,,,,PAID,,,,,,,,,,,,,,,,,,,,,,,,,,,,,,2025-06-18,,,,,,RCV00089,2025-05-21,2025-06-20,0.82,11.0,,,,,,,,,,,,,
receivables,,COMP001,,,,,,,,,CUST009,,,,,,,,,,,,,,,,,,,,,63592906.76,,,,,,,,,PAID,,,,,,,,,,,,,,,,,,,,,,,,,,,,,,2025-03-30,,,,,,RCV00090,2025-01-08,2025-03-09,0.36,17.0,,,,,,,,,,,,,
receivables,,COMP001,,,,,,,,,CUST021,,,,,,,,,,,,,,,,,,,,,25825955.64,,,,,,,,,PAID,,,,,,,,,,,,,,,,,,,,,,,,,,,,,,2025-03-17,,,,,,RCV00091,2025-03-04,2025-03-19,0.82,0.0,,,,,,,,,,,,,
receivables,,COMP001,,,,,,,,,CUST022,,,,,,,,,,,,,,,,,,,,,42380848.78,,,,,,,,,PAID,,,,,,,,,,,,,,,,,,,,,,,,,,,,,,2025-12-21,,,,,,RCV00092,2025-11-23,2025-12-23,0.97,0.0,,,,,,,,,,,,,
receivables,,COMP001,,,,,,,,,CUST006,,,,,,,,,,,,,,,,,,,,,52132706.68,,,,,,,,,PAID,,,,,,,,,,,,,,,,,,,,,,,,,,,,,,2025-11-22,,,,,,RCV00093,2025-10-10,2025-11-24,0.64,0.0,,,,,,,,,,,,,
receivables,,COMP001,,,,,,,,,CUST009,,,,,,,,,,,,,,,,,,,,,75853466.16,,,,,,,,,PAID,,,,,,,,,,,,,,,,,,,,,,,,,,,,,,2025-06-27,,,,,,RCV00094,2025-04-10,2025-06-09,0.33,22.0,,,,,,,,,,,,,
receivables,,COMP001,,,,,,,,,CUST014,,,,,,,,,,,,,,,,,,,,,31433276.23,,,,,,,,,PAID,,,,,,,,,,,,,,,,,,,,,,,,,,,,,,2025-03-14,,,,,,RCV00095,2025-02-12,2025-03-14,0.82,0.0,,,,,,,,,,,,,
receivables,,COMP001,,,,,,,,,CUST019,,,,,,,,,,,,,,,,,,,,,74613363.03,,,,,,,,,OVERDUE,,,,,,,,,,,,,,,,,,,,,,,,,,,,,,,,,,,,RCV00096,2025-08-02,2025-09-16,0.41,0.0,,,,,,,,,,,,,
receivables,,COMP001,,,,,,,,,CUST003,,,,,,,,,,,,,,,,,,,,,8844799.42,,,,,,,,,PAID,,,,,,,,,,,,,,,,,,,,,,,,,,,,,,2025-05-20,,,,,,RCV00097,2025-05-07,2025-05-22,0.91,0.0,,,,,,,,,,,,,
receivables,,COMP001,,,,,,,,,CUST010,,,,,,,,,,,,,,,,,,,,,65855180.99,,,,,,,,,PAID,,,,,,,,,,,,,,,,,,,,,,,,,,,,,,2025-09-11,,,,,,RCV00098,2025-07-15,2025-09-13,0.56,9.0,,,,,,,,,,,,,
receivables,,COMP001,,,,,,,,,CUST003,,,,,,,,,,,,,,,,,,,,,37278636.88,,,,,,,,,PAID,,,,,,,,,,,,,,,,,,,,,,,,,,,,,,2025-12-21,,,,,,RCV00099,2025-12-06,2025-12-21,0.9,0.0,,,,,,,,,,,,,
receivables,,COMP001,,,,,,,,,CUST024,,,,,,,,,,,,,,,,,,,,,74594141.13,,,,,,,,,PAID,,,,,,,,,,,,,,,,,,,,,,,,,,,,,,2025-06-14,,,,,,RCV00100,2025-04-30,2025-06-14,0.85,0.0,,,,,,,,,,,,,
receivables,,COMP001,,,,,,,,,CUST019,,,,,,,,,,,,,,,,,,,,,65265190.69,,,,,,,,,OVERDUE,,,,,,,,,,,,,,,,,,,,,,,,,,,,,,,,,,,,RCV00101,2025-02-08,2025-03-25,0.36,0.0,,,,,,,,,,,,,
receivables,,COMP001,,,,,,,,,CUST022,,,,,,,,,,,,,,,,,,,,,27248561.03,,,,,,,,,PAID,,,,,,,,,,,,,,,,,,,,,,,,,,,,,,2025-10-13,,,,,,RCV00102,2025-09-15,2025-10-15,0.95,0.0,,,,,,,,,,,,,
receivables,,COMP001,,,,,,,,,CUST008,,,,,,,,,,,,,,,,,,,,,16994671.14,,,,,,,,,PAID,,,,,,,,,,,,,,,,,,,,,,,,,,,,,,2025-07-28,,,,,,RCV00103,2025-06-29,2025-07-29,0.71,25.0,,,,,,,,,,,,,
receivables,,COMP001,,,,,,,,,CUST014,,,,,,,,,,,,,,,,,,,,,35338026.66,,,,,,,,,PAID,,,,,,,,,,,,,,,,,,,,,,,,,,,,,,2025-11-26,,,,,,RCV00104,2025-10-28,2025-11-27,0.78,0.0,,,,,,,,,,,,,
receivables,,COMP001,,,,,,,,,CUST011,,,,,,,,,,,,,,,,,,,,,11450590.75,,,,,,,,,PAID,,,,,,,,,,,,,,,,,,,,,,,,,,,,,,2025-12-03,,,,,,RCV00105,2025-11-03,2025-12-03,0.89,0.0,,,,,,,,,,,,,
receivables,,COMP001,,,,,,,,,CUST022,,,,,,,,,,,,,,,,,,,,,23839110.31,,,,,,,,,PAID,,,,,,,,,,,,,,,,,,,,,,,,,,,,,,2025-09-09,,,,,,RCV00106,2025-08-12,2025-09-11,0.91,0.0,,,,,,,,,,,,,
receivables,,COMP001,,,,,,,,,CUST014,,,,,,,,,,,,,,,,,,,,,14917858.7,,,,,,,,,PAID,,,,,,,,,,,,,,,,,,,,,,,,,,,,,,2025-02-14,,,,,,RCV00107,2025-01-15,2025-02-14,0.8,0.0,,,,,,,,,,,,,
receivables,,COMP001,,,,,,,,,CUST011,,,,,,,,,,,,,,,,,,,,,54878147.72,,,,,,,,,PAID,,,,,,,,,,,,,,,,,,,,,,,,,,,,,,2025-09-09,,,,,,RCV00108,2025-08-11,2025-09-10,0.86,0.0,,,,,,,,,,,,,
receivables,,COMP001,,,,,,,,,CUST022,,,,,,,,,,,,,,,,,,,,,25187691.59,,,,,,,,,PAID,,,,,,,,,,,,,,,,,,,,,,,,,,,,,,2025-03-07,,,,,,RCV00109,2025-02-08,2025-03-10,0.95,12.0,,,,,,,,,,,,,
receivables,,COMP001,,,,,,,,,CUST002,,,,,,,,,,,,,,,,,,,,,61570641.27,,,,,,,,,PAID,,,,,,,,,,,,,,,,,,,,,,,,,,,,,,2025-12-19,,,,,,RCV00110,2025-11-20,2025-12-20,0.86,0.0,,,,,,,,,,,,,
receivables,,COMP001,,,,,,,,,CUST021,,,,,,,,,,,,,,,,,,,,,68771752.81,,,,,,,,,PAID,,,,,,,,,,,,,,,,,,,,,,,,,,,,,,2025-05-07,,,,,,RCV00111,2025-04-22,2025-05-07,0.82,0.0,,,,,,,,,,,,,
receivables,,COMP001,,,,,,,,,CUST022,,,,,,,,,,,,,,,,,,,,,36713034.01,,,,,,,,,PAID,,,,,,,,,,,,,,,,,,,,,,,,,,,,,,2025-08-02,,,,,,RCV00112,2025-07-06,2025-08-05,0.96,0.0,,,,,,,,,,,,,
receivables,,COMP001,,,,,,,,,CUST005,,,,,,,,,,,,,,,,,,,,,73903188.1,,,,,,,,,PAID,,,,,,,,,,,,,,,,,,,,,,,,,,,,,,2025-05-04,,,,,,RCV00113,2025-04-06,2025-05-06,0.62,0.0,,,,,,,,,,,,,
receivables,,COMP001,,,,,,,,,CUST016,,,,,,,,,,,,,,,,,,,,,9454700.9,,,,,,,,,OVERDUE,,,,,,,,,,,,,,,,,,,,,,,,,,,,,,,,,,,,RCV00114,2025-07-19,2025-09-02,0.65,13.0,,,,,,,,,,,,,
receivables,,COMP001,,,,,,,,,CUST005,,,,,,,,,,,,,,,,,,,,,57303111.3,,,,,,,,,PAID,,,,,,,,,,,,,,,,,,,,,,,,,,,,,,2025-06-08,,,,,,RCV00115,2025-05-11,2025-06-10,0.62,21.0,,,,,,,,,,,,,
receivables,,COMP001,,,,,,,,,CUST007,,,,,,,,,,,,,,,,,,,,,39848115.08,,,,,,,,,OVERDUE,,,,,,,,,,,,,,,,,,,,,,,,,,,,,,,,,,,,RCV00116,2025-01-15,2025-03-01,0.57,0.0,,,,,,,,,,,,,
receivables,,COMP001,,,,,,,,,CUST017,,,,,,,,,,,,,,,,,,,,,19193295.83,,,,,,,,,PAID,,,,,,,,,,,,,,,,,,,,,,,,,,,,,,2025-05-22,,,,,,RCV00117,2025-04-07,2025-05-22,0.75,0.0,,,,,,,,,,,,,
receivables,,COMP001,,,,,,,,,CUST005,,,,,,,,,,,,,,,,,,,,,77786235.87,,,,,,,,,PAID,,,,,,,,,,,,,,,,,,,,,,,,,,,,,,2025-11-29,,,,,,RCV00118,2025-11-01,2025-12-01,0.59,24.0,,,,,,,,,,,,,
receivables,,COMP001,,,,,,,,,CUST009,,,,,,,,,,,,,,,,,,,,,78587565.59,,,,,,,,,PAID,,,,,,,,,,,,,,,,,,,,,,,,,,,,,,2025-12-21,,,,,,RCV00119,2025-10-01,2025-11-30,0.33,8.0,,,,,,,,,,,,,
receivables,,COMP001,,,,,,,,,CUST017,,,,,,,,,,,,,,,,,,,,,24194088.84,,,,,,,,,PAID,,,,,,,,,,,,,,,,,,,,,,,,,,,,,,2025-07-13,,,,,,RCV00120,2025-05-31,2025-07-15,0.77,0.0,,,,,,,,,,,,,
receivables,,COMP001,,,,,,,,,CUST011,,,,,,,,,,,,,,,,,,,,,52183330.49,,,,,,,,,PAID,,,,,,,,,,,,,,,,,,,,,,,,,,,,,,2025-07-05,,,,,,RCV00121,2025-06-06,2025-07-06,0.89,0.0,,,,,,,,,,,,,
receivables,,COMP001,,,,,,,,,CUST005,,,,,,,,,,,,,,,,,,,,,55961964.47,,,,,,,,,PAID,,,,,,,,,,,,,,,,,,,,,,,,,,,,,,2025-03-26,,,,,,RCV00122,2025-02-26,2025-03-28,0.59,0.0,,,,,,,,,,,,,
receivables,,COMP001,,,,,,,,,CUST021,,,,,,,,,,,,,,,,,,,,,58240244.36,,,,,,,,,PAID,,,,,,,,,,,,,,,,,,,,,,,,,,,,,,2025-04-18,,,,,,RCV00123,2025-04-03,2025-04-18,0.83,0.0,,,,,,,,,,,,,
receivables,,COMP001,,,,,,,,,CUST020,,,,,,,,,,,,,,,,,,,,,51752615.61,,,,,,,,,OVERDUE,,,,,,,,,,,,,,,,,,,,,,,,,,,,,,,,,,,,RCV00124,2025-07-14,2025-09-12,0.48,0.0,,,,,,,,,,,,,
receivables,,COMP001,,,,,,,,,CUST023,,,,,,,,,,,,,,,,,,,,,8978713.65,,,,,,,,,PAID,,,,,,,,,,,,,,,,,,,,,,,,,,,,,,2025-12-31,,,,,,RCV00125,2025-11-14,2025-12-14,0.81,0.0,,,,,,,,,,,,,
receivables,,COMP001,,,,,,,,,CUST022,,,,,,,,,,,,,,,,,,,,,77310285.94,,,,,,,,,PAID,,,,,,,,,,,,,,,,,,,,,,,,,,,,,,2025-07-15,,,,,,RCV00126,2025-06-18,2025-07-18,0.91,0.0,,,,,,,,,,,,,
receivables,,COMP001,,,,,,,,,CUST008,,,,,,,,,,,,,,,,,,,,,19045751.67,,,,,,,,,PAID,,,,,,,,,,,,,,,,,,,,,,,,,,,,,,2025-09-07,,,,,,RCV00127,2025-08-08,2025-09-07,0.66,33.0,,,,,,,,,,,,,
receivables,,COMP001,,,,,,,,,CUST004,,,,,,,,,,,,,,,,,,,,,4487116.29,,,,,,,,,PAID,,,,,,,,,,,,,,,,,,,,,,,,,,,,,,2025-02-19,,,,,,RCV00128,2025-01-05,2025-02-19,0.65,0.0,,,,,,,,,,,,,
receivables,,COMP001,,,,,,,,,CUST009,,,,,,,,,,,,,,,,,,,,,50192456.36,,,,,,,,,PAID,,,,,,,,,,,,,,,,,,,,,,,,,,,,,,2025-10-31,,,,,,RCV00129,2025-08-06,2025-10-05,0.35,15.0,,,,,,,,,,,,,
receivables,,COMP001,,,,,,,,,CUST007,,,,,,,,,,,,,,,,,,,,,62542143.39,,,,,,,,,PAID,,,,,,,,,,,,,,,,,,,,,,,,,,,,,,2025-04-19,,,,,,RCV00130,2025-03-08,2025-04-22,0.62,0.0,,,,,,,,,,,,,
receivables,,COMP001,,,,,,,,,CUST009,,,,,,,,,,,,,,,,,,,,,78738212.54,,,,,,,,,PAID,,,,,,,,,,,,,,,,,,,,,,,,,,,,,,2025-05-20,,,,,,RCV00131,2025-03-23,2025-05-22,0.33,19.0,,,,,,,,,,,,,
receivables,,COMP001,,,,,,,,,CUST011,,,,,,,,,,,,,,,,,,,,,32340132.46,,,,,,,,,PAID,,,,,,,,,,,,,,,,,,,,,,,,,,,,,,2025-07-11,,,,,,RCV00132,2025-06-13,2025-07-13,0.91,0.0,,,,,,,,,,,,,
receivables,,COMP001,,,,,,,,,CUST011,,,,,,,,,,,,,,,,,,,,,36572600.13,,,,,,,,,PAID,,,,,,,,,,,,,,,,,,,,,,,,,,,,,,2025-11-28,,,,,,RCV00133,2025-11-01,2025-12-01,0.87,0.0,,,,,,,,,,,,,
receivables,,COMP001,,,,,,,,,CUST006,,,,,,,,,,,,,,,,,,,,,73551205.41,,,,,,,,,OVERDUE,,,,,,,,,,,,,,,,,,,,,,,,,,,,,,,,,,,,RCV00134,2025-06-16,2025-07-31,0.62,0.0,,,,,,,,,,,,,
receivables,,COMP001,,,,,,,,,CUST017,,,,,,,,,,,,,,,,,,,,,65206449.94,,,,,,,,,PAID,,,,,,,,,,,,,,,,,,,,,,,,,,,,,,2026-01-07,,,,,,RCV00135,2025-10-25,2025-12-09,0.77,0.0,,,,,,,,,,,,,
receivables,,COMP001,,,,,,,,,CUST008,,,,,,,,,,,,,,,,,,,,,12944768.18,,,,,,,,,PAID,,,,,,,,,,,,,,,,,,,,,,,,,,,,,,2025-08-31,,,,,,RCV00136,2025-08-03,2025-09-02,0.68,0.0,,,,,,,,,,,,,
receivables,,COMP001,,,,,,,,,CUST022,,,,,,,,,,,,,,,,,,,,,33538185.9,,,,,,,,,PENDING,,,,,,,,,,,,,,,,,,,,,,,,,,,,,,,,,,,,RCV00137,2025-12-02,2026-01-01,0.92,0.0,,,,,,,,,,,,,
receivables,,COMP001,,,,,,,,,CUST019,,,,,,,,,,,,,,,,,,,,,69481001.4,,,,,,,,,OVERDUE,,,,,,,,,,,,,,,,,,,,,,,,,,,,,,,,,,,,RCV00138,2025-10-25,2025-12-09,0.39,0.0,,,,,,,,,,,,,
receivables,,COMP001,,,,,,,,,CUST024,,,,,,,,,,,,,,,,,,,,,11802104.41,,,,,,,,,PAID,,,,,,,,,,,,,,,,,,,,,,,,,,,,,,2025-06-26,,,,,,RCV00139,2025-05-13,2025-06-27,0.84,0.0,,,,,,,,,,,,,
receivables,,COMP001,,,,,,,,,CUST014,,,,,,,,,,,,,,,,,,,,,19569685.76,,,,,,,,,PAID,,,,,,,,,,,,,,,,,,,,,,,,,,,,,,2025-07-06,,,,,,RCV00140,2025-06-08,2025-07-08,0.79,0.0,,,,,,,,,,,,,
receivables,,COMP001,,,,,,,,,CUST004,,,,,,,,,,,,,,,,,,,,,37919856.17,,,,,,,,,OVERDUE,,,,,,,,,,,,,,,,,,,,,,,,,,,,,,,,,,,,RCV00141,2025-01-13,2025-02-27,0.68,0.0,,,,,,,,,,,,,
receivables,,COMP001,,,,,,,,,CUST005,,,,,,,,,,,,,,,,,,,,,52979552.92,,,,,,,,,PAID,,,,,,,,,,,,,,,,,,,,,,,,,,,,,,2025-09-18,,,,,,RCV00142,2025-08-15,2025-09-14,0.64,0.0,,,,,,,,,,,,,
receivables,,COMP001,,,,,,,,,CUST009,,,,,,,,,,,,,,,,,,,,,32665530.97,,,,,,,,,PENDING,,,,,,,,,,,,,,,,,,,,,,,,,,,,,,,,,,,,RCV00143,2025-12-08,2026-02-06,0.33,0.0,,,,,,,,,,,,,
receivables,,COMP001,,,,,,,,,CUST002,,,,,,,,,,,,,,,,,,,,,2746088.74,,,,,,,,,PAID,,,,,,,,,,,,,,,,,,,,,,,,,,,,,,2025-05-06,,,,,,RCV00144,2025-04-07,2025-05-07,0.88,0.0,,,,,,,,,,,,,
receivables,,COMP001,,,,,,,,,CUST013,,,,,,,,,,,,,,,,,,,,,56037931.37,,,,,,,,,PAID,,,,,,,,,,,,,,,,,,,,,,,,,,,,,,2025-11-25,,,,,,RCV00145,2025-10-26,2025-11-25,0.92,0.0,,,,,,,,,,,,,
receivables,,COMP001,,,,,,,,,CUST025,,,,,,,,,,,,,,,,,,,,,3688296.98,,,,,,,,,PENDING,,,,,,,,,,,,,,,,,,,,,,,,,,,,,,,,,,,,RCV00146,2025-12-07,2026-01-21,0.6,0.0,,,,,,,,,,,,,
receivables,,COMP001,,,,,,,,,CUST012,,,,,,,,,,,,,,,,,,,,,39163448.01,,,,,,,,,PAID,,,,,,,,,,,,,,,,,,,,,,,,,,,,,,2025-02-15,,,,,,RCV00147,2025-01-31,2025-02-15,0.96,0.0,,,,,,,,,,,,,
receivables,,COMP001,,,,,,,,,CUST025,,,,,,,,,,,,,,,,,,,,,44015633.64,,,,,,,,,PAID,,,,,,,,,,,,,,,,,,,,,,,,,,,,,,2025-12-23,,,,,,RCV00148,2025-11-11,2025-12-26,0.63,22.0,,,,,,,,,,,,,
receivables,,COMP001,,,,,,,,,CUST007,,,,,,,,,,,,,,,,,,,,,5605774.97,,,,,,,,,OVERDUE,,,,,,,,,,,,,,,,,,,,,,,,,,,,,,,,,,,,RCV00149,2025-08-31,2025-10-15,0.61,0.0,,,,,,,,,,,,,
receivables,,COMP001,,,,,,,,,CUST007,,,,,,,,,,,,,,,,,,,,,46308355.26,,,,,,,,,PAID,,,,,,,,,,,,,,,,,,,,,,,,,,,,,,2025-07-11,,,,,,RCV00150,2025-05-28,2025-07-12,0.63,21.0,,,,,,,,,,,,,
receivables,,COMP001,,,,,,,,,CUST004,,,,,,,,,,,,,,,,,,,,,61572796.45,,,,,,,,,PAID,,,,,,,,,,,,,,,,,,,,,,,,,,,,,,2025-03-27,,,,,,RCV00151,2025-02-11,2025-03-28,0.65,32.0,,,,,,,,,,,,,
receivables,,COMP001,,,,,,,,,CUST012,,,,,,,,,,,,,,,,,,,,,22967717.18,,,,,,,,,PAID,,,,,,,,,,,,,,,,,,,,,,,,,,,,,,2025-11-08,,,,,,RCV00152,2025-10-16,2025-10-31,0.95,0.0,,,,,,,,,,,,,
receivables,,COMP001,,,,,,,,,CUST022,,,,,,,,,,,,,,,,,,,,,54140166.33,,,,,,,,,PENDING,,,,,,,,,,,,,,,,,,,,,,,,,,,,,,,,,,,,RCV00153,2025-12-14,2026-01-13,0.97,0.0,,,,,,,,,,,,,
receivables,,COMP001,,,,,,,,,CUST001,,,,,,,,,,,,,,,,,,,,,9172927.0,,,,,,,,,PAID,,,,,,,,,,,,,,,,,,,,,,,,,,,,,,2025-08-10,,,,,,RCV00154,2025-07-24,2025-08-08,0.85,0.0,,,,,,,,,,,,,
receivables,,COMP001,,,,,,,,,CUST001,,,,,,,,,,,,,,,,,,,,,31946719.87,,,,,,,,,PAID,,,,,,,,,,,,,,,,,,,,,,,,,,,,,,2025-11-24,,,,,,RCV00155,2025-11-09,2025-11-24,0.85,0.0,,,,,,,,,,,,,
receivables,,COMP001,,,,,,,,,CUST013,,,,,,,,,,,,,,,,,,,,,72358441.88,,,,,,,,,PAID,,,,,,,,,,,,,,,,,,,,,,,,,,,,,,2025-06-19,,,,,,RCV00156,2025-05-21,2025-06-20,0.89,0.0,,,,,,,,,,,,,
receivables,,COMP001,,,,,,,,,CUST011,,,,,,,,,,,,,,,,,,,,,78982129.07,,,,,,,,,PAID,,,,,,,,,,,,,,,,,,,,,,,,,,,,,,2025-06-02,,,,,,RCV00157,2025-05-04,2025-06-03,0.89,0.0,,,,,,,,,,,,,
receivables,,COMP001,,,,,,,,,CUST003,,,,,,,,,,,,,,,,,,,,,31052891.78,,,,,,,,,PAID,,,,,,,,,,,,,,,,,,,,,,,,,,,,,,2025-02-11,,,,,,RCV00158,2025-01-29,2025-02-13,0.88,0.0,,,,,,,,,,,,,
receivables,,COMP001,,,,,,,,,CUST015,,,,,,,,,,,,,,,,,,,,,15832611.58,,,,,,,,,PAID,,,,,,,,,,,,,,,,,,,,,,,,,,,,,,2025-05-30,,,,,,RCV00159,2025-05-02,2025-06-01,0.74,0.0,,,,,,,,,,,,,
receivables,,COMP001,,,,,,,,,CUST009,,,,,,,,,,,,,,,,,,,,,57786441.06,,,,,,,,,OVERDUE,,,,,,,,,,,,,,,,,,,,,,,,,,,,,,,,,,,,RCV00160,2025-01-02,2025-03-03,0.35,0.0,,,,,,,,,,,,,
receivables,,COMP001,,,,,,,,,CUST007,,,,,,,,,,,,,,,,,,,,,62077709.57,,,,,,,,,PAID,,,,,,,,,,,,,,,,,,,,,,,,,,,,,,2025-04-27,,,,,,RCV00161,2025-03-13,2025-04-27,0.63,17.0,,,,,,,,,,,,,
receivables,,COMP001,,,,,,,,,CUST008,,,,,,,,,,,,,,,,,,,,,30983769.7,,,,,,,,,PAID,,,,,,,,,,,,,,,,,,,,,,,,,,,,,,2025-04-21,,,,,,RCV00162,2025-03-24,2025-04-23,0.7,0.0,,,,,,,,,,,,,
receivables,,COMP001,,,,,,,,,CUST001,,,,,,,,,,,,,,,,,,,,,40701274.68,,,,,,,,,PAID,,,,,,,,,,,,,,,,,,,,,,,,,,,,,,2025-07-20,,,,,,RCV00163,2025-07-06,2025-07-21,0.9,0.0,,,,,,,,,,,,,
receivables,,COMP001,,,,,,,,,CUST011,,,,,,,,,,,,,,,,,,,,,57096239.93,,,,,,,,,PAID,,,,,,,,,,,,,,,,,,,,,,,,,,,,,,2025-06-11,,,,,,RCV00164,2025-05-15,2025-06-14,0.87,0.0,,,,,,,,,,,,,
receivables,,COMP001,,,,,,,,,CUST007,,,,,,,,,,,,,,,,,,,,,43003212.06,,,,,,,,,OVERDUE,,,,,,,,,,,,,,,,,,,,,,,,,,,,,,,,,,,,RCV00165,2025-11-10,2025-12-25,0.6,32.0,,,,,,,,,,,,,
receivables,,COMP001,,,,,,,,,CUST012,,,,,,,,,,,,,,,,,,,,,51775681.9,,,,,,,,,PAID,,,,,,,,,,,,,,,,,,,,,,,,,,,,,,2025-07-08,,,,,,RCV00166,2025-06-25,2025-07-10,0.91,0.0,,,,,,,,,,,,,
receivables,,COMP001,,,,,,,,,CUST021,,,,,,,,,,,,,,,,,,,,,27872238.71,,,,,,,,,PAID,,,,,,,,,,,,,,,,,,,,,,,,,,,,,,2025-11-30,,,,,,RCV00167,2025-11-18,2025-12-03,0.83,0.0,,,,,,,,,,,,,
receivables,,COMP001,,,,,,,,,CUST024,,,,,,,,,,,,,,,,,,,,,56405066.04,,,,,,,,,PAID,,,,,,,,,,,,,,,,,,,,,,,,,,,,,,2025-05-23,,,,,,RCV00168,2025-04-08,2025-05-23,0.85,0.0,,,,,,,,,,,,,
receivables,,COMP001,,,,,,,,,CUST025,,,,,,,,,,,,,,,,,,,,,32517575.81,,,,,,,,,OVERDUE,,,,,,,,,,,,,,,,,,,,,,,,,,,,,,,,,,,,RCV00169,2025-05-22,2025-07-06,0.64,36.0,,,,,,,,,,,,,
receivables,,COMP001,,,,,,,,,CUST023,,,,,,,,,,,,,,,,,,,,,23323857.07,,,,,,,,,PAID,,,,,,,,,,,,,,,,,,,,,,,,,,,,,,2025-12-07,,,,,,RCV00170,2025-11-08,2025-12-08,0.84,0.0,,,,,,,,,,,,,
receivables,,COMP001,,,,,,,,,CUST001,,,,,,,,,,,,,,,,,,,,,20853915.88,,,,,,,,,PAID,,,,,,,,,,,,,,,,,,,,,,,,,,,,,,2025-08-24,,,,,,RCV00171,2025-08-12,2025-08-27,0.86,0.0,,,,,,,,,,,,,
receivables,,COMP001,,,,,,,,,CUST008,,,,,,,,,,,,,,,,,,,,,68332949.81,,,,,,,,,PAID,,,,,,,,,,,,,,,,,,,,,,,,,,,,,,2025-04-22,,,,,,RCV00172,2025-03-25,2025-04-24,0.68,2.0,,,,,,,,,,,,,
receivables,,COMP001,,,,,,,,,CUST005,,,,,,,,,,,,,,,,,,,,,35478730.91,,,,,,,,,PAID,,,,,,,,,,,,,,,,,,,,,,,,,,,,,,2025-08-16,,,,,,RCV00173,2025-07-17,2025-08-16,0.59,0.0,,,,,,,,,,,,,
receivables,,COMP001,,,,,,,,,CUST018,,,,,,,,,,,,,,,,,,,,,50014381.7,,,,,,,,,PAID,,,,,,,,,,,,,,,,,,,,,,,,,,,,,,2025-08-31,,,,,,RCV00174,2025-07-20,2025-09-03,0.78,0.0,,,,,,,,,,,,,
receivables,,COMP001,,,,,,,,,CUST016,,,,,,,,,,,,,,,,,,,,,4647288.25,,,,,,,,,PAID,,,,,,,,,,,,,,,,,,,,,,,,,,,,,,2025-07-26,,,,,,RCV00175,2025-06-14,2025-07-29,0.72,0.0,,,,,,,,,,,,,
receivables,,COMP001,,,,,,,,,CUST011,,,,,,,,,,,,,,,,,,,,,60406156.94,,,,,,,,,PAID,,,,,,,,,,,,,,,,,,,,,,,,,,,,,,2025-09-08,,,,,,RCV00176,2025-08-09,2025-09-08,0.89,0.0,,,,,,,,,,,,,
receivables,,COMP001,,,,,,,,,CUST022,,,,,,,,,,,,,,,,,,,,,51642572.02,,,,,,,,,PAID,,,,,,,,,,,,,,,,,,,,,,,,,,,,,,2025-08-01,,,,,,RCV00177,2025-07-03,2025-08-02,0.93,0.0,,,,,,,,,,,,,
receivables,,COMP001,,,,,,,,,CUST013,,,,,,,,,,,,,,,,,,,,,69499378.79,,,,,,,,,PAID,,,,,,,,,,,,,,,,,,,,,,,,,,,,,,2025-02-03,,,,,,RCV00178,2025-01-07,2025-02-06,0.93,0.0,,,,,,,,,,,,,
receivables,,COMP001,,,,,,,,,CUST012,,,,,,,,,,,,,,,,,,,,,3717500.28,,,,,,,,,PAID,,,,,,,,,,,,,,,,,,,,,,,,,,,,,,2025-03-12,,,,,,RCV00179,2025-02-25,2025-03-12,0.95,0.0,,,,,,,,,,,,,
receivables,,COMP001,,,,,,,,,CUST001,,,,,,,,,,,,,,,,,,,,,39151063.5,,,,,,,,,PAID,,,,,,,,,,,,,,,,,,,,,,,,,,,,,,2025-04-03,,,,,,RCV00180,2025-03-21,2025-04-05,0.84,0.0,,,,,,,,,,,,,
receivables,,COMP001,,,,,,,,,CUST009,,,,,,,,,,,,,,,,,,,,,39347887.49,,,,,,,,,OVERDUE,,,,,,,,,,,,,,,,,,,,,,,,,,,,,,,,,,,,RCV00181,2025-02-25,2025-04-26,0.34,15.0,,,,,,,,,,,,,
receivables,,COMP001,,,,,,,,,CUST017,,,,,,,,,,,,,,,,,,,,,33803178.03,,,,,,,,,PAID,,,,,,,,,,,,,,,,,,,,,,,,,,,,,,2025-06-30,,,,,,RCV00182,2025-05-16,2025-06-30,0.77,0.0,,,,,,,,,,,,,
receivables,,COMP001,,,,,,,,,CUST011,,,,,,,,,,,,,,,,,,,,,57678686.48,,,,,,,,,PAID,,,,,,,,,,,,,,,,,,,,,,,,,,,,,,2025-05-17,,,,,,RCV00183,2025-04-17,2025-05-17,0.86,0.0,,,,,,,,,,,,,
receivables,,COMP001,,,,,,,,,CUST005,,,,,,,,,,,,,,,,,,,,,9248812.97,,,,,,,,,OVERDUE,,,,,,,,,,,,,,,,,,,,,,,,,,,,,,,,,,,,RCV00184,2025-07-14,2025-08-13,0.55,0.0,,,,,,,,,,,,,
receivables,,COMP001,,,,,,,,,CUST017,,,,,,,,,,,,,,,,,,,,,57823785.43,,,,,,,,,PAID,,,,,,,,,,,,,,,,,,,,,,,,,,,,,,2025-12-18,,,,,,RCV00185,2025-11-04,2025-12-19,0.81,0.0,,,,,,,,,,,,,
receivables,,COMP001,,,,,,,,,CUST015,,,,,,,,,,,,,,,,,,,,,29007209.0,,,,,,,,,PAID,,,,,,,,,,,,,,,,,,,,,,,,,,,,,,2025-06-20,,,,,,RCV00186,2025-05-24,2025-06-23,0.81,0.0,,,,,,,,,,,,,
receivables,,COMP001,,,,,,,,,CUST022,,,,,,,,,,,,,,,,,,,,,63474091.63,,,,,,,,,PAID,,,,,,,,,,,,,,,,,,,,,,,,,,,,,,2025-03-17,,,,,,RCV00187,2025-02-15,2025-03-17,0.94,0.0,,,,,,,,,,,,,
receivables,,COMP001,,,,,,,,,CUST016,,,,,,,,,,,,,,,,,,,,,3709463.32,,,,,,,,,PAID,,,,,,,,,,,,,,,,,,,,,,,,,,,,,,2025-07-01,,,,,,RCV00188,2025-05-20,2025-07-04,0.67,0.0,,,,,,,,,,,,,
receivables,,COMP001,,,,,,,,,CUST019,,,,,,,,,,,,,,,,,,,,,78205941.45,,,,,,,,,PAID,,,,,,,,,,,,,,,,,,,,,,,,,,,,,,2025-10-03,,,,,,RCV00189,2025-07-25,2025-09-08,0.35,3.0,,,,,,,,,,,,,
receivables,,COMP001,,,,,,,,,CUST012,,,,,,,,,,,,,,,,,,,,,4110408.93,,,,,,,,,PAID,,,,,,,,,,,,,,,,,,,,,,,,,,,,,,2025-02-20,,,,,,RCV00190,2025-02-05,2025-02-20,0.96,0.0,,,,,,,,,,,,,
receivables,,COMP001,,,,,,,,,CUST008,,,,,,,,,,,,,,,,,,,,,52167921.58,,,,,,,,,PAID,,,,,,,,,,,,,,,,,,,,,,,,,,,,,,2025-07-08,,,,,,RCV00191,2025-06-10,2025-07-10,0.74,30.0,,,,,,,,,,,,,
receivables,,COMP001,,,,,,,,,CUST020,,,,,,,,,,,,,,,,,,,,,20638266.62,,,,,,,,,PAID,,,,,,,,,,,,,,,,,,,,,,,,,,,,,,2025-09-27,,,,,,RCV00192,2025-07-31,2025-09-29,0.53,0.0,,,,,,,,,,,,,
receivables,,COMP001,,,,,,,,,CUST021,,,,,,,,,,,,,,,,,,,,,23054265.54,,,,,,,,,PAID,,,,,,,,,,,,,,,,,,,,,,,,,,,,,,2025-06-03,,,,,,RCV00193,2025-05-19,2025-06-03,0.9,0.0,,,,,,,,,,,,,
receivables,,COMP001,,,,,,,,,CUST013,,,,,,,,,,,,,,,,,,,,,15734498.85,,,,,,,,,PAID,,,,,,,,,,,,,,,,,,,,,,,,,,,,,,2025-06-14,,,,,,RCV00194,2025-04-28,2025-05-28,0.93,0.0,,,,,,,,,,,,,
receivables,,COMP001,,,,,,,,,CUST013,,,,,,,,,,,,,,,,,,,,,19486923.51,,,,,,,,,PAID,,,,,,,,,,,,,,,,,,,,,,,,,,,,,,2025-04-07,,,,,,RCV00195,2025-03-11,2025-04-10,0.9,0.0,,,,,,,,,,,,,
receivables,,COMP001,,,,,,,,,CUST021,,,,,,,,,,,,,,,,,,,,,48375829.98,,,,,,,,,PAID,,,,,,,,,,,,,,,,,,,,,,,,,,,,,,2025-02-18,,,,,,RCV00196,2025-02-03,2025-02-18,0.89,19.0,,,,,,,,,,,,,
receivables,,COMP001,,,,,,,,,CUST012,,,,,,,,,,,,,,,,,,,,,69421954.01,,,,,,,,,PAID,,,,,,,,,,,,,,,,,,,,,,,,,,,,,,2025-03-25,,,,,,RCV00197,2025-03-12,2025-03-27,0.93,0.0,,,,,,,,,,,,,
receivables,,COMP001,,,,,,,,,CUST003,,,,,,,,,,,,,,,,,,,,,46826659.17,,,,,,,,,PAID,,,,,,,,,,,,,,,,,,,,,,,,,,,,,,2025-06-05,,,,,,RCV00198,2025-05-24,2025-06-08,0.86,0.0,,,,,,,,,,,,,
receivables,,COMP001,,,,,,,,,CUST023,,,,,,,,,,,,,,,,,,,,,29625023.49,,,,,,,,,PAID,,,,,,,,,,,,,,,,,,,,,,,,,,,,,,2025-10-19,,,,,,RCV00199,2025-09-19,2025-10-19,0.84,22.0,,,,,,,,,,,,,
receivables,,COMP001,,,,,,,,,CUST022,,,,,,,,,,,,,,,,,,,,,36276840.61,,,,,,,,,PAID,,,,,,,,,,,,,,,,,,,,,,,,,,,,,,2025-11-28,,,,,,RCV00200,2025-11-01,2025-12-01,0.95,0.0,,,,,,,,,,,,,
receivables,,COMP001,,,,,,,,,CUST004,,,,,,,,,,,,,,,,,,,,,17052534.66,,,,,,,,,PAID,,,,,,,,,,,,,,,,,,,,,,,,,,,,,,2025-08-17,,,,,,RCV00201,2025-06-12,2025-07-27,0.69,0.0,,,,,,,,,,,,,
receivables,,COMP001,,,,,,,,,CUST006,,,,,,,,,,,,,,,,,,,,,49472872.31,,,,,,,,,OVERDUE,,,,,,,,,,,,,,,,,,,,,,,,,,,,,,,,,,,,RCV00202,2025-04-19,2025-06-03,0.59,0.0,,,,,,,,,,,,,
receivables,,COMP001,,,,,,,,,CUST008,,,,,,,,,,,,,,,,,,,,,59065295.14,,,,,,,,,PAID,,,,,,,,,,,,,,,,,,,,,,,,,,,,,,2025-10-22,,,,,,RCV00203,2025-08-30,2025-09-29,0.7,7.0,,,,,,,,,,,,,
receivables,,COMP001,,,,,,,,,CUST024,,,,,,,,,,,,,,,,,,,,,37202647.98,,,,,,,,,PENDING,,,,,,,,,,,,,,,,,,,,,,,,,,,,,,,,,,,,RCV00204,2025-11-22,2026-01-06,0.83,0.0,,,,,,,,,,,,,
receivables,,COMP001,,,,,,,,,CUST008,,,,,,,,,,,,,,,,,,,,,10744149.37,,,,,,,,,PAID,,,,,,,,,,,,,,,,,,,,,,,,,,,,,,2025-03-15,,,,,,RCV00205,2025-02-13,2025-03-15,0.67,0.0,,,,,,,,,,,,,
receivables,,COMP001,,,,,,,,,CUST025,,,,,,,,,,,,,,,,,,,,,60321485.91,,,,,,,,,PAID,,,,,,,,,,,,,,,,,,,,,,,,,,,,,,2025-06-01,,,,,,RCV00206,2025-04-19,2025-06-03,0.63,0.0,,,,,,,,,,,,,
receivables,,COMP001,,,,,,,,,CUST019,,,,,,,,,,,,,,,,,,,,,47843568.0,,,,,,,,,PAID,,,,,,,,,,,,,,,,,,,,,,,,,,,,,,2025-04-30,,,,,,RCV00207,2025-03-18,2025-05-02,0.33,0.0,,,,,,,,,,,,,
receivables,,COMP001,,,,,,,,,CUST024,,,,,,,,,,,,,,,,,,,,,41946659.28,,,,,,,,,PAID,,,,,,,,,,,,,,,,,,,,,,,,,,,,,,2025-08-07,,,,,,RCV00208,2025-06-01,2025-07-16,0.78,0.0,,,,,,,,,,,,,
receivables,,COMP001,,,,,,,,,CUST011,,,,,,,,,,,,,,,,,,,,,10763382.18,,,,,,,,,PAID,,,,,,,,,,,,,,,,,,,,,,,,,,,,,,2025-07-11,,,,,,RCV00209,2025-06-11,2025-07-11,0.9,0.0,,,,,,,,,,,,,
receivables,,COMP001,,,,,,,,,CUST021,,,,,,,,,,,,,,,,,,,,,37065735.41,,,,,,,,,PAID,,,,,,,,,,,,,,,,,,,,,,,,,,,,,,2025-05-23,,,,,,RCV00210,2025-05-10,2025-05-25,0.9,0.0,,,,,,,,,,,,,
receivables,,COMP001,,,,,,,,,CUST011,,,,,,,,,,,,,,,,,,,,,73017100.02,,,,,,,,,PAID,,,,,,,,,,,,,,,,,,,,,,,,,,,,,,2025-10-07,,,,,,RCV00211,2025-09-08,2025-10-08,0.89,0.0,,,,,,,,,,,,,
receivables,,COMP001,,,,,,,,,CUST011,,,,,,,,,,,,,,,,,,,,,57927423.44,,,,,,,,,OVERDUE,,,,,,,,,,,,,,,,,,,,,,,,,,,,,,,,,,,,RCV00212,2025-01-28,2025-02-27,0.83,0.0,,,,,,,,,,,,,
receivables,,COMP001,,,,,,,,,CUST003,,,,,,,,,,,,,,,,,,,,,39857821.25,,,,,,,,,PAID,,,,,,,,,,,,,,,,,,,,,,,,,,,,,,2025-12-19,,,,,,RCV00213,2025-12-06,2025-12-21,0.85,0.0,,,,,,,,,,,,,
receivables,,COMP001,,,,,,,,,CUST010,,,,,,,,,,,,,,,,,,,,,25954066.14,,,,,,,,,PAID,,,,,,,,,,,,,,,,,,,,,,,,,,,,,,2025-10-24,,,,,,RCV00214,2025-08-25,2025-10-24,0.51,0.0,,,,,,,,,,,,,
receivables,,COMP001,,,,,,,,,CUST019,,,,,,,,,,,,,,,,,,,,,48294167.81,,,,,,,,,PAID,,,,,,,,,,,,,,,,,,,,,,,,,,,,,,2025-03-29,,,,,,RCV00215,2025-01-30,2025-03-16,0.4,35.0,,,,,,,,,,,,,
receivables,,COMP001,,,,,,,,,CUST019,,,,,,,,,,,,,,,,,,,,,29400933.71,,,,,,,,,OVERDUE,,,,,,,,,,,,,,,,,,,,,,,,,,,,,,,,,,,,RCV00216,2025-07-22,2025-09-05,0.37,26.0,,,,,,,,,,,,,
receivables,,COMP001,,,,,,,,,CUST019,,,,,,,,,,,,,,,,,,,,,68013362.95,,,,,,,,,PAID,,,,,,,,,,,,,,,,,,,,,,,,,,,,,,2025-11-12,,,,,,RCV00217,2025-10-01,2025-11-15,0.39,21.0,,,,,,,,,,,,,
receivables,,COMP001,,,,,,,,,CUST013,,,,,,,,,,,,,,,,,,,,,54297812.53,,,,,,,,,PAID,,,,,,,,,,,,,,,,,,,,,,,,,,,,,,2025-05-15,,,,,,RCV00218,2025-04-15,2025-05-15,0.88,0.0,,,,,,,,,,,,,
receivables,,COMP001,,,,,,,,,CUST019,,,,,,,,,,,,,,,,,,,,,32880591.19,,,,,,,,,PAID,,,,,,,,,,,,,,,,,,,,,,,,,,,,,,2025-09-24,,,,,,RCV00219,2025-08-10,2025-09-24,0.4,16.0,,,,,,,,,,,,,
receivables,,COMP001,,,,,,,,,CUST018,,,,,,,,,,,,,,,,,,,,,31489269.41,,,,,,,,,PAID,,,,,,,,,,,,,,,,,,,,,,,,,,,,,,2025-05-02,,,,,,RCV00220,2025-02-26,2025-04-12,0.81,19.0,,,,,,,,,,,,,
receivables,,COMP001,,,,,,,,,CUST011,,,,,,,,,,,,,,,,,,,,,10767736.28,,,,,,,,,PAID,,,,,,,,,,,,,,,,,,,,,,,,,,,,,,2025-06-25,,,,,,RCV00221,2025-05-27,2025-06-26,0.87,0.0,,,,,,,,,,,,,
receivables,,COMP001,,,,,,,,,CUST003,,,,,,,,,,,,,,,,,,,,,12868924.24,,,,,,,,,PAID,,,,,,,,,,,,,,,,,,,,,,,,,,,,,,2025-10-26,,,,,,RCV00222,2025-10-13,2025-10-28,0.84,0.0,,,,,,,,,,,,,
receivables,,COMP001,,,,,,,,,CUST015,,,,,,,,,,,,,,,,,,,,,71101945.44,,,,,,,,,PAID,,,,,,,,,,,,,,,,,,,,,,,,,,,,,,2025-06-20,,,,,,RCV00223,2025-05-05,2025-06-04,0.83,0.0,,,,,,,,,,,,,
receivables,,COMP001,,,,,,,,,CUST013,,,,,,,,,,,,,,,,,,,,,30459020.7,,,,,,,,,PAID,,,,,,,,,,,,,,,,,,,,,,,,,,,,,,2025-08-20,,,,,,RCV00224,2025-07-21,2025-08-20,0.91,0.0,,,,,,,,,,,,,
receivables,,COMP001,,,,,,,,,CUST013,,,,,,,,,,,,,,,,,,,,,23599716.66,,,,,,,,,PAID,,,,,,,,,,,,,,,,,,,,,,,,,,,,,,2025-10-25,,,,,,RCV00225,2025-09-27,2025-10-27,0.96,0.0,,,,,,,,,,,,,
receivables,,COMP001,,,,,,,,,CUST014,,,,,,,,,,,,,,,,,,,,,48131737.88,,,,,,,,,PAID,,,,,,,,,,,,,,,,,,,,,,,,,,,,,,2025-02-08,,,,,,RCV00226,2025-01-09,2025-02-08,0.76,19.0,,,,,,,,,,,,,
receivables,,COMP001,,,,,,,,,CUST011,,,,,,,,,,,,,,,,,,,,,6971468.91,,,,,,,,,PAID,,,,,,,,,,,,,,,,,,,,,,,,,,,,,,2025-10-03,,,,,,RCV00227,2025-09-06,2025-10-06,0.88,34.0,,,,,,,,,,,,,
receivables,,COMP001,,,,,,,,,CUST017,,,,,,,,,,,,,,,,,,,,,46413843.12,,,,,,,,,PAID,,,,,,,,,,,,,,,,,,,,,,,,,,,,,,2025-11-12,,,,,,RCV00228,2025-10-01,2025-11-15,0.84,0.0,,,,,,,,,,,,,
receivables,,COMP001,,,,,,,,,CUST020,,,,,,,,,,,,,,,,,,,,,34452020.43,,,,,,,,,PENDING,,,,,,,,,,,,,,,,,,,,,,,,,,,,,,,,,,,,RCV00229,2025-11-25,2026-01-24,0.45,28.0,,,,,,,,,,,,,
receivables,,COMP001,,,,,,,,,CUST020,,,,,,,,,,,,,,,,,,,,,14792069.45,,,,,,,,,PAID,,,,,,,,,,,,,,,,,,,,,,,,,,,,,,2025-04-19,,,,,,RCV00230,2025-02-21,2025-04-22,0.53,0.0,,,,,,,,,,,,,
receivables,,COMP001,,,,,,,,,CUST019,,,,,,,,,,,,,,,,,,,,,36264949.78,,,,,,,,,OVERDUE,,,,,,,,,,,,,,,,,,,,,,,,,,,,,,,,,,,,RCV00231,2025-05-09,2025-06-23,0.37,0.0,,,,,,,,,,,,,
receivables,,COMP001,,,,,,,,,CUST010,,,,,,,,,,,,,,,,,,,,,37375061.8,,,,,,,,,PAID,,,,,,,,,,,,,,,,,,,,,,,,,,,,,,2025-04-24,,,,,,RCV00232,2025-02-26,2025-04-27,0.51,0.0,,,,,,,,,,,,,
receivables,,COMP001,,,,,,,,,CUST022,,,,,,,,,,,,,,,,,,,,,56602885.87,,,,,,,,,PAID,,,,,,,,,,,,,,,,,,,,,,,,,,,,,,2025-08-24,,,,,,RCV00233,2025-07-27,2025-08-26,1.0,0.0,,,,,,,,,,,,,
receivables,,COMP001,,,,,,,,,CUST023,,,,,,,,,,,,,,,,,,,,,65877028.78,,,,,,,,,PAID,,,,,,,,,,,,,,,,,,,,,,,,,,,,,,2025-06-28,,,,,,RCV00234,2025-06-01,2025-07-01,0.9,0.0,,,,,,,,,,,,,
receivables,,COMP001,,,,,,,,,CUST011,,,,,,,,,,,,,,,,,,,,,14389118.31,,,,,,,,,PAID,,,,,,,,,,,,,,,,,,,,,,,,,,,,,,2025-06-04,,,,,,RCV00235,2025-05-07,2025-06-06,0.87,0.0,,,,,,,,,,,,,
receivables,,COMP001,,,,,,,,,CUST020,,,,,,,,,,,,,,,,,,,,,51356220.94,,,,,,,,,PAID,,,,,,,,,,,,,,,,,,,,,,,,,,,,,,2025-04-09,,,,,,RCV00236,2025-02-11,2025-04-12,0.49,0.0,,,,,,,,,,,,,
receivables,,COMP001,,,,,,,,,CUST001,,,,,,,,,,,,,,,,,,,,,56958808.64,,,,,,,,,PAID,,,,,,,,,,,,,,,,,,,,,,,,,,,,,,2025-12-13,,,,,,RCV00237,2025-11-30,2025-12-15,0.89,0.0,,,,,,,,,,,,,
receivables,,COMP001,,,,,,,,,CUST014,,,,,,,,,,,,,,,,,,,,,75237412.83,,,,,,,,,PAID,,,,,,,,,,,,,,,,,,,,,,,,,,,,,,2025-12-11,,,,,,RCV00238,2025-11-13,2025-12-13,0.77,0.0,,,,,,,,,,,,,
receivables,,COMP001,,,,,,,,,CUST017,,,,,,,,,,,,,,,,,,,,,23982856.33,,,,,,,,,PAID,,,,,,,,,,,,,,,,,,,,,,,,,,,,,,2025-11-05,,,,,,RCV00239,2025-09-21,2025-11-05,0.79,0.0,,,,,,,,,,,,,
receivables,,COMP001,,,,,,,,,CUST013,,,,,,,,,,,,,,,,,,,,,66705213.46,,,,,,,,,PAID,,,,,,,,,,,,,,,,,,,,,,,,,,,,,,2025-05-17,,,,,,RCV00240,2025-04-17,2025-05-17,0.95,0.0,,,,,,,,,,,,,
receivables,,COMP001,,,,,,,,,CUST018,,,,,,,,,,,,,,,,,,,,,31686678.94,,,,,,,,,PAID,,,,,,,,,,,,,,,,,,,,,,,,,,,,,,2025-03-21,,,,,,RCV00241,2025-02-05,2025-03-22,0.72,1.0,,,,,,,,,,,,,
receivables,,COMP001,,,,,,,,,CUST017,,,,,,,,,,,,,,,,,,,,,42608007.7,,,,,,,,,PAID,,,,,,,,,,,,,,,,,,,,,,,,,,,,,,2025-07-24,,,,,,RCV00242,2025-06-10,2025-07-25,0.81,0.0,,,,,,,,,,,,,
receivables,,COMP001,,,,,,,,,CUST004,,,,,,,,,,,,,,,,,,,,,69783783.78,,,,,,,,,OVERDUE,,,,,,,,,,,,,,,,,,,,,,,,,,,,,,,,,,,,RCV00243,2025-06-01,2025-07-16,0.67,0.0,,,,,,,,,,,,,
receivables,,COMP001,,,,,,,,,CUST023,,,,,,,,,,,,,,,,,,,,,63647399.98,,,,,,,,,PENDING,,,,,,,,,,,,,,,,,,,,,,,,,,,,,,,,,,,,RCV00244,2025-12-14,2026-01-13,0.87,0.0,,,,,,,,,,,,,
receivables,,COMP001,,,,,,,,,CUST010,,,,,,,,,,,,,,,,,,,,,20659185.24,,,,,,,,,PAID,,,,,,,,,,,,,,,,,,,,,,,,,,,,,,2025-11-20,,,,,,RCV00245,2025-09-23,2025-11-22,0.48,0.0,,,,,,,,,,,,,
receivables,,COMP001,,,,,,,,,CUST006,,,,,,,,,,,,,,,,,,,,,54165519.76,,,,,,,,,PAID,,,,,,,,,,,,,,,,,,,,,,,,,,,,,,2025-11-04,,,,,,RCV00246,2025-09-22,2025-11-06,0.58,0.0,,,,,,,,,,,,,
receivables,,COMP001,,,,,,,,,CUST012,,,,,,,,,,,,,,,,,,,,,39469573.86,,,,,,,,,PAID,,,,,,,,,,,,,,,,,,,,,,,,,,,,,,2025-09-19,,,,,,RCV00247,2025-09-04,2025-09-19,0.9,0.0,,,,,,,,,,,,,
receivables,,COMP001,,,,,,,,,CUST015,,,,,,,,,,,,,,,,,,,,,3316266.94,,,,,,,,,PENDING,,,,,,,,,,,,,,,,,,,,,,,,,,,,,,,,,,,,RCV00248,2025-12-07,2026-01-06,0.78,0.0,,,,,,,,,,,,,
receivables,,COMP001,,,,,,,,,CUST003,,,,,,,,,,,,,,,,,,,,,26018293.35,,,,,,,,,PAID,,,,,,,,,,,,,,,,,,,,,,,,,,,,,,2025-10-11,,,,,,RCV00249,2025-09-29,2025-10-14,0.86,0.0,,,,,,,,,,,,,
receivables,,COMP001,,,,,,,,,CUST016,,,,,,,,,,,,,,,,,,,,,17927945.51,,,,,,,,,OVERDUE,,,,,,,,,,,,,,,,,,,,,,,,,,,,,,,,,,,,RCV00250,2025-08-30,2025-10-14,0.69,0.0,,,,,,,,,,,,,
receivables,,COMP001,,,,,,,,,CUST002,,,,,,,,,,,,,,,,,,,,,23484744.54,,,,,,,,,PAID,,,,,,,,,,,,,,,,,,,,,,,,,,,,,,2025-05-03,,,,,,RCV00251,2025-04-06,2025-05-06,0.84,33.0,,,,,,,,,,,,,
receivables,,COMP001,,,,,,,,,CUST015,,,,,,,,,,,,,,,,,,,,,20821176.03,,,,,,,,,PENDING,,,,,,,,,,,,,,,,,,,,,,,,,,,,,,,,,,,,RCV00252,2025-12-07,2026-01-06,0.8,24.0,,,,,,,,,,,,,
receivables,,COMP001,,,,,,,,,CUST015,,,,,,,,,,,,,,,,,,,,,32787272.34,,,,,,,,,PAID,,,,,,,,,,,,,,,,,,,,,,,,,,,,,,2025-03-10,,,,,,RCV00253,2025-02-08,2025-03-10,0.81,0.0,,,,,,,,,,,,,
receivables,,COMP001,,,,,,,,,CUST010,,,,,,,,,,,,,,,,,,,,,59358879.7,,,,,,,,,PAID,,,,,,,,,,,,,,,,,,,,,,,,,,,,,,2025-05-21,,,,,,RCV00254,2025-03-22,2025-05-21,0.52,3.0,,,,,,,,,,,,,
receivables,,COMP001,,,,,,,,,CUST001,,,,,,,,,,,,,,,,,,,,,41961522.26,,,,,,,,,PAID,,,,,,,,,,,,,,,,,,,,,,,,,,,,,,2025-02-18,,,,,,RCV00255,2025-02-05,2025-02-20,0.9,0.0,,,,,,,,,,,,,
receivables,,COMP001,,,,,,,,,CUST022,,,,,,,,,,,,,,,,,,,,,69601809.14,,,,,,,,,PAID,,,,,,,,,,,,,,,,,,,,,,,,,,,,,,2025-06-05,,,,,,RCV00256,2025-05-07,2025-06-06,1.0,0.0,,,,,,,,,,,,,
receivables,,COMP001,,,,,,,,,CUST023,,,,,,,,,,,,,,,,,,,,,18570985.9,,,,,,,,,PAID,,,,,,,,,,,,,,,,,,,,,,,,,,,,,,2025-10-05,,,,,,RCV00257,2025-09-06,2025-10-06,0.84,0.0,,,,,,,,,,,,,
receivables,,COMP001,,,,,,,,,CUST007,,,,,,,,,,,,,,,,,,,,,38293128.54,,,,,,,,,PAID,,,,,,,,,,,,,,,,,,,,,,,,,,,,,,2025-07-14,,,,,,RCV00258,2025-05-30,2025-07-14,0.6,31.0,,,,,,,,,,,,,
receivables,,COMP001,,,,,,,,,CUST012,,,,,,,,,,,,,,,,,,,,,6695164.57,,,,,,,,,PAID,,,,,,,,,,,,,,,,,,,,,,,,,,,,,,2025-02-15,,,,,,RCV00259,2025-02-02,2025-02-17,0.91,0.0,,,,,,,,,,,,,
receivables,,COMP001,,,,,,,,,CUST010,,,,,,,,,,,,,,,,,,,,,29185131.8,,,,,,,,,OVERDUE,,,,,,,,,,,,,,,,,,,,,,,,,,,,,,,,,,,,RCV00260,2025-07-16,2025-09-14,0.58,26.0,,,,,,,,,,,,,
receivables,,COMP001,,,,,,,,,CUST008,,,,,,,,,,,,,,,,,,,,,49749743.14,,,,,,,,,PAID,,,,,,,,,,,,,,,,,,,,,,,,,,,,,,2025-04-04,,,,,,RCV00261,2025-02-10,2025-03-12,0.74,15.0,,,,,,,,,,,,,
receivables,,COMP001,,,,,,,,,CUST021,,,,,,,,,,,,,,,,,,,,,39838682.04,,,,,,,,,PAID,,,,,,,,,,,,,,,,,,,,,,,,,,,,,,2025-01-18,,,,,,RCV00262,2025-01-04,2025-01-19,0.85,0.0,,,,,,,,,,,,,
receivables,,COMP001,,,,,,,,,CUST007,,,,,,,,,,,,,,,,,,,,,31042802.7,,,,,,,,,PAID,,,,,,,,,,,,,,,,,,,,,,,,,,,,,,2025-05-11,,,,,,RCV00263,2025-03-30,2025-05-14,0.62,28.0,,,,,,,,,,,,,
receivables,,COMP001,,,,,,,,,CUST003,,,,,,,,,,,,,,,,,,,,,6999389.94,,,,,,,,,PAID,,,,,,,,,,,,,,,,,,,,,,,,,,,,,,2025-08-19,,,,,,RCV00264,2025-08-04,2025-08-19,0.92,0.0,,,,,,,,,,,,,
receivables,,COMP001,,,,,,,,,CUST007,,,,,,,,,,,,,,,,,,,,,39175776.24,,,,,,,,,PAID,,,,,,,,,,,,,,,,,,,,,,,,,,,,,,2025-03-02,,,,,,RCV00265,2025-01-19,2025-03-05,0.61,18.0,,,,,,,,,,,,,
receivables,,COMP001,,,,,,,,,CUST013,,,,,,,,,,,,,,,,,,,,,9996071.33,,,,,,,,,PAID,,,,,,,,,,,,,,,,,,,,,,,,,,,,,,2025-09-16,,,,,,RCV00266,2025-08-17,2025-09-16,0.89,0.0,,,,,,,,,,,,,
receivables,,COMP001,,,,,,,,,CUST007,,,,,,,,,,,,,,,,,,,,,6696688.22,,,,,,,,,PAID,,,,,,,,,,,,,,,,,,,,,,,,,,,,,,2025-03-26,,,,,,RCV00267,2025-02-09,2025-03-26,0.61,6.0,,,,,,,,,,,,,
receivables,,COMP001,,,,,,,,,CUST011,,,,,,,,,,,,,,,,,,,,,76790203.54,,,,,,,,,PAID,,,,,,,,,,,,,,,,,,,,,,,,,,,,,,2025-10-04,,,,,,RCV00268,2025-08-26,2025-09-25,0.86,0.0,,,,,,,,,,,,,
receivables,,COMP001,,,,,,,,,CUST022,,,,,,,,,,,,,,,,,,,,,49607607.1,,,,,,,,,PAID,,,,,,,,,,,,,,,,,,,,,,,,,,,,,,2025-03-05,,,,,,RCV00269,2025-02-06,2025-03-08,0.94,0.0,,,,,,,,,,,,,
receivables,,COMP001,,,,,,,,,CUST017,,,,,,,,,,,,,,,,,,,,,12920381.77,,,,,,,,,PAID,,,,,,,,,,,,,,,,,,,,,,,,,,,,,,2025-10-23,,,,,,RCV00270,2025-09-10,2025-10-25,0.85,0.0,,,,,,,,,,,,,
receivables,,COMP001,,,,,,,,,CUST021,,,,,,,,,,,,,,,,,,,,,67828081.12,,,,,,,,,PAID,,,,,,,,,,,,,,,,,,,,,,,,,,,,,,2025-03-29,,,,,,RCV00271,2025-03-14,2025-03-29,0.87,0.0,,,,,,,,,,,,,
receivables,,COMP001,,,,,,,,,CUST025,,,,,,,,,,,,,,,,,,,,,64015763.59,,,,,,,,,PAID,,,,,,,,,,,,,,,,,,,,,,,,,,,,,,2025-10-25,,,,,,RCV00272,2025-09-10,2025-10-25,0.59,0.0,,,,,,,,,,,,,
receivables,,COMP001,,,,,,,,,CUST008,,,,,,,,,,,,,,,,,,,,,57082629.06,,,,,,,,,PAID,,,,,,,,,,,,,,,,,,,,,,,,,,,,,,2025-06-30,,,,,,RCV00273,2025-06-01,2025-07-01,0.66,0.0,,,,,,,,,,,,,
receivables,,COMP001,,,,,,,,,CUST016,,,,,,,,,,,,,,,,,,,,,45869919.57,,,,,,,,,PAID,,,,,,,,,,,,,,,,,,,,,,,,,,,,,,2025-07-19,,,,,,RCV00274,2025-06-07,2025-07-22,0.73,0.0,,,,,,,,,,,,,
receivables,,COMP001,,,,,,,,,CUST012,,,,,,,,,,,,,,,,,,,,,22880783.63,,,,,,,,,PAID,,,,,,,,,,,,,,,,,,,,,,,,,,,,,,2025-03-09,,,,,,RCV00275,2025-02-16,2025-03-03,0.95,0.0,,,,,,,,,,,,,
receivables,,COMP001,,,,,,,,,CUST016,,,,,,,,,,,,,,,,,,,,,45868029.63,,,,,,,,,PAID,,,,,,,,,,,,,,,,,,,,,,,,,,,,,,2025-09-24,,,,,,RCV00276,2025-08-10,2025-09-24,0.66,0.0,,,,,,,,,,,,,
receivables,,COMP001,,,,,,,,,CUST001,,,,,,,,,,,,,,,,,,,,,15354392.79,,,,,,,,,PAID,,,,,,,,,,,,,,,,,,,,,,,,,,,,,,2025-05-08,,,,,,RCV00277,2025-04-24,2025-05-09,0.86,0.0,,,,,,,,,,,,,
receivables,,COMP001,,,,,,,,,CUST010,,,,,,,,,,,,,,,,,,,,,45204359.37,,,,,,,,,OVERDUE,,,,,,,,,,,,,,,,,,,,,,,,,,,,,,,,,,,,RCV00278,2025-07-26,2025-09-24,0.56,0.0,,,,,,,,,,,,,
receivables,,COMP001,,,,,,,,,CUST013,,,,,,,,,,,,,,,,,,,,,63188798.97,,,,,,,,,PAID,,,,,,,,,,,,,,,,,,,,,,,,,,,,,,2025-08-23,,,,,,RCV00279,2025-07-25,2025-08-24,0.96,0.0,,,,,,,,,,,,,
receivables,,COMP001,,,,,,,,,CUST011,,,,,,,,,,,,,,,,,,,,,42663093.93,,,,,,,,,PAID,,,,,,,,,,,,,,,,,,,,,,,,,,,,,,2025-08-04,,,,,,RCV00280,2025-07-07,2025-08-06,0.86,0.0,,,,,,,,,,,,,
receivables,,COMP001,,,,,,,,,CUST016,,,,,,,,,,,,,,,,,,,,,38765585.3,,,,,,,,,PAID,,,,,,,,,,,,,,,,,,,,,,,,,,,,,,2025-12-11,,,,,,RCV00281,2025-10-28,2025-12-12,0.69,0.0,,,,,,,,,,,,,
receivables,,COMP001,,,,,,,,,CUST024,,,,,,,,,,,,,,,,,,,,,68373020.11,,,,,,,,,OVERDUE,,,,,,,,,,,,,,,,,,,,,,,,,,,,,,,,,,,,RCV00282,2025-10-21,2025-12-05,0.85,0.0,,,,,,,,,,,,,
receivables,,COMP001,,,,,,,,,CUST021,,,,,,,,,,,,,,,,,,,,,5957010.62,,,,,,,,,OVERDUE,,,,,,,,,,,,,,,,,,,,,,,,,,,,,,,,,,,,RCV00283,2025-06-28,2025-07-13,0.87,0.0,,,,,,,,,,,,,
receivables,,COMP001,,,,,,,,,CUST018,,,,,,,,,,,,,,,,,,,,,13344800.16,,,,,,,,,PAID,,,,,,,,,,,,,,,,,,,,,,,,,,,,,,2025-07-03,,,,,,RCV00284,2025-05-22,2025-07-06,0.73,12.0,,,,,,,,,,,,,
receivables,,COMP001,,,,,,,,,CUST012,,,,,,,,,,,,,,,,,,,,,27064362.03,,,,,,,,,PAID,,,,,,,,,,,,,,,,,,,,,,,,,,,,,,2025-06-02,,,,,,RCV00285,2025-05-20,2025-06-04,0.89,0.0,,,,,,,,,,,,,
receivables,,COMP001,,,,,,,,,CUST022,,,,,,,,,,,,,,,,,,,,,53373358.35,,,,,,,,,PAID,,,,,,,,,,,,,,,,,,,,,,,,,,,,,,2025-03-26,,,,,,RCV00286,2025-02-24,2025-03-26,0.92,0.0,,,,,,,,,,,,,
receivables,,COMP001,,,,,,,,,CUST004,,,,,,,,,,,,,,,,,,,,,20270503.5,,,,,,,,,PAID,,,,,,,,,,,,,,,,,,,,,,,,,,,,,,2025-03-01,,,,,,RCV00287,2025-01-17,2025-03-03,0.65,0.0,,,,,,,,,,,,,
receivables,,COMP001,,,,,,,,,CUST021,,,,,,,,,,,,,,,,,,,,,29393697.79,,,,,,,,,PAID,,,,,,,,,,,,,,,,,,,,,,,,,,,,,,2025-08-30,,,,,,RCV00288,2025-08-15,2025-08-30,0.85,0.0,,,,,,,,,,,,,
receivables,,COMP001,,,,,,,,,CUST016,,,,,,,,,,,,,,,,,,,,,35265610.6,,,,,,,,,PAID,,,,,,,,,,,,,,,,,,,,,,,,,,,,,,2025-05-06,,,,,,RCV00289,2025-02-28,2025-04-14,0.65,0.0,,,,,,,,,,,,,
receivables,,COMP001,,,,,,,,,CUST011,,,,,,,,,,,,,,,,,,,,,42472425.62,,,,,,,,,PAID,,,,,,,,,,,,,,,,,,,,,,,,,,,,,,2025-05-17,,,,,,RCV00290,2025-04-20,2025-05-20,0.83,0.0,,,,,,,,,,,,,
receivables,,COMP001,,,,,,,,,CUST022,,,,,,,,,,,,,,,,,,,,,50826205.32,,,,,,,,,PAID,,,,,,,,,,,,,,,,,,,,,,,,,,,,,,2025-08-25,,,,,,RCV00291,2025-07-27,2025-08-26,0.97,0.0,,,,,,,,,,,,,
receivables,,COMP001,,,,,,,,,CUST005,,,,,,,,,,,,,,,,,,,,,5186969.42,,,,,,,,,PAID,,,,,,,,,,,,,,,,,,,,,,,,,,,,,,2025-11-18,,,,,,RCV00292,2025-10-19,2025-11-18,0.55,0.0,,,,,,,,,,,,,
receivables,,COMP001,,,,,,,,,CUST021,,,,,,,,,,,,,,,,,,,,,75620855.82,,,,,,,,,PAID,,,,,,,,,,,,,,,,,,,,,,,,,,,,,,2025-06-18,,,,,,RCV00293,2025-06-05,2025-06-20,0.88,0.0,,,,,,,,,,,,,
receivables,,COMP001,,,,,,,,,CUST006,,,,,,,,,,,,,,,,,,,,,20778670.62,,,,,,,,,PAID,,,,,,,,,,,,,,,,,,,,,,,,,,,,,,2025-08-26,,,,,,RCV00294,2025-07-15,2025-08-29,0.65,16.0,,,,,,,,,,,,,
receivables,,COMP001,,,,,,,,,CUST011,,,,,,,,,,,,,,,,,,,,,41650041.38,,,,,,,,,PAID,,,,,,,,,,,,,,,,,,,,,,,,,,,,,,2025-09-16,,,,,,RCV00295,2025-08-18,2025-09-17,0.83,0.0,,,,,,,,,,,,,
receivables,,COMP001,,,,,,,,,CUST010,,,,,,,,,,,,,,,,,,,,,66939971.58,,,,,,,,,PAID,,,,,,,,,,,,,,,,,,,,,,,,,,,,,,2025-04-03,,,,,,RCV00296,2025-02-03,2025-04-04,0.54,0.0,,,,,,,,,,,,,
receivables,,COMP001,,,,,,,,,CUST008,,,,,,,,,,,,,,,,,,,,,38820107.22,,,,,,,,,PENDING,,,,,,,,,,,,,,,,,,,,,,,,,,,,,,,,,,,,RCV00297,2025-12-16,2026-01-15,0.68,0.0,,,,,,,,,,,,,
receivables,,COMP001,,,,,,,,,CUST001,,,,,,,,,,,,,,,,,,,,,71572312.14,,,,,,,,,PAID,,,,,,,,,,,,,,,,,,,,,,,,,,,,,,2025-01-24,,,,,,RCV00298,2025-01-11,2025-01-26,0.84,0.0,,,,,,,,,,,,,
receivables,,COMP001,,,,,,,,,CUST022,,,,,,,,,,,,,,,,,,,,,67055526.41,,,,,,,,,PAID,,,,,,,,,,,,,,,,,,,,,,,,,,,,,,2025-03-02,,,,,,RCV00299,2025-02-03,2025-03-05,0.94,0.0,,,,,,,,,,,,,
receivables,,COMP001,,,,,,,,,CUST025,,,,,,,,,,,,,,,,,,,,,75451023.77,,,,,,,,,PAID,,,,,,,,,,,,,,,,,,,,,,,,,,,,,,2025-04-24,,,,,,RCV00300,2025-03-12,2025-04-26,0.58,0.0,,,,,,,,,,,,,
receivables,,COMP001,,,,,,,,,CUST024,,,,,,,,,,,,,,,,,,,,,25122943.82,,,,,,,,,PAID,,,,,,,,,,,,,,,,,,,,,,,,,,,,,,2025-06-12,,,,,,RCV00301,2025-04-29,2025-06-13,0.86,0.0,,,,,,,,,,,,,
receivables,,COMP001,,,,,,,,,CUST003,,,,,,,,,,,,,,,,,,,,,11856934.22,,,,,,,,,PAID,,,,,,,,,,,,,,,,,,,,,,,,,,,,,,2025-05-09,,,,,,RCV00302,2025-04-26,2025-05-11,0.86,0.0,,,,,,,,,,,,,
receivables,,COMP001,,,,,,,,,CUST022,,,,,,,,,,,,,,,,,,,,,20727435.63,,,,,,,,,PAID,,,,,,,,,,,,,,,,,,,,,,,,,,,,,,2025-11-21,,,,,,RCV00303,2025-10-24,2025-11-23,0.97,0.0,,,,,,,,,,,,,
receivables,,COMP001,,,,,,,,,CUST007,,,,,,,,,,,,,,,,,,,,,61180986.18,,,,,,,,,PAID,,,,,,,,,,,,,,,,,,,,,,,,,,,,,,2025-11-04,,,,,,RCV00304,2025-09-20,2025-11-04,0.6,0.0,,,,,,,,,,,,,
receivables,,COMP001,,,,,,,,,CUST005,,,,,,,,,,,,,,,,,,,,,2132853.37,,,,,,,,,PAID,,,,,,,,,,,,,,,,,,,,,,,,,,,,,,2025-02-18,,,,,,RCV00305,2025-01-19,2025-02-18,0.6,0.0,,,,,,,,,,,,,
receivables,,COMP001,,,,,,,,,CUST003,,,,,,,,,,,,,,,,,,,,,78710136.39,,,,,,,,,PAID,,,,,,,,,,,,,,,,,,,,,,,,,,,,,,2025-10-30,,,,,,RCV00306,2025-10-17,2025-11-01,0.86,0.0,,,,,,,,,,,,,
receivables,,COMP001,,,,,,,,,CUST013,,,,,,,,,,,,,,,,,,,,,65814219.24,,,,,,,,,PAID,,,,,,,,,,,,,,,,,,,,,,,,,,,,,,2025-04-13,,,,,,RCV00307,2025-03-15,2025-04-14,0.87,0.0,,,,,,,,,,,,,
receivables,,COMP001,,,,,,,,,CUST023,,,,,,,,,,,,,,,,,,,,,15207046.12,,,,,,,,,PAID,,,,,,,,,,,,,,,,,,,,,,,,,,,,,,2025-05-21,,,,,,RCV00308,2025-04-23,2025-05-23,0.81,0.0,,,,,,,,,,,,,
receivables,,COMP001,,,,,,,,,CUST004,,,,,,,,,,,,,,,,,,,,,35435064.88,,,,,,,,,PAID,,,,,,,,,,,,,,,,,,,,,,,,,,,,,,2025-12-13,,,,,,RCV00309,2025-10-31,2025-12-15,0.6,0.0,,,,,,,,,,,,,
receivables,,COMP001,,,,,,,,,CUST016,,,,,,,,,,,,,,,,,,,,,29811902.77,,,,,,,,,PAID,,,,,,,,,,,,,,,,,,,,,,,,,,,,,,2025-06-01,,,,,,RCV00310,2025-04-20,2025-06-04,0.64,0.0,,,,,,,,,,,,,
receivables,,COMP001,,,,,,,,,CUST008,,,,,,,,,,,,,,,,,,,,,79258967.43,,,,,,,,,OVERDUE,,,,,,,,,,,,,,,,,,,,,,,,,,,,,,,,,,,,RCV00311,2025-09-13,2025-10-13,0.67,0.0,,,,,,,,,,,,,
receivables,,COMP001,,,,,,,,,CUST004,,,,,,,,,,,,,,,,,,,,,67147525.96,,,,,,,,,PAID,,,,,,,,,,,,,,,,,,,,,,,,,,,,,,2026-01-03,,,,,,RCV00312,2025-10-30,2025-12-14,0.67,0.0,,,,,,,,,,,,,
receivables,,COMP001,,,,,,,,,CUST019,,,,,,,,,,,,,,,,,,,,,47893883.36,,,,,,,,,PAID,,,,,,,,,,,,,,,,,,,,,,,,,,,,,,2025-05-01,,,,,,RCV00313,2025-02-24,2025-04-10,0.35,1.0,,,,,,,,,,,,,
receivables,,COMP001,,,,,,,,,CUST019,,,,,,,,,,,,,,,,,,,,,48280589.73,,,,,,,,,PAID,,,,,,,,,,,,,,,,,,,,,,,,,,,,,,2025-12-18,,,,,,RCV00314,2025-11-04,2025-12-19,0.42,3.0,,,,,,,,,,,,,
receivables,,COMP001,,,,,,,,,CUST010,,,,,,,,,,,,,,,,,,,,,38307810.44,,,,,,,,,PENDING,,,,,,,,,,,,,,,,,,,,,,,,,,,,,,,,,,,,RCV00315,2025-12-04,2026-02-02,0.55,0.0,,,,,,,,,,,,,
receivables,,COMP001,,,,,,,,,CUST004,,,,,,,,,,,,,,,,,,,,,22957251.35,,,,,,,,,PAID,,,,,,,,,,,,,,,,,,,,,,,,,,,,,,2025-02-16,,,,,,RCV00316,2025-01-04,2025-02-18,0.59,0.0,,,,,,,,,,,,,
receivables,,COMP001,,,,,,,,,CUST025,,,,,,,,,,,,,,,,,,,,,6718170.36,,,,,,,,,PENDING,,,,,,,,,,,,,,,,,,,,,,,,,,,,,,,,,,,,RCV00317,2025-11-27,2026-01-11,0.63,0.0,,,,,,,,,,,,,
receivables,,COMP001,,,,,,,,,CUST009,,,,,,,,,,,,,,,,,,,,,75217657.69,,,,,,,,,PAID,,,,,,,,,,,,,,,,,,,,,,,,,,,,,,2025-09-23,,,,,,RCV00318,2025-07-04,2025-09-02,0.31,3.0,,,,,,,,,,,,,
receivables,,COMP001,,,,,,,,,CUST016,,,,,,,,,,,,,,,,,,,,,8195784.24,,,,,,,,,PAID,,,,,,,,,,,,,,,,,,,,,,,,,,,,,,2025-03-04,,,,,,RCV00319,2025-01-20,2025-03-06,0.69,0.0,,,,,,,,,,,,,
receivables,,COMP001,,,,,,,,,CUST013,,,,,,,,,,,,,,,,,,,,,63745698.77,,,,,,,,,PAID,,,,,,,,,,,,,,,,,,,,,,,,,,,,,,2025-05-29,,,,,,RCV00320,2025-04-29,2025-05-29,0.93,0.0,,,,,,,,,,,,,
receivables,,COMP001,,,,,,,,,CUST009,,,,,,,,,,,,,,,,,,,,,55080958.66,,,,,,,,,OVERDUE,,,,,,,,,,,,,,,,,,,,,,,,,,,,,,,,,,,,RCV00321,2025-05-07,2025-07-06,0.35,14.0,,,,,,,,,,,,,
receivables,,COMP001,,,,,,,,,CUST015,,,,,,,,,,,,,,,,,,,,,11460930.72,,,,,,,,,PAID,,,,,,,,,,,,,,,,,,,,,,,,,,,,,,2025-06-20,,,,,,RCV00322,2025-05-24,2025-06-23,0.78,8.0,,,,,,,,,,,,,
receivables,,COMP001,,,,,,,,,CUST015,,,,,,,,,,,,,,,,,,,,,26859338.55,,,,,,,,,OVERDUE,,,,,,,,,,,,,,,,,,,,,,,,,,,,,,,,,,,,RCV00323,2025-04-06,2025-05-06,0.81,0.0,,,,,,,,,,,,,
receivables,,COMP001,,,,,,,,,CUST022,,,,,,,,,,,,,,,,,,,,,10795626.05,,,,,,,,,PAID,,,,,,,,,,,,,,,,,,,,,,,,,,,,,,2025-10-07,,,,,,RCV00324,2025-09-08,2025-10-08,0.97,0.0,,,,,,,,,,,,,
receivables,,COMP001,,,,,,,,,CUST016,,,,,,,,,,,,,,,,,,,,,42851704.64,,,,,,,,,PAID,,,,,,,,,,,,,,,,,,,,,,,,,,,,,,2025-12-23,,,,,,RCV00325,2025-10-22,2025-12-06,0.65,4.0,,,,,,,,,,,,,
receivables,,COMP001,,,,,,,,,CUST018,,,,,,,,,,,,,,,,,,,,,18292027.26,,,,,,,,,PAID,,,,,,,,,,,,,,,,,,,,,,,,,,,,,,2025-03-04,,,,,,RCV00326,2025-01-21,2025-03-07,0.74,0.0,,,,,,,,,,,,,
receivables,,COMP001,,,,,,,,,CUST002,,,,,,,,,,,,,,,,,,,,,32446752.05,,,,,,,,,PAID,,,,,,,,,,,,,,,,,,,,,,,,,,,,,,2025-06-27,,,,,,RCV00327,2025-05-31,2025-06-30,0.84,0.0,,,,,,,,,,,,,
receivables,,COMP001,,,,,,,,,CUST012,,,,,,,,,,,,,,,,,,,,,4385008.92,,,,,,,,,PAID,,,,,,,,,,,,,,,,,,,,,,,,,,,,,,2025-04-16,,,,,,RCV00328,2025-04-01,2025-04-16,0.93,0.0,,,,,,,,,,,,,
receivables,,COMP001,,,,,,,,,CUST008,,,,,,,,,,,,,,,,,,,,,42425360.14,,,,,,,,,PAID,,,,,,,,,,,,,,,,,,,,,,,,,,,,,,2025-11-06,,,,,,RCV00329,2025-10-10,2025-11-09,0.73,0.0,,,,,,,,,,,,,
receivables,,COMP001,,,,,,,,,CUST016,,,,,,,,,,,,,,,,,,,,,18787653.57,,,,,,,,,OVERDUE,,,,,,,,,,,,,,,,,,,,,,,,,,,,,,,,,,,,RCV00330,2025-10-15,2025-11-29,0.66,31.0,,,,,,,,,,,,,
receivables,,COMP001,,,,,,,,,CUST013,,,,,,,,,,,,,,,,,,,,,48842441.79,,,,,,,,,PAID,,,,,,,,,,,,,,,,,,,,,,,,,,,,,,2025-11-09,,,,,,RCV00331,2025-10-11,2025-11-10,0.87,0.0,,,,,,,,,,,,,
receivables,,COMP001,,,,,,,,,CUST014,,,,,,,,,,,,,,,,,,,,,38284229.76,,,,,,,,,PAID,,,,,,,,,,,,,,,,,,,,,,,,,,,,,,2025-08-04,,,,,,RCV00332,2025-07-08,2025-08-07,0.84,18.0,,,,,,,,,,,,,
receivables,,COMP001,,,,,,,,,CUST004,,,,,,,,,,,,,,,,,,,,,4147402.67,,,,,,,,,PAID,,,,,,,,,,,,,,,,,,,,,,,,,,,,,,2025-03-12,,,,,,RCV00333,2025-01-03,2025-02-17,0.65,4.0,,,,,,,,,,,,,
receivables,,COMP001,,,,,,,,,CUST004,,,,,,,,,,,,,,,,,,,,,18217438.82,,,,,,,,,PAID,,,,,,,,,,,,,,,,,,,,,,,,,,,,,,2025-09-16,,,,,,RCV00334,2025-08-04,2025-09-18,0.66,0.0,,,,,,,,,,,,,
receivables,,COMP001,,,,,,,,,CUST004,,,,,,,,,,,,,,,,,,,,,55063942.08,,,,,,,,,PAID,,,,,,,,,,,,,,,,,,,,,,,,,,,,,,2025-07-17,,,,,,RCV00335,2025-06-03,2025-07-18,0.65,0.0,,,,,,,,,,,,,
receivables,,COMP001,,,,,,,,,CUST018,,,,,,,,,,,,,,,,,,,,,15225315.86,,,,,,,,,PENDING,,,,,,,,,,,,,,,,,,,,,,,,,,,,,,,,,,,,RCV00336,2025-12-11,2026-01-25,0.78,0.0,,,,,,,,,,,,,
receivables,,COMP001,,,,,,,,,CUST008,,,,,,,,,,,,,,,,,,,,,19373153.0,,,,,,,,,PAID,,,,,,,,,,,,,,,,,,,,,,,,,,,,,,2025-02-27,,,,,,RCV00337,2025-01-31,2025-03-02,0.69,0.0,,,,,,,,,,,,,
receivables,,COMP001,,,,,,,,,CUST017,,,,,,,,,,,,,,,,,,,,,31684885.01,,,,,,,,,PAID,,,,,,,,,,,,,,,,,,,,,,,,,,,,,,2025-04-01,,,,,,RCV00338,2025-02-17,2025-04-03,0.76,0.0,,,,,,,,,,,,,
receivables,,COMP001,,,,,,,,,CUST006,,,,,,,,,,,,,,,,,,,,,73217220.65,,,,,,,,,PAID,,,,,,,,,,,,,,,,,,,,,,,,,,,,,,2025-03-05,,,,,,RCV00339,2025-01-12,2025-02-26,0.61,13.0,,,,,,,,,,,,,
receivables,,COMP001,,,,,,,,,CUST007,,,,,,,,,,,,,,,,,,,,,71064127.47,,,,,,,,,PAID,,,,,,,,,,,,,,,,,,,,,,,,,,,,,,2025-05-09,,,,,,RCV00340,2025-03-20,2025-05-04,0.63,0.0,,,,,,,,,,,,,
receivables,,COMP001,,,,,,,,,CUST018,,,,,,,,,,,,,,,,,,,,,20713837.5,,,,,,,,,OVERDUE,,,,,,,,,,,,,,,,,,,,,,,,,,,,,,,,,,,,RCV00341,2025-05-07,2025-06-21,0.76,0.0,,,,,,,,,,,,,
receivables,,COMP001,,,,,,,,,CUST008,,,,,,,,,,,,,,,,,,,,,61865555.75,,,,,,,,,PAID,,,,,,,,,,,,,,,,,,,,,,,,,,,,,,2025-04-25,,,,,,RCV00342,2025-03-28,2025-04-27,0.74,0.0,,,,,,,,,,,,,
receivables,,COMP001,,,,,,,,,CUST021,,,,,,,,,,,,,,,,,,,,,37630810.09,,,,,,,,,PAID,,,,,,,,,,,,,,,,,,,,,,,,,,,,,,2025-09-30,,,,,,RCV00343,2025-09-17,2025-10-02,0.82,0.0,,,,,,,,,,,,,
receivables,,COMP001,,,,,,,,,CUST020,,,,,,,,,,,,,,,,,,,,,73306718.18,,,,,,,,,PAID,,,,,,,,,,,,,,,,,,,,,,,,,,,,,,2025-04-02,,,,,,RCV00344,2025-02-01,2025-04-02,0.53,3.0,,,,,,,,,,,,,
receivables,,COMP001,,,,,,,,,CUST002,,,,,,,,,,,,,,,,,,,,,36948767.66,,,,,,,,,PAID,,,,,,,,,,,,,,,,,,,,,,,,,,,,,,2025-12-09,,,,,,RCV00345,2025-11-09,2025-12-09,0.9,0.0,,,,,,,,,,,,,
receivables,,COMP001,,,,,,,,,CUST021,,,,,,,,,,,,,,,,,,,,,24890184.39,,,,,,,,,PAID,,,,,,,,,,,,,,,,,,,,,,,,,,,,,,2025-03-20,,,,,,RCV00346,2025-03-08,2025-03-23,0.86,0.0,,,,,,,,,,,,,
receivables,,COMP001,,,,,,,,,CUST017,,,,,,,,,,,,,,,,,,,,,73651485.1,,,,,,,,,PAID,,,,,,,,,,,,,,,,,,,,,,,,,,,,,,2025-10-10,,,,,,RCV00347,2025-08-09,2025-09-23,0.79,20.0,,,,,,,,,,,,,
receivables,,COMP001,,,,,,,,,CUST005,,,,,,,,,,,,,,,,,,,,,30792205.7,,,,,,,,,PENDING,,,,,,,,,,,,,,,,,,,,,,,,,,,,,,,,,,,,RCV00348,2025-12-15,2026-01-14,0.6,0.0,,,,,,,,,,,,,
receivables,,COMP001,,,,,,,,,CUST010,,,,,,,,,,,,,,,,,,,,,74051287.64,,,,,,,,,PAID,,,,,,,,,,,,,,,,,,,,,,,,,,,,,,2025-08-20,,,,,,RCV00349,2025-06-07,2025-08-06,0.54,0.0,,,,,,,,,,,,,
receivables,,COMP001,,,,,,,,,CUST012,,,,,,,,,,,,,,,,,,,,,29653005.87,,,,,,,,,PAID,,,,,,,,,,,,,,,,,,,,,,,,,,,,,,2025-07-24,,,,,,RCV00350,2025-07-11,2025-07-26,0.94,0.0,,,,,,,,,,,,,
receivables,,COMP001,,,,,,,,,CUST024,,,,,,,,,,,,,,,,,,,,,8853570.01,,,,,,,,,PAID,,,,,,,,,,,,,,,,,,,,,,,,,,,,,,2025-08-01,,,,,,RCV00351,2025-06-20,2025-08-04,0.85,13.0,,,,,,,,,,,,,
receivables,,COMP001,,,,,,,,,CUST018,,,,,,,,,,,,,,,,,,,,,79122505.89,,,,,,,,,PAID,,,,,,,,,,,,,,,,,,,,,,,,,,,,,,2025-04-03,,,,,,RCV00352,2025-02-19,2025-04-05,0.75,0.0,,,,,,,,,,,,,
receivables,,COMP001,,,,,,,,,CUST012,,,,,,,,,,,,,,,,,,,,,36318888.63,,,,,,,,,PAID,,,,,,,,,,,,,,,,,,,,,,,,,,,,,,2025-08-05,,,,,,RCV00353,2025-07-24,2025-08-08,0.93,0.0,,,,,,,,,,,,,
receivables,,COMP001,,,,,,,,,CUST011,,,,,,,,,,,,,,,,,,,,,5215974.8,,,,,,,,,OVERDUE,,,,,,,,,,,,,,,,,,,,,,,,,,,,,,,,,,,,RCV00354,2025-03-20,2025-04-19,0.87,0.0,,,,,,,,,,,,,
receivables,,COMP001,,,,,,,,,CUST023,,,,,,,,,,,,,,,,,,,,,62306730.82,,,,,,,,,PAID,,,,,,,,,,,,,,,,,,,,,,,,,,,,,,2025-03-12,,,,,,RCV00355,2025-02-02,2025-03-04,0.89,0.0,,,,,,,,,,,,,
receivables,,COMP001,,,,,,,,,CUST012,,,,,,,,,,,,,,,,,,,,,54743481.66,,,,,,,,,PAID,,,,,,,,,,,,,,,,,,,,,,,,,,,,,,2025-12-01,,,,,,RCV00356,2025-11-16,2025-12-01,0.93,0.0,,,,,,,,,,,,,
receivables,,COMP001,,,,,,,,,CUST006,,,,,,,,,,,,,,,,,,,,,57410486.2,,,,,,,,,PAID,,,,,,,,,,,,,,,,,,,,,,,,,,,,,,2025-05-10,,,,,,RCV00357,2025-03-26,2025-05-10,0.63,0.0,,,,,,,,,,,,,
receivables,,COMP001,,,,,,,,,CUST019,,,,,,,,,,,,,,,,,,,,,43932969.26,,,,,,,,,PAID,,,,,,,,,,,,,,,,,,,,,,,,,,,,,,2025-12-03,,,,,,RCV00358,2025-10-10,2025-11-24,0.4,11.0,,,,,,,,,,,,,
scenarios,,COMP001,,,,,,,,,,,,,,,,,,,,,,,,,,,,,,,,,,2025-08-09,,,,,,,,,,,,,,,,,,,,,,,,,,,,,,,,,,,,,,,,,,,,,,SCN001,Customer payment delayed 10 days,"{""delay_days"": 10, ""affected"": ""ALL""}","{""projected_cash_floor"": 54391203.48, ""minimum_cash_reserve"": 50000000, ""liquidity_status"": ""WARNING"", ""recommended_action"": ""USE_FINANCING""}",,,,,,,,,
scenarios,,COMP001,,,,,,,,,,,,,,,,,,,,,,,,,,,,,,,,,,2025-11-20,,,,,,,,,,,,,,,,,,,,,,,,,,,,,,,,,,,,,,,,,,,,,,SCN002,Receivable probability drops 20%,"{""probability_reduction"": 0.2}","{""projected_cash_floor"": 18202978.36, ""minimum_cash_reserve"": 50000000, ""liquidity_status"": ""CRITICAL"", ""recommended_action"": ""DRAW_LINE_OF_CREDIT""}",,,,,,,,,
scenarios,,COMP001,,,,,,,,,,,,,,,,,,,,,,,,,,,,,,,,,,2025-02-15,,,,,,,,,,,,,,,,,,,,,,,,,,,,,,,,,,,,,,,,,,,,,,SCN003,Unexpected expense +₹5 Cr,"{""additional_expense"": 50000000}","{""projected_cash_floor"": 51062658.6, ""minimum_cash_reserve"": 50000000, ""liquidity_status"": ""CRITICAL"", ""recommended_action"": ""DELAY_PAYMENTS_AND_FINANCE""}",,,,,,,,,
scenarios,,COMP001,,,,,,,,,,,,,,,,,,,,,,,,,,,,,,,,,,2025-10-25,,,,,,,,,,,,,,,,,,,,,,,,,,,,,,,,,,,,,,,,,,,,,,SCN004,Supplier payments increase 15%,"{""increase_pct"": 15}","{""projected_cash_floor"": 15661590.03, ""minimum_cash_reserve"": 50000000, ""liquidity_status"": ""WARNING"", ""recommended_action"": ""NEGOTIATE_TERMS""}",,,,,,,,,
scenarios,,COMP001,,,,,,,,,,,,,,,,,,,,,,,,,,,,,,,,,,2025-09-21,,,,,,,,,,,,,,,,,,,,,,,,,,,,,,,,,,,,,,,,,,,,,,SCN005,Interest rate +2%,"{""rate_increase"": 0.02}","{""projected_cash_floor"": 130098182.56, ""minimum_cash_reserve"": 50000000, ""liquidity_status"": ""STABLE"", ""recommended_action"": ""REFINANCE""}",,,,,,,,,
scenarios,,COMP001,,,,,,,,,,,,,,,,,,,,,,,,,,,,,,,,,,2025-07-31,,,,,,,,,,,,,,,,,,,,,,,,,,,,,,,,,,,,,,,,,,,,,,SCN006,Major customer defaults ₹10 Cr,"{""default_amount"": 100000000, ""customer_id"": ""CUST003""}","{""projected_cash_floor"": 53340369.5, ""minimum_cash_reserve"": 50000000, ""liquidity_status"": ""CRITICAL"", ""recommended_action"": ""EMERGENCY_FINANCING""}",,,,,,,,,
scenarios,,COMP001,,,,,,,,,,,,,,,,,,,,,,,,,,,,,,,,,,2025-06-21,,,,,,,,,,,,,,,,,,,,,,,,,,,,,,,,,,,,,,,,,,,,,,SCN007,All receivables collected on time,"{""collection_probability_override"": 1.0}","{""projected_cash_floor"": 320526134.53, ""minimum_cash_reserve"": 50000000, ""liquidity_status"": ""HEALTHY"", ""recommended_action"": ""CAPTURE_DISCOUNTS""}",,,,,,,,,
scenarios,,COMP001,,,,,,,,,,,,,,,,,,,,,,,,,,,,,,,,,,2025-11-11,,,,,,,,,,,,,,,,,,,,,,,,,,,,,,,,,,,,,,,,,,,,,,SCN008,OpEx rises 25%,"{""opex_increase_pct"": 25}","{""projected_cash_floor"": 12618518.59, ""minimum_cash_reserve"": 50000000, ""liquidity_status"": ""WARNING"", ""recommended_action"": ""COST_REDUCTION""}",,,,,,,,,
scenarios,,COMP001,,,,,,,,,,,,,,,,,,,,,,,,,,,,,,,,,,2025-04-29,,,,,,,,,,,,,,,,,,,,,,,,,,,,,,,,,,,,,,,,,,,,,,SCN009,New ₹20Cr contract signed,"{""contract_value"": 200000000, ""schedule"": ""monthly""}","{""projected_cash_floor"": 208998071.39, ""minimum_cash_reserve"": 50000000, ""liquidity_status"": ""HEALTHY"", ""recommended_action"": ""INVEST_SURPLUS""}",,,,,,,,,
scenarios,,COMP001,,,,,,,,,,,,,,,,,,,,,,,,,,,,,,,,,,2025-10-12,,,,,,,,,,,,,,,,,,,,,,,,,,,,,,,,,,,,,,,,,,,,,,SCN010,INR weakens 5%,"{""depreciation_pct"": 5}","{""projected_cash_floor"": 19128180.56, ""minimum_cash_reserve"": 50000000, ""liquidity_status"": ""WARNING"", ""recommended_action"": ""HEDGE_CURRENCY""}",,,,,,,,,
scenarios,,COMP001,,,,,,,,,,,,,,,,,,,,,,,,,,,,,,,,,,2025-08-07,,,,,,,,,,,,,,,,,,,,,,,,,,,,,,,,,,,,,,,,,,,,,,SCN011,Credit limit cut 50%,"{""credit_reduction_pct"": 50}","{""projected_cash_floor"": 53182541.68, ""minimum_cash_reserve"": 50000000, ""liquidity_status"": ""CRITICAL"", ""recommended_action"": ""SEEK_ALTERNATIVE_FINANCING""}",,,,,,,,,
scenarios,,COMP001,,,,,,,,,,,,,,,,,,,,,,,,,,,,,,,,,,2025-10-15,,,,,,,,,,,,,,,,,,,,,,,,,,,,,,,,,,,,,,,,,,,,,,SCN012,Two critical suppliers demand early pay,"{""early_payment_days"": 15, ""suppliers"": [""SUP001"", ""SUP003""]}","{""projected_cash_floor"": 14757755.6, ""minimum_cash_reserve"": 50000000, ""liquidity_status"": ""WARNING"", ""recommended_action"": ""NEGOTIATE_OR_FINANCE""}",,,,,,,,,
scenarios,,COMP001,,,,,,,,,,,,,,,,,,,,,,,,,,,,,,,,,,2025-01-26,,,,,,,,,,,,,,,,,,,,,,,,,,,,,,,,,,,,,,,,,,,,,,SCN013,Tax liability ₹8Cr due next month,"{""tax_amount"": 80000000, ""due_in_days"": 30}","{""projected_cash_floor"": 16302260.16, ""minimum_cash_reserve"": 50000000, ""liquidity_status"": ""CRITICAL"", ""recommended_action"": ""RESERVE_CASH""}",,,,,,,,,
scenarios,,COMP001,,,,,,,,,,,,,,,,,,,,,,,,,,,,,,,,,,2025-09-29,,,,,,,,,,,,,,,,,,,,,,,,,,,,,,,,,,,,,,,,,,,,,,SCN014,Best-case: high collections + low opex,"{""collection_boost_pct"": 30, ""opex_reduction_pct"": 20}","{""projected_cash_floor"": 186704106.99, ""minimum_cash_reserve"": 50000000, ""liquidity_status"": ""HEALTHY"", ""recommended_action"": ""EARLY_PAY_AND_INVEST""}",,,,,,,,,
scenarios,,COMP001,,,,,,,,,,,,,,,,,,,,,,,,,,,,,,,,,,2025-04-18,,,,,,,,,,,,,,,,,,,,,,,,,,,,,,,,,,,,,,,,,,,,,,SCN015,Worst-case scenario,"{""collection_reduction_pct"": 40, ""opex_increase_pct"": 30}","{""projected_cash_floor"": 8531638.12, ""minimum_cash_reserve"": 50000000, ""liquidity_status"": ""CRITICAL"", ""recommended_action"": ""EMERGENCY_MEASURES""}",,,,,,,,,
suppliers,,COMP001,,,,,,,,,,,,,,,,,,,,,,,,,,,,,,,,,,,,,,,,,,,,,,,,,,,,,,,,,LOW,,,,,SUP001,,,,,,,,,,Raw Materials,,,,,,,,,Tata Steel Ltd,,,CRITICAL,0.93,0.12,30.0,True,11.5,,,
suppliers,,COMP001,,,,,,,,,,,,,,,,,,,,,,,,,,,,,,,,,,,,,,,,,,,,,,,,,,,,,,,,,LOW,,,,,SUP002,,,,,,,,,,Raw Materials,,,,,,,,,JSW Steel Ltd,,,CRITICAL,0.88,0.15,30.0,True,12.0,,,
suppliers,,COMP001,,,,,,,,,,,,,,,,,,,,,,,,,,,,,,,,,,,,,,,,,,,,,,,,,,,,,,,,,LOW,,,,,SUP003,,,,,,,,,,Engine Components,,,,,,,,,Bosch Ltd,,,CRITICAL,0.91,0.1,15.0,True,10.5,,,
suppliers,,COMP001,,,,,,,,,,,,,,,,,,,,,,,,,,,,,,,,,,,,,,,,,,,,,,,,,,,,,,,,,LOW,,,,,SUP004,,,,,,,,,,Engine Components,,,,,,,,,Denso India Pvt Ltd,,,CRITICAL,0.87,0.18,30.0,True,11.0,,,
suppliers,,COMP001,,,,,,,,,,,,,,,,,,,,,,,,,,,,,,,,,,,,,,,,,,,,,,,,,,,,,,,,,MEDIUM,,,,,SUP005,,,,,,,,,,Tyres,,,,,,,,,MRF Ltd,,,MEDIUM,0.72,0.35,45.0,True,13.0,,,
suppliers,,COMP001,,,,,,,,,,,,,,,,,,,,,,,,,,,,,,,,,,,,,,,,,,,,,,,,,,,,,,,,,MEDIUM,,,,,SUP006,,,,,,,,,,Tyres,,,,,,,,,Apollo Tyres Ltd,,,MEDIUM,0.65,0.4,45.0,False,0.0,,,
suppliers,,COMP001,,,,,,,,,,,,,,,,,,,,,,,,,,,,,,,,,,,,,,,,,,,,,,,,,,,,,,,,,MEDIUM,,,,,SUP007,,,,,,,,,,Electrical,,,,,,,,,Motherson Sumi Systems Ltd,,,MEDIUM,0.7,0.38,30.0,True,12.5,,,
suppliers,,COMP001,,,,,,,,,,,,,,,,,,,,,,,,,,,,,,,,,,,,,,,,,,,,,,,,,,,,,,,,,MEDIUM,,,,,SUP008,,,,,,,,,,Forged Components,,,,,,,,,Bharat Forge Ltd,,,MEDIUM,0.68,0.42,45.0,False,0.0,,,
suppliers,,COMP001,,,,,,,,,,,,,,,,,,,,,,,,,,,,,,,,,,,,,,,,,,,,,,,,,,,,,,,,,MEDIUM,,,,,SUP009,,,,,,,,,,Aluminium Castings,,,,,,,,,Sundaram-Clayton Ltd,,,MEDIUM,0.6,0.45,45.0,True,13.5,,,
suppliers,,COMP001,,,,,,,,,,,,,,,,,,,,,,,,,,,,,,,,,,,,,,,,,,,,,,,,,,,,,,,,,MEDIUM,,,,,SUP010,,,,,,,,,,Lighting Systems,,,,,,,,,Valeo India Pvt Ltd,,,MEDIUM,0.55,0.5,60.0,False,0.0,,,
suppliers,,COMP001,,,,,,,,,,,,,,,,,,,,,,,,,,,,,,,,,,,,,,,,,,,,,,,,,,,,,,,,,MEDIUM,,,,,SUP011,,,,,,,,,,Brakes,,,,,,,,,ZF Commercial Vehicle Control,,,MEDIUM,0.62,0.44,60.0,True,14.0,,,
suppliers,,COMP001,,,,,,,,,,,,,,,,,,,,,,,,,,,,,,,,,,,,,,,,,,,,,,,,,,,,,,,,,HIGH,,,,,SUP012,,,,,,,,,,Glass,,,,,,,,,Saint-Gobain India,,,LOW,0.3,0.65,60.0,False,0.0,,,
suppliers,,COMP001,,,,,,,,,,,,,,,,,,,,,,,,,,,,,,,,,,,,,,,,,,,,,,,,,,,,,,,,,HIGH,,,,,SUP013,,,,,,,,,,Consumables,,,,,,,,,3M India Ltd,,,LOW,0.28,0.68,60.0,False,0.0,,,
suppliers,,COMP001,,,,,,,,,,,,,,,,,,,,,,,,,,,,,,,,,,,,,,,,,,,,,,,,,,,,,,,,,HIGH,,,,,SUP014,,,,,,,,,,Paints,,,,,,,,,Asian Paints Industrial,,,LOW,0.25,0.7,45.0,False,0.0,,,
suppliers,,COMP001,,,,,,,,,,,,,,,,,,,,,,,,,,,,,,,,,,,,,,,,,,,,,,,,,,,,,,,,,HIGH,,,,,SUP015,,,,,,,,,,Lubricants,,,,,,,,,Castrol India Ltd,,,LOW,0.22,0.72,45.0,False,0.0,,,
transactions,2025-01-01,COMP001,,,,,,,,,,,,,,,,,,,,,,,,,,,,,,14677659.15,,,,,,,,,COMPLETED,,,,,,,CUSTOMER_PAYMENT,,,,,,,,,,,,,,,,,,,,,,,,,Daily dealership & fleet sales collection,SALES_RECEIPTS,,,,,,,,,,,,,,,,,,TXNBECD3764,COMPANY,COMP001
transactions,2025-01-01,COMP001,,,,,,,,,,,,,,,,,,,,,,,,,,,,,,-6335202.08,,,,,,,,,COMPLETED,,,,,,,OPERATING_EXPENSE,,,,,,,,,,,,,,,,,,,,,,,,,Daily operating expenses,OPEX,,,,,,,,,,,,,,,,,,TXNBAAE260A,COMPANY,COMP001
transactions,2025-01-02,COMP001,,,,,,,,,,,,,,,,,,,,,,,,,,,,,,-6920809.05,,,,,,,,,COMPLETED,,,,,,,OPERATING_EXPENSE,,,,,,,,,,,,,,,,,,,,,,,,,Daily operating expenses,OPEX,,,,,,,,,,,,,,,,,,TXN29B1C3D8,COMPANY,COMP001
transactions,2025-01-02,COMP001,,,,,,,,,,,,,,,,,,,,,,,,,,,,,,9933010.63,,,,,,,,,COMPLETED,,,,,,,CUSTOMER_PAYMENT,,,,,,,,,,,,,,,,,,,,,,,,,Daily dealership & fleet sales collection,SALES_RECEIPTS,,,,,,,,,,,,,,,,,,TXN1D0E256A,COMPANY,COMP001
transactions,2025-01-03,COMP001,,,,,,,,,,,,,,,,,,,,,,,,,,,,,,20072575.37,,,,,,,,,COMPLETED,,,,,,,CUSTOMER_PAYMENT,,,,,,,,,,,,,,,,,,,,,,,,,Daily dealership & fleet sales collection,SALES_RECEIPTS,,,,,,,,,,,,,,,,,,TXNEF54C379,COMPANY,COMP001
transactions,2025-01-03,COMP001,,,,,,,,,,,,,,,,,,,,,,,,,,,,,,-8008116.96,,,,,,,,,COMPLETED,,,,,,,OPERATING_EXPENSE,,,,,,,,,,,,,,,,,,,,,,,,,Daily operating expenses,OPEX,,,,,,,,,,,,,,,,,,TXN9EB80FDB,COMPANY,COMP001
transactions,2025-01-04,COMP001,,,,,,,,,,,,,,,,,,,,,,,,,,,,,,2733656.0,,,,,,,,,COMPLETED,,,,,,,CUSTOMER_PAYMENT,,,,,,,,,,,,,,,,,,,,,,,,,Daily dealership & fleet sales collection,SALES_RECEIPTS,,,,,,,,,,,,,,,,,,TXN1AE1DE0C,COMPANY,COMP001
transactions,2025-01-04,COMP001,,,,,,,,,,,,,,,,,,,,,,,,,,,,,,-611918.73,,,,,,,,,COMPLETED,,,,,,,OPERATING_EXPENSE,,,,,,,,,,,,,,,,,,,,,,,,,Daily operating expenses,OPEX,,,,,,,,,,,,,,,,,,TXNDFD28EE3,COMPANY,COMP001
transactions,2025-01-05,COMP001,,,,,,,,,,,,,,,,,,,,,,,,,,,,,,1400325.88,,,,,,,,,COMPLETED,,,,,,,CUSTOMER_PAYMENT,,,,,,,,,,,,,,,,,,,,,,,,,Daily dealership & fleet sales collection,SALES_RECEIPTS,,,,,,,,,,,,,,,,,,TXNED36FADD,COMPANY,COMP001
transactions,2025-01-05,COMP001,,,,,,,,,,,,,,,,,,,,,,,,,,,,,,-1094509.47,,,,,,,,,COMPLETED,,,,,,,OPERATING_EXPENSE,,,,,,,,,,,,,,,,,,,,,,,,,Daily operating expenses,OPEX,,,,,,,,,,,,,,,,,,TXN472C12A1,COMPANY,COMP001
transactions,2025-01-06,COMP001,,,,,,,,,,,,,,,,,,,,,,,,,,,,,,15844889.37,,,,,,,,,COMPLETED,,,,,,,CUSTOMER_PAYMENT,,,,,,,,,,,,,,,,,,,,,,,,,Daily dealership & fleet sales collection,SALES_RECEIPTS,,,,,,,,,,,,,,,,,,TXN0F226690,COMPANY,COMP001
transactions,2025-01-06,COMP001,,,,,,,,,,,,,,,,,,,,,,,,,,,,,,-6108985.69,,,,,,,,,COMPLETED,,,,,,,OPERATING_EXPENSE,,,,,,,,,,,,,,,,,,,,,,,,,Daily operating expenses,OPEX,,,,,,,,,,,,,,,,,,TXN33A4927A,COMPANY,COMP001
transactions,2025-01-07,COMP001,,,,,,,,,,,,,,,,,,,,,,,,,,,,,,20461371.58,,,,,,,,,COMPLETED,,,,,,,CUSTOMER_PAYMENT,,,,,,,,,,,,,,,,,,,,,,,,,Daily dealership & fleet sales collection,SALES_RECEIPTS,,,,,,,,,,,,,,,,,,TXNDDB0F30B,COMPANY,COMP001
transactions,2025-01-07,COMP001,,,,,,,,,,,,,,,,,,,,,,,,,,,,,,-4017356.71,,,,,,,,,COMPLETED,,,,,,,OPERATING_EXPENSE,,,,,,,,,,,,,,,,,,,,,,,,,Daily operating expenses,OPEX,,,,,,,,,,,,,,,,,,TXN094AE23B,COMPANY,COMP001
transactions,2025-01-08,COMP001,,,,,,,,,,,,,,,,,,,,,,,,,,,,,,-4157276.18,,,,,,,,,COMPLETED,,,,,,,OPERATING_EXPENSE,,,,,,,,,,,,,,,,,,,,,,,,,Daily operating expenses,OPEX,,,,,,,,,,,,,,,,,,TXN11FBC755,COMPANY,COMP001
transactions,2025-01-08,COMP001,,,,,,,,,,,,,,,,,,,,,,,,,,,,,,19266747.48,,,,,,,,,COMPLETED,,,,,,,CUSTOMER_PAYMENT,,,,,,,,,,,,,,,,,,,,,,,,,Daily dealership & fleet sales collection,SALES_RECEIPTS,,,,,,,,,,,,,,,,,,TXN4A10C13A,COMPANY,COMP001
transactions,2025-01-09,COMP001,,,,,,,,,,,,,,,,,,,,,,,,,,,,,,16877313.81,,,,,,,,,COMPLETED,,,,,,,CUSTOMER_PAYMENT,,,,,,,,,,,,,,,,,,,,,,,,,Daily dealership & fleet sales collection,SALES_RECEIPTS,,,,,,,,,,,,,,,,,,TXND5C5F87D,COMPANY,COMP001
transactions,2025-01-09,COMP001,,,,,,,,,,,,,,,,,,,,,,,,,,,,,,-8189898.79,,,,,,,,,COMPLETED,,,,,,,OPERATING_EXPENSE,,,,,,,,,,,,,,,,,,,,,,,,,Daily operating expenses,OPEX,,,,,,,,,,,,,,,,,,TXNF2418619,COMPANY,COMP001
transactions,2025-01-10,COMP001,,,,,,,,,,,,,,,,,,,,,,,,,,,,,,24308525.73,,,,,,,,,COMPLETED,,,,,,,CUSTOMER_PAYMENT,,,,,,,,,,,,,,,,,,,,,,,,,Daily dealership & fleet sales collection,SALES_RECEIPTS,,,,,,,,,,,,,,,,,,TXN8475AE76,COMPANY,COMP001
transactions,2025-01-10,COMP001,,,,,,,,,,,,,,,,,,,,,,,,,,,,,,-7209882.58,,,,,,,,,COMPLETED,,,,,,,OPERATING_EXPENSE,,,,,,,,,,,,,,,,,,,,,,,,,Daily operating expenses,OPEX,,,,,,,,,,,,,,,,,,TXN72BF174D,COMPANY,COMP001
transactions,2025-01-11,COMP001,,,,,,,,,,,,,,,,,,,,,,,,,,,,,,-1136133.97,,,,,,,,,COMPLETED,,,,,,,OPERATING_EXPENSE,,,,,,,,,,,,,,,,,,,,,,,,,Daily operating expenses,OPEX,,,,,,,,,,,,,,,,,,TXNE0E46808,COMPANY,COMP001
transactions,2025-01-11,COMP001,,,,,,,,,,,,,,,,,,,,,,,,,,,,,,3544813.15,,,,,,,,,COMPLETED,,,,,,,CUSTOMER_PAYMENT,,,,,,,,,,,,,,,,,,,,,,,,,Daily dealership & fleet sales collection,SALES_RECEIPTS,,,,,,,,,,,,,,,,,,TXN9D4BCD17,COMPANY,COMP001
transactions,2025-01-12,COMP001,,,,,,,,,,,,,,,,,,,,,,,,,,,,,,-1101199.78,,,,,,,,,COMPLETED,,,,,,,OPERATING_EXPENSE,,,,,,,,,,,,,,,,,,,,,,,,,Daily operating expenses,OPEX,,,,,,,,,,,,,,,,,,TXN79B5CD55,COMPANY,COMP001
transactions,2025-01-12,COMP001,,,,,,,,,,,,,,,,,,,,,,,,,,,,,,1204410.31,,,,,,,,,COMPLETED,,,,,,,CUSTOMER_PAYMENT,,,,,,,,,,,,,,,,,,,,,,,,,Daily dealership & fleet sales collection,SALES_RECEIPTS,,,,,,,,,,,,,,,,,,TXNC1818E24,COMPANY,COMP001
transactions,2025-01-13,COMP001,,,,,,,,,,,,,,,,,,,,,,,,,,,,,,18420810.84,,,,,,,,,COMPLETED,,,,,,,CUSTOMER_PAYMENT,,,,,,,,,,,,,,,,,,,,,,,,,Daily dealership & fleet sales collection,SALES_RECEIPTS,,,,,,,,,,,,,,,,,,TXN46694599,COMPANY,COMP001
transactions,2025-01-13,COMP001,,,,,,,,,,,,,,,,,,,,,,,,,,,,,,-6052614.75,,,,,,,,,COMPLETED,,,,,,,OPERATING_EXPENSE,,,,,,,,,,,,,,,,,,,,,,,,,Daily operating expenses,OPEX,,,,,,,,,,,,,,,,,,TXN9970408C,COMPANY,COMP001
transactions,2025-01-14,COMP001,,,,,,,,,,,,,,,,,,,,,,,,,,,,,,-6076985.82,,,,,,,,,COMPLETED,,,,,,,OPERATING_EXPENSE,,,,,,,,,,,,,,,,,,,,,,,,,Daily operating expenses,OPEX,,,,,,,,,,,,,,,,,,TXNF3A03307,COMPANY,COMP001
transactions,2025-01-14,COMP001,,,,,,,,,,,,,,,,,,,,,,,,,,,,,,25028520.56,,,,,,,,,COMPLETED,,,,,,,CUSTOMER_PAYMENT,,,,,,,,,,,,,,,,,,,,,,,,,Daily dealership & fleet sales collection,SALES_RECEIPTS,,,,,,,,,,,,,,,,,,TXN8B58E980,COMPANY,COMP001
transactions,2025-01-15,COMP001,,,,,,,,,,,,,,,,,,,,,,,,,,,,,,-5080130.31,,,,,,,,,COMPLETED,,,,,,,OPERATING_EXPENSE,,,,,,,,,,,,,,,,,,,,,,,,,Daily operating expenses,OPEX,,,,,,,,,,,,,,,,,,TXN423C79EA,COMPANY,COMP001
transactions,2025-01-15,COMP001,,,,,,,,,,,,,,,,,,,,,,,,,,,,,,13146837.8,,,,,,,,,COMPLETED,,,,,,,CUSTOMER_PAYMENT,,,,,,,,,,,,,,,,,,,,,,,,,Daily dealership & fleet sales collection,SALES_RECEIPTS,,,,,,,,,,,,,,,,,,TXN970AA59E,COMPANY,COMP001
transactions,2025-01-16,COMP001,,,,,,,,,,,,,,,,,,,,,,,,,,,,,,-3091713.65,,,,,,,,,COMPLETED,,,,,,,OPERATING_EXPENSE,,,,,,,,,,,,,,,,,,,,,,,,,Daily operating expenses,OPEX,,,,,,,,,,,,,,,,,,TXN2F4B1337,COMPANY,COMP001
transactions,2025-01-16,COMP001,,,,,,,,,,,,,,,,,,,,,,,,,,,,,,15323931.83,,,,,,,,,COMPLETED,,,,,,,CUSTOMER_PAYMENT,,,,,,,,,,,,,,,,,,,,,,,,,Daily dealership & fleet sales collection,SALES_RECEIPTS,,,,,,,,,,,,,,,,,,TXNA052E140,COMPANY,COMP001
transactions,2025-01-17,COMP001,,,,,,,,,,,,,,,,,,,,,,,,,,,,,,24892988.65,,,,,,,,,COMPLETED,,,,,,,CUSTOMER_PAYMENT,,,,,,,,,,,,,,,,,,,,,,,,,Daily dealership & fleet sales collection,SALES_RECEIPTS,,,,,,,,,,,,,,,,,,TXN44E192F9,COMPANY,COMP001
transactions,2025-01-17,COMP001,,,,,,,,,,,,,,,,,,,,,,,,,,,,,,-7700446.63,,,,,,,,,COMPLETED,,,,,,,OPERATING_EXPENSE,,,,,,,,,,,,,,,,,,,,,,,,,Daily operating expenses,OPEX,,,,,,,,,,,,,,,,,,TXN3BCFA0D6,COMPANY,COMP001
transactions,2025-01-18,COMP001,,,,,,,,,,,,,,,,,,,,,,,,,,,,,,39838682.04,,,,,,,,,COMPLETED,,,,,,,CUSTOMER_PAYMENT,,,,,,,,,,,,,,,,,,,,,,,,,Collection from CUST021 – RCV00262,RECEIVABLE,,,,,,,,,,,,,,,,,,TXN57179EF7,RECEIVABLE,RCV00262
transactions,2025-01-18,COMP001,,,,,,,,,,,,,,,,,,,,,,,,,,,,,,3260789.13,,,,,,,,,COMPLETED,,,,,,,CUSTOMER_PAYMENT,,,,,,,,,,,,,,,,,,,,,,,,,Daily dealership & fleet sales collection,SALES_RECEIPTS,,,,,,,,,,,,,,,,,,TXNCC3F50BF,COMPANY,COMP001
transactions,2025-01-18,COMP001,,,,,,,,,,,,,,,,,,,,,,,,,,,,,,-1920605.43,,,,,,,,,COMPLETED,,,,,,,OPERATING_EXPENSE,,,,,,,,,,,,,,,,,,,,,,,,,Daily operating expenses,OPEX,,,,,,,,,,,,,,,,,,TXNC7A5A741,COMPANY,COMP001
transactions,2025-01-19,COMP001,,,,,,,,,,,,,,,,,,,,,,,,,,,,,,-693618.65,,,,,,,,,COMPLETED,,,,,,,OPERATING_EXPENSE,,,,,,,,,,,,,,,,,,,,,,,,,Daily operating expenses,OPEX,,,,,,,,,,,,,,,,,,TXN4B073106,COMPANY,COMP001
transactions,2025-01-19,COMP001,,,,,,,,,,,,,,,,,,,,,,,,,,,,,,3747510.29,,,,,,,,,COMPLETED,,,,,,,CUSTOMER_PAYMENT,,,,,,,,,,,,,,,,,,,,,,,,,Daily dealership & fleet sales collection,SALES_RECEIPTS,,,,,,,,,,,,,,,,,,TXNDAF20033,COMPANY,COMP001
transactions,2025-01-20,COMP001,,,,,,,,,,,,,,,,,,,,,,,,,,,,,,13056662.5,,,,,,,,,COMPLETED,,,,,,,CUSTOMER_PAYMENT,,,,,,,,,,,,,,,,,,,,,,,,,Daily dealership & fleet sales collection,SALES_RECEIPTS,,,,,,,,,,,,,,,,,,TXN828B16DC,COMPANY,COMP001
transactions,2025-01-20,COMP001,,,,,,,,,,,,,,,,,,,,,,,,,,,,,,-9426309.86,,,,,,,,,COMPLETED,,,,,,,OPERATING_EXPENSE,,,,,,,,,,,,,,,,,,,,,,,,,Daily operating expenses,OPEX,,,,,,,,,,,,,,,,,,TXN08CCA238,COMPANY,COMP001
transactions,2025-01-21,COMP001,,,,,,,,,,,,,,,,,,,,,,,,,,,,,,-5764781.25,,,,,,,,,COMPLETED,,,,,,,OPERATING_EXPENSE,,,,,,,,,,,,,,,,,,,,,,,,,Daily operating expenses,OPEX,,,,,,,,,,,,,,,,,,TXN088D4FB6,COMPANY,COMP001
transactions,2025-01-21,COMP001,,,,,,,,,,,,,,,,,,,,,,,,,,,,,,23998733.76,,,,,,,,,COMPLETED,,,,,,,CUSTOMER_PAYMENT,,,,,,,,,,,,,,,,,,,,,,,,,Daily dealership & fleet sales collection,SALES_RECEIPTS,,,,,,,,,,,,,,,,,,TXN11FEBE14,COMPANY,COMP001
transactions,2025-01-22,COMP001,,,,,,,,,,,,,,,,,,,,,,,,,,,,,,16939534.16,,,,,,,,,COMPLETED,,,,,,,CUSTOMER_PAYMENT,,,,,,,,,,,,,,,,,,,,,,,,,Daily dealership & fleet sales collection,SALES_RECEIPTS,,,,,,,,,,,,,,,,,,TXND4654179,COMPANY,COMP001
transactions,2025-01-22,COMP001,,,,,,,,,,,,,,,,,,,,,,,,,,,,,,-6587261.09,,,,,,,,,COMPLETED,,,,,,,OPERATING_EXPENSE,,,,,,,,,,,,,,,,,,,,,,,,,Daily operating expenses,OPEX,,,,,,,,,,,,,,,,,,TXNFD9779E6,COMPANY,COMP001
transactions,2025-01-23,COMP001,,,,,,,,,,,,,,,,,,,,,,,,,,,,,,-6061609.69,,,,,,,,,COMPLETED,,,,,,,OPERATING_EXPENSE,,,,,,,,,,,,,,,,,,,,,,,,,Daily operating expenses,OPEX,,,,,,,,,,,,,,,,,,TXN2D4E4DB7,COMPANY,COMP001
transactions,2025-01-23,COMP001,,,,,,,,,,,,,,,,,,,,,,,,,,,,,,10583714.7,,,,,,,,,COMPLETED,,,,,,,CUSTOMER_PAYMENT,,,,,,,,,,,,,,,,,,,,,,,,,Daily dealership & fleet sales collection,SALES_RECEIPTS,,,,,,,,,,,,,,,,,,TXN3368878F,COMPANY,COMP001
transactions,2025-01-24,COMP001,,,,,,,,,,,,,,,,,,,,,,,,,,,,,,-8974671.85,,,,,,,,,COMPLETED,,,,,,,OPERATING_EXPENSE,,,,,,,,,,,,,,,,,,,,,,,,,Daily operating expenses,OPEX,,,,,,,,,,,,,,,,,,TXNB3CFE033,COMPANY,COMP001
transactions,2025-01-24,COMP001,,,,,,,,,,,,,,,,,,,,,,,,,,,,,,71572312.14,,,,,,,,,COMPLETED,,,,,,,CUSTOMER_PAYMENT,,,,,,,,,,,,,,,,,,,,,,,,,Collection from CUST001 – RCV00298,RECEIVABLE,,,,,,,,,,,,,,,,,,TXNCE0BAC8F,RECEIVABLE,RCV00298
transactions,2025-01-24,COMP001,,,,,,,,,,,,,,,,,,,,,,,,,,,,,,22623782.19,,,,,,,,,COMPLETED,,,,,,,CUSTOMER_PAYMENT,,,,,,,,,,,,,,,,,,,,,,,,,Daily dealership & fleet sales collection,SALES_RECEIPTS,,,,,,,,,,,,,,,,,,TXNB0E086D9,COMPANY,COMP001
transactions,2025-01-25,COMP001,,,,,,,,,,,,,,,,,,,,,,,,,,,,,,1770617.28,,,,,,,,,COMPLETED,,,,,,,CUSTOMER_PAYMENT,,,,,,,,,,,,,,,,,,,,,,,,,Daily dealership & fleet sales collection,SALES_RECEIPTS,,,,,,,,,,,,,,,,,,TXN50FA0286,COMPANY,COMP001
transactions,2025-01-25,COMP001,,,,,,,,,,,,,,,,,,,,,,,,,,,,,,-1090536.32,,,,,,,,,COMPLETED,,,,,,,OPERATING_EXPENSE,,,,,,,,,,,,,,,,,,,,,,,,,Daily operating expenses,OPEX,,,,,,,,,,,,,,,,,,TXN0EACAD8B,COMPANY,COMP001
transactions,2025-01-26,COMP001,,,,,,,,,,,,,,,,,,,,,,,,,,,,,,-1733547.63,,,,,,,,,COMPLETED,,,,,,,OPERATING_EXPENSE,,,,,,,,,,,,,,,,,,,,,,,,,Daily operating expenses,OPEX,,,,,,,,,,,,,,,,,,TXN13583B7E,COMPANY,COMP001
transactions,2025-01-26,COMP001,,,,,,,,,,,,,,,,,,,,,,,,,,,,,,2235351.39,,,,,,,,,COMPLETED,,,,,,,CUSTOMER_PAYMENT,,,,,,,,,,,,,,,,,,,,,,,,,Daily dealership & fleet sales collection,SALES_RECEIPTS,,,,,,,,,,,,,,,,,,TXNF2E82078,COMPANY,COMP001
transactions,2025-01-27,COMP001,,,,,,,,,,,,,,,,,,,,,,,,,,,,,,-7760876.89,,,,,,,,,COMPLETED,,,,,,,OPERATING_EXPENSE,,,,,,,,,,,,,,,,,,,,,,,,,Daily operating expenses,OPEX,,,,,,,,,,,,,,,,,,TXND82B5630,COMPANY,COMP001
transactions,2025-01-27,COMP001,,,,,,,,,,,,,,,,,,,,,,,,,,,,,,18578174.29,,,,,,,,,COMPLETED,,,,,,,CUSTOMER_PAYMENT,,,,,,,,,,,,,,,,,,,,,,,,,Daily dealership & fleet sales collection,SALES_RECEIPTS,,,,,,,,,,,,,,,,,,TXN8FF711DB,COMPANY,COMP001
transactions,2025-01-28,COMP001,,,,,,,,,,,,,,,,,,,,,,,,,,,,,,-12972774.34,,,,,,,,,COMPLETED,,,,,,,SUPPLIER_PAYMENT,,,,,,,,,,,,,,,,,,,,,,,,,Payment to SUP003 – INV00309,PAYABLE,,,,,,,,,,,,,,,,,,TXNA6AE05FD,INVOICE,INV00309
transactions,2025-01-28,COMP001,,,,,,,,,,,,,,,,,,,,,,,,,,,,,,-12437466.92,,,,,,,,,COMPLETED,,,,,,,OPERATING_EXPENSE,,,,,,,,,,,,,,,,,,,,,,,,,Daily operating expenses,OPEX,,,,,,,,,,,,,,,,,,TXN4D60FAB4,COMPANY,COMP001
transactions,2025-01-28,COMP001,,,,,,,,,,,,,,,,,,,,,,,,,,,,,,18561777.64,,,,,,,,,COMPLETED,,,,,,,CUSTOMER_PAYMENT,,,,,,,,,,,,,,,,,,,,,,,,,Daily dealership & fleet sales collection,SALES_RECEIPTS,,,,,,,,,,,,,,,,,,TXN5223685D,COMPANY,COMP001
transactions,2025-01-29,COMP001,,,,,,,,,,,,,,,,,,,,,,,,,,,,,,13165799.13,,,,,,,,,COMPLETED,,,,,,,CUSTOMER_PAYMENT,,,,,,,,,,,,,,,,,,,,,,,,,Daily dealership & fleet sales collection,SALES_RECEIPTS,,,,,,,,,,,,,,,,,,TXN97002B65,COMPANY,COMP001
transactions,2025-01-29,COMP001,,,,,,,,,,,,,,,,,,,,,,,,,,,,,,-59001510.19,,,,,,,,,COMPLETED,,,,,,,SUPPLIER_PAYMENT,,,,,,,,,,,,,,,,,,,,,,,,,Payment to SUP001 – INV00197,PAYABLE,,,,,,,,,,,,,,,,,,TXNF13E18B9,INVOICE,INV00197
transactions,2025-01-29,COMP001,,,,,,,,,,,,,,,,,,,,,,,,,,,,,,-8714365.12,,,,,,,,,COMPLETED,,,,,,,OPERATING_EXPENSE,,,,,,,,,,,,,,,,,,,,,,,,,Daily operating expenses,OPEX,,,,,,,,,,,,,,,,,,TXNB1A56465,COMPANY,COMP001
transactions,2025-01-30,COMP001,,,,,,,,,,,,,,,,,,,,,,,,,,,,,,8512031.03,,,,,,,,,COMPLETED,,,,,,,CUSTOMER_PAYMENT,,,,,,,,,,,,,,,,,,,,,,,,,Daily dealership & fleet sales collection,SALES_RECEIPTS,,,,,,,,,,,,,,,,,,TXN1B3A8D4E,COMPANY,COMP001
transactions,2025-01-30,COMP001,,,,,,,,,,,,,,,,,,,,,,,,,,,,,,-13651846.88,,,,,,,,,COMPLETED,,,,,,,OPERATING_EXPENSE,,,,,,,,,,,,,,,,,,,,,,,,,Daily operating expenses,OPEX,,,,,,,,,,,,,,,,,,TXNF134EA53,COMPANY,COMP001
transactions,2025-01-31,COMP001,,,,,,,,,,,,,,,,,,,,,,,,,,,,,,-4489932.0,,,,,,,,,COMPLETED,,,,,,,OPERATING_EXPENSE,,,,,,,,,,,,,,,,,,,,,,,,,Daily operating expenses,OPEX,,,,,,,,,,,,,,,,,,TXN0DCCA55F,COMPANY,COMP001
transactions,2025-01-31,COMP001,,,,,,,,,,,,,,,,,,,,,,,,,,,,,,16404715.07,,,,,,,,,COMPLETED,,,,,,,CUSTOMER_PAYMENT,,,,,,,,,,,,,,,,,,,,,,,,,Daily dealership & fleet sales collection,SALES_RECEIPTS,,,,,,,,,,,,,,,,,,TXNEB8C41EF,COMPANY,COMP001
transactions,2025-02-01,COMP001,,,,,,,,,,,,,,,,,,,,,,,,,,,,,,-1678377.08,,,,,,,,,COMPLETED,,,,,,,OPERATING_EXPENSE,,,,,,,,,,,,,,,,,,,,,,,,,Daily operating expenses,OPEX,,,,,,,,,,,,,,,,,,TXN439DCD16,COMPANY,COMP001
transactions,2025-02-01,COMP001,,,,,,,,,,,,,,,,,,,,,,,,,,,,,,2718594.43,,,,,,,,,COMPLETED,,,,,,,CUSTOMER_PAYMENT,,,,,,,,,,,,,,,,,,,,,,,,,Daily dealership & fleet sales collection,SALES_RECEIPTS,,,,,,,,,,,,,,,,,,TXNC36B1A80,COMPANY,COMP001
transactions,2025-02-01,COMP001,,,,,,,,,,,,,,,,,,,,,,,,,,,,,,34405804.22,,,,,,,,,COMPLETED,,,,,,,CUSTOMER_PAYMENT,,,,,,,,,,,,,,,,,,,,,,,,,Collection from CUST013 – RCV00014,RECEIVABLE,,,,,,,,,,,,,,,,,,TXN170DC009,RECEIVABLE,RCV00014
transactions,2025-02-02,COMP001,,,,,,,,,,,,,,,,,,,,,,,,,,,,,,2319686.66,,,,,,,,,COMPLETED,,,,,,,CUSTOMER_PAYMENT,,,,,,,,,,,,,,,,,,,,,,,,,Daily dealership & fleet sales collection,SALES_RECEIPTS,,,,,,,,,,,,,,,,,,TXN04DAA0B1,COMPANY,COMP001
transactions,2025-02-02,COMP001,,,,,,,,,,,,,,,,,,,,,,,,,,,,,,-872018.16,,,,,,,,,COMPLETED,,,,,,,OPERATING_EXPENSE,,,,,,,,,,,,,,,,,,,,,,,,,Daily operating expenses,OPEX,,,,,,,,,,,,,,,,,,TXN0BB44D89,COMPANY,COMP001
transactions,2025-02-02,COMP001,,,,,,,,,,,,,,,,,,,,,,,,,,,,,,-23632960.26,,,,,,,,,COMPLETED,,,,,,,SUPPLIER_PAYMENT,,,,,,,,,,,,,,,,,,,,,,,,,Payment to SUP002 – INV00443,PAYABLE,,,,,,,,,,,,,,,,,,TXNCF2DB6E7,INVOICE,INV00443
transactions,2025-02-03,COMP001,,,,,,,,,,,,,,,,,,,,,,,,,,,,,,24186464.48,,,,,,,,,COMPLETED,,,,,,,CUSTOMER_PAYMENT,,,,,,,,,,,,,,,,,,,,,,,,,Collection from CUST023 – RCV00015,RECEIVABLE,,,,,,,,,,,,,,,,,,TXNDD8EF766,RECEIVABLE,RCV00015
transactions,2025-02-03,COMP001,,,,,,,,,,,,,,,,,,,,,,,,,,,,,,-4068721.7,,,,,,,,,COMPLETED,,,,,,,OPERATING_EXPENSE,,,,,,,,,,,,,,,,,,,,,,,,,Daily operating expenses,OPEX,,,,,,,,,,,,,,,,,,TXNE3D2A261,COMPANY,COMP001
transactions,2025-02-03,COMP001,,,,,,,,,,,,,,,,,,,,,,,,,,,,,,10475074.56,,,,,,,,,COMPLETED,,,,,,,CUSTOMER_PAYMENT,,,,,,,,,,,,,,,,,,,,,,,,,Daily dealership & fleet sales collection,SALES_RECEIPTS,,,,,,,,,,,,,,,,,,TXN4ECFFD9B,COMPANY,COMP001
transactions,2025-02-03,COMP001,,,,,,,,,,,,,,,,,,,,,,,,,,,,,,69499378.79,,,,,,,,,COMPLETED,,,,,,,CUSTOMER_PAYMENT,,,,,,,,,,,,,,,,,,,,,,,,,Collection from CUST013 – RCV00178,RECEIVABLE,,,,,,,,,,,,,,,,,,TXN95792EE7,RECEIVABLE,RCV00178
transactions,2025-02-04,COMP001,,,,,,,,,,,,,,,,,,,,,,,,,,,,,,19800878.22,,,,,,,,,COMPLETED,,,,,,,CUSTOMER_PAYMENT,,,,,,,,,,,,,,,,,,,,,,,,,Daily dealership & fleet sales collection,SALES_RECEIPTS,,,,,,,,,,,,,,,,,,TXN2C790E15,COMPANY,COMP001
transactions,2025-02-04,COMP001,,,,,,,,,,,,,,,,,,,,,,,,,,,,,,-4773556.82,,,,,,,,,COMPLETED,,,,,,,OPERATING_EXPENSE,,,,,,,,,,,,,,,,,,,,,,,,,Daily operating expenses,OPEX,,,,,,,,,,,,,,,,,,TXN6492AB6E,COMPANY,COMP001
transactions,2025-02-05,COMP001,,,,,,,,,,,,,,,,,,,,,,,,,,,,,,18279249.5,,,,,,,,,COMPLETED,,,,,,,CUSTOMER_PAYMENT,,,,,,,,,,,,,,,,,,,,,,,,,Daily dealership & fleet sales collection,SALES_RECEIPTS,,,,,,,,,,,,,,,,,,TXN250D6B53,COMPANY,COMP001
transactions,2025-02-05,COMP001,,,,,,,,,,,,,,,,,,,,,,,,,,,,,,-4708381.89,,,,,,,,,COMPLETED,,,,,,,OPERATING_EXPENSE,,,,,,,,,,,,,,,,,,,,,,,,,Daily operating expenses,OPEX,,,,,,,,,,,,,,,,,,TXNA2BDBEAC,COMPANY,COMP001
transactions,2025-02-06,COMP001,,,,,,,,,,,,,,,,,,,,,,,,,,,,,,10091333.19,,,,,,,,,COMPLETED,,,,,,,CUSTOMER_PAYMENT,,,,,,,,,,,,,,,,,,,,,,,,,Daily dealership & fleet sales collection,SALES_RECEIPTS,,,,,,,,,,,,,,,,,,TXN5F6A27DF,COMPANY,COMP001
transactions,2025-02-06,COMP001,,,,,,,,,,,,,,,,,,,,,,,,,,,,,,-9704618.89,,,,,,,,,COMPLETED,,,,,,,SUPPLIER_PAYMENT,,,,,,,,,,,,,,,,,,,,,,,,,Payment to SUP002 – INV00335,PAYABLE,,,,,,,,,,,,,,,,,,TXN6559F8F6,INVOICE,INV00335
transactions,2025-02-06,COMP001,,,,,,,,,,,,,,,,,,,,,,,,,,,,,,-6789665.5,,,,,,,,,COMPLETED,,,,,,,OPERATING_EXPENSE,,,,,,,,,,,,,,,,,,,,,,,,,Daily operating expenses,OPEX,,,,,,,,,,,,,,,,,,TXNC0A7DF93,COMPANY,COMP001
transactions,2025-02-07,COMP001,,,,,,,,,,,,,,,,,,,,,,,,,,,,,,-4347703.03,,,,,,,,,COMPLETED,,,,,,,OPERATING_EXPENSE,,,,,,,,,,,,,,,,,,,,,,,,,Daily operating expenses,OPEX,,,,,,,,,,,,,,,,,,TXN24ECEE11,COMPANY,COMP001
transactions,2025-02-07,COMP001,,,,,,,,,,,,,,,,,,,,,,,,,,,,,,18490951.17,,,,,,,,,COMPLETED,,,,,,,CUSTOMER_PAYMENT,,,,,,,,,,,,,,,,,,,,,,,,,Daily dealership & fleet sales collection,SALES_RECEIPTS,,,,,,,,,,,,,,,,,,TXNAF764F46,COMPANY,COMP001
transactions,2025-02-08,COMP001,,,,,,,,,,,,,,,,,,,,,,,,,,,,,,3920045.21,,,,,,,,,COMPLETED,,,,,,,CUSTOMER_PAYMENT,,,,,,,,,,,,,,,,,,,,,,,,,Daily dealership & fleet sales collection,SALES_RECEIPTS,,,,,,,,,,,,,,,,,,TXN73DE04E5,COMPANY,COMP001
transactions,2025-02-08,COMP001,,,,,,,,,,,,,,,,,,,,,,,,,,,,,,-1905446.0,,,,,,,,,COMPLETED,,,,,,,OPERATING_EXPENSE,,,,,,,,,,,,,,,,,,,,,,,,,Daily operating expenses,OPEX,,,,,,,,,,,,,,,,,,TXN9C8EB377,COMPANY,COMP001
transactions,2025-02-08,COMP001,,,,,,,,,,,,,,,,,,,,,,,,,,,,,,48131737.88,,,,,,,,,COMPLETED,,,,,,,CUSTOMER_PAYMENT,,,,,,,,,,,,,,,,,,,,,,,,,Collection from CUST014 – RCV00226,RECEIVABLE,,,,,,,,,,,,,,,,,,TXN1BAA9613,RECEIVABLE,RCV00226
transactions,2025-02-09,COMP001,,,,,,,,,,,,,,,,,,,,,,,,,,,,,,-1873905.76,,,,,,,,,COMPLETED,,,,,,,OPERATING_EXPENSE,,,,,,,,,,,,,,,,,,,,,,,,,Daily operating expenses,OPEX,,,,,,,,,,,,,,,,,,TXNE80D7F24,COMPANY,COMP001
transactions,2025-02-09,COMP001,,,,,,,,,,,,,,,,,,,,,,,,,,,,,,-19807644.24,,,,,,,,,COMPLETED,,,,,,,SUPPLIER_PAYMENT,,,,,,,,,,,,,,,,,,,,,,,,,Payment to SUP004 – INV00265,PAYABLE,,,,,,,,,,,,,,,,,,TXN3A19D212,INVOICE,INV00265
transactions,2025-02-09,COMP001,,,,,,,,,,,,,,,,,,,,,,,,,,,,,,3365938.83,,,,,,,,,COMPLETED,,,,,,,CUSTOMER_PAYMENT,,,,,,,,,,,,,,,,,,,,,,,,,Daily dealership & fleet sales collection,SALES_RECEIPTS,,,,,,,,,,,,,,,,,,TXN1BD10342,COMPANY,COMP001
transactions,2025-02-10,COMP001,,,,,,,,,,,,,,,,,,,,,,,,,,,,,,-5347195.4,,,,,,,,,COMPLETED,,,,,,,OPERATING_EXPENSE,,,,,,,,,,,,,,,,,,,,,,,,,Daily operating expenses,OPEX,,,,,,,,,,,,,,,,,,TXN29D9DB7D,COMPANY,COMP001
transactions,2025-02-10,COMP001,,,,,,,,,,,,,,,,,,,,,,,,,,,,,,9073123.41,,,,,,,,,COMPLETED,,,,,,,CUSTOMER_PAYMENT,,,,,,,,,,,,,,,,,,,,,,,,,Daily dealership & fleet sales collection,SALES_RECEIPTS,,,,,,,,,,,,,,,,,,TXNB132E5AC,COMPANY,COMP001
transactions,2025-02-11,COMP001,,,,,,,,,,,,,,,,,,,,,,,,,,,,,,31052891.78,,,,,,,,,COMPLETED,,,,,,,CUSTOMER_PAYMENT,,,,,,,,,,,,,,,,,,,,,,,,,Collection from CUST003 – RCV00158,RECEIVABLE,,,,,,,,,,,,,,,,,,TXNA7F58959,RECEIVABLE,RCV00158
transactions,2025-02-11,COMP001,,,,,,,,,,,,,,,,,,,,,,,,,,,,,,-7482298.99,,,,,,,,,COMPLETED,,,,,,,OPERATING_EXPENSE,,,,,,,,,,,,,,,,,,,,,,,,,Daily operating expenses,OPEX,,,,,,,,,,,,,,,,,,TXNE7F743D6,COMPANY,COMP001
transactions,2025-02-11,COMP001,,,,,,,,,,,,,,,,,,,,,,,,,,,,,,-56074243.96,,,,,,,,,COMPLETED,,,,,,,SUPPLIER_PAYMENT,,,,,,,,,,,,,,,,,,,,,,,,,Payment to SUP001 – INV00426,PAYABLE,,,,,,,,,,,,,,,,,,TXNB1A4623F,INVOICE,INV00426
transactions,2025-02-11,COMP001,,,,,,,,,,,,,,,,,,,,,,,,,,,,,,29245719.86,,,,,,,,,COMPLETED,,,,,,,CUSTOMER_PAYMENT,,,,,,,,,,,,,,,,,,,,,,,,,Daily dealership & fleet sales collection,SALES_RECEIPTS,,,,,,,,,,,,,,,,,,TXN3EFFF2FA,COMPANY,COMP001
transactions,2025-02-12,COMP001,,,,,,,,,,,,,,,,,,,,,,,,,,,,,,-3894697.15,,,,,,,,,COMPLETED,,,,,,,OPERATING_EXPENSE,,,,,,,,,,,,,,,,,,,,,,,,,Daily operating expenses,OPEX,,,,,,,,,,,,,,,,,,TXNB732C1D7,COMPANY,COMP001
transactions,2025-02-12,COMP001,,,,,,,,,,,,,,,,,,,,,,,,,,,,,,20617024.26,,,,,,,,,COMPLETED,,,,,,,CUSTOMER_PAYMENT,,,,,,,,,,,,,,,,,,,,,,,,,Daily dealership & fleet sales collection,SALES_RECEIPTS,,,,,,,,,,,,,,,,,,TXN2B5A04A6,COMPANY,COMP001
transactions,2025-02-12,COMP001,,,,,,,,,,,,,,,,,,,,,,,,,,,,,,-32309796.92,,,,,,,,,COMPLETED,,,,,,,SUPPLIER_PAYMENT,,,,,,,,,,,,,,,,,,,,,,,,,Payment to SUP005 – INV00414,PAYABLE,,,,,,,,,,,,,,,,,,TXNE69FF50A,INVOICE,INV00414
transactions,2025-02-13,COMP001,,,,,,,,,,,,,,,,,,,,,,,,,,,,,,-7172598.2,,,,,,,,,COMPLETED,,,,,,,OPERATING_EXPENSE,,,,,,,,,,,,,,,,,,,,,,,,,Daily operating expenses,OPEX,,,,,,,,,,,,,,,,,,TXNDEC4411C,COMPANY,COMP001
transactions,2025-02-13,COMP001,,,,,,,,,,,,,,,,,,,,,,,,,,,,,,16297628.46,,,,,,,,,COMPLETED,,,,,,,CUSTOMER_PAYMENT,,,,,,,,,,,,,,,,,,,,,,,,,Daily dealership & fleet sales collection,SALES_RECEIPTS,,,,,,,,,,,,,,,,,,TXNEDCB4B60,COMPANY,COMP001
transactions,2025-02-14,COMP001,,,,,,,,,,,,,,,,,,,,,,,,,,,,,,-9214229.01,,,,,,,,,COMPLETED,,,,,,,SUPPLIER_PAYMENT,,,,,,,,,,,,,,,,,,,,,,,,,Payment to SUP014 – INV00213,PAYABLE,,,,,,,,,,,,,,,,,,TXN1763C5D5,INVOICE,INV00213
transactions,2025-02-14,COMP001,,,,,,,,,,,,,,,,,,,,,,,,,,,,,,31552125.32,,,,,,,,,COMPLETED,,,,,,,CUSTOMER_PAYMENT,,,,,,,,,,,,,,,,,,,,,,,,,Daily dealership & fleet sales collection,SALES_RECEIPTS,,,,,,,,,,,,,,,,,,TXN96FDA85A,COMPANY,COMP001
transactions,2025-02-14,COMP001,,,,,,,,,,,,,,,,,,,,,,,,,,,,,,-36684794.95,,,,,,,,,COMPLETED,,,,,,,SUPPLIER_PAYMENT,,,,,,,,,,,,,,,,,,,,,,,,,Payment to SUP003 – INV00420,PAYABLE,,,,,,,,,,,,,,,,,,TXN22DF203F,INVOICE,INV00420
transactions,2025-02-14,COMP001,,,,,,,,,,,,,,,,,,,,,,,,,,,,,,14917858.7,,,,,,,,,COMPLETED,,,,,,,CUSTOMER_PAYMENT,,,,,,,,,,,,,,,,,,,,,,,,,Collection from CUST014 – RCV00107,RECEIVABLE,,,,,,,,,,,,,,,,,,TXN6A04E6E0,RECEIVABLE,RCV00107
transactions,2025-02-14,COMP001,,,,,,,,,,,,,,,,,,,,,,,,,,,,,,-4157206.51,,,,,,,,,COMPLETED,,,,,,,OPERATING_EXPENSE,,,,,,,,,,,,,,,,,,,,,,,,,Daily operating expenses,OPEX,,,,,,,,,,,,,,,,,,TXN3470C04F,COMPANY,COMP001
transactions,2025-02-15,COMP001,,,,,,,,,,,,,,,,,,,,,,,,,,,,,,6695164.57,,,,,,,,,COMPLETED,,,,,,,CUSTOMER_PAYMENT,,,,,,,,,,,,,,,,,,,,,,,,,Collection from CUST012 – RCV00259,RECEIVABLE,,,,,,,,,,,,,,,,,,TXNAE71A4BB,RECEIVABLE,RCV00259
transactions,2025-02-15,COMP001,,,,,,,,,,,,,,,,,,,,,,,,,,,,,,-5138927.5,,,,,,,,,COMPLETED,,,,,,,SUPPLIER_PAYMENT,,,,,,,,,,,,,,,,,,,,,,,,,Payment to SUP007 – INV00371,PAYABLE,,,,,,,,,,,,,,,,,,TXN9C577739,INVOICE,INV00371
transactions,2025-02-15,COMP001,,,,,,,,,,,,,,,,,,,,,,,,,,,,,,39163448.01,,,,,,,,,COMPLETED,,,,,,,CUSTOMER_PAYMENT,,,,,,,,,,,,,,,,,,,,,,,,,Collection from CUST012 – RCV00147,RECEIVABLE,,,,,,,,,,,,,,,,,,TXN791538E2,RECEIVABLE,RCV00147
transactions,2025-02-15,COMP001,,,,,,,,,,,,,,,,,,,,,,,,,,,,,,-1511649.53,,,,,,,,,COMPLETED,,,,,,,OPERATING_EXPENSE,,,,,,,,,,,,,,,,,,,,,,,,,Daily operating expenses,OPEX,,,,,,,,,,,,,,,,,,TXN1272C6E9,COMPANY,COMP001
transactions,2025-02-15,COMP001,,,,,,,,,,,,,,,,,,,,,,,,,,,,,,2822428.55,,,,,,,,,COMPLETED,,,,,,,CUSTOMER_PAYMENT,,,,,,,,,,,,,,,,,,,,,,,,,Daily dealership & fleet sales collection,SALES_RECEIPTS,,,,,,,,,,,,,,,,,,TXN269646EE,COMPANY,COMP001
transactions,2025-02-16,COMP001,,,,,,,,,,,,,,,,,,,,,,,,,,,,,,-1092648.84,,,,,,,,,COMPLETED,,,,,,,OPERATING_EXPENSE,,,,,,,,,,,,,,,,,,,,,,,,,Daily operating expenses,OPEX,,,,,,,,,,,,,,,,,,TXNA47279C0,COMPANY,COMP001
transactions,2025-02-16,COMP001,,,,,,,,,,,,,,,,,,,,,,,,,,,,,,22957251.35,,,,,,,,,COMPLETED,,,,,,,CUSTOMER_PAYMENT,,,,,,,,,,,,,,,,,,,,,,,,,Collection from CUST004 – RCV00316,RECEIVABLE,,,,,,,,,,,,,,,,,,TXN394B5594,RECEIVABLE,RCV00316
transactions,2025-02-16,COMP001,,,,,,,,,,,,,,,,,,,,,,,,,,,,,,1980210.31,,,,,,,,,COMPLETED,,,,,,,CUSTOMER_PAYMENT,,,,,,,,,,,,,,,,,,,,,,,,,Daily dealership & fleet sales collection,SALES_RECEIPTS,,,,,,,,,,,,,,,,,,TXNF92EE968,COMPANY,COMP001
transactions,2025-02-16,COMP001,,,,,,,,,,,,,,,,,,,,,,,,,,,,,,17330106.7,,,,,,,,,COMPLETED,,,,,,,CUSTOMER_PAYMENT,,,,,,,,,,,,,,,,,,,,,,,,,Collection from CUST011 – RCV00016,RECEIVABLE,,,,,,,,,,,,,,,,,,TXN23AC7A73,RECEIVABLE,RCV00016
transactions,2025-02-17,COMP001,,,,,,,,,,,,,,,,,,,,,,,,,,,,,,-7415509.75,,,,,,,,,COMPLETED,,,,,,,OPERATING_EXPENSE,,,,,,,,,,,,,,,,,,,,,,,,,Daily operating expenses,OPEX,,,,,,,,,,,,,,,,,,TXN1C23E34C,COMPANY,COMP001
transactions,2025-02-17,COMP001,,,,,,,,,,,,,,,,,,,,,,,,,,,,,,16424221.14,,,,,,,,,COMPLETED,,,,,,,CUSTOMER_PAYMENT,,,,,,,,,,,,,,,,,,,,,,,,,Daily dealership & fleet sales collection,SALES_RECEIPTS,,,,,,,,,,,,,,,,,,TXN9F9C4D34,COMPANY,COMP001
transactions,2025-02-18,COMP001,,,,,,,,,,,,,,,,,,,,,,,,,,,,,,-9401627.08,,,,,,,,,COMPLETED,,,,,,,OPERATING_EXPENSE,,,,,,,,,,,,,,,,,,,,,,,,,Daily operating expenses,OPEX,,,,,,,,,,,,,,,,,,TXNF94BB255,COMPANY,COMP001
transactions,2025-02-18,COMP001,,,,,,,,,,,,,,,,,,,,,,,,,,,,,,41961522.26,,,,,,,,,COMPLETED,,,,,,,CUSTOMER_PAYMENT,,,,,,,,,,,,,,,,,,,,,,,,,Collection from CUST001 – RCV00255,RECEIVABLE,,,,,,,,,,,,,,,,,,TXN0F1BA5A1,RECEIVABLE,RCV00255
transactions,2025-02-18,COMP001,,,,,,,,,,,,,,,,,,,,,,,,,,,,,,2132853.37,,,,,,,,,COMPLETED,,,,,,,CUSTOMER_PAYMENT,,,,,,,,,,,,,,,,,,,,,,,,,Collection from CUST005 – RCV00305,RECEIVABLE,,,,,,,,,,,,,,,,,,TXN05A1228F,RECEIVABLE,RCV00305
transactions,2025-02-18,COMP001,,,,,,,,,,,,,,,,,,,,,,,,,,,,,,29647674.67,,,,,,,,,COMPLETED,,,,,,,CUSTOMER_PAYMENT,,,,,,,,,,,,,,,,,,,,,,,,,Daily dealership & fleet sales collection,SALES_RECEIPTS,,,,,,,,,,,,,,,,,,TXN1CE2B90C,COMPANY,COMP001
transactions,2025-02-18,COMP001,,,,,,,,,,,,,,,,,,,,,,,,,,,,,,48375829.98,,,,,,,,,COMPLETED,,,,,,,CUSTOMER_PAYMENT,,,,,,,,,,,,,,,,,,,,,,,,,Collection from CUST021 – RCV00196,RECEIVABLE,,,,,,,,,,,,,,,,,,TXN9E953891,RECEIVABLE,RCV00196
transactions,2025-02-19,COMP001,,,,,,,,,,,,,,,,,,,,,,,,,,,,,,-9233297.3,,,,,,,,,COMPLETED,,,,,,,OPERATING_EXPENSE,,,,,,,,,,,,,,,,,,,,,,,,,Daily operating expenses,OPEX,,,,,,,,,,,,,,,,,,TXN6DE91158,COMPANY,COMP001
transactions,2025-02-19,COMP001,,,,,,,,,,,,,,,,,,,,,,,,,,,,,,4487116.29,,,,,,,,,COMPLETED,,,,,,,CUSTOMER_PAYMENT,,,,,,,,,,,,,,,,,,,,,,,,,Collection from CUST004 – RCV00128,RECEIVABLE,,,,,,,,,,,,,,,,,,TXN8487F21C,RECEIVABLE,RCV00128
transactions,2025-02-19,COMP001,,,,,,,,,,,,,,,,,,,,,,,,,,,,,,17277977.28,,,,,,,,,COMPLETED,,,,,,,CUSTOMER_PAYMENT,,,,,,,,,,,,,,,,,,,,,,,,,Daily dealership & fleet sales collection,SALES_RECEIPTS,,,,,,,,,,,,,,,,,,TXN5107B9BB,COMPANY,COMP001
transactions,2025-02-20,COMP001,,,,,,,,,,,,,,,,,,,,,,,,,,,,,,-54792408.89,,,,,,,,,COMPLETED,,,,,,,SUPPLIER_PAYMENT,,,,,,,,,,,,,,,,,,,,,,,,,Payment to SUP008 – INV00406,PAYABLE,,,,,,,,,,,,,,,,,,TXN442EABFB,INVOICE,INV00406
transactions,2025-02-20,COMP001,,,,,,,,,,,,,,,,,,,,,,,,,,,,,,4110408.93,,,,,,,,,COMPLETED,,,,,,,CUSTOMER_PAYMENT,,,,,,,,,,,,,,,,,,,,,,,,,Collection from CUST012 – RCV00190,RECEIVABLE,,,,,,,,,,,,,,,,,,TXN2F98E9C8,RECEIVABLE,RCV00190
transactions,2025-02-20,COMP001,,,,,,,,,,,,,,,,,,,,,,,,,,,,,,21208047.95,,,,,,,,,COMPLETED,,,,,,,CUSTOMER_PAYMENT,,,,,,,,,,,,,,,,,,,,,,,,,Daily dealership & fleet sales collection,SALES_RECEIPTS,,,,,,,,,,,,,,,,,,TXN5915A658,COMPANY,COMP001
transactions,2025-02-20,COMP001,,,,,,,,,,,,,,,,,,,,,,,,,,,,,,-8307745.99,,,,,,,,,COMPLETED,,,,,,,OPERATING_EXPENSE,,,,,,,,,,,,,,,,,,,,,,,,,Daily operating expenses,OPEX,,,,,,,,,,,,,,,,,,TXN1E6CBD91,COMPANY,COMP001
transactions,2025-02-21,COMP001,,,,,,,,,,,,,,,,,,,,,,,,,,,,,,-16952316.97,,,,,,,,,COMPLETED,,,,,,,SUPPLIER_PAYMENT,,,,,,,,,,,,,,,,,,,,,,,,,Payment to SUP003 – INV00164,PAYABLE,,,,,,,,,,,,,,,,,,TXN53BF2048,INVOICE,INV00164
transactions,2025-02-21,COMP001,,,,,,,,,,,,,,,,,,,,,,,,,,,,,,24103693.44,,,,,,,,,COMPLETED,,,,,,,CUSTOMER_PAYMENT,,,,,,,,,,,,,,,,,,,,,,,,,Daily dealership & fleet sales collection,SALES_RECEIPTS,,,,,,,,,,,,,,,,,,TXNB42B93DB,COMPANY,COMP001
transactions,2025-02-21,COMP001,,,,,,,,,,,,,,,,,,,,,,,,,,,,,,-7370428.99,,,,,,,,,COMPLETED,,,,,,,OPERATING_EXPENSE,,,,,,,,,,,,,,,,,,,,,,,,,Daily operating expenses,OPEX,,,,,,,,,,,,,,,,,,TXNBBDFFF47,COMPANY,COMP001
transactions,2025-02-22,COMP001,,,,,,,,,,,,,,,,,,,,,,,,,,,,,,-1755921.63,,,,,,,,,COMPLETED,,,,,,,OPERATING_EXPENSE,,,,,,,,,,,,,,,,,,,,,,,,,Daily operating expenses,OPEX,,,,,,,,,,,,,,,,,,TXN4C7AE3EC,COMPANY,COMP001
transactions,2025-02-22,COMP001,,,,,,,,,,,,,,,,,,,,,,,,,,,,,,3655548.88,,,,,,,,,COMPLETED,,,,,,,CUSTOMER_PAYMENT,,,,,,,,,,,,,,,,,,,,,,,,,Daily dealership & fleet sales collection,SALES_RECEIPTS,,,,,,,,,,,,,,,,,,TXNF1311554,COMPANY,COMP001
transactions,2025-02-22,COMP001,,,,,,,,,,,,,,,,,,,,,,,,,,,,,,-19153086.91,,,,,,,,,COMPLETED,,,,,,,SUPPLIER_PAYMENT,,,,,,,,,,,,,,,,,,,,,,,,,Payment to SUP005 – INV00352,PAYABLE,,,,,,,,,,,,,,,,,,TXN0E090761,INVOICE,INV00352
transactions,2025-02-23,COMP001,,,,,,,,,,,,,,,,,,,,,,,,,,,,,,-1515691.55,,,,,,,,,COMPLETED,,,,,,,OPERATING_EXPENSE,,,,,,,,,,,,,,,,,,,,,,,,,Daily operating expenses,OPEX,,,,,,,,,,,,,,,,,,TXN242832E6,COMPANY,COMP001
transactions,2025-02-23,COMP001,,,,,,,,,,,,,,,,,,,,,,,,,,,,,,3388457.04,,,,,,,,,COMPLETED,,,,,,,CUSTOMER_PAYMENT,,,,,,,,,,,,,,,,,,,,,,,,,Daily dealership & fleet sales collection,SALES_RECEIPTS,,,,,,,,,,,,,,,,,,TXN21B759CE,COMPANY,COMP001
transactions,2025-02-24,COMP001,,,,,,,,,,,,,,,,,,,,,,,,,,,,,,14452260.91,,,,,,,,,COMPLETED,,,,,,,CUSTOMER_PAYMENT,,,,,,,,,,,,,,,,,,,,,,,,,Daily dealership & fleet sales collection,SALES_RECEIPTS,,,,,,,,,,,,,,,,,,TXN2A368562,COMPANY,COMP001
transactions,2025-02-24,COMP001,,,,,,,,,,,,,,,,,,,,,,,,,,,,,,-9017008.98,,,,,,,,,COMPLETED,,,,,,,OPERATING_EXPENSE,,,,,,,,,,,,,,,,,,,,,,,,,Daily operating expenses,OPEX,,,,,,,,,,,,,,,,,,TXN14C167FA,COMPANY,COMP001
transactions,2025-02-25,COMP001,,,,,,,,,,,,,,,,,,,,,,,,,,,,,,25995506.71,,,,,,,,,COMPLETED,,,,,,,CUSTOMER_PAYMENT,,,,,,,,,,,,,,,,,,,,,,,,,Daily dealership & fleet sales collection,SALES_RECEIPTS,,,,,,,,,,,,,,,,,,TXN6AC32F43,COMPANY,COMP001
transactions,2025-02-25,COMP001,,,,,,,,,,,,,,,,,,,,,,,,,,,,,,-7027072.18,,,,,,,,,COMPLETED,,,,,,,OPERATING_EXPENSE,,,,,,,,,,,,,,,,,,,,,,,,,Daily operating expenses,OPEX,,,,,,,,,,,,,,,,,,TXNB7A615BE,COMPANY,COMP001
transactions,2025-02-26,COMP001,,,,,,,,,,,,,,,,,,,,,,,,,,,,,,11095893.41,,,,,,,,,COMPLETED,,,,,,,CUSTOMER_PAYMENT,,,,,,,,,,,,,,,,,,,,,,,,,Daily dealership & fleet sales collection,SALES_RECEIPTS,,,,,,,,,,,,,,,,,,TXN95D02F3F,COMPANY,COMP001
transactions,2025-02-26,COMP001,,,,,,,,,,,,,,,,,,,,,,,,,,,,,,-4069771.47,,,,,,,,,COMPLETED,,,,,,,OPERATING_EXPENSE,,,,,,,,,,,,,,,,,,,,,,,,,Daily operating expenses,OPEX,,,,,,,,,,,,,,,,,,TXN22CDBCB5,COMPANY,COMP001
transactions,2025-02-27,COMP001,,,,,,,,,,,,,,,,,,,,,,,,,,,,,,19373153.0,,,,,,,,,COMPLETED,,,,,,,CUSTOMER_PAYMENT,,,,,,,,,,,,,,,,,,,,,,,,,Collection from CUST008 – RCV00337,RECEIVABLE,,,,,,,,,,,,,,,,,,TXN47AB2407,RECEIVABLE,RCV00337
transactions,2025-02-27,COMP001,,,,,,,,,,,,,,,,,,,,,,,,,,,,,,-5966101.17,,,,,,,,,COMPLETED,,,,,,,OPERATING_EXPENSE,,,,,,,,,,,,,,,,,,,,,,,,,Daily operating expenses,OPEX,,,,,,,,,,,,,,,,,,TXNE97800F5,COMPANY,COMP001
transactions,2025-02-27,COMP001,,,,,,,,,,,,,,,,,,,,,,,,,,,,,,14996911.2,,,,,,,,,COMPLETED,,,,,,,CUSTOMER_PAYMENT,,,,,,,,,,,,,,,,,,,,,,,,,Daily dealership & fleet sales collection,SALES_RECEIPTS,,,,,,,,,,,,,,,,,,TXN76D99327,COMPANY,COMP001
transactions,2025-02-27,COMP001,,,,,,,,,,,,,,,,,,,,,,,,,,,,,,-30414319.76,,,,,,,,,COMPLETED,,,,,,,SUPPLIER_PAYMENT,,,,,,,,,,,,,,,,,,,,,,,,,Payment to SUP004 – INV00239,PAYABLE,,,,,,,,,,,,,,,,,,TXNCA705989,INVOICE,INV00239
transactions,2025-02-28,COMP001,,,,,,,,,,,,,,,,,,,,,,,,,,,,,,21448712.64,,,,,,,,,COMPLETED,,,,,,,CUSTOMER_PAYMENT,,,,,,,,,,,,,,,,,,,,,,,,,Daily dealership & fleet sales collection,SALES_RECEIPTS,,,,,,,,,,,,,,,,,,TXN08566FBA,COMPANY,COMP001
transactions,2025-02-28,COMP001,,,,,,,,,,,,,,,,,,,,,,,,,,,,,,-10505926.62,,,,,,,,,COMPLETED,,,,,,,OPERATING_EXPENSE,,,,,,,,,,,,,,,,,,,,,,,,,Daily operating expenses,OPEX,,,,,,,,,,,,,,,,,,TXND8ECD48D,COMPANY,COMP001
transactions,2025-03-01,COMP001,,,,,,,,,,,,,,,,,,,,,,,,,,,,,,20270503.5,,,,,,,,,COMPLETED,,,,,,,CUSTOMER_PAYMENT,,,,,,,,,,,,,,,,,,,,,,,,,Collection from CUST004 – RCV00287,RECEIVABLE,,,,,,,,,,,,,,,,,,TXNFF0AC8A4,RECEIVABLE,RCV00287
transactions,2025-03-01,COMP001,,,,,,,,,,,,,,,,,,,,,,,,,,,,,,-1313334.86,,,,,,,,,COMPLETED,,,,,,,OPERATING_EXPENSE,,,,,,,,,,,,,,,,,,,,,,,,,Daily operating expenses,OPEX,,,,,,,,,,,,,,,,,,TXN93BDEA62,COMPANY,COMP001
transactions,2025-03-01,COMP001,,,,,,,,,,,,,,,,,,,,,,,,,,,,,,3162084.11,,,,,,,,,COMPLETED,,,,,,,CUSTOMER_PAYMENT,,,,,,,,,,,,,,,,,,,,,,,,,Daily dealership & fleet sales collection,SALES_RECEIPTS,,,,,,,,,,,,,,,,,,TXN81787937,COMPANY,COMP001
transactions,2025-03-01,COMP001,,,,,,,,,,,,,,,,,,,,,,,,,,,,,,-20965891.37,,,,,,,,,COMPLETED,,,,,,,SUPPLIER_PAYMENT,,,,,,,,,,,,,,,,,,,,,,,,,Payment to SUP007 – INV00027,PAYABLE,,,,,,,,,,,,,,,,,,TXN6C899ECE,INVOICE,INV00027
transactions,2025-03-02,COMP001,,,,,,,,,,,,,,,,,,,,,,,,,,,,,,39175776.24,,,,,,,,,COMPLETED,,,,,,,CUSTOMER_PAYMENT,,,,,,,,,,,,,,,,,,,,,,,,,Collection from CUST007 – RCV00265,RECEIVABLE,,,,,,,,,,,,,,,,,,TXNAC57D0D6,RECEIVABLE,RCV00265
transactions,2025-03-02,COMP001,,,,,,,,,,,,,,,,,,,,,,,,,,,,,,1915325.63,,,,,,,,,COMPLETED,,,,,,,CUSTOMER_PAYMENT,,,,,,,,,,,,,,,,,,,,,,,,,Daily dealership & fleet sales collection,SALES_RECEIPTS,,,,,,,,,,,,,,,,,,TXNA001D2B5,COMPANY,COMP001
transactions,2025-03-02,COMP001,,,,,,,,,,,,,,,,,,,,,,,,,,,,,,-54355670.93,,,,,,,,,COMPLETED,,,,,,,SUPPLIER_PAYMENT,,,,,,,,,,,,,,,,,,,,,,,,,Payment to SUP013 – INV00301,PAYABLE,,,,,,,,,,,,,,,,,,TXN985BA9B7,INVOICE,INV00301
transactions,2025-03-02,COMP001,,,,,,,,,,,,,,,,,,,,,,,,,,,,,,67055526.41,,,,,,,,,COMPLETED,,,,,,,CUSTOMER_PAYMENT,,,,,,,,,,,,,,,,,,,,,,,,,Collection from CUST022 – RCV00299,RECEIVABLE,,,,,,,,,,,,,,,,,,TXN93A270E1,RECEIVABLE,RCV00299
transactions,2025-03-02,COMP001,,,,,,,,,,,,,,,,,,,,,,,,,,,,,,-600845.04,,,,,,,,,COMPLETED,,,,,,,OPERATING_EXPENSE,,,,,,,,,,,,,,,,,,,,,,,,,Daily operating expenses,OPEX,,,,,,,,,,,,,,,,,,TXNECEA8A5A,COMPANY,COMP001
transactions,2025-03-03,COMP001,,,,,,,,,,,,,,,,,,,,,,,,,,,,,,15326107.14,,,,,,,,,COMPLETED,,,,,,,CUSTOMER_PAYMENT,,,,,,,,,,,,,,,,,,,,,,,,,Daily dealership & fleet sales collection,SALES_RECEIPTS,,,,,,,,,,,,,,,,,,TXN1FAFDDFC,COMPANY,COMP001
transactions,2025-03-03,COMP001,,,,,,,,,,,,,,,,,,,,,,,,,,,,,,-45784551.05,,,,,,,,,COMPLETED,,,,,,,SUPPLIER_PAYMENT,,,,,,,,,,,,,,,,,,,,,,,,,Payment to SUP002 – INV00377,PAYABLE,,,,,,,,,,,,,,,,,,TXNE4108846,INVOICE,INV00377
transactions,2025-03-03,COMP001,,,,,,,,,,,,,,,,,,,,,,,,,,,,,,-8101130.34,,,,,,,,,COMPLETED,,,,,,,SUPPLIER_PAYMENT,,,,,,,,,,,,,,,,,,,,,,,,,Payment to SUP004 – INV00083,PAYABLE,,,,,,,,,,,,,,,,,,TXNCF00F3E6,INVOICE,INV00083
transactions,2025-03-03,COMP001,,,,,,,,,,,,,,,,,,,,,,,,,,,,,,-9867067.65,,,,,,,,,COMPLETED,,,,,,,OPERATING_EXPENSE,,,,,,,,,,,,,,,,,,,,,,,,,Daily operating expenses,OPEX,,,,,,,,,,,,,,,,,,TXN2708552B,COMPANY,COMP001
transactions,2025-03-04,COMP001,,,,,,,,,,,,,,,,,,,,,,,,,,,,,,8195784.24,,,,,,,,,COMPLETED,,,,,,,CUSTOMER_PAYMENT,,,,,,,,,,,,,,,,,,,,,,,,,Collection from CUST016 – RCV00319,RECEIVABLE,,,,,,,,,,,,,,,,,,TXN2F8799CB,RECEIVABLE,RCV00319
transactions,2025-03-04,COMP001,,,,,,,,,,,,,,,,,,,,,,,,,,,,,,18292027.26,,,,,,,,,COMPLETED,,,,,,,CUSTOMER_PAYMENT,,,,,,,,,,,,,,,,,,,,,,,,,Collection from CUST018 – RCV00326,RECEIVABLE,,,,,,,,,,,,,,,,,,TXN5D6E6FE8,RECEIVABLE,RCV00326
transactions,2025-03-04,COMP001,,,,,,,,,,,,,,,,,,,,,,,,,,,,,,28032300.36,,,,,,,,,COMPLETED,,,,,,,CUSTOMER_PAYMENT,,,,,,,,,,,,,,,,,,,,,,,,,Daily dealership & fleet sales collection,SALES_RECEIPTS,,,,,,,,,,,,,,,,,,TXNE3259DC6,COMPANY,COMP001
transactions,2025-03-04,COMP001,,,,,,,,,,,,,,,,,,,,,,,,,,,,,,26250276.95,,,,,,,,,COMPLETED,,,,,,,CUSTOMER_PAYMENT,,,,,,,,,,,,,,,,,,,,,,,,,Collection from CUST020 – RCV00059,RECEIVABLE,,,,,,,,,,,,,,,,,,TXN6692DE11,RECEIVABLE,RCV00059
transactions,2025-03-04,COMP001,,,,,,,,,,,,,,,,,,,,,,,,,,,,,,-4131512.55,,,,,,,,,COMPLETED,,,,,,,OPERATING_EXPENSE,,,,,,,,,,,,,,,,,,,,,,,,,Daily operating expenses,OPEX,,,,,,,,,,,,,,,,,,TXN33FF8F73,COMPANY,COMP001
transactions,2025-03-05,COMP001,,,,,,,,,,,,,,,,,,,,,,,,,,,,,,-4666388.43,,,,,,,,,COMPLETED,,,,,,,OPERATING_EXPENSE,,,,,,,,,,,,,,,,,,,,,,,,,Daily operating expenses,OPEX,,,,,,,,,,,,,,,,,,TXNDB092A93,COMPANY,COMP001
transactions,2025-03-05,COMP001,,,,,,,,,,,,,,,,,,,,,,,,,,,,,,73217220.65,,,,,,,,,COMPLETED,,,,,,,CUSTOMER_PAYMENT,,,,,,,,,,,,,,,,,,,,,,,,,Collection from CUST006 – RCV00339,RECEIVABLE,,,,,,,,,,,,,,,,,,TXN2B8E99B9,RECEIVABLE,RCV00339
transactions,2025-03-05,COMP001,,,,,,,,,,,,,,,,,,,,,,,,,,,,,,15032699.11,,,,,,,,,COMPLETED,,,,,,,CUSTOMER_PAYMENT,,,,,,,,,,,,,,,,,,,,,,,,,Daily dealership & fleet sales collection,SALES_RECEIPTS,,,,,,,,,,,,,,,,,,TXN950A04FB,COMPANY,COMP001
transactions,2025-03-05,COMP001,,,,,,,,,,,,,,,,,,,,,,,,,,,,,,49607607.1,,,,,,,,,COMPLETED,,,,,,,CUSTOMER_PAYMENT,,,,,,,,,,,,,,,,,,,,,,,,,Collection from CUST022 – RCV00269,RECEIVABLE,,,,,,,,,,,,,,,,,,TXN41CA0F81,RECEIVABLE,RCV00269
transactions,2025-03-06,COMP001,,,,,,,,,,,,,,,,,,,,,,,,,,,,,,-4966264.87,,,,,,,,,COMPLETED,,,,,,,OPERATING_EXPENSE,,,,,,,,,,,,,,,,,,,,,,,,,Daily operating expenses,OPEX,,,,,,,,,,,,,,,,,,TXN9EF4C053,COMPANY,COMP001
transactions,2025-03-06,COMP001,,,,,,,,,,,,,,,,,,,,,,,,,,,,,,-39196415.81,,,,,,,,,COMPLETED,,,,,,,UNEXPECTED_EXPENSE,,,,,,,,,,,,,,,,,,,,,,,,,Regulatory fine,EXCEPTIONAL,,,,,,,,,,,,,,,,,,TXN32D0F0FA,COMPANY,COMP001
transactions,2025-03-06,COMP001,,,,,,,,,,,,,,,,,,,,,,,,,,,,,,11476891.34,,,,,,,,,COMPLETED,,,,,,,CUSTOMER_PAYMENT,,,,,,,,,,,,,,,,,,,,,,,,,Daily dealership & fleet sales collection,SALES_RECEIPTS,,,,,,,,,,,,,,,,,,TXN7F6AD50A,COMPANY,COMP001
transactions,2025-03-07,COMP001,,,,,,,,,,,,,,,,,,,,,,,,,,,,,,-9800865.54,,,,,,,,,COMPLETED,,,,,,,OPERATING_EXPENSE,,,,,,,,,,,,,,,,,,,,,,,,,Daily operating expenses,OPEX,,,,,,,,,,,,,,,,,,TXN2D8D677C,COMPANY,COMP001
transactions,2025-03-07,COMP001,,,,,,,,,,,,,,,,,,,,,,,,,,,,,,21284842.17,,,,,,,,,COMPLETED,,,,,,,CUSTOMER_PAYMENT,,,,,,,,,,,,,,,,,,,,,,,,,Daily dealership & fleet sales collection,SALES_RECEIPTS,,,,,,,,,,,,,,,,,,TXN41AE66E9,COMPANY,COMP001
transactions,2025-03-07,COMP001,,,,,,,,,,,,,,,,,,,,,,,,,,,,,,25187691.59,,,,,,,,,COMPLETED,,,,,,,CUSTOMER_PAYMENT,,,,,,,,,,,,,,,,,,,,,,,,,Collection from CUST022 – RCV00109,RECEIVABLE,,,,,,,,,,,,,,,,,,TXNFDD5C3A9,RECEIVABLE,RCV00109
transactions,2025-03-07,COMP001,,,,,,,,,,,,,,,,,,,,,,,,,,,,,,-32466236.25,,,,,,,,,COMPLETED,,,,,,,SUPPLIER_PAYMENT,,,,,,,,,,,,,,,,,,,,,,,,,Payment to SUP005 – INV00329,PAYABLE,,,,,,,,,,,,,,,,,,TXN9B8899B5,INVOICE,INV00329
transactions,2025-03-08,COMP001,,,,,,,,,,,,,,,,,,,,,,,,,,,,,,-9160209.29,,,,,,,,,COMPLETED,,,,,,,SUPPLIER_PAYMENT,,,,,,,,,,,,,,,,,,,,,,,,,Payment to SUP003 – INV00348,PAYABLE,,,,,,,,,,,,,,,,,,TXN309CB11C,INVOICE,INV00348
transactions,2025-03-08,COMP001,,,,,,,,,,,,,,,,,,,,,,,,,,,,,,-5772139.02,,,,,,,,,COMPLETED,,,,,,,SUPPLIER_PAYMENT,,,,,,,,,,,,,,,,,,,,,,,,,Payment to SUP001 – INV00200,PAYABLE,,,,,,,,,,,,,,,,,,TXN8337E762,INVOICE,INV00200
transactions,2025-03-08,COMP001,,,,,,,,,,,,,,,,,,,,,,,,,,,,,,2199192.18,,,,,,,,,COMPLETED,,,,,,,CUSTOMER_PAYMENT,,,,,,,,,,,,,,,,,,,,,,,,,Daily dealership & fleet sales collection,SALES_RECEIPTS,,,,,,,,,,,,,,,,,,TXN0E77057D,COMPANY,COMP001
transactions,2025-03-08,COMP001,,,,,,,,,,,,,,,,,,,,,,,,,,,,,,-1602414.85,,,,,,,,,COMPLETED,,,,,,,OPERATING_EXPENSE,,,,,,,,,,,,,,,,,,,,,,,,,Daily operating expenses,OPEX,,,,,,,,,,,,,,,,,,TXNF734DC45,COMPANY,COMP001
transactions,2025-03-09,COMP001,,,,,,,,,,,,,,,,,,,,,,,,,,,,,,-17145619.92,,,,,,,,,COMPLETED,,,,,,,SUPPLIER_PAYMENT,,,,,,,,,,,,,,,,,,,,,,,,,Payment to SUP004 – INV00147,PAYABLE,,,,,,,,,,,,,,,,,,TXND2400AF8,INVOICE,INV00147
transactions,2025-03-09,COMP001,,,,,,,,,,,,,,,,,,,,,,,,,,,,,,-23451569.7,,,,,,,,,COMPLETED,,,,,,,SUPPLIER_PAYMENT,,,,,,,,,,,,,,,,,,,,,,,,,Payment to SUP004 – INV00429,PAYABLE,,,,,,,,,,,,,,,,,,TXND87280A1,INVOICE,INV00429
transactions,2025-03-09,COMP001,,,,,,,,,,,,,,,,,,,,,,,,,,,,,,22880783.63,,,,,,,,,COMPLETED,,,,,,,CUSTOMER_PAYMENT,,,,,,,,,,,,,,,,,,,,,,,,,Collection from CUST012 – RCV00275,RECEIVABLE,,,,,,,,,,,,,,,,,,TXN4DD7262E,RECEIVABLE,RCV00275
transactions,2025-03-09,COMP001,,,,,,,,,,,,,,,,,,,,,,,,,,,,,,-28709129.31,,,,,,,,,COMPLETED,,,,,,,SUPPLIER_PAYMENT,,,,,,,,,,,,,,,,,,,,,,,,,Payment to SUP012 – INV00070,PAYABLE,,,,,,,,,,,,,,,,,,TXNDB86858B,INVOICE,INV00070
transactions,2025-03-09,COMP001,,,,,,,,,,,,,,,,,,,,,,,,,,,,,,2551300.96,,,,,,,,,COMPLETED,,,,,,,CUSTOMER_PAYMENT,,,,,,,,,,,,,,,,,,,,,,,,,Daily dealership & fleet sales collection,SALES_RECEIPTS,,,,,,,,,,,,,,,,,,TXN43194395,COMPANY,COMP001
transactions,2025-03-09,COMP001,,,,,,,,,,,,,,,,,,,,,,,,,,,,,,-54311340.47,,,,,,,,,COMPLETED,,,,,,,SUPPLIER_PAYMENT,,,,,,,,,,,,,,,,,,,,,,,,,Payment to SUP001 – INV00284,PAYABLE,,,,,,,,,,,,,,,,,,TXN6596F696,INVOICE,INV00284
transactions,2025-03-09,COMP001,,,,,,,,,,,,,,,,,,,,,,,,,,,,,,-1960884.54,,,,,,,,,COMPLETED,,,,,,,OPERATING_EXPENSE,,,,,,,,,,,,,,,,,,,,,,,,,Daily operating expenses,OPEX,,,,,,,,,,,,,,,,,,TXNB5831ACE,COMPANY,COMP001
transactions,2025-03-10,COMP001,,,,,,,,,,,,,,,,,,,,,,,,,,,,,,-7501360.09,,,,,,,,,COMPLETED,,,,,,,SUPPLIER_PAYMENT,,,,,,,,,,,,,,,,,,,,,,,,,Payment to SUP002 – INV00114,PAYABLE,,,,,,,,,,,,,,,,,,TXN2998BBE3,INVOICE,INV00114
transactions,2025-03-10,COMP001,,,,,,,,,,,,,,,,,,,,,,,,,,,,,,-21490334.58,,,,,,,,,COMPLETED,,,,,,,SUPPLIER_PAYMENT,,,,,,,,,,,,,,,,,,,,,,,,,Payment to SUP012 – INV00174,PAYABLE,,,,,,,,,,,,,,,,,,TXN6DCFC61E,INVOICE,INV00174
transactions,2025-03-10,COMP001,,,,,,,,,,,,,,,,,,,,,,,,,,,,,,32787272.34,,,,,,,,,COMPLETED,,,,,,,CUSTOMER_PAYMENT,,,,,,,,,,,,,,,,,,,,,,,,,Collection from CUST015 – RCV00253,RECEIVABLE,,,,,,,,,,,,,,,,,,TXN9BD25277,RECEIVABLE,RCV00253
transactions,2025-03-10,COMP001,,,,,,,,,,,,,,,,,,,,,,,,,,,,,,-8582488.2,,,,,,,,,COMPLETED,,,,,,,OPERATING_EXPENSE,,,,,,,,,,,,,,,,,,,,,,,,,Daily operating expenses,OPEX,,,,,,,,,,,,,,,,,,TXN36E5301A,COMPANY,COMP001
transactions,2025-03-10,COMP001,,,,,,,,,,,,,,,,,,,,,,,,,,,,,,14424848.46,,,,,,,,,COMPLETED,,,,,,,CUSTOMER_PAYMENT,,,,,,,,,,,,,,,,,,,,,,,,,Daily dealership & fleet sales collection,SALES_RECEIPTS,,,,,,,,,,,,,,,,,,TXND23F0EB6,COMPANY,COMP001
transactions,2025-03-11,COMP001,,,,,,,,,,,,,,,,,,,,,,,,,,,,,,50537630.38,,,,,,,,,COMPLETED,,,,,,,CUSTOMER_PAYMENT,,,,,,,,,,,,,,,,,,,,,,,,,Collection from CUST021 – RCV00056,RECEIVABLE,,,,,,,,,,,,,,,,,,TXNE99E8FF5,RECEIVABLE,RCV00056
transactions,2025-03-11,COMP001,,,,,,,,,,,,,,,,,,,,,,,,,,,,,,-8273884.64,,,,,,,,,COMPLETED,,,,,,,OPERATING_EXPENSE,,,,,,,,,,,,,,,,,,,,,,,,,Daily operating expenses,OPEX,,,,,,,,,,,,,,,,,,TXNAF7FE79D,COMPANY,COMP001
transactions,2025-03-11,COMP001,,,,,,,,,,,,,,,,,,,,,,,,,,,,,,17096645.0,,,,,,,,,COMPLETED,,,,,,,CUSTOMER_PAYMENT,,,,,,,,,,,,,,,,,,,,,,,,,Daily dealership & fleet sales collection,SALES_RECEIPTS,,,,,,,,,,,,,,,,,,TXN880A0647,COMPANY,COMP001
transactions,2025-03-11,COMP001,,,,,,,,,,,,,,,,,,,,,,,,,,,,,,11848311.06,,,,,,,,,COMPLETED,,,,,,,CUSTOMER_PAYMENT,,,,,,,,,,,,,,,,,,,,,,,,,Collection from CUST001 – RCV00008,RECEIVABLE,,,,,,,,,,,,,,,,,,TXN8FC47E62,RECEIVABLE,RCV00008
transactions,2025-03-12,COMP001,,,,,,,,,,,,,,,,,,,,,,,,,,,,,,-9177328.4,,,,,,,,,COMPLETED,,,,,,,OPERATING_EXPENSE,,,,,,,,,,,,,,,,,,,,,,,,,Daily operating expenses,OPEX,,,,,,,,,,,,,,,,,,TXN655C46FA,COMPANY,COMP001
transactions,2025-03-12,COMP001,,,,,,,,,,,,,,,,,,,,,,,,,,,,,,19022743.39,,,,,,,,,COMPLETED,,,,,,,CUSTOMER_PAYMENT,,,,,,,,,,,,,,,,,,,,,,,,,Daily dealership & fleet sales collection,SALES_RECEIPTS,,,,,,,,,,,,,,,,,,TXNEE6E6909,COMPANY,COMP001
transactions,2025-03-12,COMP001,,,,,,,,,,,,,,,,,,,,,,,,,,,,,,62306730.82,,,,,,,,,COMPLETED,,,,,,,CUSTOMER_PAYMENT,,,,,,,,,,,,,,,,,,,,,,,,,Collection from CUST023 – RCV00355,RECEIVABLE,,,,,,,,,,,,,,,,,,TXNAB9745F1,RECEIVABLE,RCV00355
transactions,2025-03-12,COMP001,,,,,,,,,,,,,,,,,,,,,,,,,,,,,,4147402.67,,,,,,,,,COMPLETED,,,,,,,CUSTOMER_PAYMENT,,,,,,,,,,,,,,,,,,,,,,,,,Collection from CUST004 – RCV00333,RECEIVABLE,,,,,,,,,,,,,,,,,,TXN5D1CFFA2,RECEIVABLE,RCV00333
transactions,2025-03-12,COMP001,,,,,,,,,,,,,,,,,,,,,,,,,,,,,,3717500.28,,,,,,,,,COMPLETED,,,,,,,CUSTOMER_PAYMENT,,,,,,,,,,,,,,,,,,,,,,,,,Collection from CUST012 – RCV00179,RECEIVABLE,,,,,,,,,,,,,,,,,,TXN8A66AFCE,RECEIVABLE,RCV00179
transactions,2025-03-13,COMP001,,,,,,,,,,,,,,,,,,,,,,,,,,,,,,12873451.83,,,,,,,,,COMPLETED,,,,,,,CUSTOMER_PAYMENT,,,,,,,,,,,,,,,,,,,,,,,,,Daily dealership & fleet sales collection,SALES_RECEIPTS,,,,,,,,,,,,,,,,,,TXN6B641121,COMPANY,COMP001
transactions,2025-03-13,COMP001,,,,,,,,,,,,,,,,,,,,,,,,,,,,,,-4896517.34,,,,,,,,,COMPLETED,,,,,,,OPERATING_EXPENSE,,,,,,,,,,,,,,,,,,,,,,,,,Daily operating expenses,OPEX,,,,,,,,,,,,,,,,,,TXNFED6CD30,COMPANY,COMP001
transactions,2025-03-13,COMP001,,,,,,,,,,,,,,,,,,,,,,,,,,,,,,52685689.76,,,,,,,,,COMPLETED,,,,,,,CUSTOMER_PAYMENT,,,,,,,,,,,,,,,,,,,,,,,,,Collection from CUST024 – RCV00046,RECEIVABLE,,,,,,,,,,,,,,,,,,TXN0D8A5C73,RECEIVABLE,RCV00046
transactions,2025-03-14,COMP001,,,,,,,,,,,,,,,,,,,,,,,,,,,,,,-9594285.01,,,,,,,,,COMPLETED,,,,,,,OPERATING_EXPENSE,,,,,,,,,,,,,,,,,,,,,,,,,Daily operating expenses,OPEX,,,,,,,,,,,,,,,,,,TXN634C69F9,COMPANY,COMP001
transactions,2025-03-14,COMP001,,,,,,,,,,,,,,,,,,,,,,,,,,,,,,-15149695.73,,,,,,,,,COMPLETED,,,,,,,SUPPLIER_PAYMENT,,,,,,,,,,,,,,,,,,,,,,,,,Payment to SUP007 – INV00167,PAYABLE,,,,,,,,,,,,,,,,,,TXN050F0D01,INVOICE,INV00167
transactions,2025-03-14,COMP001,,,,,,,,,,,,,,,,,,,,,,,,,,,,,,31433276.23,,,,,,,,,COMPLETED,,,,,,,CUSTOMER_PAYMENT,,,,,,,,,,,,,,,,,,,,,,,,,Collection from CUST014 – RCV00095,RECEIVABLE,,,,,,,,,,,,,,,,,,TXNCF975361,RECEIVABLE,RCV00095
transactions,2025-03-14,COMP001,,,,,,,,,,,,,,,,,,,,,,,,,,,,,,27209022.8,,,,,,,,,COMPLETED,,,,,,,CUSTOMER_PAYMENT,,,,,,,,,,,,,,,,,,,,,,,,,Daily dealership & fleet sales collection,SALES_RECEIPTS,,,,,,,,,,,,,,,,,,TXN50A9288F,COMPANY,COMP001
transactions,2025-03-14,COMP001,,,,,,,,,,,,,,,,,,,,,,,,,,,,,,-34242370.49,,,,,,,,,COMPLETED,,,,,,,SUPPLIER_PAYMENT,,,,,,,,,,,,,,,,,,,,,,,,,Payment to SUP011 – INV00065,PAYABLE,,,,,,,,,,,,,,,,,,TXNF378C689,INVOICE,INV00065
transactions,2025-03-15,COMP001,,,,,,,,,,,,,,,,,,,,,,,,,,,,,,3412985.77,,,,,,,,,COMPLETED,,,,,,,CUSTOMER_PAYMENT,,,,,,,,,,,,,,,,,,,,,,,,,Daily dealership & fleet sales collection,SALES_RECEIPTS,,,,,,,,,,,,,,,,,,TXN1A5611AF,COMPANY,COMP001
transactions,2025-03-15,COMP001,,,,,,,,,,,,,,,,,,,,,,,,,,,,,,-47270989.44,,,,,,,,,COMPLETED,,,,,,,SUPPLIER_PAYMENT,,,,,,,,,,,,,,,,,,,,,,,,,Payment to SUP004 – INV00051,PAYABLE,,,,,,,,,,,,,,,,,,TXN8F048ECD,INVOICE,INV00051
transactions,2025-03-15,COMP001,,,,,,,,,,,,,,,,,,,,,,,,,,,,,,10744149.37,,,,,,,,,COMPLETED,,,,,,,CUSTOMER_PAYMENT,,,,,,,,,,,,,,,,,,,,,,,,,Collection from CUST008 – RCV00205,RECEIVABLE,,,,,,,,,,,,,,,,,,TXN488BAFAA,RECEIVABLE,RCV00205
transactions,2025-03-15,COMP001,,,,,,,,,,,,,,,,,,,,,,,,,,,,,,-670798.97,,,,,,,,,COMPLETED,,,,,,,OPERATING_EXPENSE,,,,,,,,,,,,,,,,,,,,,,,,,Daily operating expenses,OPEX,,,,,,,,,,,,,,,,,,TXNF1F7E54C,COMPANY,COMP001
transactions,2025-03-15,COMP001,,,,,,,,,,,,,,,,,,,,,,,,,,,,,,-41445522.24,,,,,,,,,COMPLETED,,,,,,,SUPPLIER_PAYMENT,,,,,,,,,,,,,,,,,,,,,,,,,Payment to SUP009 – INV00146,PAYABLE,,,,,,,,,,,,,,,,,,TXN7CB560E1,INVOICE,INV00146
transactions,2025-03-16,COMP001,,,,,,,,,,,,,,,,,,,,,,,,,,,,,,3728836.97,,,,,,,,,COMPLETED,,,,,,,CUSTOMER_PAYMENT,,,,,,,,,,,,,,,,,,,,,,,,,Daily dealership & fleet sales collection,SALES_RECEIPTS,,,,,,,,,,,,,,,,,,TXNA916B6DA,COMPANY,COMP001
transactions,2025-03-16,COMP001,,,,,,,,,,,,,,,,,,,,,,,,,,,,,,-43034507.6,,,,,,,,,COMPLETED,,,,,,,SUPPLIER_PAYMENT,,,,,,,,,,,,,,,,,,,,,,,,,Payment to SUP013 – INV00077,PAYABLE,,,,,,,,,,,,,,,,,,TXN1D73D4F2,INVOICE,INV00077
transactions,2025-03-16,COMP001,,,,,,,,,,,,,,,,,,,,,,,,,,,,,,-1325431.34,,,,,,,,,COMPLETED,,,,,,,OPERATING_EXPENSE,,,,,,,,,,,,,,,,,,,,,,,,,Daily operating expenses,OPEX,,,,,,,,,,,,,,,,,,TXN05BC1403,COMPANY,COMP001
transactions,2025-03-16,COMP001,,,,,,,,,,,,,,,,,,,,,,,,,,,,,,23893536.75,,,,,,,,,COMPLETED,,,,,,,CUSTOMER_PAYMENT,,,,,,,,,,,,,,,,,,,,,,,,,Collection from CUST008 – RCV00017,RECEIVABLE,,,,,,,,,,,,,,,,,,TXNA9B19B62,RECEIVABLE,RCV00017
transactions,2025-03-17,COMP001,,,,,,,,,,,,,,,,,,,,,,,,,,,,,,21253736.15,,,,,,,,,COMPLETED,,,,,,,CUSTOMER_PAYMENT,,,,,,,,,,,,,,,,,,,,,,,,,Daily dealership & fleet sales collection,SALES_RECEIPTS,,,,,,,,,,,,,,,,,,TXNE4A9AC67,COMPANY,COMP001
transactions,2025-03-17,COMP001,,,,,,,,,,,,,,,,,,,,,,,,,,,,,,-6778283.82,,,,,,,,,COMPLETED,,,,,,,OPERATING_EXPENSE,,,,,,,,,,,,,,,,,,,,,,,,,Daily operating expenses,OPEX,,,,,,,,,,,,,,,,,,TXN1C03A81E,COMPANY,COMP001
transactions,2025-03-17,COMP001,,,,,,,,,,,,,,,,,,,,,,,,,,,,,,63474091.63,,,,,,,,,COMPLETED,,,,,,,CUSTOMER_PAYMENT,,,,,,,,,,,,,,,,,,,,,,,,,Collection from CUST022 – RCV00187,RECEIVABLE,,,,,,,,,,,,,,,,,,TXN6F9250D9,RECEIVABLE,RCV00187
transactions,2025-03-17,COMP001,,,,,,,,,,,,,,,,,,,,,,,,,,,,,,25825955.64,,,,,,,,,COMPLETED,,,,,,,CUSTOMER_PAYMENT,,,,,,,,,,,,,,,,,,,,,,,,,Collection from CUST021 – RCV00091,RECEIVABLE,,,,,,,,,,,,,,,,,,TXNA070C348,RECEIVABLE,RCV00091
transactions,2025-03-18,COMP001,,,,,,,,,,,,,,,,,,,,,,,,,,,,,,31665504.56,,,,,,,,,COMPLETED,,,,,,,CUSTOMER_PAYMENT,,,,,,,,,,,,,,,,,,,,,,,,,Daily dealership & fleet sales collection,SALES_RECEIPTS,,,,,,,,,,,,,,,,,,TXN8CEE2C4F,COMPANY,COMP001
transactions,2025-03-18,COMP001,,,,,,,,,,,,,,,,,,,,,,,,,,,,,,-59212941.81,,,,,,,,,COMPLETED,,,,,,,SUPPLIER_PAYMENT,,,,,,,,,,,,,,,,,,,,,,,,,Payment to SUP007 – INV00184,PAYABLE,,,,,,,,,,,,,,,,,,TXN27EC9C06,INVOICE,INV00184
transactions,2025-03-18,COMP001,,,,,,,,,,,,,,,,,,,,,,,,,,,,,,22156068.25,,,,,,,,,COMPLETED,,,,,,,CUSTOMER_PAYMENT,,,,,,,,,,,,,,,,,,,,,,,,,Collection from CUST015 – RCV00004,RECEIVABLE,,,,,,,,,,,,,,,,,,TXN73AD95AE,RECEIVABLE,RCV00004
transactions,2025-03-18,COMP001,,,,,,,,,,,,,,,,,,,,,,,,,,,,,,48951493.56,,,,,,,,,COMPLETED,,,,,,,CUSTOMER_PAYMENT,,,,,,,,,,,,,,,,,,,,,,,,,Collection from CUST009 – RCV00039,RECEIVABLE,,,,,,,,,,,,,,,,,,TXN2A3EADAF,RECEIVABLE,RCV00039
transactions,2025-03-18,COMP001,,,,,,,,,,,,,,,,,,,,,,,,,,,,,,-4882833.14,,,,,,,,,COMPLETED,,,,,,,OPERATING_EXPENSE,,,,,,,,,,,,,,,,,,,,,,,,,Daily operating expenses,OPEX,,,,,,,,,,,,,,,,,,TXN0139731A,COMPANY,COMP001
transactions,2025-03-19,COMP001,,,,,,,,,,,,,,,,,,,,,,,,,,,,,,13951530.56,,,,,,,,,COMPLETED,,,,,,,CUSTOMER_PAYMENT,,,,,,,,,,,,,,,,,,,,,,,,,Daily dealership & fleet sales collection,SALES_RECEIPTS,,,,,,,,,,,,,,,,,,TXNE00C61B0,COMPANY,COMP001
transactions,2025-03-19,COMP001,,,,,,,,,,,,,,,,,,,,,,,,,,,,,,-9567557.37,,,,,,,,,COMPLETED,,,,,,,OPERATING_EXPENSE,,,,,,,,,,,,,,,,,,,,,,,,,Daily operating expenses,OPEX,,,,,,,,,,,,,,,,,,TXNB61F0E6C,COMPANY,COMP001
transactions,2025-03-19,COMP001,,,,,,,,,,,,,,,,,,,,,,,,,,,,,,-6838697.27,,,,,,,,,COMPLETED,,,,,,,SUPPLIER_PAYMENT,,,,,,,,,,,,,,,,,,,,,,,,,Payment to SUP010 – INV00169,PAYABLE,,,,,,,,,,,,,,,,,,TXNBFF31E2D,INVOICE,INV00169
transactions,2025-03-20,COMP001,,,,,,,,,,,,,,,,,,,,,,,,,,,,,,-5470563.36,,,,,,,,,COMPLETED,,,,,,,OPERATING_EXPENSE,,,,,,,,,,,,,,,,,,,,,,,,,Daily operating expenses,OPEX,,,,,,,,,,,,,,,,,,TXN7AF5333A,COMPANY,COMP001
transactions,2025-03-20,COMP001,,,,,,,,,,,,,,,,,,,,,,,,,,,,,,24890184.39,,,,,,,,,COMPLETED,,,,,,,CUSTOMER_PAYMENT,,,,,,,,,,,,,,,,,,,,,,,,,Collection from CUST021 – RCV00346,RECEIVABLE,,,,,,,,,,,,,,,,,,TXN165EBD55,RECEIVABLE,RCV00346
transactions,2025-03-20,COMP001,,,,,,,,,,,,,,,,,,,,,,,,,,,,,,14715041.42,,,,,,,,,COMPLETED,,,,,,,CUSTOMER_PAYMENT,,,,,,,,,,,,,,,,,,,,,,,,,Daily dealership & fleet sales collection,SALES_RECEIPTS,,,,,,,,,,,,,,,,,,TXN04FAB194,COMPANY,COMP001
transactions,2025-03-21,COMP001,,,,,,,,,,,,,,,,,,,,,,,,,,,,,,-7394268.0,,,,,,,,,COMPLETED,,,,,,,OPERATING_EXPENSE,,,,,,,,,,,,,,,,,,,,,,,,,Daily operating expenses,OPEX,,,,,,,,,,,,,,,,,,TXN7FD400AB,COMPANY,COMP001
transactions,2025-03-21,COMP001,,,,,,,,,,,,,,,,,,,,,,,,,,,,,,18027270.8,,,,,,,,,COMPLETED,,,,,,,CUSTOMER_PAYMENT,,,,,,,,,,,,,,,,,,,,,,,,,Daily dealership & fleet sales collection,SALES_RECEIPTS,,,,,,,,,,,,,,,,,,TXN9370B637,COMPANY,COMP001
transactions,2025-03-21,COMP001,,,,,,,,,,,,,,,,,,,,,,,,,,,,,,31686678.94,,,,,,,,,COMPLETED,,,,,,,CUSTOMER_PAYMENT,,,,,,,,,,,,,,,,,,,,,,,,,Collection from CUST018 – RCV00241,RECEIVABLE,,,,,,,,,,,,,,,,,,TXN31671633,RECEIVABLE,RCV00241
transactions,2025-03-22,COMP001,,,,,,,,,,,,,,,,,,,,,,,,,,,,,,1930792.21,,,,,,,,,COMPLETED,,,,,,,CUSTOMER_PAYMENT,,,,,,,,,,,,,,,,,,,,,,,,,Daily dealership & fleet sales collection,SALES_RECEIPTS,,,,,,,,,,,,,,,,,,TXN59747D04,COMPANY,COMP001
transactions,2025-03-22,COMP001,,,,,,,,,,,,,,,,,,,,,,,,,,,,,,-594526.69,,,,,,,,,COMPLETED,,,,,,,OPERATING_EXPENSE,,,,,,,,,,,,,,,,,,,,,,,,,Daily operating expenses,OPEX,,,,,,,,,,,,,,,,,,TXN186DD5C1,COMPANY,COMP001
transactions,2025-03-22,COMP001,,,,,,,,,,,,,,,,,,,,,,,,,,,,,,-37903576.26,,,,,,,,,COMPLETED,,,,,,,SUPPLIER_PAYMENT,,,,,,,,,,,,,,,,,,,,,,,,,Payment to SUP011 – INV00300,PAYABLE,,,,,,,,,,,,,,,,,,TXN5391AAF7,INVOICE,INV00300
transactions,2025-03-23,COMP001,,,,,,,,,,,,,,,,,,,,,,,,,,,,,,1382938.64,,,,,,,,,COMPLETED,,,,,,,CUSTOMER_PAYMENT,,,,,,,,,,,,,,,,,,,,,,,,,Daily dealership & fleet sales collection,SALES_RECEIPTS,,,,,,,,,,,,,,,,,,TXN63208EBF,COMPANY,COMP001
transactions,2025-03-23,COMP001,,,,,,,,,,,,,,,,,,,,,,,,,,,,,,-11321119.71,,,,,,,,,COMPLETED,,,,,,,SUPPLIER_PAYMENT,,,,,,,,,,,,,,,,,,,,,,,,,Payment to SUP004 – INV00269,PAYABLE,,,,,,,,,,,,,,,,,,TXN080016A0,INVOICE,INV00269
transactions,2025-03-23,COMP001,,,,,,,,,,,,,,,,,,,,,,,,,,,,,,-1970871.65,,,,,,,,,COMPLETED,,,,,,,OPERATING_EXPENSE,,,,,,,,,,,,,,,,,,,,,,,,,Daily operating expenses,OPEX,,,,,,,,,,,,,,,,,,TXND5A364F9,COMPANY,COMP001
transactions,2025-03-23,COMP001,,,,,,,,,,,,,,,,,,,,,,,,,,,,,,57708049.14,,,,,,,,,COMPLETED,,,,,,,CUSTOMER_PAYMENT,,,,,,,,,,,,,,,,,,,,,,,,,Collection from CUST006 – RCV00006,RECEIVABLE,,,,,,,,,,,,,,,,,,TXNE9DCC32D,RECEIVABLE,RCV00006
transactions,2025-03-24,COMP001,,,,,,,,,,,,,,,,,,,,,,,,,,,,,,60052361.69,,,,,,,,,COMPLETED,,,,,,,CUSTOMER_PAYMENT,,,,,,,,,,,,,,,,,,,,,,,,,Collection from CUST021 – RCV00063,RECEIVABLE,,,,,,,,,,,,,,,,,,TXNBD9A28B7,RECEIVABLE,RCV00063
transactions,2025-03-24,COMP001,,,,,,,,,,,,,,,,,,,,,,,,,,,,,,-29939231.53,,,,,,,,,COMPLETED,,,,,,,SUPPLIER_PAYMENT,,,,,,,,,,,,,,,,,,,,,,,,,Payment to SUP012 – INV00153,PAYABLE,,,,,,,,,,,,,,,,,,TXN9800464E,INVOICE,INV00153
transactions,2025-03-24,COMP001,,,,,,,,,,,,,,,,,,,,,,,,,,,,,,11757510.91,,,,,,,,,COMPLETED,,,,,,,CUSTOMER_PAYMENT,,,,,,,,,,,,,,,,,,,,,,,,,Daily dealership & fleet sales collection,SALES_RECEIPTS,,,,,,,,,,,,,,,,,,TXN4E6153D1,COMPANY,COMP001
transactions,2025-03-24,COMP001,,,,,,,,,,,,,,,,,,,,,,,,,,,,,,-9211121.15,,,,,,,,,COMPLETED,,,,,,,OPERATING_EXPENSE,,,,,,,,,,,,,,,,,,,,,,,,,Daily operating expenses,OPEX,,,,,,,,,,,,,,,,,,TXN2989DE76,COMPANY,COMP001
transactions,2025-03-24,COMP001,,,,,,,,,,,,,,,,,,,,,,,,,,,,,,-12441264.31,,,,,,,,,COMPLETED,,,,,,,SUPPLIER_PAYMENT,,,,,,,,,,,,,,,,,,,,,,,,,Payment to SUP008 – INV00021,PAYABLE,,,,,,,,,,,,,,,,,,TXN94333927,INVOICE,INV00021
transactions,2025-03-25,COMP001,,,,,,,,,,,,,,,,,,,,,,,,,,,,,,-36524146.21,,,,,,,,,COMPLETED,,,,,,,SUPPLIER_PAYMENT,,,,,,,,,,,,,,,,,,,,,,,,,Payment to SUP003 – INV00003,PAYABLE,,,,,,,,,,,,,,,,,,TXNE2E62175,INVOICE,INV00003
transactions,2025-03-25,COMP001,,,,,,,,,,,,,,,,,,,,,,,,,,,,,,-8080174.86,,,,,,,,,COMPLETED,,,,,,,OPERATING_EXPENSE,,,,,,,,,,,,,,,,,,,,,,,,,Daily operating expenses,OPEX,,,,,,,,,,,,,,,,,,TXNE33B11A7,COMPANY,COMP001
transactions,2025-03-25,COMP001,,,,,,,,,,,,,,,,,,,,,,,,,,,,,,69421954.01,,,,,,,,,COMPLETED,,,,,,,CUSTOMER_PAYMENT,,,,,,,,,,,,,,,,,,,,,,,,,Collection from CUST012 – RCV00197,RECEIVABLE,,,,,,,,,,,,,,,,,,TXNCD188FA9,RECEIVABLE,RCV00197
transactions,2025-03-25,COMP001,,,,,,,,,,,,,,,,,,,,,,,,,,,,,,-23204982.86,,,,,,,,,COMPLETED,,,,,,,SUPPLIER_PAYMENT,,,,,,,,,,,,,,,,,,,,,,,,,Payment to SUP006 – INV00116,PAYABLE,,,,,,,,,,,,,,,,,,TXN34DEA2C9,INVOICE,INV00116
transactions,2025-03-25,COMP001,,,,,,,,,,,,,,,,,,,,,,,,,,,,,,22521196.77,,,,,,,,,COMPLETED,,,,,,,CUSTOMER_PAYMENT,,,,,,,,,,,,,,,,,,,,,,,,,Daily dealership & fleet sales collection,SALES_RECEIPTS,,,,,,,,,,,,,,,,,,TXN40F4D84D,COMPANY,COMP001
transactions,2025-03-26,COMP001,,,,,,,,,,,,,,,,,,,,,,,,,,,,,,16871398.21,,,,,,,,,COMPLETED,,,,,,,CUSTOMER_PAYMENT,,,,,,,,,,,,,,,,,,,,,,,,,Daily dealership & fleet sales collection,SALES_RECEIPTS,,,,,,,,,,,,,,,,,,TXN0EE778D4,COMPANY,COMP001
transactions,2025-03-26,COMP001,,,,,,,,,,,,,,,,,,,,,,,,,,,,,,55961964.47,,,,,,,,,COMPLETED,,,,,,,CUSTOMER_PAYMENT,,,,,,,,,,,,,,,,,,,,,,,,,Collection from CUST005 – RCV00122,RECEIVABLE,,,,,,,,,,,,,,,,,,TXNA6A50311,RECEIVABLE,RCV00122
transactions,2025-03-26,COMP001,,,,,,,,,,,,,,,,,,,,,,,,,,,,,,-3189154.7,,,,,,,,,COMPLETED,,,,,,,OPERATING_EXPENSE,,,,,,,,,,,,,,,,,,,,,,,,,Daily operating expenses,OPEX,,,,,,,,,,,,,,,,,,TXNBF854FF9,COMPANY,COMP001
transactions,2025-03-26,COMP001,,,,,,,,,,,,,,,,,,,,,,,,,,,,,,6696688.22,,,,,,,,,COMPLETED,,,,,,,CUSTOMER_PAYMENT,,,,,,,,,,,,,,,,,,,,,,,,,Collection from CUST007 – RCV00267,RECEIVABLE,,,,,,,,,,,,,,,,,,TXN385C5FFA,RECEIVABLE,RCV00267
transactions,2025-03-26,COMP001,,,,,,,,,,,,,,,,,,,,,,,,,,,,,,-22184789.5,,,,,,,,,COMPLETED,,,,,,,SUPPLIER_PAYMENT,,,,,,,,,,,,,,,,,,,,,,,,,Payment to SUP004 – INV00176,PAYABLE,,,,,,,,,,,,,,,,,,TXN74CAAD0B,INVOICE,INV00176
transactions,2025-03-26,COMP001,,,,,,,,,,,,,,,,,,,,,,,,,,,,,,-25182057.86,,,,,,,,,COMPLETED,,,,,,,SUPPLIER_PAYMENT,,,,,,,,,,,,,,,,,,,,,,,,,Payment to SUP008 – INV00076,PAYABLE,,,,,,,,,,,,,,,,,,TXN771480A6,INVOICE,INV00076
transactions,2025-03-26,COMP001,,,,,,,,,,,,,,,,,,,,,,,,,,,,,,53373358.35,,,,,,,,,COMPLETED,,,,,,,CUSTOMER_PAYMENT,,,,,,,,,,,,,,,,,,,,,,,,,Collection from CUST022 – RCV00286,RECEIVABLE,,,,,,,,,,,,,,,,,,TXN99AD300D,RECEIVABLE,RCV00286
transactions,2025-03-27,COMP001,,,,,,,,,,,,,,,,,,,,,,,,,,,,,,61572796.45,,,,,,,,,COMPLETED,,,,,,,CUSTOMER_PAYMENT,,,,,,,,,,,,,,,,,,,,,,,,,Collection from CUST004 – RCV00151,RECEIVABLE,,,,,,,,,,,,,,,,,,TXNBCBAC391,RECEIVABLE,RCV00151
transactions,2025-03-27,COMP001,,,,,,,,,,,,,,,,,,,,,,,,,,,,,,-6636561.62,,,,,,,,,COMPLETED,,,,,,,OPERATING_EXPENSE,,,,,,,,,,,,,,,,,,,,,,,,,Daily operating expenses,OPEX,,,,,,,,,,,,,,,,,,TXNAF1A6180,COMPANY,COMP001
transactions,2025-03-27,COMP001,,,,,,,,,,,,,,,,,,,,,,,,,,,,,,10973159.39,,,,,,,,,COMPLETED,,,,,,,CUSTOMER_PAYMENT,,,,,,,,,,,,,,,,,,,,,,,,,Collection from CUST009 – RCV00010,RECEIVABLE,,,,,,,,,,,,,,,,,,TXN8144D775,RECEIVABLE,RCV00010
transactions,2025-03-27,COMP001,,,,,,,,,,,,,,,,,,,,,,,,,,,,,,16581025.32,,,,,,,,,COMPLETED,,,,,,,CUSTOMER_PAYMENT,,,,,,,,,,,,,,,,,,,,,,,,,Daily dealership & fleet sales collection,SALES_RECEIPTS,,,,,,,,,,,,,,,,,,TXNAA9A0D27,COMPANY,COMP001
transactions,2025-03-27,COMP001,,,,,,,,,,,,,,,,,,,,,,,,,,,,,,-41810715.79,,,,,,,,,COMPLETED,,,,,,,SUPPLIER_PAYMENT,,,,,,,,,,,,,,,,,,,,,,,,,Payment to SUP003 – INV00449,PAYABLE,,,,,,,,,,,,,,,,,,TXNB8B2780D,INVOICE,INV00449
transactions,2025-03-28,COMP001,,,,,,,,,,,,,,,,,,,,,,,,,,,,,,26101703.53,,,,,,,,,COMPLETED,,,,,,,CUSTOMER_PAYMENT,,,,,,,,,,,,,,,,,,,,,,,,,Daily dealership & fleet sales collection,SALES_RECEIPTS,,,,,,,,,,,,,,,,,,TXN6DDFB11A,COMPANY,COMP001
transactions,2025-03-28,COMP001,,,,,,,,,,,,,,,,,,,,,,,,,,,,,,-5414206.72,,,,,,,,,COMPLETED,,,,,,,OPERATING_EXPENSE,,,,,,,,,,,,,,,,,,,,,,,,,Daily operating expenses,OPEX,,,,,,,,,,,,,,,,,,TXNA9E0125B,COMPANY,COMP001
transactions,2025-03-29,COMP001,,,,,,,,,,,,,,,,,,,,,,,,,,,,,,2147983.91,,,,,,,,,COMPLETED,,,,,,,CUSTOMER_PAYMENT,,,,,,,,,,,,,,,,,,,,,,,,,Daily dealership & fleet sales collection,SALES_RECEIPTS,,,,,,,,,,,,,,,,,,TXN0B9FF7A6,COMPANY,COMP001
transactions,2025-03-29,COMP001,,,,,,,,,,,,,,,,,,,,,,,,,,,,,,-1428313.84,,,,,,,,,COMPLETED,,,,,,,OPERATING_EXPENSE,,,,,,,,,,,,,,,,,,,,,,,,,Daily operating expenses,OPEX,,,,,,,,,,,,,,,,,,TXN7F2F1EF5,COMPANY,COMP001
transactions,2025-03-29,COMP001,,,,,,,,,,,,,,,,,,,,,,,,,,,,,,67828081.12,,,,,,,,,COMPLETED,,,,,,,CUSTOMER_PAYMENT,,,,,,,,,,,,,,,,,,,,,,,,,Collection from CUST021 – RCV00271,RECEIVABLE,,,,,,,,,,,,,,,,,,TXN49581F6E,RECEIVABLE,RCV00271
transactions,2025-03-29,COMP001,,,,,,,,,,,,,,,,,,,,,,,,,,,,,,48294167.81,,,,,,,,,COMPLETED,,,,,,,CUSTOMER_PAYMENT,,,,,,,,,,,,,,,,,,,,,,,,,Collection from CUST019 – RCV00215,RECEIVABLE,,,,,,,,,,,,,,,,,,TXN695F64A2,RECEIVABLE,RCV00215
transactions,2025-03-30,COMP001,,,,,,,,,,,,,,,,,,,,,,,,,,,,,,2808580.78,,,,,,,,,COMPLETED,,,,,,,CUSTOMER_PAYMENT,,,,,,,,,,,,,,,,,,,,,,,,,Daily dealership & fleet sales collection,SALES_RECEIPTS,,,,,,,,,,,,,,,,,,TXNFE29AE84,COMPANY,COMP001
transactions,2025-03-30,COMP001,,,,,,,,,,,,,,,,,,,,,,,,,,,,,,63592906.76,,,,,,,,,COMPLETED,,,,,,,CUSTOMER_PAYMENT,,,,,,,,,,,,,,,,,,,,,,,,,Collection from CUST009 – RCV00090,RECEIVABLE,,,,,,,,,,,,,,,,,,TXNE63C1580,RECEIVABLE,RCV00090
transactions,2025-03-30,COMP001,,,,,,,,,,,,,,,,,,,,,,,,,,,,,,-1755361.19,,,,,,,,,COMPLETED,,,,,,,OPERATING_EXPENSE,,,,,,,,,,,,,,,,,,,,,,,,,Daily operating expenses,OPEX,,,,,,,,,,,,,,,,,,TXN4D91CB96,COMPANY,COMP001
transactions,2025-03-31,COMP001,,,,,,,,,,,,,,,,,,,,,,,,,,,,,,18365220.67,,,,,,,,,COMPLETED,,,,,,,CUSTOMER_PAYMENT,,,,,,,,,,,,,,,,,,,,,,,,,Daily dealership & fleet sales collection,SALES_RECEIPTS,,,,,,,,,,,,,,,,,,TXNDC7AD133,COMPANY,COMP001
transactions,2025-03-31,COMP001,,,,,,,,,,,,,,,,,,,,,,,,,,,,,,-13737951.88,,,,,,,,,COMPLETED,,,,,,,OPERATING_EXPENSE,,,,,,,,,,,,,,,,,,,,,,,,,Daily operating expenses,OPEX,,,,,,,,,,,,,,,,,,TXN832BD31A,COMPANY,COMP001
transactions,2025-03-31,COMP001,,,,,,,,,,,,,,,,,,,,,,,,,,,,,,-38636448.2,,,,,,,,,COMPLETED,,,,,,,SUPPLIER_PAYMENT,,,,,,,,,,,,,,,,,,,,,,,,,Payment to SUP005 – INV00073,PAYABLE,,,,,,,,,,,,,,,,,,TXNA86FAC0F,INVOICE,INV00073
transactions,2025-03-31,COMP001,,,,,,,,,,,,,,,,,,,,,,,,,,,,,,28369615.49,,,,,,,,,COMPLETED,,,,,,,CUSTOMER_PAYMENT,,,,,,,,,,,,,,,,,,,,,,,,,Collection from CUST004 – RCV00051,RECEIVABLE,,,,,,,,,,,,,,,,,,TXN66AE3D95,RECEIVABLE,RCV00051
transactions,2025-04-01,COMP001,,,,,,,,,,,,,,,,,,,,,,,,,,,,,,-4300953.3,,,,,,,,,COMPLETED,,,,,,,OPERATING_EXPENSE,,,,,,,,,,,,,,,,,,,,,,,,,Daily operating expenses,OPEX,,,,,,,,,,,,,,,,,,TXNBFC01E24,COMPANY,COMP001
transactions,2025-04-01,COMP001,,,,,,,,,,,,,,,,,,,,,,,,,,,,,,-13142356.94,,,,,,,,,COMPLETED,,,,,,,INTEREST_PAYMENT,,,,,,,,,,,,,,,,,,,,,,,,,Quarterly interest payment,FINANCING,,,,,,,,,,,,,,,,,,TXN68564E4E,FINANCING_OPTION,FIN001
transactions,2025-04-01,COMP001,,,,,,,,,,,,,,,,,,,,,,,,,,,,,,15358927.74,,,,,,,,,COMPLETED,,,,,,,CUSTOMER_PAYMENT,,,,,,,,,,,,,,,,,,,,,,,,,Daily dealership & fleet sales collection,SALES_RECEIPTS,,,,,,,,,,,,,,,,,,TXN02CE5912,COMPANY,COMP001
transactions,2025-04-01,COMP001,,,,,,,,,,,,,,,,,,,,,,,,,,,,,,31684885.01,,,,,,,,,COMPLETED,,,,,,,CUSTOMER_PAYMENT,,,,,,,,,,,,,,,,,,,,,,,,,Collection from CUST017 – RCV00338,RECEIVABLE,,,,,,,,,,,,,,,,,,TXNF5558541,RECEIVABLE,RCV00338
transactions,2025-04-02,COMP001,,,,,,,,,,,,,,,,,,,,,,,,,,,,,,73306718.18,,,,,,,,,COMPLETED,,,,,,,CUSTOMER_PAYMENT,,,,,,,,,,,,,,,,,,,,,,,,,Collection from CUST020 – RCV00344,RECEIVABLE,,,,,,,,,,,,,,,,,,TXN9F28CF11,RECEIVABLE,RCV00344
transactions,2025-04-02,COMP001,,,,,,,,,,,,,,,,,,,,,,,,,,,,,,10836936.5,,,,,,,,,COMPLETED,,,,,,,CUSTOMER_PAYMENT,,,,,,,,,,,,,,,,,,,,,,,,,Daily dealership & fleet sales collection,SALES_RECEIPTS,,,,,,,,,,,,,,,,,,TXNFFB7A350,COMPANY,COMP001
transactions,2025-04-02,COMP001,,,,,,,,,,,,,,,,,,,,,,,,,,,,,,-4091094.58,,,,,,,,,COMPLETED,,,,,,,OPERATING_EXPENSE,,,,,,,,,,,,,,,,,,,,,,,,,Daily operating expenses,OPEX,,,,,,,,,,,,,,,,,,TXN1A7EE86D,COMPANY,COMP001
transactions,2025-04-03,COMP001,,,,,,,,,,,,,,,,,,,,,,,,,,,,,,16462866.11,,,,,,,,,COMPLETED,,,,,,,CUSTOMER_PAYMENT,,,,,,,,,,,,,,,,,,,,,,,,,Daily dealership & fleet sales collection,SALES_RECEIPTS,,,,,,,,,,,,,,,,,,TXNF667F7D9,COMPANY,COMP001
transactions,2025-04-03,COMP001,,,,,,,,,,,,,,,,,,,,,,,,,,,,,,-4895788.19,,,,,,,,,COMPLETED,,,,,,,OPERATING_EXPENSE,,,,,,,,,,,,,,,,,,,,,,,,,Daily operating expenses,OPEX,,,,,,,,,,,,,,,,,,TXNA6E260DD,COMPANY,COMP001
transactions,2025-04-03,COMP001,,,,,,,,,,,,,,,,,,,,,,,,,,,,,,79122505.89,,,,,,,,,COMPLETED,,,,,,,CUSTOMER_PAYMENT,,,,,,,,,,,,,,,,,,,,,,,,,Collection from CUST018 – RCV00352,RECEIVABLE,,,,,,,,,,,,,,,,,,TXND3750B26,RECEIVABLE,RCV00352
transactions,2025-04-03,COMP001,,,,,,,,,,,,,,,,,,,,,,,,,,,,,,66939971.58,,,,,,,,,COMPLETED,,,,,,,CUSTOMER_PAYMENT,,,,,,,,,,,,,,,,,,,,,,,,,Collection from CUST010 – RCV00296,RECEIVABLE,,,,,,,,,,,,,,,,,,TXNB8AAB80C,RECEIVABLE,RCV00296
transactions,2025-04-03,COMP001,,,,,,,,,,,,,,,,,,,,,,,,,,,,,,39151063.5,,,,,,,,,COMPLETED,,,,,,,CUSTOMER_PAYMENT,,,,,,,,,,,,,,,,,,,,,,,,,Collection from CUST001 – RCV00180,RECEIVABLE,,,,,,,,,,,,,,,,,,TXNCFDDCFB1,RECEIVABLE,RCV00180
transactions,2025-04-04,COMP001,,,,,,,,,,,,,,,,,,,,,,,,,,,,,,43040986.27,,,,,,,,,COMPLETED,,,,,,,CUSTOMER_PAYMENT,,,,,,,,,,,,,,,,,,,,,,,,,Collection from CUST025 – RCV00085,RECEIVABLE,,,,,,,,,,,,,,,,,,TXN6E88010E,RECEIVABLE,RCV00085
transactions,2025-04-04,COMP001,,,,,,,,,,,,,,,,,,,,,,,,,,,,,,-6355151.82,,,,,,,,,COMPLETED,,,,,,,OPERATING_EXPENSE,,,,,,,,,,,,,,,,,,,,,,,,,Daily operating expenses,OPEX,,,,,,,,,,,,,,,,,,TXN50E243CE,COMPANY,COMP001
transactions,2025-04-04,COMP001,,,,,,,,,,,,,,,,,,,,,,,,,,,,,,49749743.14,,,,,,,,,COMPLETED,,,,,,,CUSTOMER_PAYMENT,,,,,,,,,,,,,,,,,,,,,,,,,Collection from CUST008 – RCV00261,RECEIVABLE,,,,,,,,,,,,,,,,,,TXNF2A227B6,RECEIVABLE,RCV00261
transactions,2025-04-04,COMP001,,,,,,,,,,,,,,,,,,,,,,,,,,,,,,17327197.57,,,,,,,,,COMPLETED,,,,,,,CUSTOMER_PAYMENT,,,,,,,,,,,,,,,,,,,,,,,,,Daily dealership & fleet sales collection,SALES_RECEIPTS,,,,,,,,,,,,,,,,,,TXNF092C03C,COMPANY,COMP001
transactions,2025-04-05,COMP001,,,,,,,,,,,,,,,,,,,,,,,,,,,,,,1969984.04,,,,,,,,,COMPLETED,,,,,,,CUSTOMER_PAYMENT,,,,,,,,,,,,,,,,,,,,,,,,,Daily dealership & fleet sales collection,SALES_RECEIPTS,,,,,,,,,,,,,,,,,,TXN28B0ADA2,COMPANY,COMP001
transactions,2025-04-05,COMP001,,,,,,,,,,,,,,,,,,,,,,,,,,,,,,-53531723.09,,,,,,,,,COMPLETED,,,,,,,SUPPLIER_PAYMENT,,,,,,,,,,,,,,,,,,,,,,,,,Payment to SUP004 – INV00320,PAYABLE,,,,,,,,,,,,,,,,,,TXNB6E79BD8,INVOICE,INV00320
transactions,2025-04-05,COMP001,,,,,,,,,,,,,,,,,,,,,,,,,,,,,,-1806417.03,,,,,,,,,COMPLETED,,,,,,,OPERATING_EXPENSE,,,,,,,,,,,,,,,,,,,,,,,,,Daily operating expenses,OPEX,,,,,,,,,,,,,,,,,,TXN6AE3DD7B,COMPANY,COMP001
transactions,2025-04-06,COMP001,,,,,,,,,,,,,,,,,,,,,,,,,,,,,,-15301386.68,,,,,,,,,COMPLETED,,,,,,,SUPPLIER_PAYMENT,,,,,,,,,,,,,,,,,,,,,,,,,Payment to SUP006 – INV00394,PAYABLE,,,,,,,,,,,,,,,,,,TXN2AEABF0A,INVOICE,INV00394
transactions,2025-04-06,COMP001,,,,,,,,,,,,,,,,,,,,,,,,,,,,,,-1380865.53,,,,,,,,,COMPLETED,,,,,,,OPERATING_EXPENSE,,,,,,,,,,,,,,,,,,,,,,,,,Daily operating expenses,OPEX,,,,,,,,,,,,,,,,,,TXN71C30D38,COMPANY,COMP001
transactions,2025-04-06,COMP001,,,,,,,,,,,,,,,,,,,,,,,,,,,,,,2460775.05,,,,,,,,,COMPLETED,,,,,,,CUSTOMER_PAYMENT,,,,,,,,,,,,,,,,,,,,,,,,,Daily dealership & fleet sales collection,SALES_RECEIPTS,,,,,,,,,,,,,,,,,,TXNAC9416AA,COMPANY,COMP001
transactions,2025-04-06,COMP001,,,,,,,,,,,,,,,,,,,,,,,,,,,,,,-19707219.96,,,,,,,,,COMPLETED,,,,,,,SUPPLIER_PAYMENT,,,,,,,,,,,,,,,,,,,,,,,,,Payment to SUP002 – INV00212,PAYABLE,,,,,,,,,,,,,,,,,,TXNC7408E51,INVOICE,INV00212
transactions,2025-04-07,COMP001,,,,,,,,,,,,,,,,,,,,,,,,,,,,,,-4071510.52,,,,,,,,,COMPLETED,,,,,,,OPERATING_EXPENSE,,,,,,,,,,,,,,,,,,,,,,,,,Daily operating expenses,OPEX,,,,,,,,,,,,,,,,,,TXN21390BE2,COMPANY,COMP001
transactions,2025-04-07,COMP001,,,,,,,,,,,,,,,,,,,,,,,,,,,,,,19486923.51,,,,,,,,,COMPLETED,,,,,,,CUSTOMER_PAYMENT,,,,,,,,,,,,,,,,,,,,,,,,,Collection from CUST013 – RCV00195,RECEIVABLE,,,,,,,,,,,,,,,,,,TXNA64B23F1,RECEIVABLE,RCV00195
transactions,2025-04-07,COMP001,,,,,,,,,,,,,,,,,,,,,,,,,,,,,,15642605.15,,,,,,,,,COMPLETED,,,,,,,CUSTOMER_PAYMENT,,,,,,,,,,,,,,,,,,,,,,,,,Daily dealership & fleet sales collection,SALES_RECEIPTS,,,,,,,,,,,,,,,,,,TXN64FAF2FA,COMPANY,COMP001
transactions,2025-04-08,COMP001,,,,,,,,,,,,,,,,,,,,,,,,,,,,,,-7428609.21,,,,,,,,,COMPLETED,,,,,,,OPERATING_EXPENSE,,,,,,,,,,,,,,,,,,,,,,,,,Daily operating expenses,OPEX,,,,,,,,,,,,,,,,,,TXNA7821FFA,COMPANY,COMP001
transactions,2025-04-08,COMP001,,,,,,,,,,,,,,,,,,,,,,,,,,,,,,18298567.31,,,,,,,,,COMPLETED,,,,,,,CUSTOMER_PAYMENT,,,,,,,,,,,,,,,,,,,,,,,,,Daily dealership & fleet sales collection,SALES_RECEIPTS,,,,,,,,,,,,,,,,,,TXNC7AFFCFA,COMPANY,COMP001
transactions,2025-04-08,COMP001,,,,,,,,,,,,,,,,,,,,,,,,,,,,,,-47120570.17,,,,,,,,,COMPLETED,,,,,,,SUPPLIER_PAYMENT,,,,,,,,,,,,,,,,,,,,,,,,,Payment to SUP003 – INV00012,PAYABLE,,,,,,,,,,,,,,,,,,TXNBD24EB94,INVOICE,INV00012
transactions,2025-04-09,COMP001,,,,,,,,,,,,,,,,,,,,,,,,,,,,,,-9127942.27,,,,,,,,,COMPLETED,,,,,,,OPERATING_EXPENSE,,,,,,,,,,,,,,,,,,,,,,,,,Daily operating expenses,OPEX,,,,,,,,,,,,,,,,,,TXNC6209BA0,COMPANY,COMP001
transactions,2025-04-09,COMP001,,,,,,,,,,,,,,,,,,,,,,,,,,,,,,-43741954.83,,,,,,,,,COMPLETED,,,,,,,SUPPLIER_PAYMENT,,,,,,,,,,,,,,,,,,,,,,,,,Payment to SUP005 – INV00342,PAYABLE,,,,,,,,,,,,,,,,,,TXNB3E4E7AE,INVOICE,INV00342
transactions,2025-04-09,COMP001,,,,,,,,,,,,,,,,,,,,,,,,,,,,,,-20169572.05,,,,,,,,,COMPLETED,,,,,,,SUPPLIER_PAYMENT,,,,,,,,,,,,,,,,,,,,,,,,,Payment to SUP009 – INV00165,PAYABLE,,,,,,,,,,,,,,,,,,TXN6BD52AE6,INVOICE,INV00165
transactions,2025-04-09,COMP001,,,,,,,,,,,,,,,,,,,,,,,,,,,,,,14699244.18,,,,,,,,,COMPLETED,,,,,,,CUSTOMER_PAYMENT,,,,,,,,,,,,,,,,,,,,,,,,,Daily dealership & fleet sales collection,SALES_RECEIPTS,,,,,,,,,,,,,,,,,,TXN6CC8E1FE,COMPANY,COMP001
transactions,2025-04-09,COMP001,,,,,,,,,,,,,,,,,,,,,,,,,,,,,,51356220.94,,,,,,,,,COMPLETED,,,,,,,CUSTOMER_PAYMENT,,,,,,,,,,,,,,,,,,,,,,,,,Collection from CUST020 – RCV00236,RECEIVABLE,,,,,,,,,,,,,,,,,,TXN3B613BF5,RECEIVABLE,RCV00236
transactions,2025-04-09,COMP001,,,,,,,,,,,,,,,,,,,,,,,,,,,,,,-27428039.96,,,,,,,,,COMPLETED,,,,,,,SUPPLIER_PAYMENT,,,,,,,,,,,,,,,,,,,,,,,,,Payment to SUP012 – INV00479,PAYABLE,,,,,,,,,,,,,,,,,,TXNBB8723E8,INVOICE,INV00479
transactions,2025-04-10,COMP001,,,,,,,,,,,,,,,,,,,,,,,,,,,,,,-5545142.16,,,,,,,,,COMPLETED,,,,,,,OPERATING_EXPENSE,,,,,,,,,,,,,,,,,,,,,,,,,Daily operating expenses,OPEX,,,,,,,,,,,,,,,,,,TXN3BBC854D,COMPANY,COMP001
transactions,2025-04-10,COMP001,,,,,,,,,,,,,,,,,,,,,,,,,,,,,,13841178.42,,,,,,,,,COMPLETED,,,,,,,CUSTOMER_PAYMENT,,,,,,,,,,,,,,,,,,,,,,,,,Daily dealership & fleet sales collection,SALES_RECEIPTS,,,,,,,,,,,,,,,,,,TXNA6D52298,COMPANY,COMP001
transactions,2025-04-11,COMP001,,,,,,,,,,,,,,,,,,,,,,,,,,,,,,-3530420.7,,,,,,,,,COMPLETED,,,,,,,OPERATING_EXPENSE,,,,,,,,,,,,,,,,,,,,,,,,,Daily operating expenses,OPEX,,,,,,,,,,,,,,,,,,TXNFBE3861E,COMPANY,COMP001
transactions,2025-04-11,COMP001,,,,,,,,,,,,,,,,,,,,,,,,,,,,,,23676383.96,,,,,,,,,COMPLETED,,,,,,,CUSTOMER_PAYMENT,,,,,,,,,,,,,,,,,,,,,,,,,Daily dealership & fleet sales collection,SALES_RECEIPTS,,,,,,,,,,,,,,,,,,TXNCDE42B15,COMPANY,COMP001
transactions,2025-04-11,COMP001,,,,,,,,,,,,,,,,,,,,,,,,,,,,,,-11949768.6,,,,,,,,,COMPLETED,,,,,,,SUPPLIER_PAYMENT,,,,,,,,,,,,,,,,,,,,,,,,,Payment to SUP002 – INV00274,PAYABLE,,,,,,,,,,,,,,,,,,TXN1CEFDE0F,INVOICE,INV00274
transactions,2025-04-12,COMP001,,,,,,,,,,,,,,,,,,,,,,,,,,,,,,-1261696.99,,,,,,,,,COMPLETED,,,,,,,OPERATING_EXPENSE,,,,,,,,,,,,,,,,,,,,,,,,,Daily operating expenses,OPEX,,,,,,,,,,,,,,,,,,TXN9FDFC114,COMPANY,COMP001
transactions,2025-04-12,COMP001,,,,,,,,,,,,,,,,,,,,,,,,,,,,,,61519968.26,,,,,,,,,COMPLETED,,,,,,,CUSTOMER_PAYMENT,,,,,,,,,,,,,,,,,,,,,,,,,Collection from CUST009 – RCV00029,RECEIVABLE,,,,,,,,,,,,,,,,,,TXN70386793,RECEIVABLE,RCV00029
transactions,2025-04-12,COMP001,,,,,,,,,,,,,,,,,,,,,,,,,,,,,,2071747.78,,,,,,,,,COMPLETED,,,,,,,CUSTOMER_PAYMENT,,,,,,,,,,,,,,,,,,,,,,,,,Daily dealership & fleet sales collection,SALES_RECEIPTS,,,,,,,,,,,,,,,,,,TXN59B2C920,COMPANY,COMP001
transactions,2025-04-13,COMP001,,,,,,,,,,,,,,,,,,,,,,,,,,,,,,1029954.99,,,,,,,,,COMPLETED,,,,,,,CUSTOMER_PAYMENT,,,,,,,,,,,,,,,,,,,,,,,,,Daily dealership & fleet sales collection,SALES_RECEIPTS,,,,,,,,,,,,,,,,,,TXN3B9BC41C,COMPANY,COMP001
transactions,2025-04-13,COMP001,,,,,,,,,,,,,,,,,,,,,,,,,,,,,,-3600999.38,,,,,,,,,COMPLETED,,,,,,,SUPPLIER_PAYMENT,,,,,,,,,,,,,,,,,,,,,,,,,Payment to SUP010 – INV00050,PAYABLE,,,,,,,,,,,,,,,,,,TXN314748B1,INVOICE,INV00050
transactions,2025-04-13,COMP001,,,,,,,,,,,,,,,,,,,,,,,,,,,,,,-31188745.12,,,,,,,,,COMPLETED,,,,,,,SUPPLIER_PAYMENT,,,,,,,,,,,,,,,,,,,,,,,,,Payment to SUP011 – INV00267,PAYABLE,,,,,,,,,,,,,,,,,,TXN54231BA1,INVOICE,INV00267
transactions,2025-04-13,COMP001,,,,,,,,,,,,,,,,,,,,,,,,,,,,,,-1928333.59,,,,,,,,,COMPLETED,,,,,,,OPERATING_EXPENSE,,,,,,,,,,,,,,,,,,,,,,,,,Daily operating expenses,OPEX,,,,,,,,,,,,,,,,,,TXND7A1AA61,COMPANY,COMP001
transactions,2025-04-13,COMP001,,,,,,,,,,,,,,,,,,,,,,,,,,,,,,65814219.24,,,,,,,,,COMPLETED,,,,,,,CUSTOMER_PAYMENT,,,,,,,,,,,,,,,,,,,,,,,,,Collection from CUST013 – RCV00307,RECEIVABLE,,,,,,,,,,,,,,,,,,TXN170A78F3,RECEIVABLE,RCV00307
transactions,2025-04-13,COMP001,,,,,,,,,,,,,,,,,,,,,,,,,,,,,,13144311.74,,,,,,,,,COMPLETED,,,,,,,CUSTOMER_PAYMENT,,,,,,,,,,,,,,,,,,,,,,,,,Collection from CUST011 – RCV00053,RECEIVABLE,,,,,,,,,,,,,,,,,,TXN94804B6F,RECEIVABLE,RCV00053
transactions,2025-04-14,COMP001,,,,,,,,,,,,,,,,,,,,,,,,,,,,,,10108186.73,,,,,,,,,COMPLETED,,,,,,,CUSTOMER_PAYMENT,,,,,,,,,,,,,,,,,,,,,,,,,Daily dealership & fleet sales collection,SALES_RECEIPTS,,,,,,,,,,,,,,,,,,TXNE6A6C490,COMPANY,COMP001
transactions,2025-04-14,COMP001,,,,,,,,,,,,,,,,,,,,,,,,,,,,,,-4632300.11,,,,,,,,,COMPLETED,,,,,,,OPERATING_EXPENSE,,,,,,,,,,,,,,,,,,,,,,,,,Daily operating expenses,OPEX,,,,,,,,,,,,,,,,,,TXN7D4B47CF,COMPANY,COMP001
transactions,2025-04-15,COMP001,,,,,,,,,,,,,,,,,,,,,,,,,,,,,,-46399359.6,,,,,,,,,COMPLETED,,,,,,,SUPPLIER_PAYMENT,,,,,,,,,,,,,,,,,,,,,,,,,Payment to SUP008 – INV00431,PAYABLE,,,,,,,,,,,,,,,,,,TXNBB17CD92,INVOICE,INV00431
transactions,2025-04-15,COMP001,,,,,,,,,,,,,,,,,,,,,,,,,,,,,,-6099635.94,,,,,,,,,COMPLETED,,,,,,,OPERATING_EXPENSE,,,,,,,,,,,,,,,,,,,,,,,,,Daily operating expenses,OPEX,,,,,,,,,,,,,,,,,,TXN364544EB,COMPANY,COMP001
transactions,2025-04-15,COMP001,,,,,,,,,,,,,,,,,,,,,,,,,,,,,,30785473.46,,,,,,,,,COMPLETED,,,,,,,CUSTOMER_PAYMENT,,,,,,,,,,,,,,,,,,,,,,,,,Daily dealership & fleet sales collection,SALES_RECEIPTS,,,,,,,,,,,,,,,,,,TXN8D79B365,COMPANY,COMP001
transactions,2025-04-16,COMP001,,,,,,,,,,,,,,,,,,,,,,,,,,,,,,4385008.92,,,,,,,,,COMPLETED,,,,,,,CUSTOMER_PAYMENT,,,,,,,,,,,,,,,,,,,,,,,,,Collection from CUST012 – RCV00328,RECEIVABLE,,,,,,,,,,,,,,,,,,TXN661B7543,RECEIVABLE,RCV00328
transactions,2025-04-16,COMP001,,,,,,,,,,,,,,,,,,,,,,,,,,,,,,-11463836.4,,,,,,,,,COMPLETED,,,,,,,SUPPLIER_PAYMENT,,,,,,,,,,,,,,,,,,,,,,,,,Payment to SUP012 – INV00234,PAYABLE,,,,,,,,,,,,,,,,,,TXN08AD5433,INVOICE,INV00234
transactions,2025-04-16,COMP001,,,,,,,,,,,,,,,,,,,,,,,,,,,,,,17643881.18,,,,,,,,,COMPLETED,,,,,,,CUSTOMER_PAYMENT,,,,,,,,,,,,,,,,,,,,,,,,,Daily dealership & fleet sales collection,SALES_RECEIPTS,,,,,,,,,,,,,,,,,,TXN9537E5DC,COMPANY,COMP001
transactions,2025-04-16,COMP001,,,,,,,,,,,,,,,,,,,,,,,,,,,,,,-9209784.35,,,,,,,,,COMPLETED,,,,,,,OPERATING_EXPENSE,,,,,,,,,,,,,,,,,,,,,,,,,Daily operating expenses,OPEX,,,,,,,,,,,,,,,,,,TXN0B6E457F,COMPANY,COMP001
transactions,2025-04-17,COMP001,,,,,,,,,,,,,,,,,,,,,,,,,,,,,,-38581702.56,,,,,,,,,COMPLETED,,,,,,,SUPPLIER_PAYMENT,,,,,,,,,,,,,,,,,,,,,,,,,Payment to SUP002 – INV00381,PAYABLE,,,,,,,,,,,,,,,,,,TXNB4555024,INVOICE,INV00381
transactions,2025-04-17,COMP001,,,,,,,,,,,,,,,,,,,,,,,,,,,,,,-31069272.15,,,,,,,,,COMPLETED,,,,,,,SUPPLIER_PAYMENT,,,,,,,,,,,,,,,,,,,,,,,,,Payment to SUP005 – INV00014,PAYABLE,,,,,,,,,,,,,,,,,,TXNC7707977,INVOICE,INV00014
transactions,2025-04-17,COMP001,,,,,,,,,,,,,,,,,,,,,,,,,,,,,,-7445915.41,,,,,,,,,COMPLETED,,,,,,,OPERATING_EXPENSE,,,,,,,,,,,,,,,,,,,,,,,,,Daily operating expenses,OPEX,,,,,,,,,,,,,,,,,,TXN38DA3A47,COMPANY,COMP001
transactions,2025-04-17,COMP001,,,,,,,,,,,,,,,,,,,,,,,,,,,,,,8607575.32,,,,,,,,,COMPLETED,,,,,,,CUSTOMER_PAYMENT,,,,,,,,,,,,,,,,,,,,,,,,,Daily dealership & fleet sales collection,SALES_RECEIPTS,,,,,,,,,,,,,,,,,,TXN954F632A,COMPANY,COMP001
transactions,2025-04-17,COMP001,,,,,,,,,,,,,,,,,,,,,,,,,,,,,,-3049418.23,,,,,,,,,COMPLETED,,,,,,,SUPPLIER_PAYMENT,,,,,,,,,,,,,,,,,,,,,,,,,Payment to SUP014 – INV00171,PAYABLE,,,,,,,,,,,,,,,,,,TXN80C8E2F7,INVOICE,INV00171
transactions,2025-04-18,COMP001,,,,,,,,,,,,,,,,,,,,,,,,,,,,,,-30582012.26,,,,,,,,,COMPLETED,,,,,,,SUPPLIER_PAYMENT,,,,,,,,,,,,,,,,,,,,,,,,,Payment to SUP013 – INV00089,PAYABLE,,,,,,,,,,,,,,,,,,TXN43FA3233,INVOICE,INV00089
transactions,2025-04-18,COMP001,,,,,,,,,,,,,,,,,,,,,,,,,,,,,,-6644304.93,,,,,,,,,COMPLETED,,,,,,,OPERATING_EXPENSE,,,,,,,,,,,,,,,,,,,,,,,,,Daily operating expenses,OPEX,,,,,,,,,,,,,,,,,,TXN69201B1E,COMPANY,COMP001
transactions,2025-04-18,COMP001,,,,,,,,,,,,,,,,,,,,,,,,,,,,,,58240244.36,,,,,,,,,COMPLETED,,,,,,,CUSTOMER_PAYMENT,,,,,,,,,,,,,,,,,,,,,,,,,Collection from CUST021 – RCV00123,RECEIVABLE,,,,,,,,,,,,,,,,,,TXN6E518C0E,RECEIVABLE,RCV00123
transactions,2025-04-18,COMP001,,,,,,,,,,,,,,,,,,,,,,,,,,,,,,-9045013.67,,,,,,,,,COMPLETED,,,,,,,SUPPLIER_PAYMENT,,,,,,,,,,,,,,,,,,,,,,,,,Payment to SUP013 – INV00382,PAYABLE,,,,,,,,,,,,,,,,,,TXNB8BBDA99,INVOICE,INV00382
transactions,2025-04-18,COMP001,,,,,,,,,,,,,,,,,,,,,,,,,,,,,,16106290.1,,,,,,,,,COMPLETED,,,,,,,CUSTOMER_PAYMENT,,,,,,,,,,,,,,,,,,,,,,,,,Daily dealership & fleet sales collection,SALES_RECEIPTS,,,,,,,,,,,,,,,,,,TXN8DD0C471,COMPANY,COMP001
transactions,2025-04-19,COMP001,,,,,,,,,,,,,,,,,,,,,,,,,,,,,,-1534596.92,,,,,,,,,COMPLETED,,,,,,,OPERATING_EXPENSE,,,,,,,,,,,,,,,,,,,,,,,,,Daily operating expenses,OPEX,,,,,,,,,,,,,,,,,,TXNADBA549E,COMPANY,COMP001
transactions,2025-04-19,COMP001,,,,,,,,,,,,,,,,,,,,,,,,,,,,,,14792069.45,,,,,,,,,COMPLETED,,,,,,,CUSTOMER_PAYMENT,,,,,,,,,,,,,,,,,,,,,,,,,Collection from CUST020 – RCV00230,RECEIVABLE,,,,,,,,,,,,,,,,,,TXN86AD1CF2,RECEIVABLE,RCV00230
transactions,2025-04-19,COMP001,,,,,,,,,,,,,,,,,,,,,,,,,,,,,,62542143.39,,,,,,,,,COMPLETED,,,,,,,CUSTOMER_PAYMENT,,,,,,,,,,,,,,,,,,,,,,,,,Collection from CUST007 – RCV00130,RECEIVABLE,,,,,,,,,,,,,,,,,,TXN4FD7B3C5,RECEIVABLE,RCV00130
transactions,2025-04-19,COMP001,,,,,,,,,,,,,,,,,,,,,,,,,,,,,,1119540.38,,,,,,,,,COMPLETED,,,,,,,CUSTOMER_PAYMENT,,,,,,,,,,,,,,,,,,,,,,,,,Daily dealership & fleet sales collection,SALES_RECEIPTS,,,,,,,,,,,,,,,,,,TXN684724F1,COMPANY,COMP001
transactions,2025-04-20,COMP001,,,,,,,,,,,,,,,,,,,,,,,,,,,,,,1361204.91,,,,,,,,,COMPLETED,,,,,,,CUSTOMER_PAYMENT,,,,,,,,,,,,,,,,,,,,,,,,,Daily dealership & fleet sales collection,SALES_RECEIPTS,,,,,,,,,,,,,,,,,,TXNEE32AEB5,COMPANY,COMP001
transactions,2025-04-20,COMP001,,,,,,,,,,,,,,,,,,,,,,,,,,,,,,-1554441.0,,,,,,,,,COMPLETED,,,,,,,OPERATING_EXPENSE,,,,,,,,,,,,,,,,,,,,,,,,,Daily operating expenses,OPEX,,,,,,,,,,,,,,,,,,TXNE2662BA0,COMPANY,COMP001
transactions,2025-04-20,COMP001,,,,,,,,,,,,,,,,,,,,,,,,,,,,,,-52434196.37,,,,,,,,,COMPLETED,,,,,,,SUPPLIER_PAYMENT,,,,,,,,,,,,,,,,,,,,,,,,,Payment to SUP010 – INV00339,PAYABLE,,,,,,,,,,,,,,,,,,TXN50FDDB2A,INVOICE,INV00339
transactions,2025-04-20,COMP001,,,,,,,,,,,,,,,,,,,,,,,,,,,,,,-9366595.43,,,,,,,,,COMPLETED,,,,,,,SUPPLIER_PAYMENT,,,,,,,,,,,,,,,,,,,,,,,,,Payment to SUP008 – INV00204,PAYABLE,,,,,,,,,,,,,,,,,,TXNAB15A3CB,INVOICE,INV00204
transactions,2025-04-21,COMP001,,,,,,,,,,,,,,,,,,,,,,,,,,,,,,-3796221.99,,,,,,,,,COMPLETED,,,,,,,OPERATING_EXPENSE,,,,,,,,,,,,,,,,,,,,,,,,,Daily operating expenses,OPEX,,,,,,,,,,,,,,,,,,TXN7232B04D,COMPANY,COMP001
transactions,2025-04-21,COMP001,,,,,,,,,,,,,,,,,,,,,,,,,,,,,,10197324.76,,,,,,,,,COMPLETED,,,,,,,CUSTOMER_PAYMENT,,,,,,,,,,,,,,,,,,,,,,,,,Daily dealership & fleet sales collection,SALES_RECEIPTS,,,,,,,,,,,,,,,,,,TXN6CA6E9A1,COMPANY,COMP001
transactions,2025-04-21,COMP001,,,,,,,,,,,,,,,,,,,,,,,,,,,,,,30983769.7,,,,,,,,,COMPLETED,,,,,,,CUSTOMER_PAYMENT,,,,,,,,,,,,,,,,,,,,,,,,,Collection from CUST008 – RCV00162,RECEIVABLE,,,,,,,,,,,,,,,,,,TXN021486D4,RECEIVABLE,RCV00162
transactions,2025-04-22,COMP001,,,,,,,,,,,,,,,,,,,,,,,,,,,,,,68332949.81,,,,,,,,,COMPLETED,,,,,,,CUSTOMER_PAYMENT,,,,,,,,,,,,,,,,,,,,,,,,,Collection from CUST008 – RCV00172,RECEIVABLE,,,,,,,,,,,,,,,,,,TXNB8E1953A,RECEIVABLE,RCV00172
transactions,2025-04-22,COMP001,,,,,,,,,,,,,,,,,,,,,,,,,,,,,,-8052590.11,,,,,,,,,COMPLETED,,,,,,,OPERATING_EXPENSE,,,,,,,,,,,,,,,,,,,,,,,,,Daily operating expenses,OPEX,,,,,,,,,,,,,,,,,,TXN65227F7A,COMPANY,COMP001
transactions,2025-04-22,COMP001,,,,,,,,,,,,,,,,,,,,,,,,,,,,,,-53902948.36,,,,,,,,,COMPLETED,,,,,,,SUPPLIER_PAYMENT,,,,,,,,,,,,,,,,,,,,,,,,,Payment to SUP006 – INV00418,PAYABLE,,,,,,,,,,,,,,,,,,TXN16BFB864,INVOICE,INV00418
transactions,2025-04-22,COMP001,,,,,,,,,,,,,,,,,,,,,,,,,,,,,,27094166.35,,,,,,,,,COMPLETED,,,,,,,CUSTOMER_PAYMENT,,,,,,,,,,,,,,,,,,,,,,,,,Daily dealership & fleet sales collection,SALES_RECEIPTS,,,,,,,,,,,,,,,,,,TXN5526FF18,COMPANY,COMP001
transactions,2025-04-23,COMP001,,,,,,,,,,,,,,,,,,,,,,,,,,,,,,-3577443.15,,,,,,,,,COMPLETED,,,,,,,OPERATING_EXPENSE,,,,,,,,,,,,,,,,,,,,,,,,,Daily operating expenses,OPEX,,,,,,,,,,,,,,,,,,TXNAB0BEEEC,COMPANY,COMP001
transactions,2025-04-23,COMP001,,,,,,,,,,,,,,,,,,,,,,,,,,,,,,-42840483.27,,,,,,,,,COMPLETED,,,,,,,SUPPLIER_PAYMENT,,,,,,,,,,,,,,,,,,,,,,,,,Payment to SUP014 – INV00238,PAYABLE,,,,,,,,,,,,,,,,,,TXN7A148B0F,INVOICE,INV00238
transactions,2025-04-23,COMP001,,,,,,,,,,,,,,,,,,,,,,,,,,,,,,8540292.38,,,,,,,,,COMPLETED,,,,,,,CUSTOMER_PAYMENT,,,,,,,,,,,,,,,,,,,,,,,,,Daily dealership & fleet sales collection,SALES_RECEIPTS,,,,,,,,,,,,,,,,,,TXND5AF0241,COMPANY,COMP001
transactions,2025-04-24,COMP001,,,,,,,,,,,,,,,,,,,,,,,,,,,,,,75451023.77,,,,,,,,,COMPLETED,,,,,,,CUSTOMER_PAYMENT,,,,,,,,,,,,,,,,,,,,,,,,,Collection from CUST025 – RCV00300,RECEIVABLE,,,,,,,,,,,,,,,,,,TXN1BA126B7,RECEIVABLE,RCV00300
transactions,2025-04-24,COMP001,,,,,,,,,,,,,,,,,,,,,,,,,,,,,,17809380.33,,,,,,,,,COMPLETED,,,,,,,CUSTOMER_PAYMENT,,,,,,,,,,,,,,,,,,,,,,,,,Daily dealership & fleet sales collection,SALES_RECEIPTS,,,,,,,,,,,,,,,,,,TXNA99170E5,COMPANY,COMP001
transactions,2025-04-24,COMP001,,,,,,,,,,,,,,,,,,,,,,,,,,,,,,72602567.21,,,,,,,,,COMPLETED,,,,,,,CUSTOMER_PAYMENT,,,,,,,,,,,,,,,,,,,,,,,,,Collection from CUST008 – RCV00067,RECEIVABLE,,,,,,,,,,,,,,,,,,TXN66122FBB,RECEIVABLE,RCV00067
transactions,2025-04-24,COMP001,,,,,,,,,,,,,,,,,,,,,,,,,,,,,,-7425654.95,,,,,,,,,COMPLETED,,,,,,,OPERATING_EXPENSE,,,,,,,,,,,,,,,,,,,,,,,,,Daily operating expenses,OPEX,,,,,,,,,,,,,,,,,,TXND9330F1F,COMPANY,COMP001
transactions,2025-04-24,COMP001,,,,,,,,,,,,,,,,,,,,,,,,,,,,,,37375061.8,,,,,,,,,COMPLETED,,,,,,,CUSTOMER_PAYMENT,,,,,,,,,,,,,,,,,,,,,,,,,Collection from CUST010 – RCV00232,RECEIVABLE,,,,,,,,,,,,,,,,,,TXN966A5691,RECEIVABLE,RCV00232
transactions,2025-04-25,COMP001,,,,,,,,,,,,,,,,,,,,,,,,,,,,,,-58874414.83,,,,,,,,,COMPLETED,,,,,,,SUPPLIER_PAYMENT,,,,,,,,,,,,,,,,,,,,,,,,,Payment to SUP008 – INV00457,PAYABLE,,,,,,,,,,,,,,,,,,TXN822D7CD1,INVOICE,INV00457
transactions,2025-04-25,COMP001,,,,,,,,,,,,,,,,,,,,,,,,,,,,,,-18030825.07,,,,,,,,,COMPLETED,,,,,,,SUPPLIER_PAYMENT,,,,,,,,,,,,,,,,,,,,,,,,,Payment to SUP011 – INV00384,PAYABLE,,,,,,,,,,,,,,,,,,TXN5A4774D4,INVOICE,INV00384
transactions,2025-04-25,COMP001,,,,,,,,,,,,,,,,,,,,,,,,,,,,,,61865555.75,,,,,,,,,COMPLETED,,,,,,,CUSTOMER_PAYMENT,,,,,,,,,,,,,,,,,,,,,,,,,Collection from CUST008 – RCV00342,RECEIVABLE,,,,,,,,,,,,,,,,,,TXND0146184,RECEIVABLE,RCV00342
transactions,2025-04-25,COMP001,,,,,,,,,,,,,,,,,,,,,,,,,,,,,,23403671.92,,,,,,,,,COMPLETED,,,,,,,CUSTOMER_PAYMENT,,,,,,,,,,,,,,,,,,,,,,,,,Collection from CUST010 – RCV00025,RECEIVABLE,,,,,,,,,,,,,,,,,,TXN65D3BF27,RECEIVABLE,RCV00025
transactions,2025-04-25,COMP001,,,,,,,,,,,,,,,,,,,,,,,,,,,,,,75477601.06,,,,,,,,,COMPLETED,,,,,,,CUSTOMER_PAYMENT,,,,,,,,,,,,,,,,,,,,,,,,,Collection from CUST001 – RCV00058,RECEIVABLE,,,,,,,,,,,,,,,,,,TXN47488392,RECEIVABLE,RCV00058
transactions,2025-04-25,COMP001,,,,,,,,,,,,,,,,,,,,,,,,,,,,,,22235938.3,,,,,,,,,COMPLETED,,,,,,,CUSTOMER_PAYMENT,,,,,,,,,,,,,,,,,,,,,,,,,Daily dealership & fleet sales collection,SALES_RECEIPTS,,,,,,,,,,,,,,,,,,TXNDED648F7,COMPANY,COMP001
transactions,2025-04-25,COMP001,,,,,,,,,,,,,,,,,,,,,,,,,,,,,,-28651573.91,,,,,,,,,COMPLETED,,,,,,,SUPPLIER_PAYMENT,,,,,,,,,,,,,,,,,,,,,,,,,Payment to SUP002 – INV00441,PAYABLE,,,,,,,,,,,,,,,,,,TXNEDC6EDCF,INVOICE,INV00441
transactions,2025-04-25,COMP001,,,,,,,,,,,,,,,,,,,,,,,,,,,,,,-7805086.28,,,,,,,,,COMPLETED,,,,,,,OPERATING_EXPENSE,,,,,,,,,,,,,,,,,,,,,,,,,Daily operating expenses,OPEX,,,,,,,,,,,,,,,,,,TXNDAFCEB93,COMPANY,COMP001
transactions,2025-04-26,COMP001,,,,,,,,,,,,,,,,,,,,,,,,,,,,,,1777603.96,,,,,,,,,COMPLETED,,,,,,,CUSTOMER_PAYMENT,,,,,,,,,,,,,,,,,,,,,,,,,Daily dealership & fleet sales collection,SALES_RECEIPTS,,,,,,,,,,,,,,,,,,TXN5DB8AF09,COMPANY,COMP001
transactions,2025-04-26,COMP001,,,,,,,,,,,,,,,,,,,,,,,,,,,,,,-1669159.5,,,,,,,,,COMPLETED,,,,,,,OPERATING_EXPENSE,,,,,,,,,,,,,,,,,,,,,,,,,Daily operating expenses,OPEX,,,,,,,,,,,,,,,,,,TXNB9EDF37C,COMPANY,COMP001
transactions,2025-04-27,COMP001,,,,,,,,,,,,,,,,,,,,,,,,,,,,,,-25024810.43,,,,,,,,,COMPLETED,,,,,,,SUPPLIER_PAYMENT,,,,,,,,,,,,,,,,,,,,,,,,,Payment to SUP012 – INV00405,PAYABLE,,,,,,,,,,,,,,,,,,TXNE2A4E4AC,INVOICE,INV00405
transactions,2025-04-27,COMP001,,,,,,,,,,,,,,,,,,,,,,,,,,,,,,2743809.92,,,,,,,,,COMPLETED,,,,,,,CUSTOMER_PAYMENT,,,,,,,,,,,,,,,,,,,,,,,,,Daily dealership & fleet sales collection,SALES_RECEIPTS,,,,,,,,,,,,,,,,,,TXND45FFCB2,COMPANY,COMP001
transactions,2025-04-27,COMP001,,,,,,,,,,,,,,,,,,,,,,,,,,,,,,62077709.57,,,,,,,,,COMPLETED,,,,,,,CUSTOMER_PAYMENT,,,,,,,,,,,,,,,,,,,,,,,,,Collection from CUST007 – RCV00161,RECEIVABLE,,,,,,,,,,,,,,,,,,TXNB7BD1750,RECEIVABLE,RCV00161
transactions,2025-04-27,COMP001,,,,,,,,,,,,,,,,,,,,,,,,,,,,,,-1946218.87,,,,,,,,,COMPLETED,,,,,,,OPERATING_EXPENSE,,,,,,,,,,,,,,,,,,,,,,,,,Daily operating expenses,OPEX,,,,,,,,,,,,,,,,,,TXN8A35F50A,COMPANY,COMP001
transactions,2025-04-28,COMP001,,,,,,,,,,,,,,,,,,,,,,,,,,,,,,-6349123.43,,,,,,,,,COMPLETED,,,,,,,SUPPLIER_PAYMENT,,,,,,,,,,,,,,,,,,,,,,,,,Payment to SUP014 – INV00375,PAYABLE,,,,,,,,,,,,,,,,,,TXN0F1945BF,INVOICE,INV00375
transactions,2025-04-28,COMP001,,,,,,,,,,,,,,,,,,,,,,,,,,,,,,-14353734.99,,,,,,,,,COMPLETED,,,,,,,SUPPLIER_PAYMENT,,,,,,,,,,,,,,,,,,,,,,,,,Payment to SUP010 – INV00344,PAYABLE,,,,,,,,,,,,,,,,,,TXN5625E973,INVOICE,INV00344
transactions,2025-04-28,COMP001,,,,,,,,,,,,,,,,,,,,,,,,,,,,,,-4708730.77,,,,,,,,,COMPLETED,,,,,,,OPERATING_EXPENSE,,,,,,,,,,,,,,,,,,,,,,,,,Daily operating expenses,OPEX,,,,,,,,,,,,,,,,,,TXN5B5DC541,COMPANY,COMP001
transactions,2025-04-28,COMP001,,,,,,,,,,,,,,,,,,,,,,,,,,,,,,19877138.96,,,,,,,,,COMPLETED,,,,,,,CUSTOMER_PAYMENT,,,,,,,,,,,,,,,,,,,,,,,,,Daily dealership & fleet sales collection,SALES_RECEIPTS,,,,,,,,,,,,,,,,,,TXNDD5C4BF8,COMPANY,COMP001
transactions,2025-04-29,COMP001,,,,,,,,,,,,,,,,,,,,,,,,,,,,,,-4046328.24,,,,,,,,,COMPLETED,,,,,,,OPERATING_EXPENSE,,,,,,,,,,,,,,,,,,,,,,,,,Daily operating expenses,OPEX,,,,,,,,,,,,,,,,,,TXN3FC812BF,COMPANY,COMP001
transactions,2025-04-29,COMP001,,,,,,,,,,,,,,,,,,,,,,,,,,,,,,-29532749.24,,,,,,,,,COMPLETED,,,,,,,SUPPLIER_PAYMENT,,,,,,,,,,,,,,,,,,,,,,,,,Payment to SUP010 – INV00421,PAYABLE,,,,,,,,,,,,,,,,,,TXN506C12AF,INVOICE,INV00421
transactions,2025-04-29,COMP001,,,,,,,,,,,,,,,,,,,,,,,,,,,,,,-5660649.9,,,,,,,,,COMPLETED,,,,,,,SUPPLIER_PAYMENT,,,,,,,,,,,,,,,,,,,,,,,,,Payment to SUP001 – INV00474,PAYABLE,,,,,,,,,,,,,,,,,,TXN3F7D8D3A,INVOICE,INV00474
transactions,2025-04-29,COMP001,,,,,,,,,,,,,,,,,,,,,,,,,,,,,,-41546564.83,,,,,,,,,COMPLETED,,,,,,,UNEXPECTED_EXPENSE,,,,,,,,,,,,,,,,,,,,,,,,,Regulatory fine,EXCEPTIONAL,,,,,,,,,,,,,,,,,,TXNFED5E264,COMPANY,COMP001
transactions,2025-04-29,COMP001,,,,,,,,,,,,,,,,,,,,,,,,,,,,,,18591614.26,,,,,,,,,COMPLETED,,,,,,,CUSTOMER_PAYMENT,,,,,,,,,,,,,,,,,,,,,,,,,Daily dealership & fleet sales collection,SALES_RECEIPTS,,,,,,,,,,,,,,,,,,TXNBA1A80AF,COMPANY,COMP001
transactions,2025-04-30,COMP001,,,,,,,,,,,,,,,,,,,,,,,,,,,,,,-10976088.87,,,,,,,,,COMPLETED,,,,,,,OPERATING_EXPENSE,,,,,,,,,,,,,,,,,,,,,,,,,Daily operating expenses,OPEX,,,,,,,,,,,,,,,,,,TXN3AFBE5A6,COMPANY,COMP001
transactions,2025-04-30,COMP001,,,,,,,,,,,,,,,,,,,,,,,,,,,,,,47843568.0,,,,,,,,,COMPLETED,,,,,,,CUSTOMER_PAYMENT,,,,,,,,,,,,,,,,,,,,,,,,,Collection from CUST019 – RCV00207,RECEIVABLE,,,,,,,,,,,,,,,,,,TXNEC6CC5E8,RECEIVABLE,RCV00207
transactions,2025-04-30,COMP001,,,,,,,,,,,,,,,,,,,,,,,,,,,,,,20214905.77,,,,,,,,,COMPLETED,,,,,,,CUSTOMER_PAYMENT,,,,,,,,,,,,,,,,,,,,,,,,,Daily dealership & fleet sales collection,SALES_RECEIPTS,,,,,,,,,,,,,,,,,,TXNB413FF84,COMPANY,COMP001
transactions,2025-05-01,COMP001,,,,,,,,,,,,,,,,,,,,,,,,,,,,,,9878597.46,,,,,,,,,COMPLETED,,,,,,,CUSTOMER_PAYMENT,,,,,,,,,,,,,,,,,,,,,,,,,Daily dealership & fleet sales collection,SALES_RECEIPTS,,,,,,,,,,,,,,,,,,TXNFFD204CB,COMPANY,COMP001
transactions,2025-05-01,COMP001,,,,,,,,,,,,,,,,,,,,,,,,,,,,,,47893883.36,,,,,,,,,COMPLETED,,,,,,,CUSTOMER_PAYMENT,,,,,,,,,,,,,,,,,,,,,,,,,Collection from CUST019 – RCV00313,RECEIVABLE,,,,,,,,,,,,,,,,,,TXN007FDBAE,RECEIVABLE,RCV00313
transactions,2025-05-01,COMP001,,,,,,,,,,,,,,,,,,,,,,,,,,,,,,-6826974.81,,,,,,,,,COMPLETED,,,,,,,OPERATING_EXPENSE,,,,,,,,,,,,,,,,,,,,,,,,,Daily operating expenses,OPEX,,,,,,,,,,,,,,,,,,TXN4D9E610A,COMPANY,COMP001
transactions,2025-05-01,COMP001,,,,,,,,,,,,,,,,,,,,,,,,,,,,,,-22664229.38,,,,,,,,,COMPLETED,,,,,,,SUPPLIER_PAYMENT,,,,,,,,,,,,,,,,,,,,,,,,,Payment to SUP013 – INV00162,PAYABLE,,,,,,,,,,,,,,,,,,TXN839237B6,INVOICE,INV00162
transactions,2025-05-02,COMP001,,,,,,,,,,,,,,,,,,,,,,,,,,,,,,-8942431.93,,,,,,,,,COMPLETED,,,,,,,OPERATING_EXPENSE,,,,,,,,,,,,,,,,,,,,,,,,,Daily operating expenses,OPEX,,,,,,,,,,,,,,,,,,TXN979190A6,COMPANY,COMP001
transactions,2025-05-02,COMP001,,,,,,,,,,,,,,,,,,,,,,,,,,,,,,-50029147.26,,,,,,,,,COMPLETED,,,,,,,SUPPLIER_PAYMENT,,,,,,,,,,,,,,,,,,,,,,,,,Payment to SUP012 – INV00007,PAYABLE,,,,,,,,,,,,,,,,,,TXNA8463782,INVOICE,INV00007
transactions,2025-05-02,COMP001,,,,,,,,,,,,,,,,,,,,,,,,,,,,,,18050451.63,,,,,,,,,COMPLETED,,,,,,,CUSTOMER_PAYMENT,,,,,,,,,,,,,,,,,,,,,,,,,Daily dealership & fleet sales collection,SALES_RECEIPTS,,,,,,,,,,,,,,,,,,TXN45BF5A34,COMPANY,COMP001
transactions,2025-05-02,COMP001,,,,,,,,,,,,,,,,,,,,,,,,,,,,,,31489269.41,,,,,,,,,COMPLETED,,,,,,,CUSTOMER_PAYMENT,,,,,,,,,,,,,,,,,,,,,,,,,Collection from CUST018 – RCV00220,RECEIVABLE,,,,,,,,,,,,,,,,,,TXN4F7F3D9F,RECEIVABLE,RCV00220
transactions,2025-05-02,COMP001,,,,,,,,,,,,,,,,,,,,,,,,,,,,,,-9772049.29,,,,,,,,,COMPLETED,,,,,,,SUPPLIER_PAYMENT,,,,,,,,,,,,,,,,,,,,,,,,,Payment to SUP006 – INV00324,PAYABLE,,,,,,,,,,,,,,,,,,TXN5957EA74,INVOICE,INV00324
transactions,2025-05-03,COMP001,,,,,,,,,,,,,,,,,,,,,,,,,,,,,,-39850709.23,,,,,,,,,COMPLETED,,,,,,,SUPPLIER_PAYMENT,,,,,,,,,,,,,,,,,,,,,,,,,Payment to SUP015 – INV00364,PAYABLE,,,,,,,,,,,,,,,,,,TXN8478EAB8,INVOICE,INV00364
transactions,2025-05-03,COMP001,,,,,,,,,,,,,,,,,,,,,,,,,,,,,,29555302.85,,,,,,,,,COMPLETED,,,,,,,CUSTOMER_PAYMENT,,,,,,,,,,,,,,,,,,,,,,,,,Collection from CUST015 – RCV00027,RECEIVABLE,,,,,,,,,,,,,,,,,,TXN236105F1,RECEIVABLE,RCV00027
transactions,2025-05-03,COMP001,,,,,,,,,,,,,,,,,,,,,,,,,,,,,,-788745.0,,,,,,,,,COMPLETED,,,,,,,OPERATING_EXPENSE,,,,,,,,,,,,,,,,,,,,,,,,,Daily operating expenses,OPEX,,,,,,,,,,,,,,,,,,TXN3A0259BF,COMPANY,COMP001
transactions,2025-05-03,COMP001,,,,,,,,,,,,,,,,,,,,,,,,,,,,,,1766837.15,,,,,,,,,COMPLETED,,,,,,,CUSTOMER_PAYMENT,,,,,,,,,,,,,,,,,,,,,,,,,Daily dealership & fleet sales collection,SALES_RECEIPTS,,,,,,,,,,,,,,,,,,TXN7C8FC01C,COMPANY,COMP001
transactions,2025-05-03,COMP001,,,,,,,,,,,,,,,,,,,,,,,,,,,,,,23484744.54,,,,,,,,,COMPLETED,,,,,,,CUSTOMER_PAYMENT,,,,,,,,,,,,,,,,,,,,,,,,,Collection from CUST002 – RCV00251,RECEIVABLE,,,,,,,,,,,,,,,,,,TXN613FD1CA,RECEIVABLE,RCV00251
transactions,2025-05-04,COMP001,,,,,,,,,,,,,,,,,,,,,,,,,,,,,,3017787.43,,,,,,,,,COMPLETED,,,,,,,CUSTOMER_PAYMENT,,,,,,,,,,,,,,,,,,,,,,,,,Daily dealership & fleet sales collection,SALES_RECEIPTS,,,,,,,,,,,,,,,,,,TXNAB9A61E3,COMPANY,COMP001
transactions,2025-05-04,COMP001,,,,,,,,,,,,,,,,,,,,,,,,,,,,,,-21158221.35,,,,,,,,,COMPLETED,,,,,,,SUPPLIER_PAYMENT,,,,,,,,,,,,,,,,,,,,,,,,,Payment to SUP013 – INV00160,PAYABLE,,,,,,,,,,,,,,,,,,TXN97B3D18E,INVOICE,INV00160
transactions,2025-05-04,COMP001,,,,,,,,,,,,,,,,,,,,,,,,,,,,,,73903188.1,,,,,,,,,COMPLETED,,,,,,,CUSTOMER_PAYMENT,,,,,,,,,,,,,,,,,,,,,,,,,Collection from CUST005 – RCV00113,RECEIVABLE,,,,,,,,,,,,,,,,,,TXN3BB160B1,RECEIVABLE,RCV00113
transactions,2025-05-04,COMP001,,,,,,,,,,,,,,,,,,,,,,,,,,,,,,-23086404.14,,,,,,,,,COMPLETED,,,,,,,SUPPLIER_PAYMENT,,,,,,,,,,,,,,,,,,,,,,,,,Payment to SUP015 – INV00330,PAYABLE,,,,,,,,,,,,,,,,,,TXN6F6E4B19,INVOICE,INV00330
transactions,2025-05-04,COMP001,,,,,,,,,,,,,,,,,,,,,,,,,,,,,,-1571583.69,,,,,,,,,COMPLETED,,,,,,,OPERATING_EXPENSE,,,,,,,,,,,,,,,,,,,,,,,,,Daily operating expenses,OPEX,,,,,,,,,,,,,,,,,,TXND7223C11,COMPANY,COMP001
transactions,2025-05-05,COMP001,,,,,,,,,,,,,,,,,,,,,,,,,,,,,,-26744604.15,,,,,,,,,COMPLETED,,,,,,,SUPPLIER_PAYMENT,,,,,,,,,,,,,,,,,,,,,,,,,Payment to SUP014 – INV00455,PAYABLE,,,,,,,,,,,,,,,,,,TXN74F01699,INVOICE,INV00455
transactions,2025-05-05,COMP001,,,,,,,,,,,,,,,,,,,,,,,,,,,,,,-7926830.32,,,,,,,,,COMPLETED,,,,,,,OPERATING_EXPENSE,,,,,,,,,,,,,,,,,,,,,,,,,Daily operating expenses,OPEX,,,,,,,,,,,,,,,,,,TXNDE3E2827,COMPANY,COMP001
transactions,2025-05-05,COMP001,,,,,,,,,,,,,,,,,,,,,,,,,,,,,,17046274.37,,,,,,,,,COMPLETED,,,,,,,CUSTOMER_PAYMENT,,,,,,,,,,,,,,,,,,,,,,,,,Daily dealership & fleet sales collection,SALES_RECEIPTS,,,,,,,,,,,,,,,,,,TXN69DCD486,COMPANY,COMP001
transactions,2025-05-06,COMP001,,,,,,,,,,,,,,,,,,,,,,,,,,,,,,-6046468.77,,,,,,,,,COMPLETED,,,,,,,SUPPLIER_PAYMENT,,,,,,,,,,,,,,,,,,,,,,,,,Payment to SUP013 – INV00228,PAYABLE,,,,,,,,,,,,,,,,,,TXN209C2808,INVOICE,INV00228
transactions,2025-05-06,COMP001,,,,,,,,,,,,,,,,,,,,,,,,,,,,,,2746088.74,,,,,,,,,COMPLETED,,,,,,,CUSTOMER_PAYMENT,,,,,,,,,,,,,,,,,,,,,,,,,Collection from CUST002 – RCV00144,RECEIVABLE,,,,,,,,,,,,,,,,,,TXN41FA0E8D,RECEIVABLE,RCV00144
transactions,2025-05-06,COMP001,,,,,,,,,,,,,,,,,,,,,,,,,,,,,,35265610.6,,,,,,,,,COMPLETED,,,,,,,CUSTOMER_PAYMENT,,,,,,,,,,,,,,,,,,,,,,,,,Collection from CUST016 – RCV00289,RECEIVABLE,,,,,,,,,,,,,,,,,,TXN9E4AA276,RECEIVABLE,RCV00289
transactions,2025-05-06,COMP001,,,,,,,,,,,,,,,,,,,,,,,,,,,,,,-6048921.62,,,,,,,,,COMPLETED,,,,,,,OPERATING_EXPENSE,,,,,,,,,,,,,,,,,,,,,,,,,Daily operating expenses,OPEX,,,,,,,,,,,,,,,,,,TXNF20E7F6F,COMPANY,COMP001
transactions,2025-05-06,COMP001,,,,,,,,,,,,,,,,,,,,,,,,,,,,,,22840741.67,,,,,,,,,COMPLETED,,,,,,,CUSTOMER_PAYMENT,,,,,,,,,,,,,,,,,,,,,,,,,Daily dealership & fleet sales collection,SALES_RECEIPTS,,,,,,,,,,,,,,,,,,TXN3B68DF48,COMPANY,COMP001
transactions,2025-05-07,COMP001,,,,,,,,,,,,,,,,,,,,,,,,,,,,,,-4716206.34,,,,,,,,,COMPLETED,,,,,,,OPERATING_EXPENSE,,,,,,,,,,,,,,,,,,,,,,,,,Daily operating expenses,OPEX,,,,,,,,,,,,,,,,,,TXN097A923E,COMPANY,COMP001
transactions,2025-05-07,COMP001,,,,,,,,,,,,,,,,,,,,,,,,,,,,,,16317545.43,,,,,,,,,COMPLETED,,,,,,,CUSTOMER_PAYMENT,,,,,,,,,,,,,,,,,,,,,,,,,Daily dealership & fleet sales collection,SALES_RECEIPTS,,,,,,,,,,,,,,,,,,TXN712BF5C9,COMPANY,COMP001
transactions,2025-05-07,COMP001,,,,,,,,,,,,,,,,,,,,,,,,,,,,,,-3344718.31,,,,,,,,,COMPLETED,,,,,,,SUPPLIER_PAYMENT,,,,,,,,,,,,,,,,,,,,,,,,,Payment to SUP006 – INV00079,PAYABLE,,,,,,,,,,,,,,,,,,TXNBE07C5F8,INVOICE,INV00079
transactions,2025-05-07,COMP001,,,,,,,,,,,,,,,,,,,,,,,,,,,,,,68771752.81,,,,,,,,,COMPLETED,,,,,,,CUSTOMER_PAYMENT,,,,,,,,,,,,,,,,,,,,,,,,,Collection from CUST021 – RCV00111,RECEIVABLE,,,,,,,,,,,,,,,,,,TXN9588FF0D,RECEIVABLE,RCV00111
transactions,2025-05-07,COMP001,,,,,,,,,,,,,,,,,,,,,,,,,,,,,,-59118384.12,,,,,,,,,COMPLETED,,,,,,,SUPPLIER_PAYMENT,,,,,,,,,,,,,,,,,,,,,,,,,Payment to SUP007 – INV00205,PAYABLE,,,,,,,,,,,,,,,,,,TXN38F7A9DC,INVOICE,INV00205
transactions,2025-05-08,COMP001,,,,,,,,,,,,,,,,,,,,,,,,,,,,,,12093053.36,,,,,,,,,COMPLETED,,,,,,,CUSTOMER_PAYMENT,,,,,,,,,,,,,,,,,,,,,,,,,Daily dealership & fleet sales collection,SALES_RECEIPTS,,,,,,,,,,,,,,,,,,TXN9CB566B1,COMPANY,COMP001
transactions,2025-05-08,COMP001,,,,,,,,,,,,,,,,,,,,,,,,,,,,,,44173442.02,,,,,,,,,COMPLETED,,,,,,,CUSTOMER_PAYMENT,,,,,,,,,,,,,,,,,,,,,,,,,Collection from CUST011 – RCV00064,RECEIVABLE,,,,,,,,,,,,,,,,,,TXNC95EFF36,RECEIVABLE,RCV00064
transactions,2025-05-08,COMP001,,,,,,,,,,,,,,,,,,,,,,,,,,,,,,15354392.79,,,,,,,,,COMPLETED,,,,,,,CUSTOMER_PAYMENT,,,,,,,,,,,,,,,,,,,,,,,,,Collection from CUST001 – RCV00277,RECEIVABLE,,,,,,,,,,,,,,,,,,TXN0A5E2621,RECEIVABLE,RCV00277
transactions,2025-05-08,COMP001,,,,,,,,,,,,,,,,,,,,,,,,,,,,,,-8509917.53,,,,,,,,,COMPLETED,,,,,,,OPERATING_EXPENSE,,,,,,,,,,,,,,,,,,,,,,,,,Daily operating expenses,OPEX,,,,,,,,,,,,,,,,,,TXNA2EF46E5,COMPANY,COMP001
transactions,2025-05-09,COMP001,,,,,,,,,,,,,,,,,,,,,,,,,,,,,,11856934.22,,,,,,,,,COMPLETED,,,,,,,CUSTOMER_PAYMENT,,,,,,,,,,,,,,,,,,,,,,,,,Collection from CUST003 – RCV00302,RECEIVABLE,,,,,,,,,,,,,,,,,,TXND57E0F94,RECEIVABLE,RCV00302
transactions,2025-05-09,COMP001,,,,,,,,,,,,,,,,,,,,,,,,,,,,,,-46969708.86,,,,,,,,,COMPLETED,,,,,,,SUPPLIER_PAYMENT,,,,,,,,,,,,,,,,,,,,,,,,,Payment to SUP003 – INV00092,PAYABLE,,,,,,,,,,,,,,,,,,TXN2969D84E,INVOICE,INV00092
transactions,2025-05-09,COMP001,,,,,,,,,,,,,,,,,,,,,,,,,,,,,,71064127.47,,,,,,,,,COMPLETED,,,,,,,CUSTOMER_PAYMENT,,,,,,,,,,,,,,,,,,,,,,,,,Collection from CUST007 – RCV00340,RECEIVABLE,,,,,,,,,,,,,,,,,,TXNB50C27C5,RECEIVABLE,RCV00340
transactions,2025-05-09,COMP001,,,,,,,,,,,,,,,,,,,,,,,,,,,,,,-5120073.29,,,,,,,,,COMPLETED,,,,,,,OPERATING_EXPENSE,,,,,,,,,,,,,,,,,,,,,,,,,Daily operating expenses,OPEX,,,,,,,,,,,,,,,,,,TXN6BE9F5EF,COMPANY,COMP001
transactions,2025-05-09,COMP001,,,,,,,,,,,,,,,,,,,,,,,,,,,,,,28574719.66,,,,,,,,,COMPLETED,,,,,,,CUSTOMER_PAYMENT,,,,,,,,,,,,,,,,,,,,,,,,,Daily dealership & fleet sales collection,SALES_RECEIPTS,,,,,,,,,,,,,,,,,,TXN2B730DC7,COMPANY,COMP001
transactions,2025-05-10,COMP001,,,,,,,,,,,,,,,,,,,,,,,,,,,,,,2920108.05,,,,,,,,,COMPLETED,,,,,,,CUSTOMER_PAYMENT,,,,,,,,,,,,,,,,,,,,,,,,,Daily dealership & fleet sales collection,SALES_RECEIPTS,,,,,,,,,,,,,,,,,,TXN815A4651,COMPANY,COMP001
transactions,2025-05-10,COMP001,,,,,,,,,,,,,,,,,,,,,,,,,,,,,,-983590.87,,,,,,,,,COMPLETED,,,,,,,OPERATING_EXPENSE,,,,,,,,,,,,,,,,,,,,,,,,,Daily operating expenses,OPEX,,,,,,,,,,,,,,,,,,TXN71EEBDF9,COMPANY,COMP001
transactions,2025-05-10,COMP001,,,,,,,,,,,,,,,,,,,,,,,,,,,,,,-48519338.88,,,,,,,,,COMPLETED,,,,,,,SUPPLIER_PAYMENT,,,,,,,,,,,,,,,,,,,,,,,,,Payment to SUP005 – INV00196,PAYABLE,,,,,,,,,,,,,,,,,,TXN0BC6A30C,INVOICE,INV00196
transactions,2025-05-10,COMP001,,,,,,,,,,,,,,,,,,,,,,,,,,,,,,-25682013.21,,,,,,,,,COMPLETED,,,,,,,SUPPLIER_PAYMENT,,,,,,,,,,,,,,,,,,,,,,,,,Payment to SUP003 – INV00472,PAYABLE,,,,,,,,,,,,,,,,,,TXN5F44C572,INVOICE,INV00472
transactions,2025-05-10,COMP001,,,,,,,,,,,,,,,,,,,,,,,,,,,,,,57410486.2,,,,,,,,,COMPLETED,,,,,,,CUSTOMER_PAYMENT,,,,,,,,,,,,,,,,,,,,,,,,,Collection from CUST006 – RCV00357,RECEIVABLE,,,,,,,,,,,,,,,,,,TXNCEBD58F4,RECEIVABLE,RCV00357
transactions,2025-05-10,COMP001,,,,,,,,,,,,,,,,,,,,,,,,,,,,,,-45917034.35,,,,,,,,,COMPLETED,,,,,,,SUPPLIER_PAYMENT,,,,,,,,,,,,,,,,,,,,,,,,,Payment to SUP005 – INV00045,PAYABLE,,,,,,,,,,,,,,,,,,TXND270B452,INVOICE,INV00045
transactions,2025-05-11,COMP001,,,,,,,,,,,,,,,,,,,,,,,,,,,,,,1892417.64,,,,,,,,,COMPLETED,,,,,,,CUSTOMER_PAYMENT,,,,,,,,,,,,,,,,,,,,,,,,,Daily dealership & fleet sales collection,SALES_RECEIPTS,,,,,,,,,,,,,,,,,,TXN31ED02CA,COMPANY,COMP001
transactions,2025-05-11,COMP001,,,,,,,,,,,,,,,,,,,,,,,,,,,,,,-645897.18,,,,,,,,,COMPLETED,,,,,,,OPERATING_EXPENSE,,,,,,,,,,,,,,,,,,,,,,,,,Daily operating expenses,OPEX,,,,,,,,,,,,,,,,,,TXN9E9DA5C2,COMPANY,COMP001
transactions,2025-05-11,COMP001,,,,,,,,,,,,,,,,,,,,,,,,,,,,,,31042802.7,,,,,,,,,COMPLETED,,,,,,,CUSTOMER_PAYMENT,,,,,,,,,,,,,,,,,,,,,,,,,Collection from CUST007 – RCV00263,RECEIVABLE,,,,,,,,,,,,,,,,,,TXN69C38871,RECEIVABLE,RCV00263
transactions,2025-05-12,COMP001,,,,,,,,,,,,,,,,,,,,,,,,,,,,,,16573304.36,,,,,,,,,COMPLETED,,,,,,,CUSTOMER_PAYMENT,,,,,,,,,,,,,,,,,,,,,,,,,Daily dealership & fleet sales collection,SALES_RECEIPTS,,,,,,,,,,,,,,,,,,TXN8CECBABB,COMPANY,COMP001
transactions,2025-05-12,COMP001,,,,,,,,,,,,,,,,,,,,,,,,,,,,,,-15257690.11,,,,,,,,,COMPLETED,,,,,,,SUPPLIER_PAYMENT,,,,,,,,,,,,,,,,,,,,,,,,,Payment to SUP015 – INV00130,PAYABLE,,,,,,,,,,,,,,,,,,TXN1C51839D,INVOICE,INV00130
transactions,2025-05-12,COMP001,,,,,,,,,,,,,,,,,,,,,,,,,,,,,,-10744152.07,,,,,,,,,COMPLETED,,,,,,,SUPPLIER_PAYMENT,,,,,,,,,,,,,,,,,,,,,,,,,Payment to SUP011 – INV00350,PAYABLE,,,,,,,,,,,,,,,,,,TXNF409677D,INVOICE,INV00350
transactions,2025-05-12,COMP001,,,,,,,,,,,,,,,,,,,,,,,,,,,,,,-3786190.87,,,,,,,,,COMPLETED,,,,,,,OPERATING_EXPENSE,,,,,,,,,,,,,,,,,,,,,,,,,Daily operating expenses,OPEX,,,,,,,,,,,,,,,,,,TXNC5771408,COMPANY,COMP001
transactions,2025-05-13,COMP001,,,,,,,,,,,,,,,,,,,,,,,,,,,,,,-7099962.85,,,,,,,,,COMPLETED,,,,,,,OPERATING_EXPENSE,,,,,,,,,,,,,,,,,,,,,,,,,Daily operating expenses,OPEX,,,,,,,,,,,,,,,,,,TXN6144CB15,COMPANY,COMP001
transactions,2025-05-13,COMP001,,,,,,,,,,,,,,,,,,,,,,,,,,,,,,16036169.81,,,,,,,,,COMPLETED,,,,,,,CUSTOMER_PAYMENT,,,,,,,,,,,,,,,,,,,,,,,,,Daily dealership & fleet sales collection,SALES_RECEIPTS,,,,,,,,,,,,,,,,,,TXNA0E45FE0,COMPANY,COMP001
transactions,2025-05-13,COMP001,,,,,,,,,,,,,,,,,,,,,,,,,,,,,,-5221748.37,,,,,,,,,COMPLETED,,,,,,,SUPPLIER_PAYMENT,,,,,,,,,,,,,,,,,,,,,,,,,Payment to SUP001 – INV00093,PAYABLE,,,,,,,,,,,,,,,,,,TXN0154B9A2,INVOICE,INV00093
transactions,2025-05-14,COMP001,,,,,,,,,,,,,,,,,,,,,,,,,,,,,,12955242.14,,,,,,,,,COMPLETED,,,,,,,CUSTOMER_PAYMENT,,,,,,,,,,,,,,,,,,,,,,,,,Collection from CUST017 – RCV00069,RECEIVABLE,,,,,,,,,,,,,,,,,,TXNC5DC2AB3,RECEIVABLE,RCV00069
transactions,2025-05-14,COMP001,,,,,,,,,,,,,,,,,,,,,,,,,,,,,,28445007.54,,,,,,,,,COMPLETED,,,,,,,CUSTOMER_PAYMENT,,,,,,,,,,,,,,,,,,,,,,,,,Collection from CUST023 – RCV00045,RECEIVABLE,,,,,,,,,,,,,,,,,,TXN04884C29,RECEIVABLE,RCV00045
transactions,2025-05-14,COMP001,,,,,,,,,,,,,,,,,,,,,,,,,,,,,,-4298197.37,,,,,,,,,COMPLETED,,,,,,,OPERATING_EXPENSE,,,,,,,,,,,,,,,,,,,,,,,,,Daily operating expenses,OPEX,,,,,,,,,,,,,,,,,,TXND0624508,COMPANY,COMP001
transactions,2025-05-14,COMP001,,,,,,,,,,,,,,,,,,,,,,,,,,,,,,-57421370.89,,,,,,,,,COMPLETED,,,,,,,SUPPLIER_PAYMENT,,,,,,,,,,,,,,,,,,,,,,,,,Payment to SUP004 – INV00469,PAYABLE,,,,,,,,,,,,,,,,,,TXN5498E416,INVOICE,INV00469
transactions,2025-05-14,COMP001,,,,,,,,,,,,,,,,,,,,,,,,,,,,,,21894011.74,,,,,,,,,COMPLETED,,,,,,,CUSTOMER_PAYMENT,,,,,,,,,,,,,,,,,,,,,,,,,Daily dealership & fleet sales collection,SALES_RECEIPTS,,,,,,,,,,,,,,,,,,TXNC2531475,COMPANY,COMP001
transactions,2025-05-15,COMP001,,,,,,,,,,,,,,,,,,,,,,,,,,,,,,9716920.24,,,,,,,,,COMPLETED,,,,,,,CUSTOMER_PAYMENT,,,,,,,,,,,,,,,,,,,,,,,,,Daily dealership & fleet sales collection,SALES_RECEIPTS,,,,,,,,,,,,,,,,,,TXN7156850C,COMPANY,COMP001
transactions,2025-05-15,COMP001,,,,,,,,,,,,,,,,,,,,,,,,,,,,,,-38867845.39,,,,,,,,,COMPLETED,,,,,,,SUPPLIER_PAYMENT,,,,,,,,,,,,,,,,,,,,,,,,,Payment to SUP015 – INV00019,PAYABLE,,,,,,,,,,,,,,,,,,TXNEDFC578D,INVOICE,INV00019
transactions,2025-05-15,COMP001,,,,,,,,,,,,,,,,,,,,,,,,,,,,,,-9003683.75,,,,,,,,,COMPLETED,,,,,,,OPERATING_EXPENSE,,,,,,,,,,,,,,,,,,,,,,,,,Daily operating expenses,OPEX,,,,,,,,,,,,,,,,,,TXNF13A270D,COMPANY,COMP001
transactions,2025-05-15,COMP001,,,,,,,,,,,,,,,,,,,,,,,,,,,,,,54297812.53,,,,,,,,,COMPLETED,,,,,,,CUSTOMER_PAYMENT,,,,,,,,,,,,,,,,,,,,,,,,,Collection from CUST013 – RCV00218,RECEIVABLE,,,,,,,,,,,,,,,,,,TXNB5FD79C5,RECEIVABLE,RCV00218
transactions,2025-05-16,COMP001,,,,,,,,,,,,,,,,,,,,,,,,,,,,,,-28914358.47,,,,,,,,,COMPLETED,,,,,,,SUPPLIER_PAYMENT,,,,,,,,,,,,,,,,,,,,,,,,,Payment to SUP008 – INV00088,PAYABLE,,,,,,,,,,,,,,,,,,TXN9A3507D4,INVOICE,INV00088
transactions,2025-05-16,COMP001,,,,,,,,,,,,,,,,,,,,,,,,,,,,,,17217386.21,,,,,,,,,COMPLETED,,,,,,,CUSTOMER_PAYMENT,,,,,,,,,,,,,,,,,,,,,,,,,Daily dealership & fleet sales collection,SALES_RECEIPTS,,,,,,,,,,,,,,,,,,TXNF754C0EB,COMPANY,COMP001
transactions,2025-05-16,COMP001,,,,,,,,,,,,,,,,,,,,,,,,,,,,,,-4209685.38,,,,,,,,,COMPLETED,,,,,,,OPERATING_EXPENSE,,,,,,,,,,,,,,,,,,,,,,,,,Daily operating expenses,OPEX,,,,,,,,,,,,,,,,,,TXN0C8F73D1,COMPANY,COMP001
transactions,2025-05-17,COMP001,,,,,,,,,,,,,,,,,,,,,,,,,,,,,,57678686.48,,,,,,,,,COMPLETED,,,,,,,CUSTOMER_PAYMENT,,,,,,,,,,,,,,,,,,,,,,,,,Collection from CUST011 – RCV00183,RECEIVABLE,,,,,,,,,,,,,,,,,,TXNA85EDBF2,RECEIVABLE,RCV00183
transactions,2025-05-17,COMP001,,,,,,,,,,,,,,,,,,,,,,,,,,,,,,42472425.62,,,,,,,,,COMPLETED,,,,,,,CUSTOMER_PAYMENT,,,,,,,,,,,,,,,,,,,,,,,,,Collection from CUST011 – RCV00290,RECEIVABLE,,,,,,,,,,,,,,,,,,TXNE7FFE56B,RECEIVABLE,RCV00290
transactions,2025-05-17,COMP001,,,,,,,,,,,,,,,,,,,,,,,,,,,,,,-1444729.51,,,,,,,,,COMPLETED,,,,,,,OPERATING_EXPENSE,,,,,,,,,,,,,,,,,,,,,,,,,Daily operating expenses,OPEX,,,,,,,,,,,,,,,,,,TXNA658BB88,COMPANY,COMP001
transactions,2025-05-17,COMP001,,,,,,,,,,,,,,,,,,,,,,,,,,,,,,1809405.51,,,,,,,,,COMPLETED,,,,,,,CUSTOMER_PAYMENT,,,,,,,,,,,,,,,,,,,,,,,,,Daily dealership & fleet sales collection,SALES_RECEIPTS,,,,,,,,,,,,,,,,,,TXN96D617F9,COMPANY,COMP001
transactions,2025-05-17,COMP001,,,,,,,,,,,,,,,,,,,,,,,,,,,,,,66705213.46,,,,,,,,,COMPLETED,,,,,,,CUSTOMER_PAYMENT,,,,,,,,,,,,,,,,,,,,,,,,,Collection from CUST013 – RCV00240,RECEIVABLE,,,,,,,,,,,,,,,,,,TXN008B179E,RECEIVABLE,RCV00240
transactions,2025-05-18,COMP001,,,,,,,,,,,,,,,,,,,,,,,,,,,,,,-45850148.1,,,,,,,,,COMPLETED,,,,,,,SUPPLIER_PAYMENT,,,,,,,,,,,,,,,,,,,,,,,,,Payment to SUP005 – INV00044,PAYABLE,,,,,,,,,,,,,,,,,,TXN6FB10D3E,INVOICE,INV00044
transactions,2025-05-18,COMP001,,,,,,,,,,,,,,,,,,,,,,,,,,,,,,3089082.64,,,,,,,,,COMPLETED,,,,,,,CUSTOMER_PAYMENT,,,,,,,,,,,,,,,,,,,,,,,,,Daily dealership & fleet sales collection,SALES_RECEIPTS,,,,,,,,,,,,,,,,,,TXN8A1ABF99,COMPANY,COMP001
transactions,2025-05-18,COMP001,,,,,,,,,,,,,,,,,,,,,,,,,,,,,,-1433349.14,,,,,,,,,COMPLETED,,,,,,,OPERATING_EXPENSE,,,,,,,,,,,,,,,,,,,,,,,,,Daily operating expenses,OPEX,,,,,,,,,,,,,,,,,,TXN6BB6E300,COMPANY,COMP001
transactions,2025-05-19,COMP001,,,,,,,,,,,,,,,,,,,,,,,,,,,,,,16317997.48,,,,,,,,,COMPLETED,,,,,,,CUSTOMER_PAYMENT,,,,,,,,,,,,,,,,,,,,,,,,,Daily dealership & fleet sales collection,SALES_RECEIPTS,,,,,,,,,,,,,,,,,,TXNA322D9EE,COMPANY,COMP001
transactions,2025-05-19,COMP001,,,,,,,,,,,,,,,,,,,,,,,,,,,,,,-5061377.95,,,,,,,,,COMPLETED,,,,,,,OPERATING_EXPENSE,,,,,,,,,,,,,,,,,,,,,,,,,Daily operating expenses,OPEX,,,,,,,,,,,,,,,,,,TXNE6BB643B,COMPANY,COMP001
transactions,2025-05-20,COMP001,,,,,,,,,,,,,,,,,,,,,,,,,,,,,,78738212.54,,,,,,,,,COMPLETED,,,,,,,CUSTOMER_PAYMENT,,,,,,,,,,,,,,,,,,,,,,,,,Collection from CUST009 – RCV00131,RECEIVABLE,,,,,,,,,,,,,,,,,,TXN5450FE06,RECEIVABLE,RCV00131
transactions,2025-05-20,COMP001,,,,,,,,,,,,,,,,,,,,,,,,,,,,,,23467850.83,,,,,,,,,COMPLETED,,,,,,,CUSTOMER_PAYMENT,,,,,,,,,,,,,,,,,,,,,,,,,Daily dealership & fleet sales collection,SALES_RECEIPTS,,,,,,,,,,,,,,,,,,TXN2A18E2F2,COMPANY,COMP001
transactions,2025-05-20,COMP001,,,,,,,,,,,,,,,,,,,,,,,,,,,,,,-8614790.45,,,,,,,,,COMPLETED,,,,,,,OPERATING_EXPENSE,,,,,,,,,,,,,,,,,,,,,,,,,Daily operating expenses,OPEX,,,,,,,,,,,,,,,,,,TXN10684394,COMPANY,COMP001
transactions,2025-05-20,COMP001,,,,,,,,,,,,,,,,,,,,,,,,,,,,,,-19972961.58,,,,,,,,,COMPLETED,,,,,,,SUPPLIER_PAYMENT,,,,,,,,,,,,,,,,,,,,,,,,,Payment to SUP001 – INV00053,PAYABLE,,,,,,,,,,,,,,,,,,TXNBBE4F688,INVOICE,INV00053
transactions,2025-05-20,COMP001,,,,,,,,,,,,,,,,,,,,,,,,,,,,,,8844799.42,,,,,,,,,COMPLETED,,,,,,,CUSTOMER_PAYMENT,,,,,,,,,,,,,,,,,,,,,,,,,Collection from CUST003 – RCV00097,RECEIVABLE,,,,,,,,,,,,,,,,,,TXNE91939B4,RECEIVABLE,RCV00097
transactions,2025-05-21,COMP001,,,,,,,,,,,,,,,,,,,,,,,,,,,,,,-4037938.77,,,,,,,,,COMPLETED,,,,,,,OPERATING_EXPENSE,,,,,,,,,,,,,,,,,,,,,,,,,Daily operating expenses,OPEX,,,,,,,,,,,,,,,,,,TXN9FFC5260,COMPANY,COMP001
transactions,2025-05-21,COMP001,,,,,,,,,,,,,,,,,,,,,,,,,,,,,,15207046.12,,,,,,,,,COMPLETED,,,,,,,CUSTOMER_PAYMENT,,,,,,,,,,,,,,,,,,,,,,,,,Collection from CUST023 – RCV00308,RECEIVABLE,,,,,,,,,,,,,,,,,,TXN5A07AD46,RECEIVABLE,RCV00308
transactions,2025-05-21,COMP001,,,,,,,,,,,,,,,,,,,,,,,,,,,,,,-6438952.86,,,,,,,,,COMPLETED,,,,,,,SUPPLIER_PAYMENT,,,,,,,,,,,,,,,,,,,,,,,,,Payment to SUP008 – INV00467,PAYABLE,,,,,,,,,,,,,,,,,,TXN3E1D5906,INVOICE,INV00467
transactions,2025-05-21,COMP001,,,,,,,,,,,,,,,,,,,,,,,,,,,,,,59358879.7,,,,,,,,,COMPLETED,,,,,,,CUSTOMER_PAYMENT,,,,,,,,,,,,,,,,,,,,,,,,,Collection from CUST010 – RCV00254,RECEIVABLE,,,,,,,,,,,,,,,,,,TXN714DDF0D,RECEIVABLE,RCV00254
transactions,2025-05-21,COMP001,,,,,,,,,,,,,,,,,,,,,,,,,,,,,,21954760.07,,,,,,,,,COMPLETED,,,,,,,CUSTOMER_PAYMENT,,,,,,,,,,,,,,,,,,,,,,,,,Daily dealership & fleet sales collection,SALES_RECEIPTS,,,,,,,,,,,,,,,,,,TXN282B10BE,COMPANY,COMP001
transactions,2025-05-22,COMP001,,,,,,,,,,,,,,,,,,,,,,,,,,,,,,-6415845.44,,,,,,,,,COMPLETED,,,,,,,OPERATING_EXPENSE,,,,,,,,,,,,,,,,,,,,,,,,,Daily operating expenses,OPEX,,,,,,,,,,,,,,,,,,TXN83DC22A4,COMPANY,COMP001
transactions,2025-05-22,COMP001,,,,,,,,,,,,,,,,,,,,,,,,,,,,,,20237134.1,,,,,,,,,COMPLETED,,,,,,,CUSTOMER_PAYMENT,,,,,,,,,,,,,,,,,,,,,,,,,Daily dealership & fleet sales collection,SALES_RECEIPTS,,,,,,,,,,,,,,,,,,TXNB74FE377,COMPANY,COMP001
transactions,2025-05-22,COMP001,,,,,,,,,,,,,,,,,,,,,,,,,,,,,,19193295.83,,,,,,,,,COMPLETED,,,,,,,CUSTOMER_PAYMENT,,,,,,,,,,,,,,,,,,,,,,,,,Collection from CUST017 – RCV00117,RECEIVABLE,,,,,,,,,,,,,,,,,,TXN9E5DE07D,RECEIVABLE,RCV00117
transactions,2025-05-23,COMP001,,,,,,,,,,,,,,,,,,,,,,,,,,,,,,-50760615.05,,,,,,,,,COMPLETED,,,,,,,SUPPLIER_PAYMENT,,,,,,,,,,,,,,,,,,,,,,,,,Payment to SUP005 – INV00043,PAYABLE,,,,,,,,,,,,,,,,,,TXNCCCF247C,INVOICE,INV00043
transactions,2025-05-23,COMP001,,,,,,,,,,,,,,,,,,,,,,,,,,,,,,-3764223.22,,,,,,,,,COMPLETED,,,,,,,OPERATING_EXPENSE,,,,,,,,,,,,,,,,,,,,,,,,,Daily operating expenses,OPEX,,,,,,,,,,,,,,,,,,TXN3CD1026E,COMPANY,COMP001
transactions,2025-05-23,COMP001,,,,,,,,,,,,,,,,,,,,,,,,,,,,,,-18705927.22,,,,,,,,,COMPLETED,,,,,,,SUPPLIER_PAYMENT,,,,,,,,,,,,,,,,,,,,,,,,,Payment to SUP007 – INV00447,PAYABLE,,,,,,,,,,,,,,,,,,TXNDDACA05B,INVOICE,INV00447
transactions,2025-05-23,COMP001,,,,,,,,,,,,,,,,,,,,,,,,,,,,,,37065735.41,,,,,,,,,COMPLETED,,,,,,,CUSTOMER_PAYMENT,,,,,,,,,,,,,,,,,,,,,,,,,Collection from CUST021 – RCV00210,RECEIVABLE,,,,,,,,,,,,,,,,,,TXN5202798C,RECEIVABLE,RCV00210
transactions,2025-05-23,COMP001,,,,,,,,,,,,,,,,,,,,,,,,,,,,,,56405066.04,,,,,,,,,COMPLETED,,,,,,,CUSTOMER_PAYMENT,,,,,,,,,,,,,,,,,,,,,,,,,Collection from CUST024 – RCV00168,RECEIVABLE,,,,,,,,,,,,,,,,,,TXN934C2525,RECEIVABLE,RCV00168
transactions,2025-05-23,COMP001,,,,,,,,,,,,,,,,,,,,,,,,,,,,,,22768205.82,,,,,,,,,COMPLETED,,,,,,,CUSTOMER_PAYMENT,,,,,,,,,,,,,,,,,,,,,,,,,Daily dealership & fleet sales collection,SALES_RECEIPTS,,,,,,,,,,,,,,,,,,TXN953F843C,COMPANY,COMP001
transactions,2025-05-24,COMP001,,,,,,,,,,,,,,,,,,,,,,,,,,,,,,2938870.28,,,,,,,,,COMPLETED,,,,,,,CUSTOMER_PAYMENT,,,,,,,,,,,,,,,,,,,,,,,,,Daily dealership & fleet sales collection,SALES_RECEIPTS,,,,,,,,,,,,,,,,,,TXN24DBC944,COMPANY,COMP001
transactions,2025-05-24,COMP001,,,,,,,,,,,,,,,,,,,,,,,,,,,,,,-974830.48,,,,,,,,,COMPLETED,,,,,,,OPERATING_EXPENSE,,,,,,,,,,,,,,,,,,,,,,,,,Daily operating expenses,OPEX,,,,,,,,,,,,,,,,,,TXN6ACA35B2,COMPANY,COMP001
transactions,2025-05-25,COMP001,,,,,,,,,,,,,,,,,,,,,,,,,,,,,,-42012904.61,,,,,,,,,COMPLETED,,,,,,,SUPPLIER_PAYMENT,,,,,,,,,,,,,,,,,,,,,,,,,Payment to SUP011 – INV00383,PAYABLE,,,,,,,,,,,,,,,,,,TXN9A260B79,INVOICE,INV00383
transactions,2025-05-25,COMP001,,,,,,,,,,,,,,,,,,,,,,,,,,,,,,-1850369.26,,,,,,,,,COMPLETED,,,,,,,OPERATING_EXPENSE,,,,,,,,,,,,,,,,,,,,,,,,,Daily operating expenses,OPEX,,,,,,,,,,,,,,,,,,TXNDC5483A5,COMPANY,COMP001
transactions,2025-05-25,COMP001,,,,,,,,,,,,,,,,,,,,,,,,,,,,,,2020892.66,,,,,,,,,COMPLETED,,,,,,,CUSTOMER_PAYMENT,,,,,,,,,,,,,,,,,,,,,,,,,Daily dealership & fleet sales collection,SALES_RECEIPTS,,,,,,,,,,,,,,,,,,TXN1FC81182,COMPANY,COMP001
transactions,2025-05-25,COMP001,,,,,,,,,,,,,,,,,,,,,,,,,,,,,,-35274439.15,,,,,,,,,COMPLETED,,,,,,,SUPPLIER_PAYMENT,,,,,,,,,,,,,,,,,,,,,,,,,Payment to SUP004 – INV00137,PAYABLE,,,,,,,,,,,,,,,,,,TXN7C3BB59A,INVOICE,INV00137
transactions,2025-05-25,COMP001,,,,,,,,,,,,,,,,,,,,,,,,,,,,,,-34697110.81,,,,,,,,,COMPLETED,,,,,,,SUPPLIER_PAYMENT,,,,,,,,,,,,,,,,,,,,,,,,,Payment to SUP008 – INV00266,PAYABLE,,,,,,,,,,,,,,,,,,TXNFE947B0F,INVOICE,INV00266
transactions,2025-05-26,COMP001,,,,,,,,,,,,,,,,,,,,,,,,,,,,,,-8313220.09,,,,,,,,,COMPLETED,,,,,,,OPERATING_EXPENSE,,,,,,,,,,,,,,,,,,,,,,,,,Daily operating expenses,OPEX,,,,,,,,,,,,,,,,,,TXNA0E40E21,COMPANY,COMP001
transactions,2025-05-26,COMP001,,,,,,,,,,,,,,,,,,,,,,,,,,,,,,-34761151.86,,,,,,,,,COMPLETED,,,,,,,SUPPLIER_PAYMENT,,,,,,,,,,,,,,,,,,,,,,,,,Payment to SUP013 – INV00259,PAYABLE,,,,,,,,,,,,,,,,,,TXND4F6744E,INVOICE,INV00259
transactions,2025-05-26,COMP001,,,,,,,,,,,,,,,,,,,,,,,,,,,,,,-49445617.01,,,,,,,,,COMPLETED,,,,,,,SUPPLIER_PAYMENT,,,,,,,,,,,,,,,,,,,,,,,,,Payment to SUP007 – INV00157,PAYABLE,,,,,,,,,,,,,,,,,,TXN789890B3,INVOICE,INV00157
transactions,2025-05-26,COMP001,,,,,,,,,,,,,,,,,,,,,,,,,,,,,,19910340.83,,,,,,,,,COMPLETED,,,,,,,CUSTOMER_PAYMENT,,,,,,,,,,,,,,,,,,,,,,,,,Daily dealership & fleet sales collection,SALES_RECEIPTS,,,,,,,,,,,,,,,,,,TXND2B646E6,COMPANY,COMP001
transactions,2025-05-27,COMP001,,,,,,,,,,,,,,,,,,,,,,,,,,,,,,-8226146.05,,,,,,,,,COMPLETED,,,,,,,OPERATING_EXPENSE,,,,,,,,,,,,,,,,,,,,,,,,,Daily operating expenses,OPEX,,,,,,,,,,,,,,,,,,TXNF053ED16,COMPANY,COMP001
transactions,2025-05-27,COMP001,,,,,,,,,,,,,,,,,,,,,,,,,,,,,,-46623089.99,,,,,,,,,COMPLETED,,,,,,,SUPPLIER_PAYMENT,,,,,,,,,,,,,,,,,,,,,,,,,Payment to SUP005 – INV00208,PAYABLE,,,,,,,,,,,,,,,,,,TXN720D54AA,INVOICE,INV00208
transactions,2025-05-27,COMP001,,,,,,,,,,,,,,,,,,,,,,,,,,,,,,22494596.28,,,,,,,,,COMPLETED,,,,,,,CUSTOMER_PAYMENT,,,,,,,,,,,,,,,,,,,,,,,,,Daily dealership & fleet sales collection,SALES_RECEIPTS,,,,,,,,,,,,,,,,,,TXNE597F9F8,COMPANY,COMP001
transactions,2025-05-28,COMP001,,,,,,,,,,,,,,,,,,,,,,,,,,,,,,10058756.41,,,,,,,,,COMPLETED,,,,,,,CUSTOMER_PAYMENT,,,,,,,,,,,,,,,,,,,,,,,,,Daily dealership & fleet sales collection,SALES_RECEIPTS,,,,,,,,,,,,,,,,,,TXN002BCD18,COMPANY,COMP001
transactions,2025-05-28,COMP001,,,,,,,,,,,,,,,,,,,,,,,,,,,,,,-5384424.68,,,,,,,,,COMPLETED,,,,,,,OPERATING_EXPENSE,,,,,,,,,,,,,,,,,,,,,,,,,Daily operating expenses,OPEX,,,,,,,,,,,,,,,,,,TXNED90433F,COMPANY,COMP001
transactions,2025-05-28,COMP001,,,,,,,,,,,,,,,,,,,,,,,,,,,,,,-11290913.28,,,,,,,,,COMPLETED,,,,,,,SUPPLIER_PAYMENT,,,,,,,,,,,,,,,,,,,,,,,,,Payment to SUP010 – INV00386,PAYABLE,,,,,,,,,,,,,,,,,,TXNAA9CB4F8,INVOICE,INV00386
transactions,2025-05-29,COMP001,,,,,,,,,,,,,,,,,,,,,,,,,,,,,,-10110806.52,,,,,,,,,COMPLETED,,,,,,,OPERATING_EXPENSE,,,,,,,,,,,,,,,,,,,,,,,,,Daily operating expenses,OPEX,,,,,,,,,,,,,,,,,,TXNEC7953D8,COMPANY,COMP001
transactions,2025-05-29,COMP001,,,,,,,,,,,,,,,,,,,,,,,,,,,,,,21323236.26,,,,,,,,,COMPLETED,,,,,,,CUSTOMER_PAYMENT,,,,,,,,,,,,,,,,,,,,,,,,,Daily dealership & fleet sales collection,SALES_RECEIPTS,,,,,,,,,,,,,,,,,,TXN3C5BD41F,COMPANY,COMP001
transactions,2025-05-29,COMP001,,,,,,,,,,,,,,,,,,,,,,,,,,,,,,-19201374.04,,,,,,,,,COMPLETED,,,,,,,SUPPLIER_PAYMENT,,,,,,,,,,,,,,,,,,,,,,,,,Payment to SUP013 – INV00074,PAYABLE,,,,,,,,,,,,,,,,,,TXNB5368362,INVOICE,INV00074
transactions,2025-05-29,COMP001,,,,,,,,,,,,,,,,,,,,,,,,,,,,,,63745698.77,,,,,,,,,COMPLETED,,,,,,,CUSTOMER_PAYMENT,,,,,,,,,,,,,,,,,,,,,,,,,Collection from CUST013 – RCV00320,RECEIVABLE,,,,,,,,,,,,,,,,,,TXNE2D7FCAB,RECEIVABLE,RCV00320
transactions,2025-05-30,COMP001,,,,,,,,,,,,,,,,,,,,,,,,,,,,,,28715012.03,,,,,,,,,COMPLETED,,,,,,,CUSTOMER_PAYMENT,,,,,,,,,,,,,,,,,,,,,,,,,Collection from CUST018 – RCV00030,RECEIVABLE,,,,,,,,,,,,,,,,,,TXN78245A81,RECEIVABLE,RCV00030
transactions,2025-05-30,COMP001,,,,,,,,,,,,,,,,,,,,,,,,,,,,,,-11389201.13,,,,,,,,,COMPLETED,,,,,,,OPERATING_EXPENSE,,,,,,,,,,,,,,,,,,,,,,,,,Daily operating expenses,OPEX,,,,,,,,,,,,,,,,,,TXNC046B863,COMPANY,COMP001
transactions,2025-05-30,COMP001,,,,,,,,,,,,,,,,,,,,,,,,,,,,,,15832611.58,,,,,,,,,COMPLETED,,,,,,,CUSTOMER_PAYMENT,,,,,,,,,,,,,,,,,,,,,,,,,Collection from CUST015 – RCV00159,RECEIVABLE,,,,,,,,,,,,,,,,,,TXN9697BB59,RECEIVABLE,RCV00159
transactions,2025-05-30,COMP001,,,,,,,,,,,,,,,,,,,,,,,,,,,,,,20607843.64,,,,,,,,,COMPLETED,,,,,,,CUSTOMER_PAYMENT,,,,,,,,,,,,,,,,,,,,,,,,,Daily dealership & fleet sales collection,SALES_RECEIPTS,,,,,,,,,,,,,,,,,,TXN080BB82B,COMPANY,COMP001
transactions,2025-05-30,COMP001,,,,,,,,,,,,,,,,,,,,,,,,,,,,,,-41062700.77,,,,,,,,,COMPLETED,,,,,,,SUPPLIER_PAYMENT,,,,,,,,,,,,,,,,,,,,,,,,,Payment to SUP004 – INV00042,PAYABLE,,,,,,,,,,,,,,,,,,TXN32238FEA,INVOICE,INV00042
transactions,2025-05-31,COMP001,,,,,,,,,,,,,,,,,,,,,,,,,,,,,,-2388494.83,,,,,,,,,COMPLETED,,,,,,,OPERATING_EXPENSE,,,,,,,,,,,,,,,,,,,,,,,,,Daily operating expenses,OPEX,,,,,,,,,,,,,,,,,,TXN4EB597BF,COMPANY,COMP001
transactions,2025-05-31,COMP001,,,,,,,,,,,,,,,,,,,,,,,,,,,,,,2684885.39,,,,,,,,,COMPLETED,,,,,,,CUSTOMER_PAYMENT,,,,,,,,,,,,,,,,,,,,,,,,,Daily dealership & fleet sales collection,SALES_RECEIPTS,,,,,,,,,,,,,,,,,,TXNDA8E935C,COMPANY,COMP001
transactions,2025-06-01,COMP001,,,,,,,,,,,,,,,,,,,,,,,,,,,,,,-15864788.66,,,,,,,,,COMPLETED,,,,,,,SUPPLIER_PAYMENT,,,,,,,,,,,,,,,,,,,,,,,,,Payment to SUP004 – INV00366,PAYABLE,,,,,,,,,,,,,,,,,,TXN517CCC84,INVOICE,INV00366
transactions,2025-06-01,COMP001,,,,,,,,,,,,,,,,,,,,,,,,,,,,,,-48510195.02,,,,,,,,,COMPLETED,,,,,,,SUPPLIER_PAYMENT,,,,,,,,,,,,,,,,,,,,,,,,,Payment to SUP014 – INV00096,PAYABLE,,,,,,,,,,,,,,,,,,TXN3C6C0104,INVOICE,INV00096
transactions,2025-06-01,COMP001,,,,,,,,,,,,,,,,,,,,,,,,,,,,,,60321485.91,,,,,,,,,COMPLETED,,,,,,,CUSTOMER_PAYMENT,,,,,,,,,,,,,,,,,,,,,,,,,Collection from CUST025 – RCV00206,RECEIVABLE,,,,,,,,,,,,,,,,,,TXN0AD56B5C,RECEIVABLE,RCV00206
transactions,2025-06-01,COMP001,,,,,,,,,,,,,,,,,,,,,,,,,,,,,,-17914376.92,,,,,,,,,COMPLETED,,,,,,,SUPPLIER_PAYMENT,,,,,,,,,,,,,,,,,,,,,,,,,Payment to SUP005 – INV00379,PAYABLE,,,,,,,,,,,,,,,,,,TXNE9145AC7,INVOICE,INV00379
transactions,2025-06-01,COMP001,,,,,,,,,,,,,,,,,,,,,,,,,,,,,,-1736581.16,,,,,,,,,COMPLETED,,,,,,,OPERATING_EXPENSE,,,,,,,,,,,,,,,,,,,,,,,,,Daily operating expenses,OPEX,,,,,,,,,,,,,,,,,,TXN250D50F1,COMPANY,COMP001
transactions,2025-06-01,COMP001,,,,,,,,,,,,,,,,,,,,,,,,,,,,,,-43697613.1,,,,,,,,,COMPLETED,,,,,,,SUPPLIER_PAYMENT,,,,,,,,,,,,,,,,,,,,,,,,,Payment to SUP002 – INV00221,PAYABLE,,,,,,,,,,,,,,,,,,TXN97BB8729,INVOICE,INV00221
transactions,2025-06-01,COMP001,,,,,,,,,,,,,,,,,,,,,,,,,,,,,,2963587.9,,,,,,,,,COMPLETED,,,,,,,CUSTOMER_PAYMENT,,,,,,,,,,,,,,,,,,,,,,,,,Daily dealership & fleet sales collection,SALES_RECEIPTS,,,,,,,,,,,,,,,,,,TXN3908050B,COMPANY,COMP001
transactions,2025-06-01,COMP001,,,,,,,,,,,,,,,,,,,,,,,,,,,,,,29811902.77,,,,,,,,,COMPLETED,,,,,,,CUSTOMER_PAYMENT,,,,,,,,,,,,,,,,,,,,,,,,,Collection from CUST016 – RCV00310,RECEIVABLE,,,,,,,,,,,,,,,,,,TXNEB6C0B4F,RECEIVABLE,RCV00310
transactions,2025-06-01,COMP001,,,,,,,,,,,,,,,,,,,,,,,,,,,,,,-14499968.93,,,,,,,,,COMPLETED,,,,,,,SUPPLIER_PAYMENT,,,,,,,,,,,,,,,,,,,,,,,,,Payment to SUP013 – INV00119,PAYABLE,,,,,,,,,,,,,,,,,,TXN10B67AFE,INVOICE,INV00119
transactions,2025-06-01,COMP001,,,,,,,,,,,,,,,,,,,,,,,,,,,,,,-37350356.53,,,,,,,,,COMPLETED,,,,,,,SUPPLIER_PAYMENT,,,,,,,,,,,,,,,,,,,,,,,,,Payment to SUP003 – INV00476,PAYABLE,,,,,,,,,,,,,,,,,,TXND4C300AC,INVOICE,INV00476
transactions,2025-06-01,COMP001,,,,,,,,,,,,,,,,,,,,,,,,,,,,,,28365733.33,,,,,,,,,COMPLETED,,,,,,,CUSTOMER_PAYMENT,,,,,,,,,,,,,,,,,,,,,,,,,Collection from CUST013 – RCV00070,RECEIVABLE,,,,,,,,,,,,,,,,,,TXNA55B44FA,RECEIVABLE,RCV00070
transactions,2025-06-02,COMP001,,,,,,,,,,,,,,,,,,,,,,,,,,,,,,-10218123.69,,,,,,,,,COMPLETED,,,,,,,SUPPLIER_PAYMENT,,,,,,,,,,,,,,,,,,,,,,,,,Payment to SUP011 – INV00434,PAYABLE,,,,,,,,,,,,,,,,,,TXN601D104D,INVOICE,INV00434
transactions,2025-06-02,COMP001,,,,,,,,,,,,,,,,,,,,,,,,,,,,,,78982129.07,,,,,,,,,COMPLETED,,,,,,,CUSTOMER_PAYMENT,,,,,,,,,,,,,,,,,,,,,,,,,Collection from CUST011 – RCV00157,RECEIVABLE,,,,,,,,,,,,,,,,,,TXNA501E8E6,RECEIVABLE,RCV00157
transactions,2025-06-02,COMP001,,,,,,,,,,,,,,,,,,,,,,,,,,,,,,15451245.86,,,,,,,,,COMPLETED,,,,,,,CUSTOMER_PAYMENT,,,,,,,,,,,,,,,,,,,,,,,,,Daily dealership & fleet sales collection,SALES_RECEIPTS,,,,,,,,,,,,,,,,,,TXNB693CB9B,COMPANY,COMP001
transactions,2025-06-02,COMP001,,,,,,,,,,,,,,,,,,,,,,,,,,,,,,27064362.03,,,,,,,,,COMPLETED,,,,,,,CUSTOMER_PAYMENT,,,,,,,,,,,,,,,,,,,,,,,,,Collection from CUST012 – RCV00285,RECEIVABLE,,,,,,,,,,,,,,,,,,TXNDA720691,RECEIVABLE,RCV00285
transactions,2025-06-02,COMP001,,,,,,,,,,,,,,,,,,,,,,,,,,,,,,-4546007.16,,,,,,,,,COMPLETED,,,,,,,OPERATING_EXPENSE,,,,,,,,,,,,,,,,,,,,,,,,,Daily operating expenses,OPEX,,,,,,,,,,,,,,,,,,TXN3DF7C01A,COMPANY,COMP001
transactions,2025-06-03,COMP001,,,,,,,,,,,,,,,,,,,,,,,,,,,,,,12012579.11,,,,,,,,,COMPLETED,,,,,,,CUSTOMER_PAYMENT,,,,,,,,,,,,,,,,,,,,,,,,,Collection from CUST001 – RCV00035,RECEIVABLE,,,,,,,,,,,,,,,,,,TXN2B2A7935,RECEIVABLE,RCV00035
transactions,2025-06-03,COMP001,,,,,,,,,,,,,,,,,,,,,,,,,,,,,,30408377.24,,,,,,,,,COMPLETED,,,,,,,CUSTOMER_PAYMENT,,,,,,,,,,,,,,,,,,,,,,,,,Daily dealership & fleet sales collection,SALES_RECEIPTS,,,,,,,,,,,,,,,,,,TXND5F906DC,COMPANY,COMP001
transactions,2025-06-03,COMP001,,,,,,,,,,,,,,,,,,,,,,,,,,,,,,-54827715.33,,,,,,,,,COMPLETED,,,,,,,SUPPLIER_PAYMENT,,,,,,,,,,,,,,,,,,,,,,,,,Payment to SUP012 – INV00218,PAYABLE,,,,,,,,,,,,,,,,,,TXN79F57AB0,INVOICE,INV00218
transactions,2025-06-03,COMP001,,,,,,,,,,,,,,,,,,,,,,,,,,,,,,23054265.54,,,,,,,,,COMPLETED,,,,,,,CUSTOMER_PAYMENT,,,,,,,,,,,,,,,,,,,,,,,,,Collection from CUST021 – RCV00193,RECEIVABLE,,,,,,,,,,,,,,,,,,TXN056F2A0D,RECEIVABLE,RCV00193
transactions,2025-06-03,COMP001,,,,,,,,,,,,,,,,,,,,,,,,,,,,,,-5160785.62,,,,,,,,,COMPLETED,,,,,,,OPERATING_EXPENSE,,,,,,,,,,,,,,,,,,,,,,,,,Daily operating expenses,OPEX,,,,,,,,,,,,,,,,,,TXN3E57F4E1,COMPANY,COMP001
transactions,2025-06-04,COMP001,,,,,,,,,,,,,,,,,,,,,,,,,,,,,,-26568657.48,,,,,,,,,COMPLETED,,,,,,,SUPPLIER_PAYMENT,,,,,,,,,,,,,,,,,,,,,,,,,Payment to SUP004 – INV00480,PAYABLE,,,,,,,,,,,,,,,,,,TXN1D8ABC68,INVOICE,INV00480
transactions,2025-06-04,COMP001,,,,,,,,,,,,,,,,,,,,,,,,,,,,,,20516222.09,,,,,,,,,COMPLETED,,,,,,,CUSTOMER_PAYMENT,,,,,,,,,,,,,,,,,,,,,,,,,Daily dealership & fleet sales collection,SALES_RECEIPTS,,,,,,,,,,,,,,,,,,TXN64B671A5,COMPANY,COMP001
transactions,2025-06-04,COMP001,,,,,,,,,,,,,,,,,,,,,,,,,,,,,,-6858196.92,,,,,,,,,COMPLETED,,,,,,,OPERATING_EXPENSE,,,,,,,,,,,,,,,,,,,,,,,,,Daily operating expenses,OPEX,,,,,,,,,,,,,,,,,,TXN27A0E763,COMPANY,COMP001
transactions,2025-06-04,COMP001,,,,,,,,,,,,,,,,,,,,,,,,,,,,,,14389118.31,,,,,,,,,COMPLETED,,,,,,,CUSTOMER_PAYMENT,,,,,,,,,,,,,,,,,,,,,,,,,Collection from CUST011 – RCV00235,RECEIVABLE,,,,,,,,,,,,,,,,,,TXN5D498C35,RECEIVABLE,RCV00235
transactions,2025-06-05,COMP001,,,,,,,,,,,,,,,,,,,,,,,,,,,,,,46826659.17,,,,,,,,,COMPLETED,,,,,,,CUSTOMER_PAYMENT,,,,,,,,,,,,,,,,,,,,,,,,,Collection from CUST003 – RCV00198,RECEIVABLE,,,,,,,,,,,,,,,,,,TXND09DA9D7,RECEIVABLE,RCV00198
transactions,2025-06-05,COMP001,,,,,,,,,,,,,,,,,,,,,,,,,,,,,,-39097656.97,,,,,,,,,COMPLETED,,,,,,,SUPPLIER_PAYMENT,,,,,,,,,,,,,,,,,,,,,,,,,Payment to SUP015 – INV00404,PAYABLE,,,,,,,,,,,,,,,,,,TXND7B0E5F9,INVOICE,INV00404
transactions,2025-06-05,COMP001,,,,,,,,,,,,,,,,,,,,,,,,,,,,,,-13166187.21,,,,,,,,,COMPLETED,,,,,,,SUPPLIER_PAYMENT,,,,,,,,,,,,,,,,,,,,,,,,,Payment to SUP003 – INV00410,PAYABLE,,,,,,,,,,,,,,,,,,TXN2C0AF492,INVOICE,INV00410
transactions,2025-06-05,COMP001,,,,,,,,,,,,,,,,,,,,,,,,,,,,,,15861203.47,,,,,,,,,COMPLETED,,,,,,,CUSTOMER_PAYMENT,,,,,,,,,,,,,,,,,,,,,,,,,Daily dealership & fleet sales collection,SALES_RECEIPTS,,,,,,,,,,,,,,,,,,TXNB474377F,COMPANY,COMP001
transactions,2025-06-05,COMP001,,,,,,,,,,,,,,,,,,,,,,,,,,,,,,69601809.14,,,,,,,,,COMPLETED,,,,,,,CUSTOMER_PAYMENT,,,,,,,,,,,,,,,,,,,,,,,,,Collection from CUST022 – RCV00256,RECEIVABLE,,,,,,,,,,,,,,,,,,TXNC87F569B,RECEIVABLE,RCV00256
transactions,2025-06-05,COMP001,,,,,,,,,,,,,,,,,,,,,,,,,,,,,,-45235935.9,,,,,,,,,COMPLETED,,,,,,,SUPPLIER_PAYMENT,,,,,,,,,,,,,,,,,,,,,,,,,Payment to SUP007 – INV00220,PAYABLE,,,,,,,,,,,,,,,,,,TXNB1087D8E,INVOICE,INV00220
transactions,2025-06-05,COMP001,,,,,,,,,,,,,,,,,,,,,,,,,,,,,,-4044580.4,,,,,,,,,COMPLETED,,,,,,,OPERATING_EXPENSE,,,,,,,,,,,,,,,,,,,,,,,,,Daily operating expenses,OPEX,,,,,,,,,,,,,,,,,,TXN7EA7F13B,COMPANY,COMP001
transactions,2025-06-06,COMP001,,,,,,,,,,,,,,,,,,,,,,,,,,,,,,-19861367.29,,,,,,,,,COMPLETED,,,,,,,SUPPLIER_PAYMENT,,,,,,,,,,,,,,,,,,,,,,,,,Payment to SUP014 – INV00241,PAYABLE,,,,,,,,,,,,,,,,,,TXN2DE37135,INVOICE,INV00241
transactions,2025-06-06,COMP001,,,,,,,,,,,,,,,,,,,,,,,,,,,,,,27807093.15,,,,,,,,,COMPLETED,,,,,,,CUSTOMER_PAYMENT,,,,,,,,,,,,,,,,,,,,,,,,,Daily dealership & fleet sales collection,SALES_RECEIPTS,,,,,,,,,,,,,,,,,,TXNC7D6D86F,COMPANY,COMP001
transactions,2025-06-06,COMP001,,,,,,,,,,,,,,,,,,,,,,,,,,,,,,-4160629.01,,,,,,,,,COMPLETED,,,,,,,OPERATING_EXPENSE,,,,,,,,,,,,,,,,,,,,,,,,,Daily operating expenses,OPEX,,,,,,,,,,,,,,,,,,TXN05A648DB,COMPANY,COMP001
transactions,2025-06-06,COMP001,,,,,,,,,,,,,,,,,,,,,,,,,,,,,,-12659738.83,,,,,,,,,COMPLETED,,,,,,,SUPPLIER_PAYMENT,,,,,,,,,,,,,,,,,,,,,,,,,Payment to SUP012 – INV00105,PAYABLE,,,,,,,,,,,,,,,,,,TXN65FE18EE,INVOICE,INV00105
transactions,2025-06-06,COMP001,,,,,,,,,,,,,,,,,,,,,,,,,,,,,,-48749989.24,,,,,,,,,COMPLETED,,,,,,,SUPPLIER_PAYMENT,,,,,,,,,,,,,,,,,,,,,,,,,Payment to SUP004 – INV00254,PAYABLE,,,,,,,,,,,,,,,,,,TXNB234B01B,INVOICE,INV00254
transactions,2025-06-07,COMP001,,,,,,,,,,,,,,,,,,,,,,,,,,,,,,3771068.21,,,,,,,,,COMPLETED,,,,,,,CUSTOMER_PAYMENT,,,,,,,,,,,,,,,,,,,,,,,,,Daily dealership & fleet sales collection,SALES_RECEIPTS,,,,,,,,,,,,,,,,,,TXN28825A98,COMPANY,COMP001
transactions,2025-06-07,COMP001,,,,,,,,,,,,,,,,,,,,,,,,,,,,,,14692309.0,,,,,,,,,COMPLETED,,,,,,,CUSTOMER_PAYMENT,,,,,,,,,,,,,,,,,,,,,,,,,Collection from CUST019 – RCV00043,RECEIVABLE,,,,,,,,,,,,,,,,,,TXND9801244,RECEIVABLE,RCV00043
transactions,2025-06-07,COMP001,,,,,,,,,,,,,,,,,,,,,,,,,,,,,,-34012388.6,,,,,,,,,COMPLETED,,,,,,,SUPPLIER_PAYMENT,,,,,,,,,,,,,,,,,,,,,,,,,Payment to SUP003 – INV00481,PAYABLE,,,,,,,,,,,,,,,,,,TXN280A7C05,INVOICE,INV00481
transactions,2025-06-07,COMP001,,,,,,,,,,,,,,,,,,,,,,,,,,,,,,-1659201.76,,,,,,,,,COMPLETED,,,,,,,OPERATING_EXPENSE,,,,,,,,,,,,,,,,,,,,,,,,,Daily operating expenses,OPEX,,,,,,,,,,,,,,,,,,TXN262FA6A2,COMPANY,COMP001
transactions,2025-06-08,COMP001,,,,,,,,,,,,,,,,,,,,,,,,,,,,,,-22681849.41,,,,,,,,,COMPLETED,,,,,,,SUPPLIER_PAYMENT,,,,,,,,,,,,,,,,,,,,,,,,,Payment to SUP013 – INV00248,PAYABLE,,,,,,,,,,,,,,,,,,TXNCDD44808,INVOICE,INV00248
transactions,2025-06-08,COMP001,,,,,,,,,,,,,,,,,,,,,,,,,,,,,,57303111.3,,,,,,,,,COMPLETED,,,,,,,CUSTOMER_PAYMENT,,,,,,,,,,,,,,,,,,,,,,,,,Collection from CUST005 – RCV00115,RECEIVABLE,,,,,,,,,,,,,,,,,,TXN058791B8,RECEIVABLE,RCV00115
transactions,2025-06-08,COMP001,,,,,,,,,,,,,,,,,,,,,,,,,,,,,,-1320623.78,,,,,,,,,COMPLETED,,,,,,,OPERATING_EXPENSE,,,,,,,,,,,,,,,,,,,,,,,,,Daily operating expenses,OPEX,,,,,,,,,,,,,,,,,,TXN7562C25A,COMPANY,COMP001
transactions,2025-06-08,COMP001,,,,,,,,,,,,,,,,,,,,,,,,,,,,,,2915427.67,,,,,,,,,COMPLETED,,,,,,,CUSTOMER_PAYMENT,,,,,,,,,,,,,,,,,,,,,,,,,Daily dealership & fleet sales collection,SALES_RECEIPTS,,,,,,,,,,,,,,,,,,TXND7A5D5ED,COMPANY,COMP001
transactions,2025-06-08,COMP001,,,,,,,,,,,,,,,,,,,,,,,,,,,,,,64984587.65,,,,,,,,,COMPLETED,,,,,,,CUSTOMER_PAYMENT,,,,,,,,,,,,,,,,,,,,,,,,,Collection from CUST008 – RCV00002,RECEIVABLE,,,,,,,,,,,,,,,,,,TXN0F26AC35,RECEIVABLE,RCV00002
transactions,2025-06-09,COMP001,,,,,,,,,,,,,,,,,,,,,,,,,,,,,,-5073210.14,,,,,,,,,COMPLETED,,,,,,,OPERATING_EXPENSE,,,,,,,,,,,,,,,,,,,,,,,,,Daily operating expenses,OPEX,,,,,,,,,,,,,,,,,,TXN300D1A3E,COMPANY,COMP001
transactions,2025-06-09,COMP001,,,,,,,,,,,,,,,,,,,,,,,,,,,,,,19516680.35,,,,,,,,,COMPLETED,,,,,,,CUSTOMER_PAYMENT,,,,,,,,,,,,,,,,,,,,,,,,,Daily dealership & fleet sales collection,SALES_RECEIPTS,,,,,,,,,,,,,,,,,,TXNA4D61D50,COMPANY,COMP001
transactions,2025-06-09,COMP001,,,,,,,,,,,,,,,,,,,,,,,,,,,,,,-13353019.27,,,,,,,,,COMPLETED,,,,,,,SUPPLIER_PAYMENT,,,,,,,,,,,,,,,,,,,,,,,,,Payment to SUP010 – INV00173,PAYABLE,,,,,,,,,,,,,,,,,,TXN5B40F409,INVOICE,INV00173
transactions,2025-06-09,COMP001,,,,,,,,,,,,,,,,,,,,,,,,,,,,,,-42164561.89,,,,,,,,,COMPLETED,,,,,,,SUPPLIER_PAYMENT,,,,,,,,,,,,,,,,,,,,,,,,,Payment to SUP009 – INV00025,PAYABLE,,,,,,,,,,,,,,,,,,TXN2BB4EFBA,INVOICE,INV00025
transactions,2025-06-09,COMP001,,,,,,,,,,,,,,,,,,,,,,,,,,,,,,-12926812.96,,,,,,,,,COMPLETED,,,,,,,SUPPLIER_PAYMENT,,,,,,,,,,,,,,,,,,,,,,,,,Payment to SUP009 – INV00017,PAYABLE,,,,,,,,,,,,,,,,,,TXN6ED23619,INVOICE,INV00017
transactions,2025-06-10,COMP001,,,,,,,,,,,,,,,,,,,,,,,,,,,,,,-8292119.8,,,,,,,,,COMPLETED,,,,,,,OPERATING_EXPENSE,,,,,,,,,,,,,,,,,,,,,,,,,Daily operating expenses,OPEX,,,,,,,,,,,,,,,,,,TXNC40284FB,COMPANY,COMP001
transactions,2025-06-10,COMP001,,,,,,,,,,,,,,,,,,,,,,,,,,,,,,-52290221.02,,,,,,,,,COMPLETED,,,,,,,SUPPLIER_PAYMENT,,,,,,,,,,,,,,,,,,,,,,,,,Payment to SUP009 – INV00435,PAYABLE,,,,,,,,,,,,,,,,,,TXN88CEE04B,INVOICE,INV00435
transactions,2025-06-10,COMP001,,,,,,,,,,,,,,,,,,,,,,,,,,,,,,27314600.18,,,,,,,,,COMPLETED,,,,,,,CUSTOMER_PAYMENT,,,,,,,,,,,,,,,,,,,,,,,,,Daily dealership & fleet sales collection,SALES_RECEIPTS,,,,,,,,,,,,,,,,,,TXN48374DEC,COMPANY,COMP001
transactions,2025-06-11,COMP001,,,,,,,,,,,,,,,,,,,,,,,,,,,,,,20665377.21,,,,,,,,,COMPLETED,,,,,,,CUSTOMER_PAYMENT,,,,,,,,,,,,,,,,,,,,,,,,,Daily dealership & fleet sales collection,SALES_RECEIPTS,,,,,,,,,,,,,,,,,,TXN8174457E,COMPANY,COMP001
transactions,2025-06-11,COMP001,,,,,,,,,,,,,,,,,,,,,,,,,,,,,,-14905740.33,,,,,,,,,COMPLETED,,,,,,,SUPPLIER_PAYMENT,,,,,,,,,,,,,,,,,,,,,,,,,Payment to SUP002 – INV00120,PAYABLE,,,,,,,,,,,,,,,,,,TXN2BCEDF25,INVOICE,INV00120
transactions,2025-06-11,COMP001,,,,,,,,,,,,,,,,,,,,,,,,,,,,,,-7221261.52,,,,,,,,,COMPLETED,,,,,,,OPERATING_EXPENSE,,,,,,,,,,,,,,,,,,,,,,,,,Daily operating expenses,OPEX,,,,,,,,,,,,,,,,,,TXN21D94C8A,COMPANY,COMP001
transactions,2025-06-11,COMP001,,,,,,,,,,,,,,,,,,,,,,,,,,,,,,57096239.93,,,,,,,,,COMPLETED,,,,,,,CUSTOMER_PAYMENT,,,,,,,,,,,,,,,,,,,,,,,,,Collection from CUST011 – RCV00164,RECEIVABLE,,,,,,,,,,,,,,,,,,TXN471A23D0,RECEIVABLE,RCV00164
transactions,2025-06-12,COMP001,,,,,,,,,,,,,,,,,,,,,,,,,,,,,,-5538653.83,,,,,,,,,COMPLETED,,,,,,,SUPPLIER_PAYMENT,,,,,,,,,,,,,,,,,,,,,,,,,Payment to SUP011 – INV00117,PAYABLE,,,,,,,,,,,,,,,,,,TXNCA5E5C7D,INVOICE,INV00117
transactions,2025-06-12,COMP001,,,,,,,,,,,,,,,,,,,,,,,,,,,,,,-9166213.67,,,,,,,,,COMPLETED,,,,,,,OPERATING_EXPENSE,,,,,,,,,,,,,,,,,,,,,,,,,Daily operating expenses,OPEX,,,,,,,,,,,,,,,,,,TXN2C2F3515,COMPANY,COMP001
transactions,2025-06-12,COMP001,,,,,,,,,,,,,,,,,,,,,,,,,,,,,,25122943.82,,,,,,,,,COMPLETED,,,,,,,CUSTOMER_PAYMENT,,,,,,,,,,,,,,,,,,,,,,,,,Collection from CUST024 – RCV00301,RECEIVABLE,,,,,,,,,,,,,,,,,,TXN9E40E9C2,RECEIVABLE,RCV00301
transactions,2025-06-12,COMP001,,,,,,,,,,,,,,,,,,,,,,,,,,,,,,-6061544.6,,,,,,,,,COMPLETED,,,,,,,SUPPLIER_PAYMENT,,,,,,,,,,,,,,,,,,,,,,,,,Payment to SUP004 – INV00103,PAYABLE,,,,,,,,,,,,,,,,,,TXN3E23523C,INVOICE,INV00103
transactions,2025-06-12,COMP001,,,,,,,,,,,,,,,,,,,,,,,,,,,,,,12312642.67,,,,,,,,,COMPLETED,,,,,,,CUSTOMER_PAYMENT,,,,,,,,,,,,,,,,,,,,,,,,,Daily dealership & fleet sales collection,SALES_RECEIPTS,,,,,,,,,,,,,,,,,,TXN2DA7CBD7,COMPANY,COMP001
transactions,2025-06-13,COMP001,,,,,,,,,,,,,,,,,,,,,,,,,,,,,,-5634329.15,,,,,,,,,COMPLETED,,,,,,,OPERATING_EXPENSE,,,,,,,,,,,,,,,,,,,,,,,,,Daily operating expenses,OPEX,,,,,,,,,,,,,,,,,,TXNB578E977,COMPANY,COMP001
transactions,2025-06-13,COMP001,,,,,,,,,,,,,,,,,,,,,,,,,,,,,,20786690.24,,,,,,,,,COMPLETED,,,,,,,CUSTOMER_PAYMENT,,,,,,,,,,,,,,,,,,,,,,,,,Daily dealership & fleet sales collection,SALES_RECEIPTS,,,,,,,,,,,,,,,,,,TXN73B9BE06,COMPANY,COMP001
transactions,2025-06-14,COMP001,,,,,,,,,,,,,,,,,,,,,,,,,,,,,,15734498.85,,,,,,,,,COMPLETED,,,,,,,CUSTOMER_PAYMENT,,,,,,,,,,,,,,,,,,,,,,,,,Collection from CUST013 – RCV00194,RECEIVABLE,,,,,,,,,,,,,,,,,,TXNC4642936,RECEIVABLE,RCV00194
transactions,2025-06-14,COMP001,,,,,,,,,,,,,,,,,,,,,,,,,,,,,,74594141.13,,,,,,,,,COMPLETED,,,,,,,CUSTOMER_PAYMENT,,,,,,,,,,,,,,,,,,,,,,,,,Collection from CUST024 – RCV00100,RECEIVABLE,,,,,,,,,,,,,,,,,,TXN24957AF9,RECEIVABLE,RCV00100
transactions,2025-06-14,COMP001,,,,,,,,,,,,,,,,,,,,,,,,,,,,,,-8725523.77,,,,,,,,,COMPLETED,,,,,,,SUPPLIER_PAYMENT,,,,,,,,,,,,,,,,,,,,,,,,,Payment to SUP013 – INV00112,PAYABLE,,,,,,,,,,,,,,,,,,TXN5369AB2A,INVOICE,INV00112
transactions,2025-06-14,COMP001,,,,,,,,,,,,,,,,,,,,,,,,,,,,,,-59230492.6,,,,,,,,,COMPLETED,,,,,,,SUPPLIER_PAYMENT,,,,,,,,,,,,,,,,,,,,,,,,,Payment to SUP009 – INV00451,PAYABLE,,,,,,,,,,,,,,,,,,TXNDF767342,INVOICE,INV00451
transactions,2025-06-14,COMP001,,,,,,,,,,,,,,,,,,,,,,,,,,,,,,-1740202.42,,,,,,,,,COMPLETED,,,,,,,OPERATING_EXPENSE,,,,,,,,,,,,,,,,,,,,,,,,,Daily operating expenses,OPEX,,,,,,,,,,,,,,,,,,TXN0C83D203,COMPANY,COMP001
transactions,2025-06-14,COMP001,,,,,,,,,,,,,,,,,,,,,,,,,,,,,,2847825.5,,,,,,,,,COMPLETED,,,,,,,CUSTOMER_PAYMENT,,,,,,,,,,,,,,,,,,,,,,,,,Daily dealership & fleet sales collection,SALES_RECEIPTS,,,,,,,,,,,,,,,,,,TXN848411A4,COMPANY,COMP001
transactions,2025-06-15,COMP001,,,,,,,,,,,,,,,,,,,,,,,,,,,,,,-11805059.78,,,,,,,,,COMPLETED,,,,,,,SUPPLIER_PAYMENT,,,,,,,,,,,,,,,,,,,,,,,,,Payment to SUP008 – INV00337,PAYABLE,,,,,,,,,,,,,,,,,,TXN238CEF79,INVOICE,INV00337
transactions,2025-06-15,COMP001,,,,,,,,,,,,,,,,,,,,,,,,,,,,,,1396542.6,,,,,,,,,COMPLETED,,,,,,,CUSTOMER_PAYMENT,,,,,,,,,,,,,,,,,,,,,,,,,Daily dealership & fleet sales collection,SALES_RECEIPTS,,,,,,,,,,,,,,,,,,TXNFDC5583C,COMPANY,COMP001
transactions,2025-06-15,COMP001,,,,,,,,,,,,,,,,,,,,,,,,,,,,,,247062699.85,,,,,,,,,COMPLETED,,,,,,,LOAN_DRAW,,,,,,,,,,,,,,,,,,,,,,,,,Loan drawdown from ICICI Bank,FINANCING,,,,,,,,,,,,,,,,,,TXN7958F1DD,FINANCING_OPTION,FIN003
transactions,2025-06-15,COMP001,,,,,,,,,,,,,,,,,,,,,,,,,,,,,,-1312428.95,,,,,,,,,COMPLETED,,,,,,,OPERATING_EXPENSE,,,,,,,,,,,,,,,,,,,,,,,,,Daily operating expenses,OPEX,,,,,,,,,,,,,,,,,,TXN3223DEA2,COMPANY,COMP001
transactions,2025-06-16,COMP001,,,,,,,,,,,,,,,,,,,,,,,,,,,,,,15705007.26,,,,,,,,,COMPLETED,,,,,,,CUSTOMER_PAYMENT,,,,,,,,,,,,,,,,,,,,,,,,,Daily dealership & fleet sales collection,SALES_RECEIPTS,,,,,,,,,,,,,,,,,,TXN6CAF8A05,COMPANY,COMP001
transactions,2025-06-16,COMP001,,,,,,,,,,,,,,,,,,,,,,,,,,,,,,-6192151.11,,,,,,,,,COMPLETED,,,,,,,OPERATING_EXPENSE,,,,,,,,,,,,,,,,,,,,,,,,,Daily operating expenses,OPEX,,,,,,,,,,,,,,,,,,TXN0EDE522C,COMPANY,COMP001
transactions,2025-06-16,COMP001,,,,,,,,,,,,,,,,,,,,,,,,,,,,,,-16672552.88,,,,,,,,,COMPLETED,,,,,,,SUPPLIER_PAYMENT,,,,,,,,,,,,,,,,,,,,,,,,,Payment to SUP009 – INV00226,PAYABLE,,,,,,,,,,,,,,,,,,TXN99080F0D,INVOICE,INV00226
transactions,2025-06-17,COMP001,,,,,,,,,,,,,,,,,,,,,,,,,,,,,,-8463749.12,,,,,,,,,COMPLETED,,,,,,,OPERATING_EXPENSE,,,,,,,,,,,,,,,,,,,,,,,,,Daily operating expenses,OPEX,,,,,,,,,,,,,,,,,,TXN1DE05450,COMPANY,COMP001
transactions,2025-06-17,COMP001,,,,,,,,,,,,,,,,,,,,,,,,,,,,,,17438775.17,,,,,,,,,COMPLETED,,,,,,,CUSTOMER_PAYMENT,,,,,,,,,,,,,,,,,,,,,,,,,Daily dealership & fleet sales collection,SALES_RECEIPTS,,,,,,,,,,,,,,,,,,TXNB018848A,COMPANY,COMP001
transactions,2025-06-18,COMP001,,,,,,,,,,,,,,,,,,,,,,,,,,,,,,20449586.59,,,,,,,,,COMPLETED,,,,,,,CUSTOMER_PAYMENT,,,,,,,,,,,,,,,,,,,,,,,,,Collection from CUST015 – RCV00089,RECEIVABLE,,,,,,,,,,,,,,,,,,TXN682B08A0,RECEIVABLE,RCV00089
transactions,2025-06-18,COMP001,,,,,,,,,,,,,,,,,,,,,,,,,,,,,,75620855.82,,,,,,,,,COMPLETED,,,,,,,CUSTOMER_PAYMENT,,,,,,,,,,,,,,,,,,,,,,,,,Collection from CUST021 – RCV00293,RECEIVABLE,,,,,,,,,,,,,,,,,,TXN8B610621,RECEIVABLE,RCV00293
transactions,2025-06-18,COMP001,,,,,,,,,,,,,,,,,,,,,,,,,,,,,,-20733261.71,,,,,,,,,COMPLETED,,,,,,,SUPPLIER_PAYMENT,,,,,,,,,,,,,,,,,,,,,,,,,Payment to SUP012 – INV00367,PAYABLE,,,,,,,,,,,,,,,,,,TXND50E803C,INVOICE,INV00367
transactions,2025-06-18,COMP001,,,,,,,,,,,,,,,,,,,,,,,,,,,,,,-50187759.65,,,,,,,,,COMPLETED,,,,,,,SUPPLIER_PAYMENT,,,,,,,,,,,,,,,,,,,,,,,,,Payment to SUP005 – INV00297,PAYABLE,,,,,,,,,,,,,,,,,,TXN6975875E,INVOICE,INV00297
transactions,2025-06-18,COMP001,,,,,,,,,,,,,,,,,,,,,,,,,,,,,,14348651.93,,,,,,,,,COMPLETED,,,,,,,CUSTOMER_PAYMENT,,,,,,,,,,,,,,,,,,,,,,,,,Daily dealership & fleet sales collection,SALES_RECEIPTS,,,,,,,,,,,,,,,,,,TXN2AF8A7DA,COMPANY,COMP001
transactions,2025-06-18,COMP001,,,,,,,,,,,,,,,,,,,,,,,,,,,,,,-6176417.55,,,,,,,,,COMPLETED,,,,,,,OPERATING_EXPENSE,,,,,,,,,,,,,,,,,,,,,,,,,Daily operating expenses,OPEX,,,,,,,,,,,,,,,,,,TXNE8E3E91F,COMPANY,COMP001
transactions,2025-06-19,COMP001,,,,,,,,,,,,,,,,,,,,,,,,,,,,,,-50997373.5,,,,,,,,,COMPLETED,,,,,,,SUPPLIER_PAYMENT,,,,,,,,,,,,,,,,,,,,,,,,,Payment to SUP002 – INV00224,PAYABLE,,,,,,,,,,,,,,,,,,TXNECFA1A09,INVOICE,INV00224
transactions,2025-06-19,COMP001,,,,,,,,,,,,,,,,,,,,,,,,,,,,,,-3036132.08,,,,,,,,,COMPLETED,,,,,,,OPERATING_EXPENSE,,,,,,,,,,,,,,,,,,,,,,,,,Daily operating expenses,OPEX,,,,,,,,,,,,,,,,,,TXNB32C42F3,COMPANY,COMP001
transactions,2025-06-19,COMP001,,,,,,,,,,,,,,,,,,,,,,,,,,,,,,72358441.88,,,,,,,,,COMPLETED,,,,,,,CUSTOMER_PAYMENT,,,,,,,,,,,,,,,,,,,,,,,,,Collection from CUST013 – RCV00156,RECEIVABLE,,,,,,,,,,,,,,,,,,TXN2FA9E6A7,RECEIVABLE,RCV00156
transactions,2025-06-19,COMP001,,,,,,,,,,,,,,,,,,,,,,,,,,,,,,16715763.08,,,,,,,,,COMPLETED,,,,,,,CUSTOMER_PAYMENT,,,,,,,,,,,,,,,,,,,,,,,,,Daily dealership & fleet sales collection,SALES_RECEIPTS,,,,,,,,,,,,,,,,,,TXN03C95EB1,COMPANY,COMP001
transactions,2025-06-19,COMP001,,,,,,,,,,,,,,,,,,,,,,,,,,,,,,-57056547.69,,,,,,,,,COMPLETED,,,,,,,SUPPLIER_PAYMENT,,,,,,,,,,,,,,,,,,,,,,,,,Payment to SUP011 – INV00427,PAYABLE,,,,,,,,,,,,,,,,,,TXN43A66C98,INVOICE,INV00427
transactions,2025-06-19,COMP001,,,,,,,,,,,,,,,,,,,,,,,,,,,,,,-19659479.89,,,,,,,,,COMPLETED,,,,,,,SUPPLIER_PAYMENT,,,,,,,,,,,,,,,,,,,,,,,,,Payment to SUP006 – INV00095,PAYABLE,,,,,,,,,,,,,,,,,,TXNBE98A6F0,INVOICE,INV00095
transactions,2025-06-20,COMP001,,,,,,,,,,,,,,,,,,,,,,,,,,,,,,-53031295.7,,,,,,,,,COMPLETED,,,,,,,SUPPLIER_PAYMENT,,,,,,,,,,,,,,,,,,,,,,,,,Payment to SUP011 – INV00424,PAYABLE,,,,,,,,,,,,,,,,,,TXN1E4FFB58,INVOICE,INV00424
transactions,2025-06-20,COMP001,,,,,,,,,,,,,,,,,,,,,,,,,,,,,,24173761.05,,,,,,,,,COMPLETED,,,,,,,CUSTOMER_PAYMENT,,,,,,,,,,,,,,,,,,,,,,,,,Daily dealership & fleet sales collection,SALES_RECEIPTS,,,,,,,,,,,,,,,,,,TXN25127576,COMPANY,COMP001
transactions,2025-06-20,COMP001,,,,,,,,,,,,,,,,,,,,,,,,,,,,,,29007209.0,,,,,,,,,COMPLETED,,,,,,,CUSTOMER_PAYMENT,,,,,,,,,,,,,,,,,,,,,,,,,Collection from CUST015 – RCV00186,RECEIVABLE,,,,,,,,,,,,,,,,,,TXN4841873A,RECEIVABLE,RCV00186
transactions,2025-06-20,COMP001,,,,,,,,,,,,,,,,,,,,,,,,,,,,,,-9990257.04,,,,,,,,,COMPLETED,,,,,,,OPERATING_EXPENSE,,,,,,,,,,,,,,,,,,,,,,,,,Daily operating expenses,OPEX,,,,,,,,,,,,,,,,,,TXN1F0A598B,COMPANY,COMP001
transactions,2025-06-20,COMP001,,,,,,,,,,,,,,,,,,,,,,,,,,,,,,11460930.72,,,,,,,,,COMPLETED,,,,,,,CUSTOMER_PAYMENT,,,,,,,,,,,,,,,,,,,,,,,,,Collection from CUST015 – RCV00322,RECEIVABLE,,,,,,,,,,,,,,,,,,TXN69F7D326,RECEIVABLE,RCV00322
transactions,2025-06-20,COMP001,,,,,,,,,,,,,,,,,,,,,,,,,,,,,,71101945.44,,,,,,,,,COMPLETED,,,,,,,CUSTOMER_PAYMENT,,,,,,,,,,,,,,,,,,,,,,,,,Collection from CUST015 – RCV00223,RECEIVABLE,,,,,,,,,,,,,,,,,,TXN9B01563D,RECEIVABLE,RCV00223
transactions,2025-06-21,COMP001,,,,,,,,,,,,,,,,,,,,,,,,,,,,,,2155419.39,,,,,,,,,COMPLETED,,,,,,,CUSTOMER_PAYMENT,,,,,,,,,,,,,,,,,,,,,,,,,Daily dealership & fleet sales collection,SALES_RECEIPTS,,,,,,,,,,,,,,,,,,TXN28F9D993,COMPANY,COMP001
transactions,2025-06-21,COMP001,,,,,,,,,,,,,,,,,,,,,,,,,,,,,,-1743080.47,,,,,,,,,COMPLETED,,,,,,,OPERATING_EXPENSE,,,,,,,,,,,,,,,,,,,,,,,,,Daily operating expenses,OPEX,,,,,,,,,,,,,,,,,,TXNAF8B77E3,COMPANY,COMP001
transactions,2025-06-22,COMP001,,,,,,,,,,,,,,,,,,,,,,,,,,,,,,1957282.59,,,,,,,,,COMPLETED,,,,,,,CUSTOMER_PAYMENT,,,,,,,,,,,,,,,,,,,,,,,,,Daily dealership & fleet sales collection,SALES_RECEIPTS,,,,,,,,,,,,,,,,,,TXN27E5A711,COMPANY,COMP001
transactions,2025-06-22,COMP001,,,,,,,,,,,,,,,,,,,,,,,,,,,,,,-1578655.51,,,,,,,,,COMPLETED,,,,,,,OPERATING_EXPENSE,,,,,,,,,,,,,,,,,,,,,,,,,Daily operating expenses,OPEX,,,,,,,,,,,,,,,,,,TXN6D6732BD,COMPANY,COMP001
transactions,2025-06-23,COMP001,,,,,,,,,,,,,,,,,,,,,,,,,,,,,,19431748.71,,,,,,,,,COMPLETED,,,,,,,CUSTOMER_PAYMENT,,,,,,,,,,,,,,,,,,,,,,,,,Daily dealership & fleet sales collection,SALES_RECEIPTS,,,,,,,,,,,,,,,,,,TXN75768381,COMPANY,COMP001
transactions,2025-06-23,COMP001,,,,,,,,,,,,,,,,,,,,,,,,,,,,,,-9711235.03,,,,,,,,,COMPLETED,,,,,,,OPERATING_EXPENSE,,,,,,,,,,,,,,,,,,,,,,,,,Daily operating expenses,OPEX,,,,,,,,,,,,,,,,,,TXN97EBD182,COMPANY,COMP001
transactions,2025-06-24,COMP001,,,,,,,,,,,,,,,,,,,,,,,,,,,,,,31396457.0,,,,,,,,,COMPLETED,,,,,,,CUSTOMER_PAYMENT,,,,,,,,,,,,,,,,,,,,,,,,,Daily dealership & fleet sales collection,SALES_RECEIPTS,,,,,,,,,,,,,,,,,,TXNEBC1C615,COMPANY,COMP001
transactions,2025-06-24,COMP001,,,,,,,,,,,,,,,,,,,,,,,,,,,,,,-53285675.08,,,,,,,,,COMPLETED,,,,,,,SUPPLIER_PAYMENT,,,,,,,,,,,,,,,,,,,,,,,,,Payment to SUP008 – INV00144,PAYABLE,,,,,,,,,,,,,,,,,,TXN34D2E1A4,INVOICE,INV00144
transactions,2025-06-24,COMP001,,,,,,,,,,,,,,,,,,,,,,,,,,,,,,-12215145.37,,,,,,,,,COMPLETED,,,,,,,SUPPLIER_PAYMENT,,,,,,,,,,,,,,,,,,,,,,,,,Payment to SUP007 – INV00470,PAYABLE,,,,,,,,,,,,,,,,,,TXN714C1045,INVOICE,INV00470
transactions,2025-06-24,COMP001,,,,,,,,,,,,,,,,,,,,,,,,,,,,,,-5777881.58,,,,,,,,,COMPLETED,,,,,,,OPERATING_EXPENSE,,,,,,,,,,,,,,,,,,,,,,,,,Daily operating expenses,OPEX,,,,,,,,,,,,,,,,,,TXN46E59AB4,COMPANY,COMP001
transactions,2025-06-25,COMP001,,,,,,,,,,,,,,,,,,,,,,,,,,,,,,-8813756.77,,,,,,,,,COMPLETED,,,,,,,OPERATING_EXPENSE,,,,,,,,,,,,,,,,,,,,,,,,,Daily operating expenses,OPEX,,,,,,,,,,,,,,,,,,TXN68F74647,COMPANY,COMP001
transactions,2025-06-25,COMP001,,,,,,,,,,,,,,,,,,,,,,,,,,,,,,10767736.28,,,,,,,,,COMPLETED,,,,,,,CUSTOMER_PAYMENT,,,,,,,,,,,,,,,,,,,,,,,,,Collection from CUST011 – RCV00221,RECEIVABLE,,,,,,,,,,,,,,,,,,TXNEEE4A20A,RECEIVABLE,RCV00221
transactions,2025-06-25,COMP001,,,,,,,,,,,,,,,,,,,,,,,,,,,,,,-52301825.59,,,,,,,,,COMPLETED,,,,,,,SUPPLIER_PAYMENT,,,,,,,,,,,,,,,,,,,,,,,,,Payment to SUP015 – INV00257,PAYABLE,,,,,,,,,,,,,,,,,,TXN6C87EF1D,INVOICE,INV00257
transactions,2025-06-25,COMP001,,,,,,,,,,,,,,,,,,,,,,,,,,,,,,11046372.59,,,,,,,,,COMPLETED,,,,,,,CUSTOMER_PAYMENT,,,,,,,,,,,,,,,,,,,,,,,,,Daily dealership & fleet sales collection,SALES_RECEIPTS,,,,,,,,,,,,,,,,,,TXND531C076,COMPANY,COMP001
transactions,2025-06-25,COMP001,,,,,,,,,,,,,,,,,,,,,,,,,,,,,,-55115633.89,,,,,,,,,COMPLETED,,,,,,,SUPPLIER_PAYMENT,,,,,,,,,,,,,,,,,,,,,,,,,Payment to SUP014 – INV00138,PAYABLE,,,,,,,,,,,,,,,,,,TXN5B48B945,INVOICE,INV00138
transactions,2025-06-25,COMP001,,,,,,,,,,,,,,,,,,,,,,,,,,,,,,-36787369.29,,,,,,,,,COMPLETED,,,,,,,SUPPLIER_PAYMENT,,,,,,,,,,,,,,,,,,,,,,,,,Payment to SUP006 – INV00376,PAYABLE,,,,,,,,,,,,,,,,,,TXNF1899B11,INVOICE,INV00376
transactions,2025-06-26,COMP001,,,,,,,,,,,,,,,,,,,,,,,,,,,,,,-8086128.07,,,,,,,,,COMPLETED,,,,,,,OPERATING_EXPENSE,,,,,,,,,,,,,,,,,,,,,,,,,Daily operating expenses,OPEX,,,,,,,,,,,,,,,,,,TXN10DF644E,COMPANY,COMP001
transactions,2025-06-26,COMP001,,,,,,,,,,,,,,,,,,,,,,,,,,,,,,11802104.41,,,,,,,,,COMPLETED,,,,,,,CUSTOMER_PAYMENT,,,,,,,,,,,,,,,,,,,,,,,,,Collection from CUST024 – RCV00139,RECEIVABLE,,,,,,,,,,,,,,,,,,TXN4D8204A6,RECEIVABLE,RCV00139
transactions,2025-06-26,COMP001,,,,,,,,,,,,,,,,,,,,,,,,,,,,,,-53973092.95,,,,,,,,,COMPLETED,,,,,,,SUPPLIER_PAYMENT,,,,,,,,,,,,,,,,,,,,,,,,,Payment to SUP014 – INV00236,PAYABLE,,,,,,,,,,,,,,,,,,TXNFB3161FB,INVOICE,INV00236
transactions,2025-06-26,COMP001,,,,,,,,,,,,,,,,,,,,,,,,,,,,,,15603750.53,,,,,,,,,COMPLETED,,,,,,,CUSTOMER_PAYMENT,,,,,,,,,,,,,,,,,,,,,,,,,Daily dealership & fleet sales collection,SALES_RECEIPTS,,,,,,,,,,,,,,,,,,TXN7786B814,COMPANY,COMP001
transactions,2025-06-27,COMP001,,,,,,,,,,,,,,,,,,,,,,,,,,,,,,23436751.63,,,,,,,,,COMPLETED,,,,,,,CUSTOMER_PAYMENT,,,,,,,,,,,,,,,,,,,,,,,,,Daily dealership & fleet sales collection,SALES_RECEIPTS,,,,,,,,,,,,,,,,,,TXN6E9C2D70,COMPANY,COMP001
transactions,2025-06-27,COMP001,,,,,,,,,,,,,,,,,,,,,,,,,,,,,,32446752.05,,,,,,,,,COMPLETED,,,,,,,CUSTOMER_PAYMENT,,,,,,,,,,,,,,,,,,,,,,,,,Collection from CUST002 – RCV00327,RECEIVABLE,,,,,,,,,,,,,,,,,,TXNFBEF2211,RECEIVABLE,RCV00327
transactions,2025-06-27,COMP001,,,,,,,,,,,,,,,,,,,,,,,,,,,,,,19548157.43,,,,,,,,,COMPLETED,,,,,,,CUSTOMER_PAYMENT,,,,,,,,,,,,,,,,,,,,,,,,,Collection from CUST023 – RCV00050,RECEIVABLE,,,,,,,,,,,,,,,,,,TXN5A83455E,RECEIVABLE,RCV00050
transactions,2025-06-27,COMP001,,,,,,,,,,,,,,,,,,,,,,,,,,,,,,75853466.16,,,,,,,,,COMPLETED,,,,,,,CUSTOMER_PAYMENT,,,,,,,,,,,,,,,,,,,,,,,,,Collection from CUST009 – RCV00094,RECEIVABLE,,,,,,,,,,,,,,,,,,TXNEA2A65BE,RECEIVABLE,RCV00094
transactions,2025-06-27,COMP001,,,,,,,,,,,,,,,,,,,,,,,,,,,,,,-4869667.22,,,,,,,,,COMPLETED,,,,,,,OPERATING_EXPENSE,,,,,,,,,,,,,,,,,,,,,,,,,Daily operating expenses,OPEX,,,,,,,,,,,,,,,,,,TXNEF34DD2E,COMPANY,COMP001
transactions,2025-06-27,COMP001,,,,,,,,,,,,,,,,,,,,,,,,,,,,,,48546819.51,,,,,,,,,COMPLETED,,,,,,,CUSTOMER_PAYMENT,,,,,,,,,,,,,,,,,,,,,,,,,Collection from CUST021 – RCV00083,RECEIVABLE,,,,,,,,,,,,,,,,,,TXN1B3D4063,RECEIVABLE,RCV00083
transactions,2025-06-28,COMP001,,,,,,,,,,,,,,,,,,,,,,,,,,,,,,-1135493.76,,,,,,,,,COMPLETED,,,,,,,OPERATING_EXPENSE,,,,,,,,,,,,,,,,,,,,,,,,,Daily operating expenses,OPEX,,,,,,,,,,,,,,,,,,TXNAABDBC42,COMPANY,COMP001
transactions,2025-06-28,COMP001,,,,,,,,,,,,,,,,,,,,,,,,,,,,,,65877028.78,,,,,,,,,COMPLETED,,,,,,,CUSTOMER_PAYMENT,,,,,,,,,,,,,,,,,,,,,,,,,Collection from CUST023 – RCV00234,RECEIVABLE,,,,,,,,,,,,,,,,,,TXNCB04381C,RECEIVABLE,RCV00234
transactions,2025-06-28,COMP001,,,,,,,,,,,,,,,,,,,,,,,,,,,,,,3611918.19,,,,,,,,,COMPLETED,,,,,,,CUSTOMER_PAYMENT,,,,,,,,,,,,,,,,,,,,,,,,,Daily dealership & fleet sales collection,SALES_RECEIPTS,,,,,,,,,,,,,,,,,,TXN0A0A7675,COMPANY,COMP001
transactions,2025-06-29,COMP001,,,,,,,,,,,,,,,,,,,,,,,,,,,,,,-1846468.53,,,,,,,,,COMPLETED,,,,,,,OPERATING_EXPENSE,,,,,,,,,,,,,,,,,,,,,,,,,Daily operating expenses,OPEX,,,,,,,,,,,,,,,,,,TXN9A707A67,COMPANY,COMP001
transactions,2025-06-29,COMP001,,,,,,,,,,,,,,,,,,,,,,,,,,,,,,1467575.34,,,,,,,,,COMPLETED,,,,,,,CUSTOMER_PAYMENT,,,,,,,,,,,,,,,,,,,,,,,,,Daily dealership & fleet sales collection,SALES_RECEIPTS,,,,,,,,,,,,,,,,,,TXN21D315E1,COMPANY,COMP001
transactions,2025-06-30,COMP001,,,,,,,,,,,,,,,,,,,,,,,,,,,,,,-36835476.8,,,,,,,,,COMPLETED,,,,,,,SUPPLIER_PAYMENT,,,,,,,,,,,,,,,,,,,,,,,,,Payment to SUP010 – INV00063,PAYABLE,,,,,,,,,,,,,,,,,,TXN58DF6BB9,INVOICE,INV00063
transactions,2025-06-30,COMP001,,,,,,,,,,,,,,,,,,,,,,,,,,,,,,57082629.06,,,,,,,,,COMPLETED,,,,,,,CUSTOMER_PAYMENT,,,,,,,,,,,,,,,,,,,,,,,,,Collection from CUST008 – RCV00273,RECEIVABLE,,,,,,,,,,,,,,,,,,TXND6A268CA,RECEIVABLE,RCV00273
transactions,2025-06-30,COMP001,,,,,,,,,,,,,,,,,,,,,,,,,,,,,,8539075.46,,,,,,,,,COMPLETED,,,,,,,CUSTOMER_PAYMENT,,,,,,,,,,,,,,,,,,,,,,,,,Daily dealership & fleet sales collection,SALES_RECEIPTS,,,,,,,,,,,,,,,,,,TXN9998266D,COMPANY,COMP001
transactions,2025-06-30,COMP001,,,,,,,,,,,,,,,,,,,,,,,,,,,,,,33803178.03,,,,,,,,,COMPLETED,,,,,,,CUSTOMER_PAYMENT,,,,,,,,,,,,,,,,,,,,,,,,,Collection from CUST017 – RCV00182,RECEIVABLE,,,,,,,,,,,,,,,,,,TXN91195DD1,RECEIVABLE,RCV00182
transactions,2025-06-30,COMP001,,,,,,,,,,,,,,,,,,,,,,,,,,,,,,-12875030.16,,,,,,,,,COMPLETED,,,,,,,INTEREST_PAYMENT,,,,,,,,,,,,,,,,,,,,,,,,,Quarterly interest payment,FINANCING,,,,,,,,,,,,,,,,,,TXN3FF1213F,FINANCING_OPTION,FIN001
transactions,2025-06-30,COMP001,,,,,,,,,,,,,,,,,,,,,,,,,,,,,,-5971986.45,,,,,,,,,COMPLETED,,,,,,,OPERATING_EXPENSE,,,,,,,,,,,,,,,,,,,,,,,,,Daily operating expenses,OPEX,,,,,,,,,,,,,,,,,,TXND4B2B576,COMPANY,COMP001
transactions,2025-07-01,COMP001,,,,,,,,,,,,,,,,,,,,,,,,,,,,,,3709463.32,,,,,,,,,COMPLETED,,,,,,,CUSTOMER_PAYMENT,,,,,,,,,,,,,,,,,,,,,,,,,Collection from CUST016 – RCV00188,RECEIVABLE,,,,,,,,,,,,,,,,,,TXN3C7FDF8E,RECEIVABLE,RCV00188
transactions,2025-07-01,COMP001,,,,,,,,,,,,,,,,,,,,,,,,,,,,,,-7112504.64,,,,,,,,,COMPLETED,,,,,,,OPERATING_EXPENSE,,,,,,,,,,,,,,,,,,,,,,,,,Daily operating expenses,OPEX,,,,,,,,,,,,,,,,,,TXNF045C56D,COMPANY,COMP001
transactions,2025-07-01,COMP001,,,,,,,,,,,,,,,,,,,,,,,,,,,,,,16214404.37,,,,,,,,,COMPLETED,,,,,,,CUSTOMER_PAYMENT,,,,,,,,,,,,,,,,,,,,,,,,,Daily dealership & fleet sales collection,SALES_RECEIPTS,,,,,,,,,,,,,,,,,,TXN320A8F36,COMPANY,COMP001
transactions,2025-07-01,COMP001,,,,,,,,,,,,,,,,,,,,,,,,,,,,,,-32664679.04,,,,,,,,,COMPLETED,,,,,,,SUPPLIER_PAYMENT,,,,,,,,,,,,,,,,,,,,,,,,,Payment to SUP001 – INV00246,PAYABLE,,,,,,,,,,,,,,,,,,TXN5D363282,INVOICE,INV00246
transactions,2025-07-02,COMP001,,,,,,,,,,,,,,,,,,,,,,,,,,,,,,-8298993.25,,,,,,,,,COMPLETED,,,,,,,SUPPLIER_PAYMENT,,,,,,,,,,,,,,,,,,,,,,,,,Payment to SUP011 – INV00243,PAYABLE,,,,,,,,,,,,,,,,,,TXN7839184B,INVOICE,INV00243
transactions,2025-07-02,COMP001,,,,,,,,,,,,,,,,,,,,,,,,,,,,,,15857955.12,,,,,,,,,COMPLETED,,,,,,,CUSTOMER_PAYMENT,,,,,,,,,,,,,,,,,,,,,,,,,Daily dealership & fleet sales collection,SALES_RECEIPTS,,,,,,,,,,,,,,,,,,TXN1B0E0A4F,COMPANY,COMP001
transactions,2025-07-02,COMP001,,,,,,,,,,,,,,,,,,,,,,,,,,,,,,-49130824.51,,,,,,,,,COMPLETED,,,,,,,SUPPLIER_PAYMENT,,,,,,,,,,,,,,,,,,,,,,,,,Payment to SUP007 – INV00411,PAYABLE,,,,,,,,,,,,,,,,,,TXNA4A815C8,INVOICE,INV00411
transactions,2025-07-02,COMP001,,,,,,,,,,,,,,,,,,,,,,,,,,,,,,-4782441.12,,,,,,,,,COMPLETED,,,,,,,OPERATING_EXPENSE,,,,,,,,,,,,,,,,,,,,,,,,,Daily operating expenses,OPEX,,,,,,,,,,,,,,,,,,TXNAC3BD548,COMPANY,COMP001
transactions,2025-07-03,COMP001,,,,,,,,,,,,,,,,,,,,,,,,,,,,,,11163601.43,,,,,,,,,COMPLETED,,,,,,,CUSTOMER_PAYMENT,,,,,,,,,,,,,,,,,,,,,,,,,Daily dealership & fleet sales collection,SALES_RECEIPTS,,,,,,,,,,,,,,,,,,TXN4CD734D2,COMPANY,COMP001
transactions,2025-07-03,COMP001,,,,,,,,,,,,,,,,,,,,,,,,,,,,,,6915175.95,,,,,,,,,COMPLETED,,,,,,,CUSTOMER_PAYMENT,,,,,,,,,,,,,,,,,,,,,,,,,Collection from CUST012 – RCV00009,RECEIVABLE,,,,,,,,,,,,,,,,,,TXN2CCDFE7C,RECEIVABLE,RCV00009
transactions,2025-07-03,COMP001,,,,,,,,,,,,,,,,,,,,,,,,,,,,,,-9128494.1,,,,,,,,,COMPLETED,,,,,,,OPERATING_EXPENSE,,,,,,,,,,,,,,,,,,,,,,,,,Daily operating expenses,OPEX,,,,,,,,,,,,,,,,,,TXNA02F5AF4,COMPANY,COMP001
transactions,2025-07-03,COMP001,,,,,,,,,,,,,,,,,,,,,,,,,,,,,,13344800.16,,,,,,,,,COMPLETED,,,,,,,CUSTOMER_PAYMENT,,,,,,,,,,,,,,,,,,,,,,,,,Collection from CUST018 – RCV00284,RECEIVABLE,,,,,,,,,,,,,,,,,,TXN797F3CB3,RECEIVABLE,RCV00284
transactions,2025-07-04,COMP001,,,,,,,,,,,,,,,,,,,,,,,,,,,,,,-10541347.45,,,,,,,,,COMPLETED,,,,,,,SUPPLIER_PAYMENT,,,,,,,,,,,,,,,,,,,,,,,,,Payment to SUP002 – INV00356,PAYABLE,,,,,,,,,,,,,,,,,,TXNC1A1109B,INVOICE,INV00356
transactions,2025-07-04,COMP001,,,,,,,,,,,,,,,,,,,,,,,,,,,,,,-6130619.04,,,,,,,,,COMPLETED,,,,,,,SUPPLIER_PAYMENT,,,,,,,,,,,,,,,,,,,,,,,,,Payment to SUP010 – INV00374,PAYABLE,,,,,,,,,,,,,,,,,,TXN494492B1,INVOICE,INV00374
transactions,2025-07-04,COMP001,,,,,,,,,,,,,,,,,,,,,,,,,,,,,,-4643928.28,,,,,,,,,COMPLETED,,,,,,,OPERATING_EXPENSE,,,,,,,,,,,,,,,,,,,,,,,,,Daily operating expenses,OPEX,,,,,,,,,,,,,,,,,,TXNDAD7D57F,COMPANY,COMP001
transactions,2025-07-04,COMP001,,,,,,,,,,,,,,,,,,,,,,,,,,,,,,31413108.41,,,,,,,,,COMPLETED,,,,,,,CUSTOMER_PAYMENT,,,,,,,,,,,,,,,,,,,,,,,,,Daily dealership & fleet sales collection,SALES_RECEIPTS,,,,,,,,,,,,,,,,,,TXN48A199E7,COMPANY,COMP001
transactions,2025-07-04,COMP001,,,,,,,,,,,,,,,,,,,,,,,,,,,,,,-59262688.72,,,,,,,,,COMPLETED,,,,,,,SUPPLIER_PAYMENT,,,,,,,,,,,,,,,,,,,,,,,,,Payment to SUP001 – INV00106,PAYABLE,,,,,,,,,,,,,,,,,,TXN575E52C2,INVOICE,INV00106
transactions,2025-07-05,COMP001,,,,,,,,,,,,,,,,,,,,,,,,,,,,,,-1510441.83,,,,,,,,,COMPLETED,,,,,,,OPERATING_EXPENSE,,,,,,,,,,,,,,,,,,,,,,,,,Daily operating expenses,OPEX,,,,,,,,,,,,,,,,,,TXN554C13EC,COMPANY,COMP001
transactions,2025-07-05,COMP001,,,,,,,,,,,,,,,,,,,,,,,,,,,,,,52183330.49,,,,,,,,,COMPLETED,,,,,,,CUSTOMER_PAYMENT,,,,,,,,,,,,,,,,,,,,,,,,,Collection from CUST011 – RCV00121,RECEIVABLE,,,,,,,,,,,,,,,,,,TXN843522C2,RECEIVABLE,RCV00121
transactions,2025-07-05,COMP001,,,,,,,,,,,,,,,,,,,,,,,,,,,,,,2032022.02,,,,,,,,,COMPLETED,,,,,,,CUSTOMER_PAYMENT,,,,,,,,,,,,,,,,,,,,,,,,,Daily dealership & fleet sales collection,SALES_RECEIPTS,,,,,,,,,,,,,,,,,,TXN916D97A3,COMPANY,COMP001
transactions,2025-07-06,COMP001,,,,,,,,,,,,,,,,,,,,,,,,,,,,,,26391244.08,,,,,,,,,COMPLETED,,,,,,,CUSTOMER_PAYMENT,,,,,,,,,,,,,,,,,,,,,,,,,Collection from CUST007 – RCV00057,RECEIVABLE,,,,,,,,,,,,,,,,,,TXN9EB73B2B,RECEIVABLE,RCV00057
transactions,2025-07-06,COMP001,,,,,,,,,,,,,,,,,,,,,,,,,,,,,,-22904550.26,,,,,,,,,COMPLETED,,,,,,,SUPPLIER_PAYMENT,,,,,,,,,,,,,,,,,,,,,,,,,Payment to SUP012 – INV00178,PAYABLE,,,,,,,,,,,,,,,,,,TXNF7E82675,INVOICE,INV00178
transactions,2025-07-06,COMP001,,,,,,,,,,,,,,,,,,,,,,,,,,,,,,16497519.56,,,,,,,,,COMPLETED,,,,,,,CUSTOMER_PAYMENT,,,,,,,,,,,,,,,,,,,,,,,,,Collection from CUST002 – RCV00072,RECEIVABLE,,,,,,,,,,,,,,,,,,TXNC3725111,RECEIVABLE,RCV00072
transactions,2025-07-06,COMP001,,,,,,,,,,,,,,,,,,,,,,,,,,,,,,2745149.89,,,,,,,,,COMPLETED,,,,,,,CUSTOMER_PAYMENT,,,,,,,,,,,,,,,,,,,,,,,,,Daily dealership & fleet sales collection,SALES_RECEIPTS,,,,,,,,,,,,,,,,,,TXN21D9D08F,COMPANY,COMP001
transactions,2025-07-06,COMP001,,,,,,,,,,,,,,,,,,,,,,,,,,,,,,19569685.76,,,,,,,,,COMPLETED,,,,,,,CUSTOMER_PAYMENT,,,,,,,,,,,,,,,,,,,,,,,,,Collection from CUST014 – RCV00140,RECEIVABLE,,,,,,,,,,,,,,,,,,TXNC021F8D5,RECEIVABLE,RCV00140
transactions,2025-07-06,COMP001,,,,,,,,,,,,,,,,,,,,,,,,,,,,,,-1765912.11,,,,,,,,,COMPLETED,,,,,,,OPERATING_EXPENSE,,,,,,,,,,,,,,,,,,,,,,,,,Daily operating expenses,OPEX,,,,,,,,,,,,,,,,,,TXN71147225,COMPANY,COMP001
transactions,2025-07-07,COMP001,,,,,,,,,,,,,,,,,,,,,,,,,,,,,,-7272370.73,,,,,,,,,COMPLETED,,,,,,,SUPPLIER_PAYMENT,,,,,,,,,,,,,,,,,,,,,,,,,Payment to SUP002 – INV00378,PAYABLE,,,,,,,,,,,,,,,,,,TXNB536CDF8,INVOICE,INV00378
transactions,2025-07-07,COMP001,,,,,,,,,,,,,,,,,,,,,,,,,,,,,,-8227729.17,,,,,,,,,COMPLETED,,,,,,,OPERATING_EXPENSE,,,,,,,,,,,,,,,,,,,,,,,,,Daily operating expenses,OPEX,,,,,,,,,,,,,,,,,,TXN8C6EEE8F,COMPANY,COMP001
transactions,2025-07-07,COMP001,,,,,,,,,,,,,,,,,,,,,,,,,,,,,,-23856506.74,,,,,,,,,COMPLETED,,,,,,,SUPPLIER_PAYMENT,,,,,,,,,,,,,,,,,,,,,,,,,Payment to SUP010 – INV00439,PAYABLE,,,,,,,,,,,,,,,,,,TXN5DC3807E,INVOICE,INV00439
transactions,2025-07-07,COMP001,,,,,,,,,,,,,,,,,,,,,,,,,,,,,,18717276.24,,,,,,,,,COMPLETED,,,,,,,CUSTOMER_PAYMENT,,,,,,,,,,,,,,,,,,,,,,,,,Daily dealership & fleet sales collection,SALES_RECEIPTS,,,,,,,,,,,,,,,,,,TXNB6444A3D,COMPANY,COMP001
transactions,2025-07-08,COMP001,,,,,,,,,,,,,,,,,,,,,,,,,,,,,,-57069623.87,,,,,,,,,COMPLETED,,,,,,,SUPPLIER_PAYMENT,,,,,,,,,,,,,,,,,,,,,,,,,Payment to SUP001 – INV00013,PAYABLE,,,,,,,,,,,,,,,,,,TXN1E069E39,INVOICE,INV00013
transactions,2025-07-08,COMP001,,,,,,,,,,,,,,,,,,,,,,,,,,,,,,52167921.58,,,,,,,,,COMPLETED,,,,,,,CUSTOMER_PAYMENT,,,,,,,,,,,,,,,,,,,,,,,,,Collection from CUST008 – RCV00191,RECEIVABLE,,,,,,,,,,,,,,,,,,TXN4A50E186,RECEIVABLE,RCV00191
transactions,2025-07-08,COMP001,,,,,,,,,,,,,,,,,,,,,,,,,,,,,,-5269185.48,,,,,,,,,COMPLETED,,,,,,,OPERATING_EXPENSE,,,,,,,,,,,,,,,,,,,,,,,,,Daily operating expenses,OPEX,,,,,,,,,,,,,,,,,,TXN5CDD81C5,COMPANY,COMP001
transactions,2025-07-08,COMP001,,,,,,,,,,,,,,,,,,,,,,,,,,,,,,23095662.45,,,,,,,,,COMPLETED,,,,,,,CUSTOMER_PAYMENT,,,,,,,,,,,,,,,,,,,,,,,,,Daily dealership & fleet sales collection,SALES_RECEIPTS,,,,,,,,,,,,,,,,,,TXNA6ED655D,COMPANY,COMP001
transactions,2025-07-08,COMP001,,,,,,,,,,,,,,,,,,,,,,,,,,,,,,51775681.9,,,,,,,,,COMPLETED,,,,,,,CUSTOMER_PAYMENT,,,,,,,,,,,,,,,,,,,,,,,,,Collection from CUST012 – RCV00166,RECEIVABLE,,,,,,,,,,,,,,,,,,TXNDC89640D,RECEIVABLE,RCV00166
transactions,2025-07-08,COMP001,,,,,,,,,,,,,,,,,,,,,,,,,,,,,,-25707443.11,,,,,,,,,COMPLETED,,,,,,,SUPPLIER_PAYMENT,,,,,,,,,,,,,,,,,,,,,,,,,Payment to SUP015 – INV00039,PAYABLE,,,,,,,,,,,,,,,,,,TXNBFABE604,INVOICE,INV00039
transactions,2025-07-09,COMP001,,,,,,,,,,,,,,,,,,,,,,,,,,,,,,8578883.59,,,,,,,,,COMPLETED,,,,,,,CUSTOMER_PAYMENT,,,,,,,,,,,,,,,,,,,,,,,,,Daily dealership & fleet sales collection,SALES_RECEIPTS,,,,,,,,,,,,,,,,,,TXNFB2CE8BD,COMPANY,COMP001
transactions,2025-07-09,COMP001,,,,,,,,,,,,,,,,,,,,,,,,,,,,,,-10608770.95,,,,,,,,,COMPLETED,,,,,,,SUPPLIER_PAYMENT,,,,,,,,,,,,,,,,,,,,,,,,,Payment to SUP006 – INV00264,PAYABLE,,,,,,,,,,,,,,,,,,TXNF8F7B3F1,INVOICE,INV00264
transactions,2025-07-09,COMP001,,,,,,,,,,,,,,,,,,,,,,,,,,,,,,-8522364.74,,,,,,,,,COMPLETED,,,,,,,SUPPLIER_PAYMENT,,,,,,,,,,,,,,,,,,,,,,,,,Payment to SUP011 – INV00219,PAYABLE,,,,,,,,,,,,,,,,,,TXN0E7D64EF,INVOICE,INV00219
transactions,2025-07-09,COMP001,,,,,,,,,,,,,,,,,,,,,,,,,,,,,,-5250511.77,,,,,,,,,COMPLETED,,,,,,,OPERATING_EXPENSE,,,,,,,,,,,,,,,,,,,,,,,,,Daily operating expenses,OPEX,,,,,,,,,,,,,,,,,,TXN3345BB9C,COMPANY,COMP001
transactions,2025-07-10,COMP001,,,,,,,,,,,,,,,,,,,,,,,,,,,,,,23323726.52,,,,,,,,,COMPLETED,,,,,,,CUSTOMER_PAYMENT,,,,,,,,,,,,,,,,,,,,,,,,,Collection from CUST017 – RCV00068,RECEIVABLE,,,,,,,,,,,,,,,,,,TXNEFBA3DDC,RECEIVABLE,RCV00068
transactions,2025-07-10,COMP001,,,,,,,,,,,,,,,,,,,,,,,,,,,,,,-6529635.1,,,,,,,,,COMPLETED,,,,,,,OPERATING_EXPENSE,,,,,,,,,,,,,,,,,,,,,,,,,Daily operating expenses,OPEX,,,,,,,,,,,,,,,,,,TXN1E448532,COMPANY,COMP001
transactions,2025-07-10,COMP001,,,,,,,,,,,,,,,,,,,,,,,,,,,,,,16852004.8,,,,,,,,,COMPLETED,,,,,,,CUSTOMER_PAYMENT,,,,,,,,,,,,,,,,,,,,,,,,,Daily dealership & fleet sales collection,SALES_RECEIPTS,,,,,,,,,,,,,,,,,,TXN718B2EAC,COMPANY,COMP001
transactions,2025-07-11,COMP001,,,,,,,,,,,,,,,,,,,,,,,,,,,,,,32340132.46,,,,,,,,,COMPLETED,,,,,,,CUSTOMER_PAYMENT,,,,,,,,,,,,,,,,,,,,,,,,,Collection from CUST011 – RCV00132,RECEIVABLE,,,,,,,,,,,,,,,,,,TXN5C1FE973,RECEIVABLE,RCV00132
transactions,2025-07-11,COMP001,,,,,,,,,,,,,,,,,,,,,,,,,,,,,,10763382.18,,,,,,,,,COMPLETED,,,,,,,CUSTOMER_PAYMENT,,,,,,,,,,,,,,,,,,,,,,,,,Collection from CUST011 – RCV00209,RECEIVABLE,,,,,,,,,,,,,,,,,,TXN93A68F03,RECEIVABLE,RCV00209
transactions,2025-07-11,COMP001,,,,,,,,,,,,,,,,,,,,,,,,,,,,,,-5899358.58,,,,,,,,,COMPLETED,,,,,,,OPERATING_EXPENSE,,,,,,,,,,,,,,,,,,,,,,,,,Daily operating expenses,OPEX,,,,,,,,,,,,,,,,,,TXN1E07EFD2,COMPANY,COMP001
transactions,2025-07-11,COMP001,,,,,,,,,,,,,,,,,,,,,,,,,,,,,,46308355.26,,,,,,,,,COMPLETED,,,,,,,CUSTOMER_PAYMENT,,,,,,,,,,,,,,,,,,,,,,,,,Collection from CUST007 – RCV00150,RECEIVABLE,,,,,,,,,,,,,,,,,,TXN91A2398A,RECEIVABLE,RCV00150
transactions,2025-07-11,COMP001,,,,,,,,,,,,,,,,,,,,,,,,,,,,,,18979401.24,,,,,,,,,COMPLETED,,,,,,,CUSTOMER_PAYMENT,,,,,,,,,,,,,,,,,,,,,,,,,Daily dealership & fleet sales collection,SALES_RECEIPTS,,,,,,,,,,,,,,,,,,TXN75B1C3F2,COMPANY,COMP001
transactions,2025-07-12,COMP001,,,,,,,,,,,,,,,,,,,,,,,,,,,,,,-17093060.62,,,,,,,,,COMPLETED,,,,,,,SUPPLIER_PAYMENT,,,,,,,,,,,,,,,,,,,,,,,,,Payment to SUP010 – INV00107,PAYABLE,,,,,,,,,,,,,,,,,,TXNA4A91F42,INVOICE,INV00107
transactions,2025-07-12,COMP001,,,,,,,,,,,,,,,,,,,,,,,,,,,,,,-34206937.4,,,,,,,,,COMPLETED,,,,,,,SUPPLIER_PAYMENT,,,,,,,,,,,,,,,,,,,,,,,,,Payment to SUP001 – INV00393,PAYABLE,,,,,,,,,,,,,,,,,,TXNC0FD556B,INVOICE,INV00393
transactions,2025-07-12,COMP001,,,,,,,,,,,,,,,,,,,,,,,,,,,,,,2222184.14,,,,,,,,,COMPLETED,,,,,,,CUSTOMER_PAYMENT,,,,,,,,,,,,,,,,,,,,,,,,,Daily dealership & fleet sales collection,SALES_RECEIPTS,,,,,,,,,,,,,,,,,,TXN491D4394,COMPANY,COMP001
transactions,2025-07-12,COMP001,,,,,,,,,,,,,,,,,,,,,,,,,,,,,,-40264157.71,,,,,,,,,COMPLETED,,,,,,,SUPPLIER_PAYMENT,,,,,,,,,,,,,,,,,,,,,,,,,Payment to SUP011 – INV00292,PAYABLE,,,,,,,,,,,,,,,,,,TXNA48FA51D,INVOICE,INV00292
transactions,2025-07-12,COMP001,,,,,,,,,,,,,,,,,,,,,,,,,,,,,,-44640959.01,,,,,,,,,COMPLETED,,,,,,,SUPPLIER_PAYMENT,,,,,,,,,,,,,,,,,,,,,,,,,Payment to SUP008 – INV00278,PAYABLE,,,,,,,,,,,,,,,,,,TXN89A2F678,INVOICE,INV00278
transactions,2025-07-12,COMP001,,,,,,,,,,,,,,,,,,,,,,,,,,,,,,-1383998.39,,,,,,,,,COMPLETED,,,,,,,OPERATING_EXPENSE,,,,,,,,,,,,,,,,,,,,,,,,,Daily operating expenses,OPEX,,,,,,,,,,,,,,,,,,TXN9DBAC2B8,COMPANY,COMP001
transactions,2025-07-13,COMP001,,,,,,,,,,,,,,,,,,,,,,,,,,,,,,-746561.73,,,,,,,,,COMPLETED,,,,,,,OPERATING_EXPENSE,,,,,,,,,,,,,,,,,,,,,,,,,Daily operating expenses,OPEX,,,,,,,,,,,,,,,,,,TXN36DC4BB9,COMPANY,COMP001
transactions,2025-07-13,COMP001,,,,,,,,,,,,,,,,,,,,,,,,,,,,,,24194088.84,,,,,,,,,COMPLETED,,,,,,,CUSTOMER_PAYMENT,,,,,,,,,,,,,,,,,,,,,,,,,Collection from CUST017 – RCV00120,RECEIVABLE,,,,,,,,,,,,,,,,,,TXND48B52E5,RECEIVABLE,RCV00120
transactions,2025-07-13,COMP001,,,,,,,,,,,,,,,,,,,,,,,,,,,,,,3782081.43,,,,,,,,,COMPLETED,,,,,,,CUSTOMER_PAYMENT,,,,,,,,,,,,,,,,,,,,,,,,,Daily dealership & fleet sales collection,SALES_RECEIPTS,,,,,,,,,,,,,,,,,,TXN806F8FEC,COMPANY,COMP001
transactions,2025-07-13,COMP001,,,,,,,,,,,,,,,,,,,,,,,,,,,,,,-12035453.82,,,,,,,,,COMPLETED,,,,,,,SUPPLIER_PAYMENT,,,,,,,,,,,,,,,,,,,,,,,,,Payment to SUP009 – INV00004,PAYABLE,,,,,,,,,,,,,,,,,,TXN385E9685,INVOICE,INV00004
transactions,2025-07-14,COMP001,,,,,,,,,,,,,,,,,,,,,,,,,,,,,,38293128.54,,,,,,,,,COMPLETED,,,,,,,CUSTOMER_PAYMENT,,,,,,,,,,,,,,,,,,,,,,,,,Collection from CUST007 – RCV00258,RECEIVABLE,,,,,,,,,,,,,,,,,,TXN324BC228,RECEIVABLE,RCV00258
transactions,2025-07-14,COMP001,,,,,,,,,,,,,,,,,,,,,,,,,,,,,,15676618.63,,,,,,,,,COMPLETED,,,,,,,CUSTOMER_PAYMENT,,,,,,,,,,,,,,,,,,,,,,,,,Daily dealership & fleet sales collection,SALES_RECEIPTS,,,,,,,,,,,,,,,,,,TXN1AA07DD7,COMPANY,COMP001
transactions,2025-07-14,COMP001,,,,,,,,,,,,,,,,,,,,,,,,,,,,,,-9772338.18,,,,,,,,,COMPLETED,,,,,,,OPERATING_EXPENSE,,,,,,,,,,,,,,,,,,,,,,,,,Daily operating expenses,OPEX,,,,,,,,,,,,,,,,,,TXNE2BAEF8D,COMPANY,COMP001
transactions,2025-07-14,COMP001,,,,,,,,,,,,,,,,,,,,,,,,,,,,,,-51891805.96,,,,,,,,,COMPLETED,,,,,,,SUPPLIER_PAYMENT,,,,,,,,,,,,,,,,,,,,,,,,,Payment to SUP006 – INV00270,PAYABLE,,,,,,,,,,,,,,,,,,TXN05F2F9EC,INVOICE,INV00270
transactions,2025-07-15,COMP001,,,,,,,,,,,,,,,,,,,,,,,,,,,,,,-9859107.11,,,,,,,,,COMPLETED,,,,,,,OPERATING_EXPENSE,,,,,,,,,,,,,,,,,,,,,,,,,Daily operating expenses,OPEX,,,,,,,,,,,,,,,,,,TXN4E4275EC,COMPANY,COMP001
transactions,2025-07-15,COMP001,,,,,,,,,,,,,,,,,,,,,,,,,,,,,,26001861.95,,,,,,,,,COMPLETED,,,,,,,CUSTOMER_PAYMENT,,,,,,,,,,,,,,,,,,,,,,,,,Daily dealership & fleet sales collection,SALES_RECEIPTS,,,,,,,,,,,,,,,,,,TXN1ED93DA2,COMPANY,COMP001
transactions,2025-07-15,COMP001,,,,,,,,,,,,,,,,,,,,,,,,,,,,,,77310285.94,,,,,,,,,COMPLETED,,,,,,,CUSTOMER_PAYMENT,,,,,,,,,,,,,,,,,,,,,,,,,Collection from CUST022 – RCV00126,RECEIVABLE,,,,,,,,,,,,,,,,,,TXNE11169DB,RECEIVABLE,RCV00126
transactions,2025-07-16,COMP001,,,,,,,,,,,,,,,,,,,,,,,,,,,,,,-6744697.38,,,,,,,,,COMPLETED,,,,,,,OPERATING_EXPENSE,,,,,,,,,,,,,,,,,,,,,,,,,Daily operating expenses,OPEX,,,,,,,,,,,,,,,,,,TXNE47FC32D,COMPANY,COMP001
transactions,2025-07-16,COMP001,,,,,,,,,,,,,,,,,,,,,,,,,,,,,,10393836.18,,,,,,,,,COMPLETED,,,,,,,CUSTOMER_PAYMENT,,,,,,,,,,,,,,,,,,,,,,,,,Daily dealership & fleet sales collection,SALES_RECEIPTS,,,,,,,,,,,,,,,,,,TXNEAF8CB53,COMPANY,COMP001
transactions,2025-07-16,COMP001,,,,,,,,,,,,,,,,,,,,,,,,,,,,,,-52639713.58,,,,,,,,,COMPLETED,,,,,,,SUPPLIER_PAYMENT,,,,,,,,,,,,,,,,,,,,,,,,,Payment to SUP003 – INV00008,PAYABLE,,,,,,,,,,,,,,,,,,TXNC846705A,INVOICE,INV00008
transactions,2025-07-16,COMP001,,,,,,,,,,,,,,,,,,,,,,,,,,,,,,-4139178.07,,,,,,,,,COMPLETED,,,,,,,SUPPLIER_PAYMENT,,,,,,,,,,,,,,,,,,,,,,,,,Payment to SUP003 – INV00422,PAYABLE,,,,,,,,,,,,,,,,,,TXN6C57BAE0,INVOICE,INV00422
transactions,2025-07-17,COMP001,,,,,,,,,,,,,,,,,,,,,,,,,,,,,,-39267007.7,,,,,,,,,COMPLETED,,,,,,,SUPPLIER_PAYMENT,,,,,,,,,,,,,,,,,,,,,,,,,Payment to SUP003 – INV00203,PAYABLE,,,,,,,,,,,,,,,,,,TXN8C055BEC,INVOICE,INV00203
transactions,2025-07-17,COMP001,,,,,,,,,,,,,,,,,,,,,,,,,,,,,,-5630992.29,,,,,,,,,COMPLETED,,,,,,,OPERATING_EXPENSE,,,,,,,,,,,,,,,,,,,,,,,,,Daily operating expenses,OPEX,,,,,,,,,,,,,,,,,,TXN3F90730C,COMPANY,COMP001
transactions,2025-07-17,COMP001,,,,,,,,,,,,,,,,,,,,,,,,,,,,,,-27750119.94,,,,,,,,,COMPLETED,,,,,,,SUPPLIER_PAYMENT,,,,,,,,,,,,,,,,,,,,,,,,,Payment to SUP005 – INV00066,PAYABLE,,,,,,,,,,,,,,,,,,TXN31925760,INVOICE,INV00066
transactions,2025-07-17,COMP001,,,,,,,,,,,,,,,,,,,,,,,,,,,,,,-35588666.42,,,,,,,,,COMPLETED,,,,,,,SUPPLIER_PAYMENT,,,,,,,,,,,,,,,,,,,,,,,,,Payment to SUP011 – INV00154,PAYABLE,,,,,,,,,,,,,,,,,,TXN12970622,INVOICE,INV00154
transactions,2025-07-17,COMP001,,,,,,,,,,,,,,,,,,,,,,,,,,,,,,55063942.08,,,,,,,,,COMPLETED,,,,,,,CUSTOMER_PAYMENT,,,,,,,,,,,,,,,,,,,,,,,,,Collection from CUST004 – RCV00335,RECEIVABLE,,,,,,,,,,,,,,,,,,TXNCDBF2B83,RECEIVABLE,RCV00335
transactions,2025-07-17,COMP001,,,,,,,,,,,,,,,,,,,,,,,,,,,,,,14701919.81,,,,,,,,,COMPLETED,,,,,,,CUSTOMER_PAYMENT,,,,,,,,,,,,,,,,,,,,,,,,,Daily dealership & fleet sales collection,SALES_RECEIPTS,,,,,,,,,,,,,,,,,,TXN69A5BA1B,COMPANY,COMP001
transactions,2025-07-17,COMP001,,,,,,,,,,,,,,,,,,,,,,,,,,,,,,64134521.89,,,,,,,,,COMPLETED,,,,,,,CUSTOMER_PAYMENT,,,,,,,,,,,,,,,,,,,,,,,,,Collection from CUST004 – RCV00040,RECEIVABLE,,,,,,,,,,,,,,,,,,TXN959EEFBB,RECEIVABLE,RCV00040
transactions,2025-07-18,COMP001,,,,,,,,,,,,,,,,,,,,,,,,,,,,,,-26068721.99,,,,,,,,,COMPLETED,,,,,,,SUPPLIER_PAYMENT,,,,,,,,,,,,,,,,,,,,,,,,,Payment to SUP015 – INV00430,PAYABLE,,,,,,,,,,,,,,,,,,TXN402DF122,INVOICE,INV00430
transactions,2025-07-18,COMP001,,,,,,,,,,,,,,,,,,,,,,,,,,,,,,-42167735.21,,,,,,,,,COMPLETED,,,,,,,SUPPLIER_PAYMENT,,,,,,,,,,,,,,,,,,,,,,,,,Payment to SUP007 – INV00453,PAYABLE,,,,,,,,,,,,,,,,,,TXN79E0545B,INVOICE,INV00453
transactions,2025-07-18,COMP001,,,,,,,,,,,,,,,,,,,,,,,,,,,,,,-7713196.32,,,,,,,,,COMPLETED,,,,,,,OPERATING_EXPENSE,,,,,,,,,,,,,,,,,,,,,,,,,Daily operating expenses,OPEX,,,,,,,,,,,,,,,,,,TXNCD9FB264,COMPANY,COMP001
transactions,2025-07-18,COMP001,,,,,,,,,,,,,,,,,,,,,,,,,,,,,,-44311823.48,,,,,,,,,COMPLETED,,,,,,,SUPPLIER_PAYMENT,,,,,,,,,,,,,,,,,,,,,,,,,Payment to SUP005 – INV00172,PAYABLE,,,,,,,,,,,,,,,,,,TXNB679967E,INVOICE,INV00172
transactions,2025-07-18,COMP001,,,,,,,,,,,,,,,,,,,,,,,,,,,,,,26923816.09,,,,,,,,,COMPLETED,,,,,,,CUSTOMER_PAYMENT,,,,,,,,,,,,,,,,,,,,,,,,,Daily dealership & fleet sales collection,SALES_RECEIPTS,,,,,,,,,,,,,,,,,,TXN31E0CB61,COMPANY,COMP001
transactions,2025-07-18,COMP001,,,,,,,,,,,,,,,,,,,,,,,,,,,,,,-50538408.21,,,,,,,,,COMPLETED,,,,,,,SUPPLIER_PAYMENT,,,,,,,,,,,,,,,,,,,,,,,,,Payment to SUP009 – INV00058,PAYABLE,,,,,,,,,,,,,,,,,,TXN44C44279,INVOICE,INV00058
transactions,2025-07-19,COMP001,,,,,,,,,,,,,,,,,,,,,,,,,,,,,,45869919.57,,,,,,,,,COMPLETED,,,,,,,CUSTOMER_PAYMENT,,,,,,,,,,,,,,,,,,,,,,,,,Collection from CUST016 – RCV00274,RECEIVABLE,,,,,,,,,,,,,,,,,,TXN33118B4B,RECEIVABLE,RCV00274
transactions,2025-07-19,COMP001,,,,,,,,,,,,,,,,,,,,,,,,,,,,,,1289739.3,,,,,,,,,COMPLETED,,,,,,,CUSTOMER_PAYMENT,,,,,,,,,,,,,,,,,,,,,,,,,Daily dealership & fleet sales collection,SALES_RECEIPTS,,,,,,,,,,,,,,,,,,TXN24BE098D,COMPANY,COMP001
transactions,2025-07-19,COMP001,,,,,,,,,,,,,,,,,,,,,,,,,,,,,,-732009.54,,,,,,,,,COMPLETED,,,,,,,OPERATING_EXPENSE,,,,,,,,,,,,,,,,,,,,,,,,,Daily operating expenses,OPEX,,,,,,,,,,,,,,,,,,TXN7B878F17,COMPANY,COMP001
transactions,2025-07-20,COMP001,,,,,,,,,,,,,,,,,,,,,,,,,,,,,,40701274.68,,,,,,,,,COMPLETED,,,,,,,CUSTOMER_PAYMENT,,,,,,,,,,,,,,,,,,,,,,,,,Collection from CUST001 – RCV00163,RECEIVABLE,,,,,,,,,,,,,,,,,,TXN1AE13A16,RECEIVABLE,RCV00163
transactions,2025-07-20,COMP001,,,,,,,,,,,,,,,,,,,,,,,,,,,,,,-1550891.22,,,,,,,,,COMPLETED,,,,,,,OPERATING_EXPENSE,,,,,,,,,,,,,,,,,,,,,,,,,Daily operating expenses,OPEX,,,,,,,,,,,,,,,,,,TXN69FE27D6,COMPANY,COMP001
transactions,2025-07-20,COMP001,,,,,,,,,,,,,,,,,,,,,,,,,,,,,,2617793.2,,,,,,,,,COMPLETED,,,,,,,CUSTOMER_PAYMENT,,,,,,,,,,,,,,,,,,,,,,,,,Daily dealership & fleet sales collection,SALES_RECEIPTS,,,,,,,,,,,,,,,,,,TXN81C641EA,COMPANY,COMP001
transactions,2025-07-21,COMP001,,,,,,,,,,,,,,,,,,,,,,,,,,,,,,-8471011.15,,,,,,,,,COMPLETED,,,,,,,OPERATING_EXPENSE,,,,,,,,,,,,,,,,,,,,,,,,,Daily operating expenses,OPEX,,,,,,,,,,,,,,,,,,TXN6AE4F025,COMPANY,COMP001
transactions,2025-07-21,COMP001,,,,,,,,,,,,,,,,,,,,,,,,,,,,,,15456798.04,,,,,,,,,COMPLETED,,,,,,,CUSTOMER_PAYMENT,,,,,,,,,,,,,,,,,,,,,,,,,Daily dealership & fleet sales collection,SALES_RECEIPTS,,,,,,,,,,,,,,,,,,TXNA95C6098,COMPANY,COMP001
transactions,2025-07-21,COMP001,,,,,,,,,,,,,,,,,,,,,,,,,,,,,,-24828369.78,,,,,,,,,COMPLETED,,,,,,,SUPPLIER_PAYMENT,,,,,,,,,,,,,,,,,,,,,,,,,Payment to SUP008 – INV00179,PAYABLE,,,,,,,,,,,,,,,,,,TXND47024E2,INVOICE,INV00179
transactions,2025-07-22,COMP001,,,,,,,,,,,,,,,,,,,,,,,,,,,,,,-38381645.65,,,,,,,,,COMPLETED,,,,,,,SUPPLIER_PAYMENT,,,,,,,,,,,,,,,,,,,,,,,,,Payment to SUP004 – INV00032,PAYABLE,,,,,,,,,,,,,,,,,,TXN1BC6533C,INVOICE,INV00032
transactions,2025-07-22,COMP001,,,,,,,,,,,,,,,,,,,,,,,,,,,,,,-5709615.89,,,,,,,,,COMPLETED,,,,,,,OPERATING_EXPENSE,,,,,,,,,,,,,,,,,,,,,,,,,Daily operating expenses,OPEX,,,,,,,,,,,,,,,,,,TXNB41F9356,COMPANY,COMP001
transactions,2025-07-22,COMP001,,,,,,,,,,,,,,,,,,,,,,,,,,,,,,23877408.27,,,,,,,,,COMPLETED,,,,,,,CUSTOMER_PAYMENT,,,,,,,,,,,,,,,,,,,,,,,,,Daily dealership & fleet sales collection,SALES_RECEIPTS,,,,,,,,,,,,,,,,,,TXNB6385CBA,COMPANY,COMP001
transactions,2025-07-22,COMP001,,,,,,,,,,,,,,,,,,,,,,,,,,,,,,-49151681.9,,,,,,,,,COMPLETED,,,,,,,SUPPLIER_PAYMENT,,,,,,,,,,,,,,,,,,,,,,,,,Payment to SUP015 – INV00140,PAYABLE,,,,,,,,,,,,,,,,,,TXN5B2138B8,INVOICE,INV00140
transactions,2025-07-23,COMP001,,,,,,,,,,,,,,,,,,,,,,,,,,,,,,-3314231.26,,,,,,,,,COMPLETED,,,,,,,OPERATING_EXPENSE,,,,,,,,,,,,,,,,,,,,,,,,,Daily operating expenses,OPEX,,,,,,,,,,,,,,,,,,TXN894C071A,COMPANY,COMP001
transactions,2025-07-23,COMP001,,,,,,,,,,,,,,,,,,,,,,,,,,,,,,10529165.73,,,,,,,,,COMPLETED,,,,,,,CUSTOMER_PAYMENT,,,,,,,,,,,,,,,,,,,,,,,,,Daily dealership & fleet sales collection,SALES_RECEIPTS,,,,,,,,,,,,,,,,,,TXN6CDB74D2,COMPANY,COMP001
transactions,2025-07-23,COMP001,,,,,,,,,,,,,,,,,,,,,,,,,,,,,,-82910741.2,,,,,,,,,COMPLETED,,,,,,,UNEXPECTED_EXPENSE,,,,,,,,,,,,,,,,,,,,,,,,,Regulatory fine,EXCEPTIONAL,,,,,,,,,,,,,,,,,,TXN5BB1CE3A,COMPANY,COMP001
transactions,2025-07-23,COMP001,,,,,,,,,,,,,,,,,,,,,,,,,,,,,,46957391.6,,,,,,,,,COMPLETED,,,,,,,CUSTOMER_PAYMENT,,,,,,,,,,,,,,,,,,,,,,,,,Collection from CUST020 – RCV00001,RECEIVABLE,,,,,,,,,,,,,,,,,,TXN7828B1E6,RECEIVABLE,RCV00001
transactions,2025-07-23,COMP001,,,,,,,,,,,,,,,,,,,,,,,,,,,,,,16722758.6,,,,,,,,,COMPLETED,,,,,,,CUSTOMER_PAYMENT,,,,,,,,,,,,,,,,,,,,,,,,,Collection from CUST001 – RCV00005,RECEIVABLE,,,,,,,,,,,,,,,,,,TXN6C6545DD,RECEIVABLE,RCV00005
transactions,2025-07-24,COMP001,,,,,,,,,,,,,,,,,,,,,,,,,,,,,,12958669.86,,,,,,,,,COMPLETED,,,,,,,CUSTOMER_PAYMENT,,,,,,,,,,,,,,,,,,,,,,,,,Daily dealership & fleet sales collection,SALES_RECEIPTS,,,,,,,,,,,,,,,,,,TXNF3A32FB4,COMPANY,COMP001
transactions,2025-07-24,COMP001,,,,,,,,,,,,,,,,,,,,,,,,,,,,,,42608007.7,,,,,,,,,COMPLETED,,,,,,,CUSTOMER_PAYMENT,,,,,,,,,,,,,,,,,,,,,,,,,Collection from CUST017 – RCV00242,RECEIVABLE,,,,,,,,,,,,,,,,,,TXN349D0E9D,RECEIVABLE,RCV00242
transactions,2025-07-24,COMP001,,,,,,,,,,,,,,,,,,,,,,,,,,,,,,29653005.87,,,,,,,,,COMPLETED,,,,,,,CUSTOMER_PAYMENT,,,,,,,,,,,,,,,,,,,,,,,,,Collection from CUST012 – RCV00350,RECEIVABLE,,,,,,,,,,,,,,,,,,TXN1ED6B3AD,RECEIVABLE,RCV00350
transactions,2025-07-24,COMP001,,,,,,,,,,,,,,,,,,,,,,,,,,,,,,-6260233.84,,,,,,,,,COMPLETED,,,,,,,OPERATING_EXPENSE,,,,,,,,,,,,,,,,,,,,,,,,,Daily operating expenses,OPEX,,,,,,,,,,,,,,,,,,TXN5F5F078F,COMPANY,COMP001
transactions,2025-07-25,COMP001,,,,,,,,,,,,,,,,,,,,,,,,,,,,,,28563748.43,,,,,,,,,COMPLETED,,,,,,,CUSTOMER_PAYMENT,,,,,,,,,,,,,,,,,,,,,,,,,Daily dealership & fleet sales collection,SALES_RECEIPTS,,,,,,,,,,,,,,,,,,TXN2844AED0,COMPANY,COMP001
transactions,2025-07-25,COMP001,,,,,,,,,,,,,,,,,,,,,,,,,,,,,,-18102669.41,,,,,,,,,COMPLETED,,,,,,,SUPPLIER_PAYMENT,,,,,,,,,,,,,,,,,,,,,,,,,Payment to SUP011 – INV00397,PAYABLE,,,,,,,,,,,,,,,,,,TXNEE4C0437,INVOICE,INV00397
transactions,2025-07-25,COMP001,,,,,,,,,,,,,,,,,,,,,,,,,,,,,,-5405780.13,,,,,,,,,COMPLETED,,,,,,,OPERATING_EXPENSE,,,,,,,,,,,,,,,,,,,,,,,,,Daily operating expenses,OPEX,,,,,,,,,,,,,,,,,,TXN18BCEBD2,COMPANY,COMP001
transactions,2025-07-26,COMP001,,,,,,,,,,,,,,,,,,,,,,,,,,,,,,1933029.34,,,,,,,,,COMPLETED,,,,,,,CUSTOMER_PAYMENT,,,,,,,,,,,,,,,,,,,,,,,,,Daily dealership & fleet sales collection,SALES_RECEIPTS,,,,,,,,,,,,,,,,,,TXN258D3421,COMPANY,COMP001
transactions,2025-07-26,COMP001,,,,,,,,,,,,,,,,,,,,,,,,,,,,,,-14111910.56,,,,,,,,,COMPLETED,,,,,,,SUPPLIER_PAYMENT,,,,,,,,,,,,,,,,,,,,,,,,,Payment to SUP009 – INV00150,PAYABLE,,,,,,,,,,,,,,,,,,TXN333DB83A,INVOICE,INV00150
transactions,2025-07-26,COMP001,,,,,,,,,,,,,,,,,,,,,,,,,,,,,,-1504111.72,,,,,,,,,COMPLETED,,,,,,,OPERATING_EXPENSE,,,,,,,,,,,,,,,,,,,,,,,,,Daily operating expenses,OPEX,,,,,,,,,,,,,,,,,,TXN69438454,COMPANY,COMP001
transactions,2025-07-26,COMP001,,,,,,,,,,,,,,,,,,,,,,,,,,,,,,4647288.25,,,,,,,,,COMPLETED,,,,,,,CUSTOMER_PAYMENT,,,,,,,,,,,,,,,,,,,,,,,,,Collection from CUST016 – RCV00175,RECEIVABLE,,,,,,,,,,,,,,,,,,TXNA9327494,RECEIVABLE,RCV00175
transactions,2025-07-27,COMP001,,,,,,,,,,,,,,,,,,,,,,,,,,,,,,-768000.72,,,,,,,,,COMPLETED,,,,,,,OPERATING_EXPENSE,,,,,,,,,,,,,,,,,,,,,,,,,Daily operating expenses,OPEX,,,,,,,,,,,,,,,,,,TXN5835E28B,COMPANY,COMP001
transactions,2025-07-27,COMP001,,,,,,,,,,,,,,,,,,,,,,,,,,,,,,3728351.56,,,,,,,,,COMPLETED,,,,,,,CUSTOMER_PAYMENT,,,,,,,,,,,,,,,,,,,,,,,,,Daily dealership & fleet sales collection,SALES_RECEIPTS,,,,,,,,,,,,,,,,,,TXN260D7B77,COMPANY,COMP001
transactions,2025-07-27,COMP001,,,,,,,,,,,,,,,,,,,,,,,,,,,,,,-37882349.86,,,,,,,,,COMPLETED,,,,,,,SUPPLIER_PAYMENT,,,,,,,,,,,,,,,,,,,,,,,,,Payment to SUP006 – INV00225,PAYABLE,,,,,,,,,,,,,,,,,,TXN3A6097EB,INVOICE,INV00225
transactions,2025-07-27,COMP001,,,,,,,,,,,,,,,,,,,,,,,,,,,,,,-50046670.84,,,,,,,,,COMPLETED,,,,,,,SUPPLIER_PAYMENT,,,,,,,,,,,,,,,,,,,,,,,,,Payment to SUP002 – INV00249,PAYABLE,,,,,,,,,,,,,,,,,,TXN4506D3EA,INVOICE,INV00249
transactions,2025-07-28,COMP001,,,,,,,,,,,,,,,,,,,,,,,,,,,,,,10203880.78,,,,,,,,,COMPLETED,,,,,,,CUSTOMER_PAYMENT,,,,,,,,,,,,,,,,,,,,,,,,,Daily dealership & fleet sales collection,SALES_RECEIPTS,,,,,,,,,,,,,,,,,,TXN6FDC9943,COMPANY,COMP001
transactions,2025-07-28,COMP001,,,,,,,,,,,,,,,,,,,,,,,,,,,,,,-7600401.95,,,,,,,,,COMPLETED,,,,,,,OPERATING_EXPENSE,,,,,,,,,,,,,,,,,,,,,,,,,Daily operating expenses,OPEX,,,,,,,,,,,,,,,,,,TXND41A5D23,COMPANY,COMP001
transactions,2025-07-28,COMP001,,,,,,,,,,,,,,,,,,,,,,,,,,,,,,16994671.14,,,,,,,,,COMPLETED,,,,,,,CUSTOMER_PAYMENT,,,,,,,,,,,,,,,,,,,,,,,,,Collection from CUST008 – RCV00103,RECEIVABLE,,,,,,,,,,,,,,,,,,TXN57548192,RECEIVABLE,RCV00103
transactions,2025-07-28,COMP001,,,,,,,,,,,,,,,,,,,,,,,,,,,,,,-5020058.62,,,,,,,,,COMPLETED,,,,,,,SUPPLIER_PAYMENT,,,,,,,,,,,,,,,,,,,,,,,,,Payment to SUP008 – INV00271,PAYABLE,,,,,,,,,,,,,,,,,,TXN6462EB5A,INVOICE,INV00271
transactions,2025-07-29,COMP001,,,,,,,,,,,,,,,,,,,,,,,,,,,,,,-6078860.28,,,,,,,,,COMPLETED,,,,,,,OPERATING_EXPENSE,,,,,,,,,,,,,,,,,,,,,,,,,Daily operating expenses,OPEX,,,,,,,,,,,,,,,,,,TXN9E1AFF60,COMPANY,COMP001
transactions,2025-07-29,COMP001,,,,,,,,,,,,,,,,,,,,,,,,,,,,,,-16201189.95,,,,,,,,,COMPLETED,,,,,,,SUPPLIER_PAYMENT,,,,,,,,,,,,,,,,,,,,,,,,,Payment to SUP001 – INV00030,PAYABLE,,,,,,,,,,,,,,,,,,TXN2F4AC7AF,INVOICE,INV00030
transactions,2025-07-29,COMP001,,,,,,,,,,,,,,,,,,,,,,,,,,,,,,22495295.88,,,,,,,,,COMPLETED,,,,,,,CUSTOMER_PAYMENT,,,,,,,,,,,,,,,,,,,,,,,,,Daily dealership & fleet sales collection,SALES_RECEIPTS,,,,,,,,,,,,,,,,,,TXN46526EB1,COMPANY,COMP001
transactions,2025-07-30,COMP001,,,,,,,,,,,,,,,,,,,,,,,,,,,,,,10438328.57,,,,,,,,,COMPLETED,,,,,,,CUSTOMER_PAYMENT,,,,,,,,,,,,,,,,,,,,,,,,,Collection from CUST014 – RCV00086,RECEIVABLE,,,,,,,,,,,,,,,,,,TXND4BF8139,RECEIVABLE,RCV00086
transactions,2025-07-30,COMP001,,,,,,,,,,,,,,,,,,,,,,,,,,,,,,-8793254.51,,,,,,,,,COMPLETED,,,,,,,OPERATING_EXPENSE,,,,,,,,,,,,,,,,,,,,,,,,,Daily operating expenses,OPEX,,,,,,,,,,,,,,,,,,TXN0E8AF9A3,COMPANY,COMP001
transactions,2025-07-30,COMP001,,,,,,,,,,,,,,,,,,,,,,,,,,,,,,20554711.73,,,,,,,,,COMPLETED,,,,,,,CUSTOMER_PAYMENT,,,,,,,,,,,,,,,,,,,,,,,,,Daily dealership & fleet sales collection,SALES_RECEIPTS,,,,,,,,,,,,,,,,,,TXN3EDA17EB,COMPANY,COMP001
transactions,2025-07-31,COMP001,,,,,,,,,,,,,,,,,,,,,,,,,,,,,,-13561560.56,,,,,,,,,COMPLETED,,,,,,,OPERATING_EXPENSE,,,,,,,,,,,,,,,,,,,,,,,,,Daily operating expenses,OPEX,,,,,,,,,,,,,,,,,,TXN4472520B,COMPANY,COMP001
transactions,2025-07-31,COMP001,,,,,,,,,,,,,,,,,,,,,,,,,,,,,,-29007436.99,,,,,,,,,COMPLETED,,,,,,,SUPPLIER_PAYMENT,,,,,,,,,,,,,,,,,,,,,,,,,Payment to SUP006 – INV00482,PAYABLE,,,,,,,,,,,,,,,,,,TXN7F595ECC,INVOICE,INV00482
transactions,2025-07-31,COMP001,,,,,,,,,,,,,,,,,,,,,,,,,,,,,,11699711.06,,,,,,,,,COMPLETED,,,,,,,CUSTOMER_PAYMENT,,,,,,,,,,,,,,,,,,,,,,,,,Daily dealership & fleet sales collection,SALES_RECEIPTS,,,,,,,,,,,,,,,,,,TXNB42CD3BA,COMPANY,COMP001
transactions,2025-08-01,COMP001,,,,,,,,,,,,,,,,,,,,,,,,,,,,,,51642572.02,,,,,,,,,COMPLETED,,,,,,,CUSTOMER_PAYMENT,,,,,,,,,,,,,,,,,,,,,,,,,Collection from CUST022 – RCV00177,RECEIVABLE,,,,,,,,,,,,,,,,,,TXN162C0B66,RECEIVABLE,RCV00177
transactions,2025-08-01,COMP001,,,,,,,,,,,,,,,,,,,,,,,,,,,,,,-19149019.32,,,,,,,,,COMPLETED,,,,,,,SUPPLIER_PAYMENT,,,,,,,,,,,,,,,,,,,,,,,,,Payment to SUP006 – INV00319,PAYABLE,,,,,,,,,,,,,,,,,,TXNBD50AD52,INVOICE,INV00319
transactions,2025-08-01,COMP001,,,,,,,,,,,,,,,,,,,,,,,,,,,,,,-40334192.99,,,,,,,,,COMPLETED,,,,,,,SUPPLIER_PAYMENT,,,,,,,,,,,,,,,,,,,,,,,,,Payment to SUP013 – INV00250,PAYABLE,,,,,,,,,,,,,,,,,,TXNAB8E4762,INVOICE,INV00250
transactions,2025-08-01,COMP001,,,,,,,,,,,,,,,,,,,,,,,,,,,,,,8853570.01,,,,,,,,,COMPLETED,,,,,,,CUSTOMER_PAYMENT,,,,,,,,,,,,,,,,,,,,,,,,,Collection from CUST024 – RCV00351,RECEIVABLE,,,,,,,,,,,,,,,,,,TXNA1BF30E7,RECEIVABLE,RCV00351
transactions,2025-08-01,COMP001,,,,,,,,,,,,,,,,,,,,,,,,,,,,,,-8568541.94,,,,,,,,,COMPLETED,,,,,,,OPERATING_EXPENSE,,,,,,,,,,,,,,,,,,,,,,,,,Daily operating expenses,OPEX,,,,,,,,,,,,,,,,,,TXN71C49625,COMPANY,COMP001
transactions,2025-08-01,COMP001,,,,,,,,,,,,,,,,,,,,,,,,,,,,,,21032340.93,,,,,,,,,COMPLETED,,,,,,,CUSTOMER_PAYMENT,,,,,,,,,,,,,,,,,,,,,,,,,Daily dealership & fleet sales collection,SALES_RECEIPTS,,,,,,,,,,,,,,,,,,TXN2A4E8B05,COMPANY,COMP001
transactions,2025-08-02,COMP001,,,,,,,,,,,,,,,,,,,,,,,,,,,,,,36713034.01,,,,,,,,,COMPLETED,,,,,,,CUSTOMER_PAYMENT,,,,,,,,,,,,,,,,,,,,,,,,,Collection from CUST022 – RCV00112,RECEIVABLE,,,,,,,,,,,,,,,,,,TXNBAB5CD88,RECEIVABLE,RCV00112
transactions,2025-08-02,COMP001,,,,,,,,,,,,,,,,,,,,,,,,,,,,,,2487603.49,,,,,,,,,COMPLETED,,,,,,,CUSTOMER_PAYMENT,,,,,,,,,,,,,,,,,,,,,,,,,Daily dealership & fleet sales collection,SALES_RECEIPTS,,,,,,,,,,,,,,,,,,TXN3CE0D676,COMPANY,COMP001
transactions,2025-08-02,COMP001,,,,,,,,,,,,,,,,,,,,,,,,,,,,,,-1911946.99,,,,,,,,,COMPLETED,,,,,,,OPERATING_EXPENSE,,,,,,,,,,,,,,,,,,,,,,,,,Daily operating expenses,OPEX,,,,,,,,,,,,,,,,,,TXN693E10BA,COMPANY,COMP001
transactions,2025-08-02,COMP001,,,,,,,,,,,,,,,,,,,,,,,,,,,,,,-5277715.93,,,,,,,,,COMPLETED,,,,,,,SUPPLIER_PAYMENT,,,,,,,,,,,,,,,,,,,,,,,,,Payment to SUP001 – INV00380,PAYABLE,,,,,,,,,,,,,,,,,,TXN08BF8A82,INVOICE,INV00380
transactions,2025-08-03,COMP001,,,,,,,,,,,,,,,,,,,,,,,,,,,,,,-634429.11,,,,,,,,,COMPLETED,,,,,,,OPERATING_EXPENSE,,,,,,,,,,,,,,,,,,,,,,,,,Daily operating expenses,OPEX,,,,,,,,,,,,,,,,,,TXN4E0C9F52,COMPANY,COMP001
transactions,2025-08-03,COMP001,,,,,,,,,,,,,,,,,,,,,,,,,,,,,,2211478.5,,,,,,,,,COMPLETED,,,,,,,CUSTOMER_PAYMENT,,,,,,,,,,,,,,,,,,,,,,,,,Daily dealership & fleet sales collection,SALES_RECEIPTS,,,,,,,,,,,,,,,,,,TXNE6A24329,COMPANY,COMP001
transactions,2025-08-04,COMP001,,,,,,,,,,,,,,,,,,,,,,,,,,,,,,-47435785.77,,,,,,,,,COMPLETED,,,,,,,SUPPLIER_PAYMENT,,,,,,,,,,,,,,,,,,,,,,,,,Payment to SUP009 – INV00347,PAYABLE,,,,,,,,,,,,,,,,,,TXN8B1013CA,INVOICE,INV00347
transactions,2025-08-04,COMP001,,,,,,,,,,,,,,,,,,,,,,,,,,,,,,42663093.93,,,,,,,,,COMPLETED,,,,,,,CUSTOMER_PAYMENT,,,,,,,,,,,,,,,,,,,,,,,,,Collection from CUST011 – RCV00280,RECEIVABLE,,,,,,,,,,,,,,,,,,TXNBCA3A435,RECEIVABLE,RCV00280
transactions,2025-08-04,COMP001,,,,,,,,,,,,,,,,,,,,,,,,,,,,,,11747840.19,,,,,,,,,COMPLETED,,,,,,,CUSTOMER_PAYMENT,,,,,,,,,,,,,,,,,,,,,,,,,Daily dealership & fleet sales collection,SALES_RECEIPTS,,,,,,,,,,,,,,,,,,TXN7FA18D99,COMPANY,COMP001
transactions,2025-08-04,COMP001,,,,,,,,,,,,,,,,,,,,,,,,,,,,,,-3812834.0,,,,,,,,,COMPLETED,,,,,,,SUPPLIER_PAYMENT,,,,,,,,,,,,,,,,,,,,,,,,,Payment to SUP001 – INV00131,PAYABLE,,,,,,,,,,,,,,,,,,TXN8A70CE7C,INVOICE,INV00131
transactions,2025-08-04,COMP001,,,,,,,,,,,,,,,,,,,,,,,,,,,,,,74802744.61,,,,,,,,,COMPLETED,,,,,,,CUSTOMER_PAYMENT,,,,,,,,,,,,,,,,,,,,,,,,,Collection from CUST017 – RCV00011,RECEIVABLE,,,,,,,,,,,,,,,,,,TXND6923174,RECEIVABLE,RCV00011
transactions,2025-08-04,COMP001,,,,,,,,,,,,,,,,,,,,,,,,,,,,,,-3447450.48,,,,,,,,,COMPLETED,,,,,,,OPERATING_EXPENSE,,,,,,,,,,,,,,,,,,,,,,,,,Daily operating expenses,OPEX,,,,,,,,,,,,,,,,,,TXN20E53F6C,COMPANY,COMP001
transactions,2025-08-04,COMP001,,,,,,,,,,,,,,,,,,,,,,,,,,,,,,38284229.76,,,,,,,,,COMPLETED,,,,,,,CUSTOMER_PAYMENT,,,,,,,,,,,,,,,,,,,,,,,,,Collection from CUST014 – RCV00332,RECEIVABLE,,,,,,,,,,,,,,,,,,TXN6C65D050,RECEIVABLE,RCV00332
transactions,2025-08-05,COMP001,,,,,,,,,,,,,,,,,,,,,,,,,,,,,,-4548920.82,,,,,,,,,COMPLETED,,,,,,,OPERATING_EXPENSE,,,,,,,,,,,,,,,,,,,,,,,,,Daily operating expenses,OPEX,,,,,,,,,,,,,,,,,,TXN4FA2F992,COMPANY,COMP001
transactions,2025-08-05,COMP001,,,,,,,,,,,,,,,,,,,,,,,,,,,,,,36318888.63,,,,,,,,,COMPLETED,,,,,,,CUSTOMER_PAYMENT,,,,,,,,,,,,,,,,,,,,,,,,,Collection from CUST012 – RCV00353,RECEIVABLE,,,,,,,,,,,,,,,,,,TXNDFD023B3,RECEIVABLE,RCV00353
transactions,2025-08-05,COMP001,,,,,,,,,,,,,,,,,,,,,,,,,,,,,,-3523050.71,,,,,,,,,COMPLETED,,,,,,,SUPPLIER_PAYMENT,,,,,,,,,,,,,,,,,,,,,,,,,Payment to SUP011 – INV00351,PAYABLE,,,,,,,,,,,,,,,,,,TXN9B5E769F,INVOICE,INV00351
transactions,2025-08-05,COMP001,,,,,,,,,,,,,,,,,,,,,,,,,,,,,,-12874275.97,,,,,,,,,COMPLETED,,,,,,,SUPPLIER_PAYMENT,,,,,,,,,,,,,,,,,,,,,,,,,Payment to SUP012 – INV00052,PAYABLE,,,,,,,,,,,,,,,,,,TXN44AA93A2,INVOICE,INV00052
transactions,2025-08-05,COMP001,,,,,,,,,,,,,,,,,,,,,,,,,,,,,,-45529010.63,,,,,,,,,COMPLETED,,,,,,,SUPPLIER_PAYMENT,,,,,,,,,,,,,,,,,,,,,,,,,Payment to SUP004 – INV00346,PAYABLE,,,,,,,,,,,,,,,,,,TXN6B2233A1,INVOICE,INV00346
transactions,2025-08-05,COMP001,,,,,,,,,,,,,,,,,,,,,,,,,,,,,,24681352.65,,,,,,,,,COMPLETED,,,,,,,CUSTOMER_PAYMENT,,,,,,,,,,,,,,,,,,,,,,,,,Daily dealership & fleet sales collection,SALES_RECEIPTS,,,,,,,,,,,,,,,,,,TXN001362F4,COMPANY,COMP001
transactions,2025-08-06,COMP001,,,,,,,,,,,,,,,,,,,,,,,,,,,,,,-9444957.08,,,,,,,,,COMPLETED,,,,,,,OPERATING_EXPENSE,,,,,,,,,,,,,,,,,,,,,,,,,Daily operating expenses,OPEX,,,,,,,,,,,,,,,,,,TXNDB3655A1,COMPANY,COMP001
transactions,2025-08-06,COMP001,,,,,,,,,,,,,,,,,,,,,,,,,,,,,,-54326061.76,,,,,,,,,COMPLETED,,,,,,,SUPPLIER_PAYMENT,,,,,,,,,,,,,,,,,,,,,,,,,Payment to SUP008 – INV00372,PAYABLE,,,,,,,,,,,,,,,,,,TXN3C661FEF,INVOICE,INV00372
transactions,2025-08-06,COMP001,,,,,,,,,,,,,,,,,,,,,,,,,,,,,,11594091.08,,,,,,,,,COMPLETED,,,,,,,CUSTOMER_PAYMENT,,,,,,,,,,,,,,,,,,,,,,,,,Daily dealership & fleet sales collection,SALES_RECEIPTS,,,,,,,,,,,,,,,,,,TXNEB4B0458,COMPANY,COMP001
transactions,2025-08-07,COMP001,,,,,,,,,,,,,,,,,,,,,,,,,,,,,,41946659.28,,,,,,,,,COMPLETED,,,,,,,CUSTOMER_PAYMENT,,,,,,,,,,,,,,,,,,,,,,,,,Collection from CUST024 – RCV00208,RECEIVABLE,,,,,,,,,,,,,,,,,,TXN2ACCA325,RECEIVABLE,RCV00208
transactions,2025-08-07,COMP001,,,,,,,,,,,,,,,,,,,,,,,,,,,,,,-8703968.96,,,,,,,,,COMPLETED,,,,,,,OPERATING_EXPENSE,,,,,,,,,,,,,,,,,,,,,,,,,Daily operating expenses,OPEX,,,,,,,,,,,,,,,,,,TXNC6745EE7,COMPANY,COMP001
transactions,2025-08-07,COMP001,,,,,,,,,,,,,,,,,,,,,,,,,,,,,,18681060.06,,,,,,,,,COMPLETED,,,,,,,CUSTOMER_PAYMENT,,,,,,,,,,,,,,,,,,,,,,,,,Daily dealership & fleet sales collection,SALES_RECEIPTS,,,,,,,,,,,,,,,,,,TXNA69C0AED,COMPANY,COMP001
transactions,2025-08-08,COMP001,,,,,,,,,,,,,,,,,,,,,,,,,,,,,,-38416832.5,,,,,,,,,COMPLETED,,,,,,,SUPPLIER_PAYMENT,,,,,,,,,,,,,,,,,,,,,,,,,Payment to SUP005 – INV00036,PAYABLE,,,,,,,,,,,,,,,,,,TXN46E0554A,INVOICE,INV00036
transactions,2025-08-08,COMP001,,,,,,,,,,,,,,,,,,,,,,,,,,,,,,30852065.49,,,,,,,,,COMPLETED,,,,,,,CUSTOMER_PAYMENT,,,,,,,,,,,,,,,,,,,,,,,,,Daily dealership & fleet sales collection,SALES_RECEIPTS,,,,,,,,,,,,,,,,,,TXN8906D2EE,COMPANY,COMP001
transactions,2025-08-08,COMP001,,,,,,,,,,,,,,,,,,,,,,,,,,,,,,-4326828.27,,,,,,,,,COMPLETED,,,,,,,OPERATING_EXPENSE,,,,,,,,,,,,,,,,,,,,,,,,,Daily operating expenses,OPEX,,,,,,,,,,,,,,,,,,TXN118E0270,COMPANY,COMP001
transactions,2025-08-09,COMP001,,,,,,,,,,,,,,,,,,,,,,,,,,,,,,1936745.39,,,,,,,,,COMPLETED,,,,,,,CUSTOMER_PAYMENT,,,,,,,,,,,,,,,,,,,,,,,,,Daily dealership & fleet sales collection,SALES_RECEIPTS,,,,,,,,,,,,,,,,,,TXNA8195499,COMPANY,COMP001
transactions,2025-08-09,COMP001,,,,,,,,,,,,,,,,,,,,,,,,,,,,,,-1834037.68,,,,,,,,,COMPLETED,,,,,,,OPERATING_EXPENSE,,,,,,,,,,,,,,,,,,,,,,,,,Daily operating expenses,OPEX,,,,,,,,,,,,,,,,,,TXND3AE5068,COMPANY,COMP001
transactions,2025-08-09,COMP001,,,,,,,,,,,,,,,,,,,,,,,,,,,,,,-49137402.15,,,,,,,,,COMPLETED,,,,,,,SUPPLIER_PAYMENT,,,,,,,,,,,,,,,,,,,,,,,,,Payment to SUP015 – INV00009,PAYABLE,,,,,,,,,,,,,,,,,,TXN7A921BC7,INVOICE,INV00009
transactions,2025-08-10,COMP001,,,,,,,,,,,,,,,,,,,,,,,,,,,,,,-59124520.0,,,,,,,,,COMPLETED,,,,,,,SUPPLIER_PAYMENT,,,,,,,,,,,,,,,,,,,,,,,,,Payment to SUP007 – INV00483,PAYABLE,,,,,,,,,,,,,,,,,,TXNCE117352,INVOICE,INV00483
transactions,2025-08-10,COMP001,,,,,,,,,,,,,,,,,,,,,,,,,,,,,,-16565231.22,,,,,,,,,COMPLETED,,,,,,,SUPPLIER_PAYMENT,,,,,,,,,,,,,,,,,,,,,,,,,Payment to SUP015 – INV00262,PAYABLE,,,,,,,,,,,,,,,,,,TXN9D320CA4,INVOICE,INV00262
transactions,2025-08-10,COMP001,,,,,,,,,,,,,,,,,,,,,,,,,,,,,,3822437.18,,,,,,,,,COMPLETED,,,,,,,CUSTOMER_PAYMENT,,,,,,,,,,,,,,,,,,,,,,,,,Daily dealership & fleet sales collection,SALES_RECEIPTS,,,,,,,,,,,,,,,,,,TXN28BD0F9A,COMPANY,COMP001
transactions,2025-08-10,COMP001,,,,,,,,,,,,,,,,,,,,,,,,,,,,,,-1542197.07,,,,,,,,,COMPLETED,,,,,,,OPERATING_EXPENSE,,,,,,,,,,,,,,,,,,,,,,,,,Daily operating expenses,OPEX,,,,,,,,,,,,,,,,,,TXN1F460268,COMPANY,COMP001
transactions,2025-08-10,COMP001,,,,,,,,,,,,,,,,,,,,,,,,,,,,,,-42289437.85,,,,,,,,,COMPLETED,,,,,,,SUPPLIER_PAYMENT,,,,,,,,,,,,,,,,,,,,,,,,,Payment to SUP003 – INV00343,PAYABLE,,,,,,,,,,,,,,,,,,TXN547E001E,INVOICE,INV00343
transactions,2025-08-10,COMP001,,,,,,,,,,,,,,,,,,,,,,,,,,,,,,9172927.0,,,,,,,,,COMPLETED,,,,,,,CUSTOMER_PAYMENT,,,,,,,,,,,,,,,,,,,,,,,,,Collection from CUST001 – RCV00154,RECEIVABLE,,,,,,,,,,,,,,,,,,TXN2E6064FC,RECEIVABLE,RCV00154
transactions,2025-08-10,COMP001,,,,,,,,,,,,,,,,,,,,,,,,,,,,,,-50605172.45,,,,,,,,,COMPLETED,,,,,,,SUPPLIER_PAYMENT,,,,,,,,,,,,,,,,,,,,,,,,,Payment to SUP011 – INV00101,PAYABLE,,,,,,,,,,,,,,,,,,TXNDF5A9744,INVOICE,INV00101
transactions,2025-08-11,COMP001,,,,,,,,,,,,,,,,,,,,,,,,,,,,,,-7608037.25,,,,,,,,,COMPLETED,,,,,,,OPERATING_EXPENSE,,,,,,,,,,,,,,,,,,,,,,,,,Daily operating expenses,OPEX,,,,,,,,,,,,,,,,,,TXN893B26B8,COMPANY,COMP001
transactions,2025-08-11,COMP001,,,,,,,,,,,,,,,,,,,,,,,,,,,,,,-46045526.75,,,,,,,,,COMPLETED,,,,,,,SUPPLIER_PAYMENT,,,,,,,,,,,,,,,,,,,,,,,,,Payment to SUP009 – INV00473,PAYABLE,,,,,,,,,,,,,,,,,,TXN9900BA93,INVOICE,INV00473
transactions,2025-08-11,COMP001,,,,,,,,,,,,,,,,,,,,,,,,,,,,,,-13495785.96,,,,,,,,,COMPLETED,,,,,,,SUPPLIER_PAYMENT,,,,,,,,,,,,,,,,,,,,,,,,,Payment to SUP002 – INV00139,PAYABLE,,,,,,,,,,,,,,,,,,TXNA70F735F,INVOICE,INV00139
transactions,2025-08-11,COMP001,,,,,,,,,,,,,,,,,,,,,,,,,,,,,,12588603.94,,,,,,,,,COMPLETED,,,,,,,CUSTOMER_PAYMENT,,,,,,,,,,,,,,,,,,,,,,,,,Daily dealership & fleet sales collection,SALES_RECEIPTS,,,,,,,,,,,,,,,,,,TXNB69233BB,COMPANY,COMP001
transactions,2025-08-12,COMP001,,,,,,,,,,,,,,,,,,,,,,,,,,,,,,9933398.98,,,,,,,,,COMPLETED,,,,,,,CUSTOMER_PAYMENT,,,,,,,,,,,,,,,,,,,,,,,,,Collection from CUST004 – RCV00071,RECEIVABLE,,,,,,,,,,,,,,,,,,TXN33AA81D3,RECEIVABLE,RCV00071
transactions,2025-08-12,COMP001,,,,,,,,,,,,,,,,,,,,,,,,,,,,,,-10907101.14,,,,,,,,,COMPLETED,,,,,,,SUPPLIER_PAYMENT,,,,,,,,,,,,,,,,,,,,,,,,,Payment to SUP014 – INV00193,PAYABLE,,,,,,,,,,,,,,,,,,TXNBB80FB05,INVOICE,INV00193
transactions,2025-08-12,COMP001,,,,,,,,,,,,,,,,,,,,,,,,,,,,,,25915864.98,,,,,,,,,COMPLETED,,,,,,,CUSTOMER_PAYMENT,,,,,,,,,,,,,,,,,,,,,,,,,Daily dealership & fleet sales collection,SALES_RECEIPTS,,,,,,,,,,,,,,,,,,TXN3B006A24,COMPANY,COMP001
transactions,2025-08-12,COMP001,,,,,,,,,,,,,,,,,,,,,,,,,,,,,,-44742748.6,,,,,,,,,COMPLETED,,,,,,,SUPPLIER_PAYMENT,,,,,,,,,,,,,,,,,,,,,,,,,Payment to SUP010 – INV00143,PAYABLE,,,,,,,,,,,,,,,,,,TXN591C4322,INVOICE,INV00143
transactions,2025-08-12,COMP001,,,,,,,,,,,,,,,,,,,,,,,,,,,,,,-4510153.08,,,,,,,,,COMPLETED,,,,,,,OPERATING_EXPENSE,,,,,,,,,,,,,,,,,,,,,,,,,Daily operating expenses,OPEX,,,,,,,,,,,,,,,,,,TXN92A1C053,COMPANY,COMP001
transactions,2025-08-13,COMP001,,,,,,,,,,,,,,,,,,,,,,,,,,,,,,-6573005.62,,,,,,,,,COMPLETED,,,,,,,OPERATING_EXPENSE,,,,,,,,,,,,,,,,,,,,,,,,,Daily operating expenses,OPEX,,,,,,,,,,,,,,,,,,TXNF9176FE7,COMPANY,COMP001
transactions,2025-08-13,COMP001,,,,,,,,,,,,,,,,,,,,,,,,,,,,,,14519605.18,,,,,,,,,COMPLETED,,,,,,,CUSTOMER_PAYMENT,,,,,,,,,,,,,,,,,,,,,,,,,Daily dealership & fleet sales collection,SALES_RECEIPTS,,,,,,,,,,,,,,,,,,TXNB0D4C5C4,COMPANY,COMP001
transactions,2025-08-13,COMP001,,,,,,,,,,,,,,,,,,,,,,,,,,,,,,-35102588.15,,,,,,,,,COMPLETED,,,,,,,SUPPLIER_PAYMENT,,,,,,,,,,,,,,,,,,,,,,,,,Payment to SUP015 – INV00398,PAYABLE,,,,,,,,,,,,,,,,,,TXN349764FD,INVOICE,INV00398
transactions,2025-08-13,COMP001,,,,,,,,,,,,,,,,,,,,,,,,,,,,,,-28139005.25,,,,,,,,,COMPLETED,,,,,,,SUPPLIER_PAYMENT,,,,,,,,,,,,,,,,,,,,,,,,,Payment to SUP013 – INV00313,PAYABLE,,,,,,,,,,,,,,,,,,TXNA4E74D79,INVOICE,INV00313
transactions,2025-08-14,COMP001,,,,,,,,,,,,,,,,,,,,,,,,,,,,,,-48495396.28,,,,,,,,,COMPLETED,,,,,,,LOAN_REPAYMENT,,,,,,,,,,,,,,,,,,,,,,,,,Repayment to State Bank of India,FINANCING,,,,,,,,,,,,,,,,,,TXN64793793,FINANCING_OPTION,FIN001
transactions,2025-08-14,COMP001,,,,,,,,,,,,,,,,,,,,,,,,,,,,,,27426621.47,,,,,,,,,COMPLETED,,,,,,,CUSTOMER_PAYMENT,,,,,,,,,,,,,,,,,,,,,,,,,Collection from CUST018 – RCV00007,RECEIVABLE,,,,,,,,,,,,,,,,,,TXNCAFE33C4,RECEIVABLE,RCV00007
transactions,2025-08-14,COMP001,,,,,,,,,,,,,,,,,,,,,,,,,,,,,,-47219422.93,,,,,,,,,COMPLETED,,,,,,,SUPPLIER_PAYMENT,,,,,,,,,,,,,,,,,,,,,,,,,Payment to SUP015 – INV00069,PAYABLE,,,,,,,,,,,,,,,,,,TXND686F046,INVOICE,INV00069
transactions,2025-08-14,COMP001,,,,,,,,,,,,,,,,,,,,,,,,,,,,,,-3523519.05,,,,,,,,,COMPLETED,,,,,,,OPERATING_EXPENSE,,,,,,,,,,,,,,,,,,,,,,,,,Daily operating expenses,OPEX,,,,,,,,,,,,,,,,,,TXNC4532E3E,COMPANY,COMP001
transactions,2025-08-14,COMP001,,,,,,,,,,,,,,,,,,,,,,,,,,,,,,8011009.06,,,,,,,,,COMPLETED,,,,,,,CUSTOMER_PAYMENT,,,,,,,,,,,,,,,,,,,,,,,,,Daily dealership & fleet sales collection,SALES_RECEIPTS,,,,,,,,,,,,,,,,,,TXND24EB8B0,COMPANY,COMP001
transactions,2025-08-14,COMP001,,,,,,,,,,,,,,,,,,,,,,,,,,,,,,-27850283.64,,,,,,,,,COMPLETED,,,,,,,SUPPLIER_PAYMENT,,,,,,,,,,,,,,,,,,,,,,,,,Payment to SUP001 – INV00090,PAYABLE,,,,,,,,,,,,,,,,,,TXN6DB98D3D,INVOICE,INV00090
transactions,2025-08-14,COMP001,,,,,,,,,,,,,,,,,,,,,,,,,,,,,,-44696490.19,,,,,,,,,COMPLETED,,,,,,,SUPPLIER_PAYMENT,,,,,,,,,,,,,,,,,,,,,,,,,Payment to SUP011 – INV00080,PAYABLE,,,,,,,,,,,,,,,,,,TXNB95D624D,INVOICE,INV00080
transactions,2025-08-15,COMP001,,,,,,,,,,,,,,,,,,,,,,,,,,,,,,-4611331.81,,,,,,,,,COMPLETED,,,,,,,OPERATING_EXPENSE,,,,,,,,,,,,,,,,,,,,,,,,,Daily operating expenses,OPEX,,,,,,,,,,,,,,,,,,TXN5F085C32,COMPANY,COMP001
transactions,2025-08-15,COMP001,,,,,,,,,,,,,,,,,,,,,,,,,,,,,,-14577587.04,,,,,,,,,COMPLETED,,,,,,,SUPPLIER_PAYMENT,,,,,,,,,,,,,,,,,,,,,,,,,Payment to SUP005 – INV00182,PAYABLE,,,,,,,,,,,,,,,,,,TXNBC4F11A5,INVOICE,INV00182
transactions,2025-08-15,COMP001,,,,,,,,,,,,,,,,,,,,,,,,,,,,,,24990381.0,,,,,,,,,COMPLETED,,,,,,,CUSTOMER_PAYMENT,,,,,,,,,,,,,,,,,,,,,,,,,Daily dealership & fleet sales collection,SALES_RECEIPTS,,,,,,,,,,,,,,,,,,TXN70C120AA,COMPANY,COMP001
transactions,2025-08-16,COMP001,,,,,,,,,,,,,,,,,,,,,,,,,,,,,,35478730.91,,,,,,,,,COMPLETED,,,,,,,CUSTOMER_PAYMENT,,,,,,,,,,,,,,,,,,,,,,,,,Collection from CUST005 – RCV00173,RECEIVABLE,,,,,,,,,,,,,,,,,,TXN758BFD79,RECEIVABLE,RCV00173
transactions,2025-08-16,COMP001,,,,,,,,,,,,,,,,,,,,,,,,,,,,,,3210847.64,,,,,,,,,COMPLETED,,,,,,,CUSTOMER_PAYMENT,,,,,,,,,,,,,,,,,,,,,,,,,Daily dealership & fleet sales collection,SALES_RECEIPTS,,,,,,,,,,,,,,,,,,TXN7B5ADA77,COMPANY,COMP001
transactions,2025-08-16,COMP001,,,,,,,,,,,,,,,,,,,,,,,,,,,,,,-40515769.14,,,,,,,,,COMPLETED,,,,,,,SUPPLIER_PAYMENT,,,,,,,,,,,,,,,,,,,,,,,,,Payment to SUP010 – INV00198,PAYABLE,,,,,,,,,,,,,,,,,,TXNAE4236B8,INVOICE,INV00198
transactions,2025-08-16,COMP001,,,,,,,,,,,,,,,,,,,,,,,,,,,,,,-1414918.39,,,,,,,,,COMPLETED,,,,,,,OPERATING_EXPENSE,,,,,,,,,,,,,,,,,,,,,,,,,Daily operating expenses,OPEX,,,,,,,,,,,,,,,,,,TXN025F26F3,COMPANY,COMP001
transactions,2025-08-17,COMP001,,,,,,,,,,,,,,,,,,,,,,,,,,,,,,3711890.44,,,,,,,,,COMPLETED,,,,,,,CUSTOMER_PAYMENT,,,,,,,,,,,,,,,,,,,,,,,,,Daily dealership & fleet sales collection,SALES_RECEIPTS,,,,,,,,,,,,,,,,,,TXN31206DBC,COMPANY,COMP001
transactions,2025-08-17,COMP001,,,,,,,,,,,,,,,,,,,,,,,,,,,,,,17052534.66,,,,,,,,,COMPLETED,,,,,,,CUSTOMER_PAYMENT,,,,,,,,,,,,,,,,,,,,,,,,,Collection from CUST004 – RCV00201,RECEIVABLE,,,,,,,,,,,,,,,,,,TXN5E4BD959,RECEIVABLE,RCV00201
transactions,2025-08-17,COMP001,,,,,,,,,,,,,,,,,,,,,,,,,,,,,,-1489210.9,,,,,,,,,COMPLETED,,,,,,,OPERATING_EXPENSE,,,,,,,,,,,,,,,,,,,,,,,,,Daily operating expenses,OPEX,,,,,,,,,,,,,,,,,,TXN677D7996,COMPANY,COMP001
transactions,2025-08-18,COMP001,,,,,,,,,,,,,,,,,,,,,,,,,,,,,,-9424588.13,,,,,,,,,COMPLETED,,,,,,,OPERATING_EXPENSE,,,,,,,,,,,,,,,,,,,,,,,,,Daily operating expenses,OPEX,,,,,,,,,,,,,,,,,,TXN1AD1D441,COMPANY,COMP001
transactions,2025-08-18,COMP001,,,,,,,,,,,,,,,,,,,,,,,,,,,,,,9903496.3,,,,,,,,,COMPLETED,,,,,,,CUSTOMER_PAYMENT,,,,,,,,,,,,,,,,,,,,,,,,,Daily dealership & fleet sales collection,SALES_RECEIPTS,,,,,,,,,,,,,,,,,,TXN7211D21F,COMPANY,COMP001
transactions,2025-08-18,COMP001,,,,,,,,,,,,,,,,,,,,,,,,,,,,,,-40252700.65,,,,,,,,,COMPLETED,,,,,,,SUPPLIER_PAYMENT,,,,,,,,,,,,,,,,,,,,,,,,,Payment to SUP003 – INV00227,PAYABLE,,,,,,,,,,,,,,,,,,TXN5112FA81,INVOICE,INV00227
transactions,2025-08-19,COMP001,,,,,,,,,,,,,,,,,,,,,,,,,,,,,,-16894007.97,,,,,,,,,COMPLETED,,,,,,,SUPPLIER_PAYMENT,,,,,,,,,,,,,,,,,,,,,,,,,Payment to SUP008 – INV00217,PAYABLE,,,,,,,,,,,,,,,,,,TXN785D2EF8,INVOICE,INV00217
transactions,2025-08-19,COMP001,,,,,,,,,,,,,,,,,,,,,,,,,,,,,,-3193241.02,,,,,,,,,COMPLETED,,,,,,,OPERATING_EXPENSE,,,,,,,,,,,,,,,,,,,,,,,,,Daily operating expenses,OPEX,,,,,,,,,,,,,,,,,,TXN317A89FC,COMPANY,COMP001
transactions,2025-08-19,COMP001,,,,,,,,,,,,,,,,,,,,,,,,,,,,,,30069344.63,,,,,,,,,COMPLETED,,,,,,,CUSTOMER_PAYMENT,,,,,,,,,,,,,,,,,,,,,,,,,Daily dealership & fleet sales collection,SALES_RECEIPTS,,,,,,,,,,,,,,,,,,TXN36197F74,COMPANY,COMP001
transactions,2025-08-19,COMP001,,,,,,,,,,,,,,,,,,,,,,,,,,,,,,-34837993.69,,,,,,,,,COMPLETED,,,,,,,SUPPLIER_PAYMENT,,,,,,,,,,,,,,,,,,,,,,,,,Payment to SUP001 – INV00211,PAYABLE,,,,,,,,,,,,,,,,,,TXN40F50450,INVOICE,INV00211
transactions,2025-08-19,COMP001,,,,,,,,,,,,,,,,,,,,,,,,,,,,,,6999389.94,,,,,,,,,COMPLETED,,,,,,,CUSTOMER_PAYMENT,,,,,,,,,,,,,,,,,,,,,,,,,Collection from CUST003 – RCV00264,RECEIVABLE,,,,,,,,,,,,,,,,,,TXN4B73899E,RECEIVABLE,RCV00264
transactions,2025-08-19,COMP001,,,,,,,,,,,,,,,,,,,,,,,,,,,,,,-7283263.57,,,,,,,,,COMPLETED,,,,,,,SUPPLIER_PAYMENT,,,,,,,,,,,,,,,,,,,,,,,,,Payment to SUP014 – INV00288,PAYABLE,,,,,,,,,,,,,,,,,,TXN89972D89,INVOICE,INV00288
transactions,2025-08-20,COMP001,,,,,,,,,,,,,,,,,,,,,,,,,,,,,,30459020.7,,,,,,,,,COMPLETED,,,,,,,CUSTOMER_PAYMENT,,,,,,,,,,,,,,,,,,,,,,,,,Collection from CUST013 – RCV00224,RECEIVABLE,,,,,,,,,,,,,,,,,,TXN1FCF667D,RECEIVABLE,RCV00224
transactions,2025-08-20,COMP001,,,,,,,,,,,,,,,,,,,,,,,,,,,,,,9244778.15,,,,,,,,,COMPLETED,,,,,,,CUSTOMER_PAYMENT,,,,,,,,,,,,,,,,,,,,,,,,,Daily dealership & fleet sales collection,SALES_RECEIPTS,,,,,,,,,,,,,,,,,,TXN2905CDC9,COMPANY,COMP001
transactions,2025-08-20,COMP001,,,,,,,,,,,,,,,,,,,,,,,,,,,,,,74051287.64,,,,,,,,,COMPLETED,,,,,,,CUSTOMER_PAYMENT,,,,,,,,,,,,,,,,,,,,,,,,,Collection from CUST010 – RCV00349,RECEIVABLE,,,,,,,,,,,,,,,,,,TXN24AEEC25,RECEIVABLE,RCV00349
transactions,2025-08-20,COMP001,,,,,,,,,,,,,,,,,,,,,,,,,,,,,,-6318176.83,,,,,,,,,COMPLETED,,,,,,,OPERATING_EXPENSE,,,,,,,,,,,,,,,,,,,,,,,,,Daily operating expenses,OPEX,,,,,,,,,,,,,,,,,,TXNE5B47BA2,COMPANY,COMP001
transactions,2025-08-21,COMP001,,,,,,,,,,,,,,,,,,,,,,,,,,,,,,-41424310.62,,,,,,,,,COMPLETED,,,,,,,SUPPLIER_PAYMENT,,,,,,,,,,,,,,,,,,,,,,,,,Payment to SUP010 – INV00100,PAYABLE,,,,,,,,,,,,,,,,,,TXN77780DF9,INVOICE,INV00100
transactions,2025-08-21,COMP001,,,,,,,,,,,,,,,,,,,,,,,,,,,,,,-5330311.78,,,,,,,,,COMPLETED,,,,,,,OPERATING_EXPENSE,,,,,,,,,,,,,,,,,,,,,,,,,Daily operating expenses,OPEX,,,,,,,,,,,,,,,,,,TXNC05A03AE,COMPANY,COMP001
transactions,2025-08-21,COMP001,,,,,,,,,,,,,,,,,,,,,,,,,,,,,,13125472.14,,,,,,,,,COMPLETED,,,,,,,CUSTOMER_PAYMENT,,,,,,,,,,,,,,,,,,,,,,,,,Daily dealership & fleet sales collection,SALES_RECEIPTS,,,,,,,,,,,,,,,,,,TXN20F3D5B9,COMPANY,COMP001
transactions,2025-08-22,COMP001,,,,,,,,,,,,,,,,,,,,,,,,,,,,,,20647412.77,,,,,,,,,COMPLETED,,,,,,,CUSTOMER_PAYMENT,,,,,,,,,,,,,,,,,,,,,,,,,Daily dealership & fleet sales collection,SALES_RECEIPTS,,,,,,,,,,,,,,,,,,TXNBF707EBA,COMPANY,COMP001
transactions,2025-08-22,COMP001,,,,,,,,,,,,,,,,,,,,,,,,,,,,,,-8430219.75,,,,,,,,,COMPLETED,,,,,,,OPERATING_EXPENSE,,,,,,,,,,,,,,,,,,,,,,,,,Daily operating expenses,OPEX,,,,,,,,,,,,,,,,,,TXN6582C14A,COMPANY,COMP001
transactions,2025-08-22,COMP001,,,,,,,,,,,,,,,,,,,,,,,,,,,,,,-33567438.77,,,,,,,,,COMPLETED,,,,,,,SUPPLIER_PAYMENT,,,,,,,,,,,,,,,,,,,,,,,,,Payment to SUP014 – INV00075,PAYABLE,,,,,,,,,,,,,,,,,,TXN2126E9CE,INVOICE,INV00075
transactions,2025-08-23,COMP001,,,,,,,,,,,,,,,,,,,,,,,,,,,,,,-1672757.09,,,,,,,,,COMPLETED,,,,,,,OPERATING_EXPENSE,,,,,,,,,,,,,,,,,,,,,,,,,Daily operating expenses,OPEX,,,,,,,,,,,,,,,,,,TXN83C186ED,COMPANY,COMP001
transactions,2025-08-23,COMP001,,,,,,,,,,,,,,,,,,,,,,,,,,,,,,63188798.97,,,,,,,,,COMPLETED,,,,,,,CUSTOMER_PAYMENT,,,,,,,,,,,,,,,,,,,,,,,,,Collection from CUST013 – RCV00279,RECEIVABLE,,,,,,,,,,,,,,,,,,TXN197B1FB5,RECEIVABLE,RCV00279
transactions,2025-08-23,COMP001,,,,,,,,,,,,,,,,,,,,,,,,,,,,,,2050132.13,,,,,,,,,COMPLETED,,,,,,,CUSTOMER_PAYMENT,,,,,,,,,,,,,,,,,,,,,,,,,Daily dealership & fleet sales collection,SALES_RECEIPTS,,,,,,,,,,,,,,,,,,TXN5A37186B,COMPANY,COMP001
transactions,2025-08-24,COMP001,,,,,,,,,,,,,,,,,,,,,,,,,,,,,,56602885.87,,,,,,,,,COMPLETED,,,,,,,CUSTOMER_PAYMENT,,,,,,,,,,,,,,,,,,,,,,,,,Collection from CUST022 – RCV00233,RECEIVABLE,,,,,,,,,,,,,,,,,,TXN4C92EC34,RECEIVABLE,RCV00233
transactions,2025-08-24,COMP001,,,,,,,,,,,,,,,,,,,,,,,,,,,,,,-623252.66,,,,,,,,,COMPLETED,,,,,,,OPERATING_EXPENSE,,,,,,,,,,,,,,,,,,,,,,,,,Daily operating expenses,OPEX,,,,,,,,,,,,,,,,,,TXN9AA08B39,COMPANY,COMP001
transactions,2025-08-24,COMP001,,,,,,,,,,,,,,,,,,,,,,,,,,,,,,3774010.77,,,,,,,,,COMPLETED,,,,,,,CUSTOMER_PAYMENT,,,,,,,,,,,,,,,,,,,,,,,,,Daily dealership & fleet sales collection,SALES_RECEIPTS,,,,,,,,,,,,,,,,,,TXNC68F8281,COMPANY,COMP001
transactions,2025-08-24,COMP001,,,,,,,,,,,,,,,,,,,,,,,,,,,,,,20853915.88,,,,,,,,,COMPLETED,,,,,,,CUSTOMER_PAYMENT,,,,,,,,,,,,,,,,,,,,,,,,,Collection from CUST001 – RCV00171,RECEIVABLE,,,,,,,,,,,,,,,,,,TXN5A60055B,RECEIVABLE,RCV00171
transactions,2025-08-24,COMP001,,,,,,,,,,,,,,,,,,,,,,,,,,,,,,-34770833.25,,,,,,,,,COMPLETED,,,,,,,SUPPLIER_PAYMENT,,,,,,,,,,,,,,,,,,,,,,,,,Payment to SUP010 – INV00056,PAYABLE,,,,,,,,,,,,,,,,,,TXNEFCC3F70,INVOICE,INV00056
transactions,2025-08-24,COMP001,,,,,,,,,,,,,,,,,,,,,,,,,,,,,,-5740487.98,,,,,,,,,COMPLETED,,,,,,,SUPPLIER_PAYMENT,,,,,,,,,,,,,,,,,,,,,,,,,Payment to SUP012 – INV00464,PAYABLE,,,,,,,,,,,,,,,,,,TXNDBEFEC40,INVOICE,INV00464
transactions,2025-08-25,COMP001,,,,,,,,,,,,,,,,,,,,,,,,,,,,,,50826205.32,,,,,,,,,COMPLETED,,,,,,,CUSTOMER_PAYMENT,,,,,,,,,,,,,,,,,,,,,,,,,Collection from CUST022 – RCV00291,RECEIVABLE,,,,,,,,,,,,,,,,,,TXN79A8107F,RECEIVABLE,RCV00291
transactions,2025-08-25,COMP001,,,,,,,,,,,,,,,,,,,,,,,,,,,,,,-11560634.11,,,,,,,,,COMPLETED,,,,,,,SUPPLIER_PAYMENT,,,,,,,,,,,,,,,,,,,,,,,,,Payment to SUP012 – INV00189,PAYABLE,,,,,,,,,,,,,,,,,,TXNE1454AFF,INVOICE,INV00189
transactions,2025-08-25,COMP001,,,,,,,,,,,,,,,,,,,,,,,,,,,,,,-5448970.42,,,,,,,,,COMPLETED,,,,,,,OPERATING_EXPENSE,,,,,,,,,,,,,,,,,,,,,,,,,Daily operating expenses,OPEX,,,,,,,,,,,,,,,,,,TXND52B813D,COMPANY,COMP001
transactions,2025-08-25,COMP001,,,,,,,,,,,,,,,,,,,,,,,,,,,,,,-40847477.19,,,,,,,,,COMPLETED,,,,,,,SUPPLIER_PAYMENT,,,,,,,,,,,,,,,,,,,,,,,,,Payment to SUP014 – INV00015,PAYABLE,,,,,,,,,,,,,,,,,,TXN4D9BD55F,INVOICE,INV00015
transactions,2025-08-25,COMP001,,,,,,,,,,,,,,,,,,,,,,,,,,,,,,15137201.28,,,,,,,,,COMPLETED,,,,,,,CUSTOMER_PAYMENT,,,,,,,,,,,,,,,,,,,,,,,,,Daily dealership & fleet sales collection,SALES_RECEIPTS,,,,,,,,,,,,,,,,,,TXND135F10D,COMPANY,COMP001
transactions,2025-08-25,COMP001,,,,,,,,,,,,,,,,,,,,,,,,,,,,,,-9293077.16,,,,,,,,,COMPLETED,,,,,,,SUPPLIER_PAYMENT,,,,,,,,,,,,,,,,,,,,,,,,,Payment to SUP004 – INV00235,PAYABLE,,,,,,,,,,,,,,,,,,TXN7A11BFB8,INVOICE,INV00235
transactions,2025-08-25,COMP001,,,,,,,,,,,,,,,,,,,,,,,,,,,,,,-16962562.82,,,,,,,,,COMPLETED,,,,,,,SUPPLIER_PAYMENT,,,,,,,,,,,,,,,,,,,,,,,,,Payment to SUP015 – INV00031,PAYABLE,,,,,,,,,,,,,,,,,,TXN87DCE648,INVOICE,INV00031
transactions,2025-08-26,COMP001,,,,,,,,,,,,,,,,,,,,,,,,,,,,,,20778670.62,,,,,,,,,COMPLETED,,,,,,,CUSTOMER_PAYMENT,,,,,,,,,,,,,,,,,,,,,,,,,Collection from CUST006 – RCV00294,RECEIVABLE,,,,,,,,,,,,,,,,,,TXN0B70F36E,RECEIVABLE,RCV00294
transactions,2025-08-26,COMP001,,,,,,,,,,,,,,,,,,,,,,,,,,,,,,-4190066.59,,,,,,,,,COMPLETED,,,,,,,OPERATING_EXPENSE,,,,,,,,,,,,,,,,,,,,,,,,,Daily operating expenses,OPEX,,,,,,,,,,,,,,,,,,TXN84EB5FD6,COMPANY,COMP001
transactions,2025-08-26,COMP001,,,,,,,,,,,,,,,,,,,,,,,,,,,,,,19701420.9,,,,,,,,,COMPLETED,,,,,,,CUSTOMER_PAYMENT,,,,,,,,,,,,,,,,,,,,,,,,,Daily dealership & fleet sales collection,SALES_RECEIPTS,,,,,,,,,,,,,,,,,,TXN455A8E43,COMPANY,COMP001
transactions,2025-08-26,COMP001,,,,,,,,,,,,,,,,,,,,,,,,,,,,,,-35510072.76,,,,,,,,,COMPLETED,,,,,,,SUPPLIER_PAYMENT,,,,,,,,,,,,,,,,,,,,,,,,,Payment to SUP010 – INV00305,PAYABLE,,,,,,,,,,,,,,,,,,TXNC6F3FE60,INVOICE,INV00305
transactions,2025-08-27,COMP001,,,,,,,,,,,,,,,,,,,,,,,,,,,,,,18866826.81,,,,,,,,,COMPLETED,,,,,,,CUSTOMER_PAYMENT,,,,,,,,,,,,,,,,,,,,,,,,,Daily dealership & fleet sales collection,SALES_RECEIPTS,,,,,,,,,,,,,,,,,,TXNFBEA7E58,COMPANY,COMP001
transactions,2025-08-27,COMP001,,,,,,,,,,,,,,,,,,,,,,,,,,,,,,-40060907.41,,,,,,,,,COMPLETED,,,,,,,SUPPLIER_PAYMENT,,,,,,,,,,,,,,,,,,,,,,,,,Payment to SUP006 – INV00148,PAYABLE,,,,,,,,,,,,,,,,,,TXNAE504620,INVOICE,INV00148
transactions,2025-08-27,COMP001,,,,,,,,,,,,,,,,,,,,,,,,,,,,,,-5044474.64,,,,,,,,,COMPLETED,,,,,,,OPERATING_EXPENSE,,,,,,,,,,,,,,,,,,,,,,,,,Daily operating expenses,OPEX,,,,,,,,,,,,,,,,,,TXN5BFE79C1,COMPANY,COMP001
transactions,2025-08-27,COMP001,,,,,,,,,,,,,,,,,,,,,,,,,,,,,,-24239668.61,,,,,,,,,COMPLETED,,,,,,,SUPPLIER_PAYMENT,,,,,,,,,,,,,,,,,,,,,,,,,Payment to SUP009 – INV00061,PAYABLE,,,,,,,,,,,,,,,,,,TXN52AE7849,INVOICE,INV00061
transactions,2025-08-27,COMP001,,,,,,,,,,,,,,,,,,,,,,,,,,,,,,-44331047.08,,,,,,,,,COMPLETED,,,,,,,SUPPLIER_PAYMENT,,,,,,,,,,,,,,,,,,,,,,,,,Payment to SUP005 – INV00444,PAYABLE,,,,,,,,,,,,,,,,,,TXNBC0F02D5,INVOICE,INV00444
transactions,2025-08-27,COMP001,,,,,,,,,,,,,,,,,,,,,,,,,,,,,,-10672995.8,,,,,,,,,COMPLETED,,,,,,,SUPPLIER_PAYMENT,,,,,,,,,,,,,,,,,,,,,,,,,Payment to SUP013 – INV00062,PAYABLE,,,,,,,,,,,,,,,,,,TXNB92B4002,INVOICE,INV00062
transactions,2025-08-28,COMP001,,,,,,,,,,,,,,,,,,,,,,,,,,,,,,-12218655.81,,,,,,,,,COMPLETED,,,,,,,OPERATING_EXPENSE,,,,,,,,,,,,,,,,,,,,,,,,,Daily operating expenses,OPEX,,,,,,,,,,,,,,,,,,TXN4EAD0F27,COMPANY,COMP001
transactions,2025-08-28,COMP001,,,,,,,,,,,,,,,,,,,,,,,,,,,,,,-37173031.88,,,,,,,,,COMPLETED,,,,,,,SUPPLIER_PAYMENT,,,,,,,,,,,,,,,,,,,,,,,,,Payment to SUP008 – INV00115,PAYABLE,,,,,,,,,,,,,,,,,,TXNCEF7F380,INVOICE,INV00115
transactions,2025-08-28,COMP001,,,,,,,,,,,,,,,,,,,,,,,,,,,,,,25562665.28,,,,,,,,,COMPLETED,,,,,,,CUSTOMER_PAYMENT,,,,,,,,,,,,,,,,,,,,,,,,,Collection from CUST020 – RCV00073,RECEIVABLE,,,,,,,,,,,,,,,,,,TXND888A290,RECEIVABLE,RCV00073
transactions,2025-08-28,COMP001,,,,,,,,,,,,,,,,,,,,,,,,,,,,,,17838492.73,,,,,,,,,COMPLETED,,,,,,,CUSTOMER_PAYMENT,,,,,,,,,,,,,,,,,,,,,,,,,Daily dealership & fleet sales collection,SALES_RECEIPTS,,,,,,,,,,,,,,,,,,TXNE408C175,COMPANY,COMP001
transactions,2025-08-29,COMP001,,,,,,,,,,,,,,,,,,,,,,,,,,,,,,-53213449.1,,,,,,,,,COMPLETED,,,,,,,SUPPLIER_PAYMENT,,,,,,,,,,,,,,,,,,,,,,,,,Payment to SUP015 – INV00312,PAYABLE,,,,,,,,,,,,,,,,,,TXNCCE317C5,INVOICE,INV00312
transactions,2025-08-29,COMP001,,,,,,,,,,,,,,,,,,,,,,,,,,,,,,-6157066.36,,,,,,,,,COMPLETED,,,,,,,SUPPLIER_PAYMENT,,,,,,,,,,,,,,,,,,,,,,,,,Payment to SUP001 – INV00291,PAYABLE,,,,,,,,,,,,,,,,,,TXN741FAE8B,INVOICE,INV00291
transactions,2025-08-29,COMP001,,,,,,,,,,,,,,,,,,,,,,,,,,,,,,28452486.66,,,,,,,,,COMPLETED,,,,,,,CUSTOMER_PAYMENT,,,,,,,,,,,,,,,,,,,,,,,,,Daily dealership & fleet sales collection,SALES_RECEIPTS,,,,,,,,,,,,,,,,,,TXNAB6D0D77,COMPANY,COMP001
transactions,2025-08-29,COMP001,,,,,,,,,,,,,,,,,,,,,,,,,,,,,,-12181668.74,,,,,,,,,COMPLETED,,,,,,,OPERATING_EXPENSE,,,,,,,,,,,,,,,,,,,,,,,,,Daily operating expenses,OPEX,,,,,,,,,,,,,,,,,,TXN8CB57D46,COMPANY,COMP001
transactions,2025-08-29,COMP001,,,,,,,,,,,,,,,,,,,,,,,,,,,,,,35912422.39,,,,,,,,,COMPLETED,,,,,,,CUSTOMER_PAYMENT,,,,,,,,,,,,,,,,,,,,,,,,,Collection from CUST022 – RCV00047,RECEIVABLE,,,,,,,,,,,,,,,,,,TXNFD102119,RECEIVABLE,RCV00047
transactions,2025-08-30,COMP001,,,,,,,,,,,,,,,,,,,,,,,,,,,,,,-46757435.6,,,,,,,,,COMPLETED,,,,,,,SUPPLIER_PAYMENT,,,,,,,,,,,,,,,,,,,,,,,,,Payment to SUP015 – INV00034,PAYABLE,,,,,,,,,,,,,,,,,,TXN4264FCC6,INVOICE,INV00034
transactions,2025-08-30,COMP001,,,,,,,,,,,,,,,,,,,,,,,,,,,,,,-13687929.93,,,,,,,,,COMPLETED,,,,,,,SUPPLIER_PAYMENT,,,,,,,,,,,,,,,,,,,,,,,,,Payment to SUP010 – INV00293,PAYABLE,,,,,,,,,,,,,,,,,,TXN2A680956,INVOICE,INV00293
transactions,2025-08-30,COMP001,,,,,,,,,,,,,,,,,,,,,,,,,,,,,,-1073285.75,,,,,,,,,COMPLETED,,,,,,,OPERATING_EXPENSE,,,,,,,,,,,,,,,,,,,,,,,,,Daily operating expenses,OPEX,,,,,,,,,,,,,,,,,,TXN483EE698,COMPANY,COMP001
transactions,2025-08-30,COMP001,,,,,,,,,,,,,,,,,,,,,,,,,,,,,,3145495.85,,,,,,,,,COMPLETED,,,,,,,CUSTOMER_PAYMENT,,,,,,,,,,,,,,,,,,,,,,,,,Daily dealership & fleet sales collection,SALES_RECEIPTS,,,,,,,,,,,,,,,,,,TXN1C5A45EE,COMPANY,COMP001
transactions,2025-08-30,COMP001,,,,,,,,,,,,,,,,,,,,,,,,,,,,,,29393697.79,,,,,,,,,COMPLETED,,,,,,,CUSTOMER_PAYMENT,,,,,,,,,,,,,,,,,,,,,,,,,Collection from CUST021 – RCV00288,RECEIVABLE,,,,,,,,,,,,,,,,,,TXN67B19EB3,RECEIVABLE,RCV00288
transactions,2025-08-31,COMP001,,,,,,,,,,,,,,,,,,,,,,,,,,,,,,16117213.35,,,,,,,,,COMPLETED,,,,,,,CUSTOMER_PAYMENT,,,,,,,,,,,,,,,,,,,,,,,,,Collection from CUST009 – RCV00044,RECEIVABLE,,,,,,,,,,,,,,,,,,TXN2F101D0C,RECEIVABLE,RCV00044
transactions,2025-08-31,COMP001,,,,,,,,,,,,,,,,,,,,,,,,,,,,,,-1073800.97,,,,,,,,,COMPLETED,,,,,,,OPERATING_EXPENSE,,,,,,,,,,,,,,,,,,,,,,,,,Daily operating expenses,OPEX,,,,,,,,,,,,,,,,,,TXN94AD0DCB,COMPANY,COMP001
transactions,2025-08-31,COMP001,,,,,,,,,,,,,,,,,,,,,,,,,,,,,,12944768.18,,,,,,,,,COMPLETED,,,,,,,CUSTOMER_PAYMENT,,,,,,,,,,,,,,,,,,,,,,,,,Collection from CUST008 – RCV00136,RECEIVABLE,,,,,,,,,,,,,,,,,,TXN8DF5B3C6,RECEIVABLE,RCV00136
transactions,2025-08-31,COMP001,,,,,,,,,,,,,,,,,,,,,,,,,,,,,,50014381.7,,,,,,,,,COMPLETED,,,,,,,CUSTOMER_PAYMENT,,,,,,,,,,,,,,,,,,,,,,,,,Collection from CUST018 – RCV00174,RECEIVABLE,,,,,,,,,,,,,,,,,,TXNDF521FAC,RECEIVABLE,RCV00174
transactions,2025-08-31,COMP001,,,,,,,,,,,,,,,,,,,,,,,,,,,,,,1568582.05,,,,,,,,,COMPLETED,,,,,,,CUSTOMER_PAYMENT,,,,,,,,,,,,,,,,,,,,,,,,,Daily dealership & fleet sales collection,SALES_RECEIPTS,,,,,,,,,,,,,,,,,,TXN03F505A1,COMPANY,COMP001
transactions,2025-08-31,COMP001,,,,,,,,,,,,,,,,,,,,,,,,,,,,,,-74369684.59,,,,,,,,,COMPLETED,,,,,,,UNEXPECTED_EXPENSE,,,,,,,,,,,,,,,,,,,,,,,,,Regulatory fine,EXCEPTIONAL,,,,,,,,,,,,,,,,,,TXNE09D121E,COMPANY,COMP001
transactions,2025-09-01,COMP001,,,,,,,,,,,,,,,,,,,,,,,,,,,,,,-20705555.34,,,,,,,,,COMPLETED,,,,,,,SUPPLIER_PAYMENT,,,,,,,,,,,,,,,,,,,,,,,,,Payment to SUP001 – INV00323,PAYABLE,,,,,,,,,,,,,,,,,,TXND2EE813F,INVOICE,INV00323
transactions,2025-09-01,COMP001,,,,,,,,,,,,,,,,,,,,,,,,,,,,,,11383629.04,,,,,,,,,COMPLETED,,,,,,,CUSTOMER_PAYMENT,,,,,,,,,,,,,,,,,,,,,,,,,Daily dealership & fleet sales collection,SALES_RECEIPTS,,,,,,,,,,,,,,,,,,TXN48546073,COMPANY,COMP001
transactions,2025-09-01,COMP001,,,,,,,,,,,,,,,,,,,,,,,,,,,,,,-4966355.1,,,,,,,,,COMPLETED,,,,,,,OPERATING_EXPENSE,,,,,,,,,,,,,,,,,,,,,,,,,Daily operating expenses,OPEX,,,,,,,,,,,,,,,,,,TXNA9D7CF44,COMPANY,COMP001
transactions,2025-09-02,COMP001,,,,,,,,,,,,,,,,,,,,,,,,,,,,,,30249439.07,,,,,,,,,COMPLETED,,,,,,,CUSTOMER_PAYMENT,,,,,,,,,,,,,,,,,,,,,,,,,Daily dealership & fleet sales collection,SALES_RECEIPTS,,,,,,,,,,,,,,,,,,TXN47007043,COMPANY,COMP001
transactions,2025-09-02,COMP001,,,,,,,,,,,,,,,,,,,,,,,,,,,,,,-34248309.57,,,,,,,,,COMPLETED,,,,,,,SUPPLIER_PAYMENT,,,,,,,,,,,,,,,,,,,,,,,,,Payment to SUP006 – INV00283,PAYABLE,,,,,,,,,,,,,,,,,,TXN3F389E4D,INVOICE,INV00283
transactions,2025-09-02,COMP001,,,,,,,,,,,,,,,,,,,,,,,,,,,,,,-53341948.69,,,,,,,,,COMPLETED,,,,,,,SUPPLIER_PAYMENT,,,,,,,,,,,,,,,,,,,,,,,,,Payment to SUP004 – INV00041,PAYABLE,,,,,,,,,,,,,,,,,,TXND76A5A3C,INVOICE,INV00041
transactions,2025-09-02,COMP001,,,,,,,,,,,,,,,,,,,,,,,,,,,,,,-5997772.9,,,,,,,,,COMPLETED,,,,,,,OPERATING_EXPENSE,,,,,,,,,,,,,,,,,,,,,,,,,Daily operating expenses,OPEX,,,,,,,,,,,,,,,,,,TXND98AA4F4,COMPANY,COMP001
transactions,2025-09-03,COMP001,,,,,,,,,,,,,,,,,,,,,,,,,,,,,,-8487399.73,,,,,,,,,COMPLETED,,,,,,,OPERATING_EXPENSE,,,,,,,,,,,,,,,,,,,,,,,,,Daily operating expenses,OPEX,,,,,,,,,,,,,,,,,,TXN13BB758A,COMPANY,COMP001
transactions,2025-09-03,COMP001,,,,,,,,,,,,,,,,,,,,,,,,,,,,,,-43568851.38,,,,,,,,,COMPLETED,,,,,,,SUPPLIER_PAYMENT,,,,,,,,,,,,,,,,,,,,,,,,,Payment to SUP001 – INV00099,PAYABLE,,,,,,,,,,,,,,,,,,TXN2CEFBC0C,INVOICE,INV00099
transactions,2025-09-03,COMP001,,,,,,,,,,,,,,,,,,,,,,,,,,,,,,14303865.09,,,,,,,,,COMPLETED,,,,,,,CUSTOMER_PAYMENT,,,,,,,,,,,,,,,,,,,,,,,,,Daily dealership & fleet sales collection,SALES_RECEIPTS,,,,,,,,,,,,,,,,,,TXN7709B9BB,COMPANY,COMP001
transactions,2025-09-04,COMP001,,,,,,,,,,,,,,,,,,,,,,,,,,,,,,18299208.25,,,,,,,,,COMPLETED,,,,,,,CUSTOMER_PAYMENT,,,,,,,,,,,,,,,,,,,,,,,,,Daily dealership & fleet sales collection,SALES_RECEIPTS,,,,,,,,,,,,,,,,,,TXN205DEF66,COMPANY,COMP001
transactions,2025-09-04,COMP001,,,,,,,,,,,,,,,,,,,,,,,,,,,,,,-4068150.16,,,,,,,,,COMPLETED,,,,,,,OPERATING_EXPENSE,,,,,,,,,,,,,,,,,,,,,,,,,Daily operating expenses,OPEX,,,,,,,,,,,,,,,,,,TXNCD866835,COMPANY,COMP001
transactions,2025-09-04,COMP001,,,,,,,,,,,,,,,,,,,,,,,,,,,,,,33464025.82,,,,,,,,,COMPLETED,,,,,,,CUSTOMER_PAYMENT,,,,,,,,,,,,,,,,,,,,,,,,,Collection from CUST017 – RCV00052,RECEIVABLE,,,,,,,,,,,,,,,,,,TXN7259B55C,RECEIVABLE,RCV00052
transactions,2025-09-05,COMP001,,,,,,,,,,,,,,,,,,,,,,,,,,,,,,-4245513.59,,,,,,,,,COMPLETED,,,,,,,OPERATING_EXPENSE,,,,,,,,,,,,,,,,,,,,,,,,,Daily operating expenses,OPEX,,,,,,,,,,,,,,,,,,TXNC186579A,COMPANY,COMP001
transactions,2025-09-05,COMP001,,,,,,,,,,,,,,,,,,,,,,,,,,,,,,31056204.98,,,,,,,,,COMPLETED,,,,,,,CUSTOMER_PAYMENT,,,,,,,,,,,,,,,,,,,,,,,,,Daily dealership & fleet sales collection,SALES_RECEIPTS,,,,,,,,,,,,,,,,,,TXN144293C5,COMPANY,COMP001
transactions,2025-09-05,COMP001,,,,,,,,,,,,,,,,,,,,,,,,,,,,,,-34840968.68,,,,,,,,,COMPLETED,,,,,,,SUPPLIER_PAYMENT,,,,,,,,,,,,,,,,,,,,,,,,,Payment to SUP011 – INV00306,PAYABLE,,,,,,,,,,,,,,,,,,TXNC5832646,INVOICE,INV00306
transactions,2025-09-06,COMP001,,,,,,,,,,,,,,,,,,,,,,,,,,,,,,2154646.74,,,,,,,,,COMPLETED,,,,,,,CUSTOMER_PAYMENT,,,,,,,,,,,,,,,,,,,,,,,,,Daily dealership & fleet sales collection,SALES_RECEIPTS,,,,,,,,,,,,,,,,,,TXN72C00E08,COMPANY,COMP001
transactions,2025-09-06,COMP001,,,,,,,,,,,,,,,,,,,,,,,,,,,,,,-597631.53,,,,,,,,,COMPLETED,,,,,,,OPERATING_EXPENSE,,,,,,,,,,,,,,,,,,,,,,,,,Daily operating expenses,OPEX,,,,,,,,,,,,,,,,,,TXN7C7846EB,COMPANY,COMP001
transactions,2025-09-07,COMP001,,,,,,,,,,,,,,,,,,,,,,,,,,,,,,3746127.31,,,,,,,,,COMPLETED,,,,,,,CUSTOMER_PAYMENT,,,,,,,,,,,,,,,,,,,,,,,,,Daily dealership & fleet sales collection,SALES_RECEIPTS,,,,,,,,,,,,,,,,,,TXN7BF09461,COMPANY,COMP001
transactions,2025-09-07,COMP001,,,,,,,,,,,,,,,,,,,,,,,,,,,,,,-34620205.16,,,,,,,,,COMPLETED,,,,,,,SUPPLIER_PAYMENT,,,,,,,,,,,,,,,,,,,,,,,,,Payment to SUP009 – INV00081,PAYABLE,,,,,,,,,,,,,,,,,,TXN53D5E873,INVOICE,INV00081
transactions,2025-09-07,COMP001,,,,,,,,,,,,,,,,,,,,,,,,,,,,,,-22501357.65,,,,,,,,,COMPLETED,,,,,,,SUPPLIER_PAYMENT,,,,,,,,,,,,,,,,,,,,,,,,,Payment to SUP003 – INV00353,PAYABLE,,,,,,,,,,,,,,,,,,TXNF2873328,INVOICE,INV00353
transactions,2025-09-07,COMP001,,,,,,,,,,,,,,,,,,,,,,,,,,,,,,-854986.37,,,,,,,,,COMPLETED,,,,,,,OPERATING_EXPENSE,,,,,,,,,,,,,,,,,,,,,,,,,Daily operating expenses,OPEX,,,,,,,,,,,,,,,,,,TXN624A144C,COMPANY,COMP001
transactions,2025-09-07,COMP001,,,,,,,,,,,,,,,,,,,,,,,,,,,,,,19045751.67,,,,,,,,,COMPLETED,,,,,,,CUSTOMER_PAYMENT,,,,,,,,,,,,,,,,,,,,,,,,,Collection from CUST008 – RCV00127,RECEIVABLE,,,,,,,,,,,,,,,,,,TXN7ACD9B15,RECEIVABLE,RCV00127
transactions,2025-09-08,COMP001,,,,,,,,,,,,,,,,,,,,,,,,,,,,,,11816738.22,,,,,,,,,COMPLETED,,,,,,,CUSTOMER_PAYMENT,,,,,,,,,,,,,,,,,,,,,,,,,Daily dealership & fleet sales collection,SALES_RECEIPTS,,,,,,,,,,,,,,,,,,TXN4BD100BB,COMPANY,COMP001
transactions,2025-09-08,COMP001,,,,,,,,,,,,,,,,,,,,,,,,,,,,,,-23310648.38,,,,,,,,,COMPLETED,,,,,,,SUPPLIER_PAYMENT,,,,,,,,,,,,,,,,,,,,,,,,,Payment to SUP010 – INV00222,PAYABLE,,,,,,,,,,,,,,,,,,TXN362A04A2,INVOICE,INV00222
transactions,2025-09-08,COMP001,,,,,,,,,,,,,,,,,,,,,,,,,,,,,,-42218532.81,,,,,,,,,COMPLETED,,,,,,,SUPPLIER_PAYMENT,,,,,,,,,,,,,,,,,,,,,,,,,Payment to SUP008 – INV00273,PAYABLE,,,,,,,,,,,,,,,,,,TXNEA4152AB,INVOICE,INV00273
transactions,2025-09-08,COMP001,,,,,,,,,,,,,,,,,,,,,,,,,,,,,,43403373.29,,,,,,,,,COMPLETED,,,,,,,CUSTOMER_PAYMENT,,,,,,,,,,,,,,,,,,,,,,,,,Collection from CUST011 – RCV00034,RECEIVABLE,,,,,,,,,,,,,,,,,,TXNB5E508E9,RECEIVABLE,RCV00034
transactions,2025-09-08,COMP001,,,,,,,,,,,,,,,,,,,,,,,,,,,,,,-4762142.92,,,,,,,,,COMPLETED,,,,,,,OPERATING_EXPENSE,,,,,,,,,,,,,,,,,,,,,,,,,Daily operating expenses,OPEX,,,,,,,,,,,,,,,,,,TXN28590122,COMPANY,COMP001
transactions,2025-09-08,COMP001,,,,,,,,,,,,,,,,,,,,,,,,,,,,,,60406156.94,,,,,,,,,COMPLETED,,,,,,,CUSTOMER_PAYMENT,,,,,,,,,,,,,,,,,,,,,,,,,Collection from CUST011 – RCV00176,RECEIVABLE,,,,,,,,,,,,,,,,,,TXNCE2DC2BE,RECEIVABLE,RCV00176
transactions,2025-09-09,COMP001,,,,,,,,,,,,,,,,,,,,,,,,,,,,,,23839110.31,,,,,,,,,COMPLETED,,,,,,,CUSTOMER_PAYMENT,,,,,,,,,,,,,,,,,,,,,,,,,Collection from CUST022 – RCV00106,RECEIVABLE,,,,,,,,,,,,,,,,,,TXNBC1B5954,RECEIVABLE,RCV00106
transactions,2025-09-09,COMP001,,,,,,,,,,,,,,,,,,,,,,,,,,,,,,26126479.64,,,,,,,,,COMPLETED,,,,,,,CUSTOMER_PAYMENT,,,,,,,,,,,,,,,,,,,,,,,,,Daily dealership & fleet sales collection,SALES_RECEIPTS,,,,,,,,,,,,,,,,,,TXN8E056698,COMPANY,COMP001
transactions,2025-09-09,COMP001,,,,,,,,,,,,,,,,,,,,,,,,,,,,,,54878147.72,,,,,,,,,COMPLETED,,,,,,,CUSTOMER_PAYMENT,,,,,,,,,,,,,,,,,,,,,,,,,Collection from CUST011 – RCV00108,RECEIVABLE,,,,,,,,,,,,,,,,,,TXNAC980ECB,RECEIVABLE,RCV00108
transactions,2025-09-09,COMP001,,,,,,,,,,,,,,,,,,,,,,,,,,,,,,32253868.02,,,,,,,,,COMPLETED,,,,,,,CUSTOMER_PAYMENT,,,,,,,,,,,,,,,,,,,,,,,,,Collection from CUST010 – RCV00036,RECEIVABLE,,,,,,,,,,,,,,,,,,TXN1C68C1AD,RECEIVABLE,RCV00036
transactions,2025-09-09,COMP001,,,,,,,,,,,,,,,,,,,,,,,,,,,,,,-9620178.46,,,,,,,,,COMPLETED,,,,,,,OPERATING_EXPENSE,,,,,,,,,,,,,,,,,,,,,,,,,Daily operating expenses,OPEX,,,,,,,,,,,,,,,,,,TXN6B5EFC65,COMPANY,COMP001
transactions,2025-09-09,COMP001,,,,,,,,,,,,,,,,,,,,,,,,,,,,,,-59959267.91,,,,,,,,,COMPLETED,,,,,,,SUPPLIER_PAYMENT,,,,,,,,,,,,,,,,,,,,,,,,,Payment to SUP007 – INV00392,PAYABLE,,,,,,,,,,,,,,,,,,TXN6F148365,INVOICE,INV00392
transactions,2025-09-10,COMP001,,,,,,,,,,,,,,,,,,,,,,,,,,,,,,15631967.07,,,,,,,,,COMPLETED,,,,,,,CUSTOMER_PAYMENT,,,,,,,,,,,,,,,,,,,,,,,,,Daily dealership & fleet sales collection,SALES_RECEIPTS,,,,,,,,,,,,,,,,,,TXN1C59554A,COMPANY,COMP001
transactions,2025-09-10,COMP001,,,,,,,,,,,,,,,,,,,,,,,,,,,,,,-13818086.85,,,,,,,,,COMPLETED,,,,,,,SUPPLIER_PAYMENT,,,,,,,,,,,,,,,,,,,,,,,,,Payment to SUP005 – INV00216,PAYABLE,,,,,,,,,,,,,,,,,,TXNEA5DF231,INVOICE,INV00216
transactions,2025-09-10,COMP001,,,,,,,,,,,,,,,,,,,,,,,,,,,,,,-7492515.35,,,,,,,,,COMPLETED,,,,,,,OPERATING_EXPENSE,,,,,,,,,,,,,,,,,,,,,,,,,Daily operating expenses,OPEX,,,,,,,,,,,,,,,,,,TXNB9DEA691,COMPANY,COMP001
transactions,2025-09-10,COMP001,,,,,,,,,,,,,,,,,,,,,,,,,,,,,,-49455952.95,,,,,,,,,COMPLETED,,,,,,,SUPPLIER_PAYMENT,,,,,,,,,,,,,,,,,,,,,,,,,Payment to SUP012 – INV00415,PAYABLE,,,,,,,,,,,,,,,,,,TXN03813EAA,INVOICE,INV00415
transactions,2025-09-11,COMP001,,,,,,,,,,,,,,,,,,,,,,,,,,,,,,-12758403.4,,,,,,,,,COMPLETED,,,,,,,SUPPLIER_PAYMENT,,,,,,,,,,,,,,,,,,,,,,,,,Payment to SUP002 – INV00298,PAYABLE,,,,,,,,,,,,,,,,,,TXN6D566F3E,INVOICE,INV00298
transactions,2025-09-11,COMP001,,,,,,,,,,,,,,,,,,,,,,,,,,,,,,-3019094.34,,,,,,,,,COMPLETED,,,,,,,OPERATING_EXPENSE,,,,,,,,,,,,,,,,,,,,,,,,,Daily operating expenses,OPEX,,,,,,,,,,,,,,,,,,TXN0DF0CE98,COMPANY,COMP001
transactions,2025-09-11,COMP001,,,,,,,,,,,,,,,,,,,,,,,,,,,,,,20261072.73,,,,,,,,,COMPLETED,,,,,,,CUSTOMER_PAYMENT,,,,,,,,,,,,,,,,,,,,,,,,,Daily dealership & fleet sales collection,SALES_RECEIPTS,,,,,,,,,,,,,,,,,,TXN4A3C1860,COMPANY,COMP001
transactions,2025-09-11,COMP001,,,,,,,,,,,,,,,,,,,,,,,,,,,,,,65855180.99,,,,,,,,,COMPLETED,,,,,,,CUSTOMER_PAYMENT,,,,,,,,,,,,,,,,,,,,,,,,,Collection from CUST010 – RCV00098,RECEIVABLE,,,,,,,,,,,,,,,,,,TXN7171B492,RECEIVABLE,RCV00098
transactions,2025-09-12,COMP001,,,,,,,,,,,,,,,,,,,,,,,,,,,,,,31258199.51,,,,,,,,,COMPLETED,,,,,,,CUSTOMER_PAYMENT,,,,,,,,,,,,,,,,,,,,,,,,,Daily dealership & fleet sales collection,SALES_RECEIPTS,,,,,,,,,,,,,,,,,,TXN4E5A0F8B,COMPANY,COMP001
transactions,2025-09-12,COMP001,,,,,,,,,,,,,,,,,,,,,,,,,,,,,,-7670343.02,,,,,,,,,COMPLETED,,,,,,,OPERATING_EXPENSE,,,,,,,,,,,,,,,,,,,,,,,,,Daily operating expenses,OPEX,,,,,,,,,,,,,,,,,,TXN1080B212,COMPANY,COMP001
transactions,2025-09-13,COMP001,,,,,,,,,,,,,,,,,,,,,,,,,,,,,,-1886171.08,,,,,,,,,COMPLETED,,,,,,,OPERATING_EXPENSE,,,,,,,,,,,,,,,,,,,,,,,,,Daily operating expenses,OPEX,,,,,,,,,,,,,,,,,,TXN9EC99228,COMPANY,COMP001
transactions,2025-09-13,COMP001,,,,,,,,,,,,,,,,,,,,,,,,,,,,,,-18887407.96,,,,,,,,,COMPLETED,,,,,,,SUPPLIER_PAYMENT,,,,,,,,,,,,,,,,,,,,,,,,,Payment to SUP013 – INV00333,PAYABLE,,,,,,,,,,,,,,,,,,TXNFFA5DF7F,INVOICE,INV00333
transactions,2025-09-13,COMP001,,,,,,,,,,,,,,,,,,,,,,,,,,,,,,-8280986.34,,,,,,,,,COMPLETED,,,,,,,SUPPLIER_PAYMENT,,,,,,,,,,,,,,,,,,,,,,,,,Payment to SUP014 – INV00318,PAYABLE,,,,,,,,,,,,,,,,,,TXNAA419AA9,INVOICE,INV00318
transactions,2025-09-13,COMP001,,,,,,,,,,,,,,,,,,,,,,,,,,,,,,3710559.07,,,,,,,,,COMPLETED,,,,,,,CUSTOMER_PAYMENT,,,,,,,,,,,,,,,,,,,,,,,,,Daily dealership & fleet sales collection,SALES_RECEIPTS,,,,,,,,,,,,,,,,,,TXN43358EEE,COMPANY,COMP001
transactions,2025-09-14,COMP001,,,,,,,,,,,,,,,,,,,,,,,,,,,,,,-856341.03,,,,,,,,,COMPLETED,,,,,,,OPERATING_EXPENSE,,,,,,,,,,,,,,,,,,,,,,,,,Daily operating expenses,OPEX,,,,,,,,,,,,,,,,,,TXNE716A167,COMPANY,COMP001
transactions,2025-09-14,COMP001,,,,,,,,,,,,,,,,,,,,,,,,,,,,,,67979238.45,,,,,,,,,COMPLETED,,,,,,,CUSTOMER_PAYMENT,,,,,,,,,,,,,,,,,,,,,,,,,Collection from CUST001 – RCV00066,RECEIVABLE,,,,,,,,,,,,,,,,,,TXNDDC678D6,RECEIVABLE,RCV00066
transactions,2025-09-14,COMP001,,,,,,,,,,,,,,,,,,,,,,,,,,,,,,3086924.07,,,,,,,,,COMPLETED,,,,,,,CUSTOMER_PAYMENT,,,,,,,,,,,,,,,,,,,,,,,,,Daily dealership & fleet sales collection,SALES_RECEIPTS,,,,,,,,,,,,,,,,,,TXNBF096250,COMPANY,COMP001
transactions,2025-09-15,COMP001,,,,,,,,,,,,,,,,,,,,,,,,,,,,,,-5063659.16,,,,,,,,,COMPLETED,,,,,,,OPERATING_EXPENSE,,,,,,,,,,,,,,,,,,,,,,,,,Daily operating expenses,OPEX,,,,,,,,,,,,,,,,,,TXN263366E1,COMPANY,COMP001
transactions,2025-09-15,COMP001,,,,,,,,,,,,,,,,,,,,,,,,,,,,,,12817674.45,,,,,,,,,COMPLETED,,,,,,,CUSTOMER_PAYMENT,,,,,,,,,,,,,,,,,,,,,,,,,Daily dealership & fleet sales collection,SALES_RECEIPTS,,,,,,,,,,,,,,,,,,TXN2167D0E9,COMPANY,COMP001
transactions,2025-09-16,COMP001,,,,,,,,,,,,,,,,,,,,,,,,,,,,,,9996071.33,,,,,,,,,COMPLETED,,,,,,,CUSTOMER_PAYMENT,,,,,,,,,,,,,,,,,,,,,,,,,Collection from CUST013 – RCV00266,RECEIVABLE,,,,,,,,,,,,,,,,,,TXN579FF24F,RECEIVABLE,RCV00266
transactions,2025-09-16,COMP001,,,,,,,,,,,,,,,,,,,,,,,,,,,,,,-29941666.32,,,,,,,,,COMPLETED,,,,,,,SUPPLIER_PAYMENT,,,,,,,,,,,,,,,,,,,,,,,,,Payment to SUP003 – INV00194,PAYABLE,,,,,,,,,,,,,,,,,,TXNBF26F088,INVOICE,INV00194
transactions,2025-09-16,COMP001,,,,,,,,,,,,,,,,,,,,,,,,,,,,,,78726947.47,,,,,,,,,COMPLETED,,,,,,,CUSTOMER_PAYMENT,,,,,,,,,,,,,,,,,,,,,,,,,Collection from CUST002 – RCV00003,RECEIVABLE,,,,,,,,,,,,,,,,,,TXN7431D005,RECEIVABLE,RCV00003
transactions,2025-09-16,COMP001,,,,,,,,,,,,,,,,,,,,,,,,,,,,,,-4433867.0,,,,,,,,,COMPLETED,,,,,,,SUPPLIER_PAYMENT,,,,,,,,,,,,,,,,,,,,,,,,,Payment to SUP014 – INV00230,PAYABLE,,,,,,,,,,,,,,,,,,TXN7C13FB69,INVOICE,INV00230
transactions,2025-09-16,COMP001,,,,,,,,,,,,,,,,,,,,,,,,,,,,,,-4783942.12,,,,,,,,,COMPLETED,,,,,,,OPERATING_EXPENSE,,,,,,,,,,,,,,,,,,,,,,,,,Daily operating expenses,OPEX,,,,,,,,,,,,,,,,,,TXN2140F257,COMPANY,COMP001
transactions,2025-09-16,COMP001,,,,,,,,,,,,,,,,,,,,,,,,,,,,,,18217438.82,,,,,,,,,COMPLETED,,,,,,,CUSTOMER_PAYMENT,,,,,,,,,,,,,,,,,,,,,,,,,Collection from CUST004 – RCV00334,RECEIVABLE,,,,,,,,,,,,,,,,,,TXN0CD53E7B,RECEIVABLE,RCV00334
transactions,2025-09-16,COMP001,,,,,,,,,,,,,,,,,,,,,,,,,,,,,,-11074337.92,,,,,,,,,COMPLETED,,,,,,,SUPPLIER_PAYMENT,,,,,,,,,,,,,,,,,,,,,,,,,Payment to SUP015 – INV00401,PAYABLE,,,,,,,,,,,,,,,,,,TXN91205A2E,INVOICE,INV00401
transactions,2025-09-16,COMP001,,,,,,,,,,,,,,,,,,,,,,,,,,,,,,-31287086.76,,,,,,,,,COMPLETED,,,,,,,SUPPLIER_PAYMENT,,,,,,,,,,,,,,,,,,,,,,,,,Payment to SUP001 – INV00332,PAYABLE,,,,,,,,,,,,,,,,,,TXN97BDCD41,INVOICE,INV00332
transactions,2025-09-16,COMP001,,,,,,,,,,,,,,,,,,,,,,,,,,,,,,26976988.04,,,,,,,,,COMPLETED,,,,,,,CUSTOMER_PAYMENT,,,,,,,,,,,,,,,,,,,,,,,,,Daily dealership & fleet sales collection,SALES_RECEIPTS,,,,,,,,,,,,,,,,,,TXN4D1DA722,COMPANY,COMP001
transactions,2025-09-16,COMP001,,,,,,,,,,,,,,,,,,,,,,,,,,,,,,41650041.38,,,,,,,,,COMPLETED,,,,,,,CUSTOMER_PAYMENT,,,,,,,,,,,,,,,,,,,,,,,,,Collection from CUST011 – RCV00295,RECEIVABLE,,,,,,,,,,,,,,,,,,TXN362630F8,RECEIVABLE,RCV00295
transactions,2025-09-17,COMP001,,,,,,,,,,,,,,,,,,,,,,,,,,,,,,-15137166.71,,,,,,,,,COMPLETED,,,,,,,SUPPLIER_PAYMENT,,,,,,,,,,,,,,,,,,,,,,,,,Payment to SUP007 – INV00199,PAYABLE,,,,,,,,,,,,,,,,,,TXNEC972AAD,INVOICE,INV00199
transactions,2025-09-17,COMP001,,,,,,,,,,,,,,,,,,,,,,,,,,,,,,14502272.8,,,,,,,,,COMPLETED,,,,,,,CUSTOMER_PAYMENT,,,,,,,,,,,,,,,,,,,,,,,,,Daily dealership & fleet sales collection,SALES_RECEIPTS,,,,,,,,,,,,,,,,,,TXNFACCECDD,COMPANY,COMP001
transactions,2025-09-17,COMP001,,,,,,,,,,,,,,,,,,,,,,,,,,,,,,-40814430.41,,,,,,,,,COMPLETED,,,,,,,SUPPLIER_PAYMENT,,,,,,,,,,,,,,,,,,,,,,,,,Payment to SUP013 – INV00477,PAYABLE,,,,,,,,,,,,,,,,,,TXN8CC7F999,INVOICE,INV00477
transactions,2025-09-17,COMP001,,,,,,,,,,,,,,,,,,,,,,,,,,,,,,-7718868.76,,,,,,,,,COMPLETED,,,,,,,OPERATING_EXPENSE,,,,,,,,,,,,,,,,,,,,,,,,,Daily operating expenses,OPEX,,,,,,,,,,,,,,,,,,TXN6ECBD3D6,COMPANY,COMP001
transactions,2025-09-17,COMP001,,,,,,,,,,,,,,,,,,,,,,,,,,,,,,-52051069.66,,,,,,,,,COMPLETED,,,,,,,SUPPLIER_PAYMENT,,,,,,,,,,,,,,,,,,,,,,,,,Payment to SUP011 – INV00294,PAYABLE,,,,,,,,,,,,,,,,,,TXN1BFE69C3,INVOICE,INV00294
transactions,2025-09-18,COMP001,,,,,,,,,,,,,,,,,,,,,,,,,,,,,,52979552.92,,,,,,,,,COMPLETED,,,,,,,CUSTOMER_PAYMENT,,,,,,,,,,,,,,,,,,,,,,,,,Collection from CUST005 – RCV00142,RECEIVABLE,,,,,,,,,,,,,,,,,,TXN1CF2FA5C,RECEIVABLE,RCV00142
transactions,2025-09-18,COMP001,,,,,,,,,,,,,,,,,,,,,,,,,,,,,,-4839153.69,,,,,,,,,COMPLETED,,,,,,,OPERATING_EXPENSE,,,,,,,,,,,,,,,,,,,,,,,,,Daily operating expenses,OPEX,,,,,,,,,,,,,,,,,,TXNA56AA3BD,COMPANY,COMP001
transactions,2025-09-18,COMP001,,,,,,,,,,,,,,,,,,,,,,,,,,,,,,16881513.0,,,,,,,,,COMPLETED,,,,,,,CUSTOMER_PAYMENT,,,,,,,,,,,,,,,,,,,,,,,,,Daily dealership & fleet sales collection,SALES_RECEIPTS,,,,,,,,,,,,,,,,,,TXN0CA6A67B,COMPANY,COMP001
transactions,2025-09-19,COMP001,,,,,,,,,,,,,,,,,,,,,,,,,,,,,,-6695405.62,,,,,,,,,COMPLETED,,,,,,,OPERATING_EXPENSE,,,,,,,,,,,,,,,,,,,,,,,,,Daily operating expenses,OPEX,,,,,,,,,,,,,,,,,,TXN0A0B8D20,COMPANY,COMP001
transactions,2025-09-19,COMP001,,,,,,,,,,,,,,,,,,,,,,,,,,,,,,39469573.86,,,,,,,,,COMPLETED,,,,,,,CUSTOMER_PAYMENT,,,,,,,,,,,,,,,,,,,,,,,,,Collection from CUST012 – RCV00247,RECEIVABLE,,,,,,,,,,,,,,,,,,TXN2DFDD8E3,RECEIVABLE,RCV00247
transactions,2025-09-19,COMP001,,,,,,,,,,,,,,,,,,,,,,,,,,,,,,27534830.77,,,,,,,,,COMPLETED,,,,,,,CUSTOMER_PAYMENT,,,,,,,,,,,,,,,,,,,,,,,,,Daily dealership & fleet sales collection,SALES_RECEIPTS,,,,,,,,,,,,,,,,,,TXN007507CB,COMPANY,COMP001
transactions,2025-09-19,COMP001,,,,,,,,,,,,,,,,,,,,,,,,,,,,,,-14664296.0,,,,,,,,,COMPLETED,,,,,,,SUPPLIER_PAYMENT,,,,,,,,,,,,,,,,,,,,,,,,,Payment to SUP008 – INV00340,PAYABLE,,,,,,,,,,,,,,,,,,TXNAFC115D1,INVOICE,INV00340
transactions,2025-09-20,COMP001,,,,,,,,,,,,,,,,,,,,,,,,,,,,,,-1950117.25,,,,,,,,,COMPLETED,,,,,,,OPERATING_EXPENSE,,,,,,,,,,,,,,,,,,,,,,,,,Daily operating expenses,OPEX,,,,,,,,,,,,,,,,,,TXN4B871CAC,COMPANY,COMP001
transactions,2025-09-20,COMP001,,,,,,,,,,,,,,,,,,,,,,,,,,,,,,3393578.84,,,,,,,,,COMPLETED,,,,,,,CUSTOMER_PAYMENT,,,,,,,,,,,,,,,,,,,,,,,,,Daily dealership & fleet sales collection,SALES_RECEIPTS,,,,,,,,,,,,,,,,,,TXN0D442C41,COMPANY,COMP001
transactions,2025-09-21,COMP001,,,,,,,,,,,,,,,,,,,,,,,,,,,,,,3353474.52,,,,,,,,,COMPLETED,,,,,,,CUSTOMER_PAYMENT,,,,,,,,,,,,,,,,,,,,,,,,,Daily dealership & fleet sales collection,SALES_RECEIPTS,,,,,,,,,,,,,,,,,,TXN99605BA6,COMPANY,COMP001
transactions,2025-09-21,COMP001,,,,,,,,,,,,,,,,,,,,,,,,,,,,,,-1051823.59,,,,,,,,,COMPLETED,,,,,,,OPERATING_EXPENSE,,,,,,,,,,,,,,,,,,,,,,,,,Daily operating expenses,OPEX,,,,,,,,,,,,,,,,,,TXN29F06556,COMPANY,COMP001
transactions,2025-09-22,COMP001,,,,,,,,,,,,,,,,,,,,,,,,,,,,,,-53379126.99,,,,,,,,,COMPLETED,,,,,,,SUPPLIER_PAYMENT,,,,,,,,,,,,,,,,,,,,,,,,,Payment to SUP006 – INV00334,PAYABLE,,,,,,,,,,,,,,,,,,TXN95D0F4AC,INVOICE,INV00334
transactions,2025-09-22,COMP001,,,,,,,,,,,,,,,,,,,,,,,,,,,,,,-25309766.19,,,,,,,,,COMPLETED,,,,,,,SUPPLIER_PAYMENT,,,,,,,,,,,,,,,,,,,,,,,,,Payment to SUP010 – INV00232,PAYABLE,,,,,,,,,,,,,,,,,,TXNBC1C157F,INVOICE,INV00232
transactions,2025-09-22,COMP001,,,,,,,,,,,,,,,,,,,,,,,,,,,,,,-6333856.42,,,,,,,,,COMPLETED,,,,,,,OPERATING_EXPENSE,,,,,,,,,,,,,,,,,,,,,,,,,Daily operating expenses,OPEX,,,,,,,,,,,,,,,,,,TXN4AB561FB,COMPANY,COMP001
transactions,2025-09-22,COMP001,,,,,,,,,,,,,,,,,,,,,,,,,,,,,,9973794.66,,,,,,,,,COMPLETED,,,,,,,CUSTOMER_PAYMENT,,,,,,,,,,,,,,,,,,,,,,,,,Daily dealership & fleet sales collection,SALES_RECEIPTS,,,,,,,,,,,,,,,,,,TXNFC14F617,COMPANY,COMP001
transactions,2025-09-23,COMP001,,,,,,,,,,,,,,,,,,,,,,,,,,,,,,-9217211.71,,,,,,,,,COMPLETED,,,,,,,OPERATING_EXPENSE,,,,,,,,,,,,,,,,,,,,,,,,,Daily operating expenses,OPEX,,,,,,,,,,,,,,,,,,TXNBF33E462,COMPANY,COMP001
transactions,2025-09-23,COMP001,,,,,,,,,,,,,,,,,,,,,,,,,,,,,,45081442.16,,,,,,,,,COMPLETED,,,,,,,CUSTOMER_PAYMENT,,,,,,,,,,,,,,,,,,,,,,,,,Collection from CUST015 – RCV00023,RECEIVABLE,,,,,,,,,,,,,,,,,,TXN1182ACE9,RECEIVABLE,RCV00023
transactions,2025-09-23,COMP001,,,,,,,,,,,,,,,,,,,,,,,,,,,,,,27760388.16,,,,,,,,,COMPLETED,,,,,,,CUSTOMER_PAYMENT,,,,,,,,,,,,,,,,,,,,,,,,,Daily dealership & fleet sales collection,SALES_RECEIPTS,,,,,,,,,,,,,,,,,,TXND84BA646,COMPANY,COMP001
transactions,2025-09-23,COMP001,,,,,,,,,,,,,,,,,,,,,,,,,,,,,,-32820970.4,,,,,,,,,COMPLETED,,,,,,,SUPPLIER_PAYMENT,,,,,,,,,,,,,,,,,,,,,,,,,Payment to SUP004 – INV00001,PAYABLE,,,,,,,,,,,,,,,,,,TXN60FF413A,INVOICE,INV00001
transactions,2025-09-23,COMP001,,,,,,,,,,,,,,,,,,,,,,,,,,,,,,75217657.69,,,,,,,,,COMPLETED,,,,,,,CUSTOMER_PAYMENT,,,,,,,,,,,,,,,,,,,,,,,,,Collection from CUST009 – RCV00318,RECEIVABLE,,,,,,,,,,,,,,,,,,TXN9178A209,RECEIVABLE,RCV00318
transactions,2025-09-23,COMP001,,,,,,,,,,,,,,,,,,,,,,,,,,,,,,29701783.53,,,,,,,,,COMPLETED,,,,,,,CUSTOMER_PAYMENT,,,,,,,,,,,,,,,,,,,,,,,,,Collection from CUST014 – RCV00076,RECEIVABLE,,,,,,,,,,,,,,,,,,TXN3F183D64,RECEIVABLE,RCV00076
transactions,2025-09-24,COMP001,,,,,,,,,,,,,,,,,,,,,,,,,,,,,,17273127.26,,,,,,,,,COMPLETED,,,,,,,CUSTOMER_PAYMENT,,,,,,,,,,,,,,,,,,,,,,,,,Daily dealership & fleet sales collection,SALES_RECEIPTS,,,,,,,,,,,,,,,,,,TXN43A3F2B2,COMPANY,COMP001
transactions,2025-09-24,COMP001,,,,,,,,,,,,,,,,,,,,,,,,,,,,,,-8882679.34,,,,,,,,,COMPLETED,,,,,,,SUPPLIER_PAYMENT,,,,,,,,,,,,,,,,,,,,,,,,,Payment to SUP003 – INV00428,PAYABLE,,,,,,,,,,,,,,,,,,TXNF0F09EF6,INVOICE,INV00428
transactions,2025-09-24,COMP001,,,,,,,,,,,,,,,,,,,,,,,,,,,,,,45868029.63,,,,,,,,,COMPLETED,,,,,,,CUSTOMER_PAYMENT,,,,,,,,,,,,,,,,,,,,,,,,,Collection from CUST016 – RCV00276,RECEIVABLE,,,,,,,,,,,,,,,,,,TXND632D7F2,RECEIVABLE,RCV00276
transactions,2025-09-24,COMP001,,,,,,,,,,,,,,,,,,,,,,,,,,,,,,32880591.19,,,,,,,,,COMPLETED,,,,,,,CUSTOMER_PAYMENT,,,,,,,,,,,,,,,,,,,,,,,,,Collection from CUST019 – RCV00219,RECEIVABLE,,,,,,,,,,,,,,,,,,TXN25725001,RECEIVABLE,RCV00219
transactions,2025-09-24,COMP001,,,,,,,,,,,,,,,,,,,,,,,,,,,,,,-42169554.55,,,,,,,,,COMPLETED,,,,,,,SUPPLIER_PAYMENT,,,,,,,,,,,,,,,,,,,,,,,,,Payment to SUP006 – INV00233,PAYABLE,,,,,,,,,,,,,,,,,,TXNF1E11D0A,INVOICE,INV00233
transactions,2025-09-24,COMP001,,,,,,,,,,,,,,,,,,,,,,,,,,,,,,-5210056.03,,,,,,,,,COMPLETED,,,,,,,OPERATING_EXPENSE,,,,,,,,,,,,,,,,,,,,,,,,,Daily operating expenses,OPEX,,,,,,,,,,,,,,,,,,TXN7EFC81AB,COMPANY,COMP001
transactions,2025-09-25,COMP001,,,,,,,,,,,,,,,,,,,,,,,,,,,,,,15791072.66,,,,,,,,,COMPLETED,,,,,,,CUSTOMER_PAYMENT,,,,,,,,,,,,,,,,,,,,,,,,,Daily dealership & fleet sales collection,SALES_RECEIPTS,,,,,,,,,,,,,,,,,,TXN7C5415B7,COMPANY,COMP001
transactions,2025-09-25,COMP001,,,,,,,,,,,,,,,,,,,,,,,,,,,,,,-3186010.33,,,,,,,,,COMPLETED,,,,,,,OPERATING_EXPENSE,,,,,,,,,,,,,,,,,,,,,,,,,Daily operating expenses,OPEX,,,,,,,,,,,,,,,,,,TXN5E72031E,COMPANY,COMP001
transactions,2025-09-26,COMP001,,,,,,,,,,,,,,,,,,,,,,,,,,,,,,-4756996.81,,,,,,,,,COMPLETED,,,,,,,OPERATING_EXPENSE,,,,,,,,,,,,,,,,,,,,,,,,,Daily operating expenses,OPEX,,,,,,,,,,,,,,,,,,TXN519578FD,COMPANY,COMP001
transactions,2025-09-26,COMP001,,,,,,,,,,,,,,,,,,,,,,,,,,,,,,-57681582.35,,,,,,,,,COMPLETED,,,,,,,SUPPLIER_PAYMENT,,,,,,,,,,,,,,,,,,,,,,,,,Payment to SUP012 – INV00084,PAYABLE,,,,,,,,,,,,,,,,,,TXNE9BBE2DE,INVOICE,INV00084
transactions,2025-09-26,COMP001,,,,,,,,,,,,,,,,,,,,,,,,,,,,,,-57567663.92,,,,,,,,,COMPLETED,,,,,,,SUPPLIER_PAYMENT,,,,,,,,,,,,,,,,,,,,,,,,,Payment to SUP006 – INV00263,PAYABLE,,,,,,,,,,,,,,,,,,TXN01D02E78,INVOICE,INV00263
transactions,2025-09-26,COMP001,,,,,,,,,,,,,,,,,,,,,,,,,,,,,,-3841663.74,,,,,,,,,COMPLETED,,,,,,,SUPPLIER_PAYMENT,,,,,,,,,,,,,,,,,,,,,,,,,Payment to SUP005 – INV00113,PAYABLE,,,,,,,,,,,,,,,,,,TXN3675AC1F,INVOICE,INV00113
transactions,2025-09-26,COMP001,,,,,,,,,,,,,,,,,,,,,,,,,,,,,,31158656.64,,,,,,,,,COMPLETED,,,,,,,CUSTOMER_PAYMENT,,,,,,,,,,,,,,,,,,,,,,,,,Daily dealership & fleet sales collection,SALES_RECEIPTS,,,,,,,,,,,,,,,,,,TXNA216495B,COMPANY,COMP001
transactions,2025-09-26,COMP001,,,,,,,,,,,,,,,,,,,,,,,,,,,,,,-50100294.58,,,,,,,,,COMPLETED,,,,,,,SUPPLIER_PAYMENT,,,,,,,,,,,,,,,,,,,,,,,,,Payment to SUP012 – INV00362,PAYABLE,,,,,,,,,,,,,,,,,,TXN1D29805B,INVOICE,INV00362
transactions,2025-09-27,COMP001,,,,,,,,,,,,,,,,,,,,,,,,,,,,,,20638266.62,,,,,,,,,COMPLETED,,,,,,,CUSTOMER_PAYMENT,,,,,,,,,,,,,,,,,,,,,,,,,Collection from CUST020 – RCV00192,RECEIVABLE,,,,,,,,,,,,,,,,,,TXNC205C219,RECEIVABLE,RCV00192
transactions,2025-09-27,COMP001,,,,,,,,,,,,,,,,,,,,,,,,,,,,,,-1086341.38,,,,,,,,,COMPLETED,,,,,,,OPERATING_EXPENSE,,,,,,,,,,,,,,,,,,,,,,,,,Daily operating expenses,OPEX,,,,,,,,,,,,,,,,,,TXN0860900C,COMPANY,COMP001
transactions,2025-09-27,COMP001,,,,,,,,,,,,,,,,,,,,,,,,,,,,,,-39645345.71,,,,,,,,,COMPLETED,,,,,,,SUPPLIER_PAYMENT,,,,,,,,,,,,,,,,,,,,,,,,,Payment to SUP003 – INV00010,PAYABLE,,,,,,,,,,,,,,,,,,TXN5FD73430,INVOICE,INV00010
transactions,2025-09-27,COMP001,,,,,,,,,,,,,,,,,,,,,,,,,,,,,,-3492159.19,,,,,,,,,COMPLETED,,,,,,,SUPPLIER_PAYMENT,,,,,,,,,,,,,,,,,,,,,,,,,Payment to SUP014 – INV00255,PAYABLE,,,,,,,,,,,,,,,,,,TXN7FDD5513,INVOICE,INV00255
transactions,2025-09-27,COMP001,,,,,,,,,,,,,,,,,,,,,,,,,,,,,,1242002.19,,,,,,,,,COMPLETED,,,,,,,CUSTOMER_PAYMENT,,,,,,,,,,,,,,,,,,,,,,,,,Daily dealership & fleet sales collection,SALES_RECEIPTS,,,,,,,,,,,,,,,,,,TXN7FDA951D,COMPANY,COMP001
transactions,2025-09-28,COMP001,,,,,,,,,,,,,,,,,,,,,,,,,,,,,,42882370.21,,,,,,,,,COMPLETED,,,,,,,CUSTOMER_PAYMENT,,,,,,,,,,,,,,,,,,,,,,,,,Collection from CUST010 – RCV00084,RECEIVABLE,,,,,,,,,,,,,,,,,,TXNB75A28C3,RECEIVABLE,RCV00084
transactions,2025-09-28,COMP001,,,,,,,,,,,,,,,,,,,,,,,,,,,,,,1707027.21,,,,,,,,,COMPLETED,,,,,,,CUSTOMER_PAYMENT,,,,,,,,,,,,,,,,,,,,,,,,,Daily dealership & fleet sales collection,SALES_RECEIPTS,,,,,,,,,,,,,,,,,,TXN5A889106,COMPANY,COMP001
transactions,2025-09-28,COMP001,,,,,,,,,,,,,,,,,,,,,,,,,,,,,,-14532480.46,,,,,,,,,COMPLETED,,,,,,,INTEREST_PAYMENT,,,,,,,,,,,,,,,,,,,,,,,,,Quarterly interest payment,FINANCING,,,,,,,,,,,,,,,,,,TXN8F055FDA,FINANCING_OPTION,FIN001
transactions,2025-09-28,COMP001,,,,,,,,,,,,,,,,,,,,,,,,,,,,,,-1993683.69,,,,,,,,,COMPLETED,,,,,,,OPERATING_EXPENSE,,,,,,,,,,,,,,,,,,,,,,,,,Daily operating expenses,OPEX,,,,,,,,,,,,,,,,,,TXNC8DC8563,COMPANY,COMP001
transactions,2025-09-29,COMP001,,,,,,,,,,,,,,,,,,,,,,,,,,,,,,-19445433.02,,,,,,,,,COMPLETED,,,,,,,SUPPLIER_PAYMENT,,,,,,,,,,,,,,,,,,,,,,,,,Payment to SUP007 – INV00252,PAYABLE,,,,,,,,,,,,,,,,,,TXN120171A4,INVOICE,INV00252
transactions,2025-09-29,COMP001,,,,,,,,,,,,,,,,,,,,,,,,,,,,,,12556824.61,,,,,,,,,COMPLETED,,,,,,,CUSTOMER_PAYMENT,,,,,,,,,,,,,,,,,,,,,,,,,Daily dealership & fleet sales collection,SALES_RECEIPTS,,,,,,,,,,,,,,,,,,TXNAAC115CF,COMPANY,COMP001
transactions,2025-09-29,COMP001,,,,,,,,,,,,,,,,,,,,,,,,,,,,,,-33675048.95,,,,,,,,,COMPLETED,,,,,,,SUPPLIER_PAYMENT,,,,,,,,,,,,,,,,,,,,,,,,,Payment to SUP007 – INV00315,PAYABLE,,,,,,,,,,,,,,,,,,TXN3EF31498,INVOICE,INV00315
transactions,2025-09-29,COMP001,,,,,,,,,,,,,,,,,,,,,,,,,,,,,,-27271686.0,,,,,,,,,COMPLETED,,,,,,,SUPPLIER_PAYMENT,,,,,,,,,,,,,,,,,,,,,,,,,Payment to SUP008 – INV00038,PAYABLE,,,,,,,,,,,,,,,,,,TXNDE775D5E,INVOICE,INV00038
transactions,2025-09-29,COMP001,,,,,,,,,,,,,,,,,,,,,,,,,,,,,,-4520749.0,,,,,,,,,COMPLETED,,,,,,,OPERATING_EXPENSE,,,,,,,,,,,,,,,,,,,,,,,,,Daily operating expenses,OPEX,,,,,,,,,,,,,,,,,,TXN074414BD,COMPANY,COMP001
transactions,2025-09-30,COMP001,,,,,,,,,,,,,,,,,,,,,,,,,,,,,,-7786933.68,,,,,,,,,COMPLETED,,,,,,,SUPPLIER_PAYMENT,,,,,,,,,,,,,,,,,,,,,,,,,Payment to SUP001 – INV00244,PAYABLE,,,,,,,,,,,,,,,,,,TXN10A37571,INVOICE,INV00244
transactions,2025-09-30,COMP001,,,,,,,,,,,,,,,,,,,,,,,,,,,,,,25663336.12,,,,,,,,,COMPLETED,,,,,,,CUSTOMER_PAYMENT,,,,,,,,,,,,,,,,,,,,,,,,,Daily dealership & fleet sales collection,SALES_RECEIPTS,,,,,,,,,,,,,,,,,,TXN765B1AD1,COMPANY,COMP001
transactions,2025-09-30,COMP001,,,,,,,,,,,,,,,,,,,,,,,,,,,,,,-34685592.3,,,,,,,,,COMPLETED,,,,,,,LOAN_REPAYMENT,,,,,,,,,,,,,,,,,,,,,,,,,Repayment to ICICI Bank,FINANCING,,,,,,,,,,,,,,,,,,TXND5AE3E47,FINANCING_OPTION,FIN003
transactions,2025-09-30,COMP001,,,,,,,,,,,,,,,,,,,,,,,,,,,,,,-10970217.3,,,,,,,,,COMPLETED,,,,,,,OPERATING_EXPENSE,,,,,,,,,,,,,,,,,,,,,,,,,Daily operating expenses,OPEX,,,,,,,,,,,,,,,,,,TXN2E1AC62A,COMPANY,COMP001
transactions,2025-09-30,COMP001,,,,,,,,,,,,,,,,,,,,,,,,,,,,,,37630810.09,,,,,,,,,COMPLETED,,,,,,,CUSTOMER_PAYMENT,,,,,,,,,,,,,,,,,,,,,,,,,Collection from CUST021 – RCV00343,RECEIVABLE,,,,,,,,,,,,,,,,,,TXN90F88DA2,RECEIVABLE,RCV00343
transactions,2025-10-01,COMP001,,,,,,,,,,,,,,,,,,,,,,,,,,,,,,-17380113.34,,,,,,,,,COMPLETED,,,,,,,SUPPLIER_PAYMENT,,,,,,,,,,,,,,,,,,,,,,,,,Payment to SUP014 – INV00047,PAYABLE,,,,,,,,,,,,,,,,,,TXNFA587D0D,INVOICE,INV00047
transactions,2025-10-01,COMP001,,,,,,,,,,,,,,,,,,,,,,,,,,,,,,-7199293.73,,,,,,,,,COMPLETED,,,,,,,OPERATING_EXPENSE,,,,,,,,,,,,,,,,,,,,,,,,,Daily operating expenses,OPEX,,,,,,,,,,,,,,,,,,TXN68BF3067,COMPANY,COMP001
transactions,2025-10-01,COMP001,,,,,,,,,,,,,,,,,,,,,,,,,,,,,,17260704.39,,,,,,,,,COMPLETED,,,,,,,CUSTOMER_PAYMENT,,,,,,,,,,,,,,,,,,,,,,,,,Daily dealership & fleet sales collection,SALES_RECEIPTS,,,,,,,,,,,,,,,,,,TXN4590EBC6,COMPANY,COMP001
transactions,2025-10-02,COMP001,,,,,,,,,,,,,,,,,,,,,,,,,,,,,,-51449229.97,,,,,,,,,COMPLETED,,,,,,,SUPPLIER_PAYMENT,,,,,,,,,,,,,,,,,,,,,,,,,Payment to SUP001 – INV00462,PAYABLE,,,,,,,,,,,,,,,,,,TXNF0558A86,INVOICE,INV00462
transactions,2025-10-02,COMP001,,,,,,,,,,,,,,,,,,,,,,,,,,,,,,-9908539.63,,,,,,,,,COMPLETED,,,,,,,OPERATING_EXPENSE,,,,,,,,,,,,,,,,,,,,,,,,,Daily operating expenses,OPEX,,,,,,,,,,,,,,,,,,TXNDE4DDB31,COMPANY,COMP001
transactions,2025-10-02,COMP001,,,,,,,,,,,,,,,,,,,,,,,,,,,,,,9231188.09,,,,,,,,,COMPLETED,,,,,,,CUSTOMER_PAYMENT,,,,,,,,,,,,,,,,,,,,,,,,,Daily dealership & fleet sales collection,SALES_RECEIPTS,,,,,,,,,,,,,,,,,,TXNCDBF37B6,COMPANY,COMP001
transactions,2025-10-03,COMP001,,,,,,,,,,,,,,,,,,,,,,,,,,,,,,-40120095.59,,,,,,,,,COMPLETED,,,,,,,SUPPLIER_PAYMENT,,,,,,,,,,,,,,,,,,,,,,,,,Payment to SUP004 – INV00067,PAYABLE,,,,,,,,,,,,,,,,,,TXN73ED064C,INVOICE,INV00067
transactions,2025-10-03,COMP001,,,,,,,,,,,,,,,,,,,,,,,,,,,,,,25719298.46,,,,,,,,,COMPLETED,,,,,,,CUSTOMER_PAYMENT,,,,,,,,,,,,,,,,,,,,,,,,,Daily dealership & fleet sales collection,SALES_RECEIPTS,,,,,,,,,,,,,,,,,,TXNAC49C589,COMPANY,COMP001
transactions,2025-10-03,COMP001,,,,,,,,,,,,,,,,,,,,,,,,,,,,,,6971468.91,,,,,,,,,COMPLETED,,,,,,,CUSTOMER_PAYMENT,,,,,,,,,,,,,,,,,,,,,,,,,Collection from CUST011 – RCV00227,RECEIVABLE,,,,,,,,,,,,,,,,,,TXN37FA1482,RECEIVABLE,RCV00227
transactions,2025-10-03,COMP001,,,,,,,,,,,,,,,,,,,,,,,,,,,,,,-7613264.21,,,,,,,,,COMPLETED,,,,,,,OPERATING_EXPENSE,,,,,,,,,,,,,,,,,,,,,,,,,Daily operating expenses,OPEX,,,,,,,,,,,,,,,,,,TXN4027B9C6,COMPANY,COMP001
transactions,2025-10-03,COMP001,,,,,,,,,,,,,,,,,,,,,,,,,,,,,,78205941.45,,,,,,,,,COMPLETED,,,,,,,CUSTOMER_PAYMENT,,,,,,,,,,,,,,,,,,,,,,,,,Collection from CUST019 – RCV00189,RECEIVABLE,,,,,,,,,,,,,,,,,,TXN12D731E2,RECEIVABLE,RCV00189
transactions,2025-10-04,COMP001,,,,,,,,,,,,,,,,,,,,,,,,,,,,,,-58531351.73,,,,,,,,,COMPLETED,,,,,,,SUPPLIER_PAYMENT,,,,,,,,,,,,,,,,,,,,,,,,,Payment to SUP008 – INV00369,PAYABLE,,,,,,,,,,,,,,,,,,TXNB2911896,INVOICE,INV00369
transactions,2025-10-04,COMP001,,,,,,,,,,,,,,,,,,,,,,,,,,,,,,-1361259.73,,,,,,,,,COMPLETED,,,,,,,OPERATING_EXPENSE,,,,,,,,,,,,,,,,,,,,,,,,,Daily operating expenses,OPEX,,,,,,,,,,,,,,,,,,TXN1A80E423,COMPANY,COMP001
transactions,2025-10-04,COMP001,,,,,,,,,,,,,,,,,,,,,,,,,,,,,,3986930.39,,,,,,,,,COMPLETED,,,,,,,CUSTOMER_PAYMENT,,,,,,,,,,,,,,,,,,,,,,,,,Daily dealership & fleet sales collection,SALES_RECEIPTS,,,,,,,,,,,,,,,,,,TXN11E5C26B,COMPANY,COMP001
transactions,2025-10-04,COMP001,,,,,,,,,,,,,,,,,,,,,,,,,,,,,,76790203.54,,,,,,,,,COMPLETED,,,,,,,CUSTOMER_PAYMENT,,,,,,,,,,,,,,,,,,,,,,,,,Collection from CUST011 – RCV00268,RECEIVABLE,,,,,,,,,,,,,,,,,,TXN3AF2B426,RECEIVABLE,RCV00268
transactions,2025-10-05,COMP001,,,,,,,,,,,,,,,,,,,,,,,,,,,,,,3132224.21,,,,,,,,,COMPLETED,,,,,,,CUSTOMER_PAYMENT,,,,,,,,,,,,,,,,,,,,,,,,,Daily dealership & fleet sales collection,SALES_RECEIPTS,,,,,,,,,,,,,,,,,,TXN937A2619,COMPANY,COMP001
transactions,2025-10-05,COMP001,,,,,,,,,,,,,,,,,,,,,,,,,,,,,,-947904.46,,,,,,,,,COMPLETED,,,,,,,OPERATING_EXPENSE,,,,,,,,,,,,,,,,,,,,,,,,,Daily operating expenses,OPEX,,,,,,,,,,,,,,,,,,TXNE7080EC6,COMPANY,COMP001
transactions,2025-10-05,COMP001,,,,,,,,,,,,,,,,,,,,,,,,,,,,,,18570985.9,,,,,,,,,COMPLETED,,,,,,,CUSTOMER_PAYMENT,,,,,,,,,,,,,,,,,,,,,,,,,Collection from CUST023 – RCV00257,RECEIVABLE,,,,,,,,,,,,,,,,,,TXN6D9F4BC6,RECEIVABLE,RCV00257
transactions,2025-10-05,COMP001,,,,,,,,,,,,,,,,,,,,,,,,,,,,,,-12794703.71,,,,,,,,,COMPLETED,,,,,,,SUPPLIER_PAYMENT,,,,,,,,,,,,,,,,,,,,,,,,,Payment to SUP002 – INV00005,PAYABLE,,,,,,,,,,,,,,,,,,TXN4C41D88A,INVOICE,INV00005
transactions,2025-10-05,COMP001,,,,,,,,,,,,,,,,,,,,,,,,,,,,,,74476274.28,,,,,,,,,COMPLETED,,,,,,,CUSTOMER_PAYMENT,,,,,,,,,,,,,,,,,,,,,,,,,Collection from CUST007 – RCV00077,RECEIVABLE,,,,,,,,,,,,,,,,,,TXN51CE1833,RECEIVABLE,RCV00077
transactions,2025-10-06,COMP001,,,,,,,,,,,,,,,,,,,,,,,,,,,,,,-6116142.82,,,,,,,,,COMPLETED,,,,,,,OPERATING_EXPENSE,,,,,,,,,,,,,,,,,,,,,,,,,Daily operating expenses,OPEX,,,,,,,,,,,,,,,,,,TXN420989F5,COMPANY,COMP001
transactions,2025-10-06,COMP001,,,,,,,,,,,,,,,,,,,,,,,,,,,,,,-38175261.29,,,,,,,,,COMPLETED,,,,,,,SUPPLIER_PAYMENT,,,,,,,,,,,,,,,,,,,,,,,,,Payment to SUP002 – INV00456,PAYABLE,,,,,,,,,,,,,,,,,,TXN1CE5ECE8,INVOICE,INV00456
transactions,2025-10-06,COMP001,,,,,,,,,,,,,,,,,,,,,,,,,,,,,,17036053.98,,,,,,,,,COMPLETED,,,,,,,CUSTOMER_PAYMENT,,,,,,,,,,,,,,,,,,,,,,,,,Daily dealership & fleet sales collection,SALES_RECEIPTS,,,,,,,,,,,,,,,,,,TXN7337AC10,COMPANY,COMP001
transactions,2025-10-07,COMP001,,,,,,,,,,,,,,,,,,,,,,,,,,,,,,-47544705.26,,,,,,,,,COMPLETED,,,,,,,SUPPLIER_PAYMENT,,,,,,,,,,,,,,,,,,,,,,,,,Payment to SUP010 – INV00206,PAYABLE,,,,,,,,,,,,,,,,,,TXN5E6B882D,INVOICE,INV00206
transactions,2025-10-07,COMP001,,,,,,,,,,,,,,,,,,,,,,,,,,,,,,73017100.02,,,,,,,,,COMPLETED,,,,,,,CUSTOMER_PAYMENT,,,,,,,,,,,,,,,,,,,,,,,,,Collection from CUST011 – RCV00211,RECEIVABLE,,,,,,,,,,,,,,,,,,TXN5BC0E86F,RECEIVABLE,RCV00211
transactions,2025-10-07,COMP001,,,,,,,,,,,,,,,,,,,,,,,,,,,,,,10795626.05,,,,,,,,,COMPLETED,,,,,,,CUSTOMER_PAYMENT,,,,,,,,,,,,,,,,,,,,,,,,,Collection from CUST022 – RCV00324,RECEIVABLE,,,,,,,,,,,,,,,,,,TXN0B1507DF,RECEIVABLE,RCV00324
transactions,2025-10-07,COMP001,,,,,,,,,,,,,,,,,,,,,,,,,,,,,,-5573451.78,,,,,,,,,COMPLETED,,,,,,,OPERATING_EXPENSE,,,,,,,,,,,,,,,,,,,,,,,,,Daily operating expenses,OPEX,,,,,,,,,,,,,,,,,,TXNE19D933F,COMPANY,COMP001
transactions,2025-10-07,COMP001,,,,,,,,,,,,,,,,,,,,,,,,,,,,,,23889304.82,,,,,,,,,COMPLETED,,,,,,,CUSTOMER_PAYMENT,,,,,,,,,,,,,,,,,,,,,,,,,Daily dealership & fleet sales collection,SALES_RECEIPTS,,,,,,,,,,,,,,,,,,TXN7EEB6E2D,COMPANY,COMP001
transactions,2025-10-08,COMP001,,,,,,,,,,,,,,,,,,,,,,,,,,,,,,10235369.24,,,,,,,,,COMPLETED,,,,,,,CUSTOMER_PAYMENT,,,,,,,,,,,,,,,,,,,,,,,,,Daily dealership & fleet sales collection,SALES_RECEIPTS,,,,,,,,,,,,,,,,,,TXN7CD47030,COMPANY,COMP001
transactions,2025-10-08,COMP001,,,,,,,,,,,,,,,,,,,,,,,,,,,,,,-7434592.57,,,,,,,,,COMPLETED,,,,,,,OPERATING_EXPENSE,,,,,,,,,,,,,,,,,,,,,,,,,Daily operating expenses,OPEX,,,,,,,,,,,,,,,,,,TXN9580DFD6,COMPANY,COMP001
transactions,2025-10-09,COMP001,,,,,,,,,,,,,,,,,,,,,,,,,,,,,,20451941.91,,,,,,,,,COMPLETED,,,,,,,CUSTOMER_PAYMENT,,,,,,,,,,,,,,,,,,,,,,,,,Daily dealership & fleet sales collection,SALES_RECEIPTS,,,,,,,,,,,,,,,,,,TXNF4F7CED6,COMPANY,COMP001
transactions,2025-10-09,COMP001,,,,,,,,,,,,,,,,,,,,,,,,,,,,,,-3228483.29,,,,,,,,,COMPLETED,,,,,,,OPERATING_EXPENSE,,,,,,,,,,,,,,,,,,,,,,,,,Daily operating expenses,OPEX,,,,,,,,,,,,,,,,,,TXN485E5555,COMPANY,COMP001
transactions,2025-10-10,COMP001,,,,,,,,,,,,,,,,,,,,,,,,,,,,,,21679100.06,,,,,,,,,COMPLETED,,,,,,,CUSTOMER_PAYMENT,,,,,,,,,,,,,,,,,,,,,,,,,Daily dealership & fleet sales collection,SALES_RECEIPTS,,,,,,,,,,,,,,,,,,TXNBD81294D,COMPANY,COMP001
transactions,2025-10-10,COMP001,,,,,,,,,,,,,,,,,,,,,,,,,,,,,,-8853720.0,,,,,,,,,COMPLETED,,,,,,,OPERATING_EXPENSE,,,,,,,,,,,,,,,,,,,,,,,,,Daily operating expenses,OPEX,,,,,,,,,,,,,,,,,,TXN1A1F4B6D,COMPANY,COMP001
transactions,2025-10-10,COMP001,,,,,,,,,,,,,,,,,,,,,,,,,,,,,,73651485.1,,,,,,,,,COMPLETED,,,,,,,CUSTOMER_PAYMENT,,,,,,,,,,,,,,,,,,,,,,,,,Collection from CUST017 – RCV00347,RECEIVABLE,,,,,,,,,,,,,,,,,,TXNA6F4072D,RECEIVABLE,RCV00347
transactions,2025-10-10,COMP001,,,,,,,,,,,,,,,,,,,,,,,,,,,,,,-49071133.15,,,,,,,,,COMPLETED,,,,,,,SUPPLIER_PAYMENT,,,,,,,,,,,,,,,,,,,,,,,,,Payment to SUP006 – INV00158,PAYABLE,,,,,,,,,,,,,,,,,,TXNF483D11B,INVOICE,INV00158
transactions,2025-10-10,COMP001,,,,,,,,,,,,,,,,,,,,,,,,,,,,,,-56016883.69,,,,,,,,,COMPLETED,,,,,,,SUPPLIER_PAYMENT,,,,,,,,,,,,,,,,,,,,,,,,,Payment to SUP008 – INV00461,PAYABLE,,,,,,,,,,,,,,,,,,TXNAD4F960D,INVOICE,INV00461
transactions,2025-10-10,COMP001,,,,,,,,,,,,,,,,,,,,,,,,,,,,,,-42435799.12,,,,,,,,,COMPLETED,,,,,,,SUPPLIER_PAYMENT,,,,,,,,,,,,,,,,,,,,,,,,,Payment to SUP001 – INV00279,PAYABLE,,,,,,,,,,,,,,,,,,TXN04168E67,INVOICE,INV00279
transactions,2025-10-11,COMP001,,,,,,,,,,,,,,,,,,,,,,,,,,,,,,2894782.91,,,,,,,,,COMPLETED,,,,,,,CUSTOMER_PAYMENT,,,,,,,,,,,,,,,,,,,,,,,,,Daily dealership & fleet sales collection,SALES_RECEIPTS,,,,,,,,,,,,,,,,,,TXNF16FAD65,COMPANY,COMP001
transactions,2025-10-11,COMP001,,,,,,,,,,,,,,,,,,,,,,,,,,,,,,-55158720.89,,,,,,,,,COMPLETED,,,,,,,SUPPLIER_PAYMENT,,,,,,,,,,,,,,,,,,,,,,,,,Payment to SUP001 – INV00402,PAYABLE,,,,,,,,,,,,,,,,,,TXN5091D343,INVOICE,INV00402
transactions,2025-10-11,COMP001,,,,,,,,,,,,,,,,,,,,,,,,,,,,,,26018293.35,,,,,,,,,COMPLETED,,,,,,,CUSTOMER_PAYMENT,,,,,,,,,,,,,,,,,,,,,,,,,Collection from CUST003 – RCV00249,RECEIVABLE,,,,,,,,,,,,,,,,,,TXNFCCB38FC,RECEIVABLE,RCV00249
transactions,2025-10-11,COMP001,,,,,,,,,,,,,,,,,,,,,,,,,,,,,,-1083961.2,,,,,,,,,COMPLETED,,,,,,,OPERATING_EXPENSE,,,,,,,,,,,,,,,,,,,,,,,,,Daily operating expenses,OPEX,,,,,,,,,,,,,,,,,,TXN2B9938FA,COMPANY,COMP001
transactions,2025-10-12,COMP001,,,,,,,,,,,,,,,,,,,,,,,,,,,,,,-1692562.01,,,,,,,,,COMPLETED,,,,,,,OPERATING_EXPENSE,,,,,,,,,,,,,,,,,,,,,,,,,Daily operating expenses,OPEX,,,,,,,,,,,,,,,,,,TXNF8C2E107,COMPANY,COMP001
transactions,2025-10-12,COMP001,,,,,,,,,,,,,,,,,,,,,,,,,,,,,,2046195.16,,,,,,,,,COMPLETED,,,,,,,CUSTOMER_PAYMENT,,,,,,,,,,,,,,,,,,,,,,,,,Daily dealership & fleet sales collection,SALES_RECEIPTS,,,,,,,,,,,,,,,,,,TXN09ECDC0B,COMPANY,COMP001
transactions,2025-10-12,COMP001,,,,,,,,,,,,,,,,,,,,,,,,,,,,,,-43112053.76,,,,,,,,,COMPLETED,,,,,,,SUPPLIER_PAYMENT,,,,,,,,,,,,,,,,,,,,,,,,,Payment to SUP005 – INV00437,PAYABLE,,,,,,,,,,,,,,,,,,TXN3972FC3A,INVOICE,INV00437
transactions,2025-10-13,COMP001,,,,,,,,,,,,,,,,,,,,,,,,,,,,,,27248561.03,,,,,,,,,COMPLETED,,,,,,,CUSTOMER_PAYMENT,,,,,,,,,,,,,,,,,,,,,,,,,Collection from CUST022 – RCV00102,RECEIVABLE,,,,,,,,,,,,,,,,,,TXN4DFCDB9D,RECEIVABLE,RCV00102
transactions,2025-10-13,COMP001,,,,,,,,,,,,,,,,,,,,,,,,,,,,,,14740224.97,,,,,,,,,COMPLETED,,,,,,,CUSTOMER_PAYMENT,,,,,,,,,,,,,,,,,,,,,,,,,Daily dealership & fleet sales collection,SALES_RECEIPTS,,,,,,,,,,,,,,,,,,TXN13AC8A46,COMPANY,COMP001
transactions,2025-10-13,COMP001,,,,,,,,,,,,,,,,,,,,,,,,,,,,,,-55932202.74,,,,,,,,,COMPLETED,,,,,,,SUPPLIER_PAYMENT,,,,,,,,,,,,,,,,,,,,,,,,,Payment to SUP004 – INV00141,PAYABLE,,,,,,,,,,,,,,,,,,TXN9066241F,INVOICE,INV00141
transactions,2025-10-13,COMP001,,,,,,,,,,,,,,,,,,,,,,,,,,,,,,-7234997.23,,,,,,,,,COMPLETED,,,,,,,OPERATING_EXPENSE,,,,,,,,,,,,,,,,,,,,,,,,,Daily operating expenses,OPEX,,,,,,,,,,,,,,,,,,TXNF870E31A,COMPANY,COMP001
transactions,2025-10-13,COMP001,,,,,,,,,,,,,,,,,,,,,,,,,,,,,,-13024326.86,,,,,,,,,COMPLETED,,,,,,,SUPPLIER_PAYMENT,,,,,,,,,,,,,,,,,,,,,,,,,Payment to SUP012 – INV00170,PAYABLE,,,,,,,,,,,,,,,,,,TXNCD2955A9,INVOICE,INV00170
transactions,2025-10-13,COMP001,,,,,,,,,,,,,,,,,,,,,,,,,,,,,,-25295955.07,,,,,,,,,COMPLETED,,,,,,,SUPPLIER_PAYMENT,,,,,,,,,,,,,,,,,,,,,,,,,Payment to SUP005 – INV00046,PAYABLE,,,,,,,,,,,,,,,,,,TXN21E8CCD2,INVOICE,INV00046
transactions,2025-10-13,COMP001,,,,,,,,,,,,,,,,,,,,,,,,,,,,,,-28474262.63,,,,,,,,,COMPLETED,,,,,,,SUPPLIER_PAYMENT,,,,,,,,,,,,,,,,,,,,,,,,,Payment to SUP012 – INV00223,PAYABLE,,,,,,,,,,,,,,,,,,TXN1100E18D,INVOICE,INV00223
transactions,2025-10-14,COMP001,,,,,,,,,,,,,,,,,,,,,,,,,,,,,,-47549832.46,,,,,,,,,COMPLETED,,,,,,,SUPPLIER_PAYMENT,,,,,,,,,,,,,,,,,,,,,,,,,Payment to SUP004 – INV00242,PAYABLE,,,,,,,,,,,,,,,,,,TXN90A6BDDB,INVOICE,INV00242
transactions,2025-10-14,COMP001,,,,,,,,,,,,,,,,,,,,,,,,,,,,,,-5805099.52,,,,,,,,,COMPLETED,,,,,,,OPERATING_EXPENSE,,,,,,,,,,,,,,,,,,,,,,,,,Daily operating expenses,OPEX,,,,,,,,,,,,,,,,,,TXN5BF1910A,COMPANY,COMP001
transactions,2025-10-14,COMP001,,,,,,,,,,,,,,,,,,,,,,,,,,,,,,30232865.44,,,,,,,,,COMPLETED,,,,,,,CUSTOMER_PAYMENT,,,,,,,,,,,,,,,,,,,,,,,,,Daily dealership & fleet sales collection,SALES_RECEIPTS,,,,,,,,,,,,,,,,,,TXN701C1BCB,COMPANY,COMP001
transactions,2025-10-15,COMP001,,,,,,,,,,,,,,,,,,,,,,,,,,,,,,-54001688.96,,,,,,,,,COMPLETED,,,,,,,SUPPLIER_PAYMENT,,,,,,,,,,,,,,,,,,,,,,,,,Payment to SUP014 – INV00450,PAYABLE,,,,,,,,,,,,,,,,,,TXN000F7AC8,INVOICE,INV00450
transactions,2025-10-15,COMP001,,,,,,,,,,,,,,,,,,,,,,,,,,,,,,-7839458.52,,,,,,,,,COMPLETED,,,,,,,OPERATING_EXPENSE,,,,,,,,,,,,,,,,,,,,,,,,,Daily operating expenses,OPEX,,,,,,,,,,,,,,,,,,TXN50D8B071,COMPANY,COMP001
transactions,2025-10-15,COMP001,,,,,,,,,,,,,,,,,,,,,,,,,,,,,,13046570.86,,,,,,,,,COMPLETED,,,,,,,CUSTOMER_PAYMENT,,,,,,,,,,,,,,,,,,,,,,,,,Daily dealership & fleet sales collection,SALES_RECEIPTS,,,,,,,,,,,,,,,,,,TXNF7122B25,COMPANY,COMP001
transactions,2025-10-15,COMP001,,,,,,,,,,,,,,,,,,,,,,,,,,,,,,-28711482.45,,,,,,,,,COMPLETED,,,,,,,SUPPLIER_PAYMENT,,,,,,,,,,,,,,,,,,,,,,,,,Payment to SUP013 – INV00365,PAYABLE,,,,,,,,,,,,,,,,,,TXNB9FCB832,INVOICE,INV00365
transactions,2025-10-16,COMP001,,,,,,,,,,,,,,,,,,,,,,,,,,,,,,-3641783.62,,,,,,,,,COMPLETED,,,,,,,OPERATING_EXPENSE,,,,,,,,,,,,,,,,,,,,,,,,,Daily operating expenses,OPEX,,,,,,,,,,,,,,,,,,TXN31DA7015,COMPANY,COMP001
transactions,2025-10-16,COMP001,,,,,,,,,,,,,,,,,,,,,,,,,,,,,,-32630588.22,,,,,,,,,COMPLETED,,,,,,,SUPPLIER_PAYMENT,,,,,,,,,,,,,,,,,,,,,,,,,Payment to SUP004 – INV00145,PAYABLE,,,,,,,,,,,,,,,,,,TXND739AC8A,INVOICE,INV00145
transactions,2025-10-16,COMP001,,,,,,,,,,,,,,,,,,,,,,,,,,,,,,20830055.43,,,,,,,,,COMPLETED,,,,,,,CUSTOMER_PAYMENT,,,,,,,,,,,,,,,,,,,,,,,,,Daily dealership & fleet sales collection,SALES_RECEIPTS,,,,,,,,,,,,,,,,,,TXN5E0E80F4,COMPANY,COMP001
transactions,2025-10-16,COMP001,,,,,,,,,,,,,,,,,,,,,,,,,,,,,,-9643910.39,,,,,,,,,COMPLETED,,,,,,,SUPPLIER_PAYMENT,,,,,,,,,,,,,,,,,,,,,,,,,Payment to SUP006 – INV00287,PAYABLE,,,,,,,,,,,,,,,,,,TXN62BE2016,INVOICE,INV00287
transactions,2025-10-16,COMP001,,,,,,,,,,,,,,,,,,,,,,,,,,,,,,67565084.51,,,,,,,,,COMPLETED,,,,,,,CUSTOMER_PAYMENT,,,,,,,,,,,,,,,,,,,,,,,,,Collection from CUST018 – RCV00078,RECEIVABLE,,,,,,,,,,,,,,,,,,TXNAAF322D9,RECEIVABLE,RCV00078
transactions,2025-10-17,COMP001,,,,,,,,,,,,,,,,,,,,,,,,,,,,,,-7856896.53,,,,,,,,,COMPLETED,,,,,,,OPERATING_EXPENSE,,,,,,,,,,,,,,,,,,,,,,,,,Daily operating expenses,OPEX,,,,,,,,,,,,,,,,,,TXNBB3F220C,COMPANY,COMP001
transactions,2025-10-17,COMP001,,,,,,,,,,,,,,,,,,,,,,,,,,,,,,21719860.93,,,,,,,,,COMPLETED,,,,,,,CUSTOMER_PAYMENT,,,,,,,,,,,,,,,,,,,,,,,,,Daily dealership & fleet sales collection,SALES_RECEIPTS,,,,,,,,,,,,,,,,,,TXN1FEC093D,COMPANY,COMP001
transactions,2025-10-18,COMP001,,,,,,,,,,,,,,,,,,,,,,,,,,,,,,39655326.7,,,,,,,,,COMPLETED,,,,,,,CUSTOMER_PAYMENT,,,,,,,,,,,,,,,,,,,,,,,,,Collection from CUST012 – RCV00037,RECEIVABLE,,,,,,,,,,,,,,,,,,TXN5C27B8DD,RECEIVABLE,RCV00037
transactions,2025-10-18,COMP001,,,,,,,,,,,,,,,,,,,,,,,,,,,,,,-1789261.99,,,,,,,,,COMPLETED,,,,,,,OPERATING_EXPENSE,,,,,,,,,,,,,,,,,,,,,,,,,Daily operating expenses,OPEX,,,,,,,,,,,,,,,,,,TXN3A914782,COMPANY,COMP001
transactions,2025-10-18,COMP001,,,,,,,,,,,,,,,,,,,,,,,,,,,,,,-14417488.81,,,,,,,,,COMPLETED,,,,,,,SUPPLIER_PAYMENT,,,,,,,,,,,,,,,,,,,,,,,,,Payment to SUP013 – INV00310,PAYABLE,,,,,,,,,,,,,,,,,,TXNE1EF5D29,INVOICE,INV00310
transactions,2025-10-18,COMP001,,,,,,,,,,,,,,,,,,,,,,,,,,,,,,1709376.74,,,,,,,,,COMPLETED,,,,,,,CUSTOMER_PAYMENT,,,,,,,,,,,,,,,,,,,,,,,,,Daily dealership & fleet sales collection,SALES_RECEIPTS,,,,,,,,,,,,,,,,,,TXNF153BA75,COMPANY,COMP001
transactions,2025-10-19,COMP001,,,,,,,,,,,,,,,,,,,,,,,,,,,,,,-1370184.91,,,,,,,,,COMPLETED,,,,,,,OPERATING_EXPENSE,,,,,,,,,,,,,,,,,,,,,,,,,Daily operating expenses,OPEX,,,,,,,,,,,,,,,,,,TXNA0FD33DA,COMPANY,COMP001
transactions,2025-10-19,COMP001,,,,,,,,,,,,,,,,,,,,,,,,,,,,,,29625023.49,,,,,,,,,COMPLETED,,,,,,,CUSTOMER_PAYMENT,,,,,,,,,,,,,,,,,,,,,,,,,Collection from CUST023 – RCV00199,RECEIVABLE,,,,,,,,,,,,,,,,,,TXNFC331909,RECEIVABLE,RCV00199
transactions,2025-10-19,COMP001,,,,,,,,,,,,,,,,,,,,,,,,,,,,,,-4699102.99,,,,,,,,,COMPLETED,,,,,,,SUPPLIER_PAYMENT,,,,,,,,,,,,,,,,,,,,,,,,,Payment to SUP008 – INV00373,PAYABLE,,,,,,,,,,,,,,,,,,TXN3BD96135,INVOICE,INV00373
transactions,2025-10-19,COMP001,,,,,,,,,,,,,,,,,,,,,,,,,,,,,,-27688979.44,,,,,,,,,COMPLETED,,,,,,,SUPPLIER_PAYMENT,,,,,,,,,,,,,,,,,,,,,,,,,Payment to SUP015 – INV00336,PAYABLE,,,,,,,,,,,,,,,,,,TXN6460D4B4,INVOICE,INV00336
transactions,2025-10-19,COMP001,,,,,,,,,,,,,,,,,,,,,,,,,,,,,,2308985.26,,,,,,,,,COMPLETED,,,,,,,CUSTOMER_PAYMENT,,,,,,,,,,,,,,,,,,,,,,,,,Daily dealership & fleet sales collection,SALES_RECEIPTS,,,,,,,,,,,,,,,,,,TXN34C4F705,COMPANY,COMP001
transactions,2025-10-20,COMP001,,,,,,,,,,,,,,,,,,,,,,,,,,,,,,-51219082.72,,,,,,,,,COMPLETED,,,,,,,SUPPLIER_PAYMENT,,,,,,,,,,,,,,,,,,,,,,,,,Payment to SUP007 – INV00132,PAYABLE,,,,,,,,,,,,,,,,,,TXNFA924F05,INVOICE,INV00132
transactions,2025-10-20,COMP001,,,,,,,,,,,,,,,,,,,,,,,,,,,,,,-24914661.1,,,,,,,,,COMPLETED,,,,,,,SUPPLIER_PAYMENT,,,,,,,,,,,,,,,,,,,,,,,,,Payment to SUP006 – INV00109,PAYABLE,,,,,,,,,,,,,,,,,,TXN55750823,INVOICE,INV00109
transactions,2025-10-20,COMP001,,,,,,,,,,,,,,,,,,,,,,,,,,,,,,-11942035.75,,,,,,,,,COMPLETED,,,,,,,SUPPLIER_PAYMENT,,,,,,,,,,,,,,,,,,,,,,,,,Payment to SUP007 – INV00361,PAYABLE,,,,,,,,,,,,,,,,,,TXN79AD5065,INVOICE,INV00361
transactions,2025-10-20,COMP001,,,,,,,,,,,,,,,,,,,,,,,,,,,,,,-6078813.22,,,,,,,,,COMPLETED,,,,,,,OPERATING_EXPENSE,,,,,,,,,,,,,,,,,,,,,,,,,Daily operating expenses,OPEX,,,,,,,,,,,,,,,,,,TXN77AFCE90,COMPANY,COMP001
transactions,2025-10-20,COMP001,,,,,,,,,,,,,,,,,,,,,,,,,,,,,,-54310506.14,,,,,,,,,COMPLETED,,,,,,,SUPPLIER_PAYMENT,,,,,,,,,,,,,,,,,,,,,,,,,Payment to SUP015 – INV00302,PAYABLE,,,,,,,,,,,,,,,,,,TXNDAD2F688,INVOICE,INV00302
transactions,2025-10-20,COMP001,,,,,,,,,,,,,,,,,,,,,,,,,,,,,,17837871.41,,,,,,,,,COMPLETED,,,,,,,CUSTOMER_PAYMENT,,,,,,,,,,,,,,,,,,,,,,,,,Daily dealership & fleet sales collection,SALES_RECEIPTS,,,,,,,,,,,,,,,,,,TXNBF9DCAB8,COMPANY,COMP001
transactions,2025-10-21,COMP001,,,,,,,,,,,,,,,,,,,,,,,,,,,,,,56882007.59,,,,,,,,,COMPLETED,,,,,,,CUSTOMER_PAYMENT,,,,,,,,,,,,,,,,,,,,,,,,,Collection from CUST019 – RCV00028,RECEIVABLE,,,,,,,,,,,,,,,,,,TXN5A35D809,RECEIVABLE,RCV00028
transactions,2025-10-21,COMP001,,,,,,,,,,,,,,,,,,,,,,,,,,,,,,22141328.32,,,,,,,,,COMPLETED,,,,,,,CUSTOMER_PAYMENT,,,,,,,,,,,,,,,,,,,,,,,,,Daily dealership & fleet sales collection,SALES_RECEIPTS,,,,,,,,,,,,,,,,,,TXN78ACDC14,COMPANY,COMP001
transactions,2025-10-21,COMP001,,,,,,,,,,,,,,,,,,,,,,,,,,,,,,-7786015.92,,,,,,,,,COMPLETED,,,,,,,OPERATING_EXPENSE,,,,,,,,,,,,,,,,,,,,,,,,,Daily operating expenses,OPEX,,,,,,,,,,,,,,,,,,TXNF7C0B8F2,COMPANY,COMP001
transactions,2025-10-22,COMP001,,,,,,,,,,,,,,,,,,,,,,,,,,,,,,11511893.74,,,,,,,,,COMPLETED,,,,,,,CUSTOMER_PAYMENT,,,,,,,,,,,,,,,,,,,,,,,,,Daily dealership & fleet sales collection,SALES_RECEIPTS,,,,,,,,,,,,,,,,,,TXN42CA8CDA,COMPANY,COMP001
transactions,2025-10-22,COMP001,,,,,,,,,,,,,,,,,,,,,,,,,,,,,,-6975656.69,,,,,,,,,COMPLETED,,,,,,,OPERATING_EXPENSE,,,,,,,,,,,,,,,,,,,,,,,,,Daily operating expenses,OPEX,,,,,,,,,,,,,,,,,,TXN1543F96A,COMPANY,COMP001
transactions,2025-10-22,COMP001,,,,,,,,,,,,,,,,,,,,,,,,,,,,,,59065295.14,,,,,,,,,COMPLETED,,,,,,,CUSTOMER_PAYMENT,,,,,,,,,,,,,,,,,,,,,,,,,Collection from CUST008 – RCV00203,RECEIVABLE,,,,,,,,,,,,,,,,,,TXNC9C017C6,RECEIVABLE,RCV00203
transactions,2025-10-23,COMP001,,,,,,,,,,,,,,,,,,,,,,,,,,,,,,-8157089.33,,,,,,,,,COMPLETED,,,,,,,OPERATING_EXPENSE,,,,,,,,,,,,,,,,,,,,,,,,,Daily operating expenses,OPEX,,,,,,,,,,,,,,,,,,TXN2D914DA9,COMPANY,COMP001
transactions,2025-10-23,COMP001,,,,,,,,,,,,,,,,,,,,,,,,,,,,,,-30402516.87,,,,,,,,,COMPLETED,,,,,,,SUPPLIER_PAYMENT,,,,,,,,,,,,,,,,,,,,,,,,,Payment to SUP008 – INV00419,PAYABLE,,,,,,,,,,,,,,,,,,TXN52F0CB54,INVOICE,INV00419
transactions,2025-10-23,COMP001,,,,,,,,,,,,,,,,,,,,,,,,,,,,,,-44036807.24,,,,,,,,,COMPLETED,,,,,,,SUPPLIER_PAYMENT,,,,,,,,,,,,,,,,,,,,,,,,,Payment to SUP009 – INV00385,PAYABLE,,,,,,,,,,,,,,,,,,TXN94B6ABC9,INVOICE,INV00385
transactions,2025-10-23,COMP001,,,,,,,,,,,,,,,,,,,,,,,,,,,,,,-25059669.39,,,,,,,,,COMPLETED,,,,,,,SUPPLIER_PAYMENT,,,,,,,,,,,,,,,,,,,,,,,,,Payment to SUP001 – INV00400,PAYABLE,,,,,,,,,,,,,,,,,,TXN68C807FE,INVOICE,INV00400
transactions,2025-10-23,COMP001,,,,,,,,,,,,,,,,,,,,,,,,,,,,,,12920381.77,,,,,,,,,COMPLETED,,,,,,,CUSTOMER_PAYMENT,,,,,,,,,,,,,,,,,,,,,,,,,Collection from CUST017 – RCV00270,RECEIVABLE,,,,,,,,,,,,,,,,,,TXN9BBCF4F5,RECEIVABLE,RCV00270
transactions,2025-10-23,COMP001,,,,,,,,,,,,,,,,,,,,,,,,,,,,,,14592221.44,,,,,,,,,COMPLETED,,,,,,,CUSTOMER_PAYMENT,,,,,,,,,,,,,,,,,,,,,,,,,Daily dealership & fleet sales collection,SALES_RECEIPTS,,,,,,,,,,,,,,,,,,TXN0248E2C4,COMPANY,COMP001
transactions,2025-10-24,COMP001,,,,,,,,,,,,,,,,,,,,,,,,,,,,,,-8123600.5,,,,,,,,,COMPLETED,,,,,,,OPERATING_EXPENSE,,,,,,,,,,,,,,,,,,,,,,,,,Daily operating expenses,OPEX,,,,,,,,,,,,,,,,,,TXN837ADB60,COMPANY,COMP001
transactions,2025-10-24,COMP001,,,,,,,,,,,,,,,,,,,,,,,,,,,,,,30486763.16,,,,,,,,,COMPLETED,,,,,,,CUSTOMER_PAYMENT,,,,,,,,,,,,,,,,,,,,,,,,,Daily dealership & fleet sales collection,SALES_RECEIPTS,,,,,,,,,,,,,,,,,,TXN97C32581,COMPANY,COMP001
transactions,2025-10-24,COMP001,,,,,,,,,,,,,,,,,,,,,,,,,,,,,,25954066.14,,,,,,,,,COMPLETED,,,,,,,CUSTOMER_PAYMENT,,,,,,,,,,,,,,,,,,,,,,,,,Collection from CUST010 – RCV00214,RECEIVABLE,,,,,,,,,,,,,,,,,,TXN7C770CB1,RECEIVABLE,RCV00214
transactions,2025-10-24,COMP001,,,,,,,,,,,,,,,,,,,,,,,,,,,,,,28362221.48,,,,,,,,,COMPLETED,,,,,,,CUSTOMER_PAYMENT,,,,,,,,,,,,,,,,,,,,,,,,,Collection from CUST002 – RCV00042,RECEIVABLE,,,,,,,,,,,,,,,,,,TXNB41A614D,RECEIVABLE,RCV00042
transactions,2025-10-25,COMP001,,,,,,,,,,,,,,,,,,,,,,,,,,,,,,64015763.59,,,,,,,,,COMPLETED,,,,,,,CUSTOMER_PAYMENT,,,,,,,,,,,,,,,,,,,,,,,,,Collection from CUST025 – RCV00272,RECEIVABLE,,,,,,,,,,,,,,,,,,TXN8319F704,RECEIVABLE,RCV00272
transactions,2025-10-25,COMP001,,,,,,,,,,,,,,,,,,,,,,,,,,,,,,2014516.39,,,,,,,,,COMPLETED,,,,,,,CUSTOMER_PAYMENT,,,,,,,,,,,,,,,,,,,,,,,,,Daily dealership & fleet sales collection,SALES_RECEIPTS,,,,,,,,,,,,,,,,,,TXN2CD89F31,COMPANY,COMP001
transactions,2025-10-25,COMP001,,,,,,,,,,,,,,,,,,,,,,,,,,,,,,-966347.14,,,,,,,,,COMPLETED,,,,,,,OPERATING_EXPENSE,,,,,,,,,,,,,,,,,,,,,,,,,Daily operating expenses,OPEX,,,,,,,,,,,,,,,,,,TXNB66777B9,COMPANY,COMP001
transactions,2025-10-25,COMP001,,,,,,,,,,,,,,,,,,,,,,,,,,,,,,23599716.66,,,,,,,,,COMPLETED,,,,,,,CUSTOMER_PAYMENT,,,,,,,,,,,,,,,,,,,,,,,,,Collection from CUST013 – RCV00225,RECEIVABLE,,,,,,,,,,,,,,,,,,TXN2BCE457C,RECEIVABLE,RCV00225
transactions,2025-10-26,COMP001,,,,,,,,,,,,,,,,,,,,,,,,,,,,,,2162005.51,,,,,,,,,COMPLETED,,,,,,,CUSTOMER_PAYMENT,,,,,,,,,,,,,,,,,,,,,,,,,Daily dealership & fleet sales collection,SALES_RECEIPTS,,,,,,,,,,,,,,,,,,TXNCAF9DB78,COMPANY,COMP001
transactions,2025-10-26,COMP001,,,,,,,,,,,,,,,,,,,,,,,,,,,,,,-795259.59,,,,,,,,,COMPLETED,,,,,,,OPERATING_EXPENSE,,,,,,,,,,,,,,,,,,,,,,,,,Daily operating expenses,OPEX,,,,,,,,,,,,,,,,,,TXN870FB650,COMPANY,COMP001
transactions,2025-10-26,COMP001,,,,,,,,,,,,,,,,,,,,,,,,,,,,,,-17228630.64,,,,,,,,,COMPLETED,,,,,,,SUPPLIER_PAYMENT,,,,,,,,,,,,,,,,,,,,,,,,,Payment to SUP006 – INV00478,PAYABLE,,,,,,,,,,,,,,,,,,TXND6891C03,INVOICE,INV00478
transactions,2025-10-26,COMP001,,,,,,,,,,,,,,,,,,,,,,,,,,,,,,12868924.24,,,,,,,,,COMPLETED,,,,,,,CUSTOMER_PAYMENT,,,,,,,,,,,,,,,,,,,,,,,,,Collection from CUST003 – RCV00222,RECEIVABLE,,,,,,,,,,,,,,,,,,TXN5007A379,RECEIVABLE,RCV00222
transactions,2025-10-27,COMP001,,,,,,,,,,,,,,,,,,,,,,,,,,,,,,9455507.56,,,,,,,,,COMPLETED,,,,,,,CUSTOMER_PAYMENT,,,,,,,,,,,,,,,,,,,,,,,,,Daily dealership & fleet sales collection,SALES_RECEIPTS,,,,,,,,,,,,,,,,,,TXND7D8565F,COMPANY,COMP001
transactions,2025-10-27,COMP001,,,,,,,,,,,,,,,,,,,,,,,,,,,,,,-6453623.73,,,,,,,,,COMPLETED,,,,,,,OPERATING_EXPENSE,,,,,,,,,,,,,,,,,,,,,,,,,Daily operating expenses,OPEX,,,,,,,,,,,,,,,,,,TXN6B7BF0CA,COMPANY,COMP001
transactions,2025-10-28,COMP001,,,,,,,,,,,,,,,,,,,,,,,,,,,,,,18173634.71,,,,,,,,,COMPLETED,,,,,,,CUSTOMER_PAYMENT,,,,,,,,,,,,,,,,,,,,,,,,,Daily dealership & fleet sales collection,SALES_RECEIPTS,,,,,,,,,,,,,,,,,,TXNE05AB462,COMPANY,COMP001
transactions,2025-10-28,COMP001,,,,,,,,,,,,,,,,,,,,,,,,,,,,,,77779910.23,,,,,,,,,COMPLETED,,,,,,,LOAN_DRAW,,,,,,,,,,,,,,,,,,,,,,,,,Loan drawdown from Tata Capital Financial Svc,FINANCING,,,,,,,,,,,,,,,,,,TXN6AFADEAF,FINANCING_OPTION,FIN005
transactions,2025-10-28,COMP001,,,,,,,,,,,,,,,,,,,,,,,,,,,,,,-59820417.88,,,,,,,,,COMPLETED,,,,,,,SUPPLIER_PAYMENT,,,,,,,,,,,,,,,,,,,,,,,,,Payment to SUP010 – INV00391,PAYABLE,,,,,,,,,,,,,,,,,,TXN3A75E3E6,INVOICE,INV00391
transactions,2025-10-28,COMP001,,,,,,,,,,,,,,,,,,,,,,,,,,,,,,-6527005.65,,,,,,,,,COMPLETED,,,,,,,OPERATING_EXPENSE,,,,,,,,,,,,,,,,,,,,,,,,,Daily operating expenses,OPEX,,,,,,,,,,,,,,,,,,TXN09C8CB19,COMPANY,COMP001
transactions,2025-10-29,COMP001,,,,,,,,,,,,,,,,,,,,,,,,,,,,,,-56710986.15,,,,,,,,,COMPLETED,,,,,,,SUPPLIER_PAYMENT,,,,,,,,,,,,,,,,,,,,,,,,,Payment to SUP008 – INV00210,PAYABLE,,,,,,,,,,,,,,,,,,TXN3C4BE4CC,INVOICE,INV00210
transactions,2025-10-29,COMP001,,,,,,,,,,,,,,,,,,,,,,,,,,,,,,10272140.26,,,,,,,,,COMPLETED,,,,,,,CUSTOMER_PAYMENT,,,,,,,,,,,,,,,,,,,,,,,,,Daily dealership & fleet sales collection,SALES_RECEIPTS,,,,,,,,,,,,,,,,,,TXN84A112BE,COMPANY,COMP001
transactions,2025-10-29,COMP001,,,,,,,,,,,,,,,,,,,,,,,,,,,,,,-7360801.05,,,,,,,,,COMPLETED,,,,,,,OPERATING_EXPENSE,,,,,,,,,,,,,,,,,,,,,,,,,Daily operating expenses,OPEX,,,,,,,,,,,,,,,,,,TXN17C3D21B,COMPANY,COMP001
transactions,2025-10-30,COMP001,,,,,,,,,,,,,,,,,,,,,,,,,,,,,,-11475730.72,,,,,,,,,COMPLETED,,,,,,,OPERATING_EXPENSE,,,,,,,,,,,,,,,,,,,,,,,,,Daily operating expenses,OPEX,,,,,,,,,,,,,,,,,,TXN56301101,COMPANY,COMP001
transactions,2025-10-30,COMP001,,,,,,,,,,,,,,,,,,,,,,,,,,,,,,65192638.74,,,,,,,,,COMPLETED,,,,,,,CUSTOMER_PAYMENT,,,,,,,,,,,,,,,,,,,,,,,,,Collection from CUST022 – RCV00024,RECEIVABLE,,,,,,,,,,,,,,,,,,TXN18E7D8EF,RECEIVABLE,RCV00024
transactions,2025-10-30,COMP001,,,,,,,,,,,,,,,,,,,,,,,,,,,,,,-12113087.75,,,,,,,,,COMPLETED,,,,,,,SUPPLIER_PAYMENT,,,,,,,,,,,,,,,,,,,,,,,,,Payment to SUP006 – INV00022,PAYABLE,,,,,,,,,,,,,,,,,,TXN7EF050FB,INVOICE,INV00022
transactions,2025-10-30,COMP001,,,,,,,,,,,,,,,,,,,,,,,,,,,,,,78710136.39,,,,,,,,,COMPLETED,,,,,,,CUSTOMER_PAYMENT,,,,,,,,,,,,,,,,,,,,,,,,,Collection from CUST003 – RCV00306,RECEIVABLE,,,,,,,,,,,,,,,,,,TXN8C3EB48B,RECEIVABLE,RCV00306
transactions,2025-10-30,COMP001,,,,,,,,,,,,,,,,,,,,,,,,,,,,,,12564677.76,,,,,,,,,COMPLETED,,,,,,,CUSTOMER_PAYMENT,,,,,,,,,,,,,,,,,,,,,,,,,Daily dealership & fleet sales collection,SALES_RECEIPTS,,,,,,,,,,,,,,,,,,TXN78F870F8,COMPANY,COMP001
transactions,2025-10-31,COMP001,,,,,,,,,,,,,,,,,,,,,,,,,,,,,,-12377542.51,,,,,,,,,COMPLETED,,,,,,,OPERATING_EXPENSE,,,,,,,,,,,,,,,,,,,,,,,,,Daily operating expenses,OPEX,,,,,,,,,,,,,,,,,,TXN1583C149,COMPANY,COMP001
transactions,2025-10-31,COMP001,,,,,,,,,,,,,,,,,,,,,,,,,,,,,,36013000.03,,,,,,,,,COMPLETED,,,,,,,CUSTOMER_PAYMENT,,,,,,,,,,,,,,,,,,,,,,,,,Collection from CUST018 – RCV00074,RECEIVABLE,,,,,,,,,,,,,,,,,,TXN67418861,RECEIVABLE,RCV00074
transactions,2025-10-31,COMP001,,,,,,,,,,,,,,,,,,,,,,,,,,,,,,50192456.36,,,,,,,,,COMPLETED,,,,,,,CUSTOMER_PAYMENT,,,,,,,,,,,,,,,,,,,,,,,,,Collection from CUST009 – RCV00129,RECEIVABLE,,,,,,,,,,,,,,,,,,TXN6ADF30E3,RECEIVABLE,RCV00129
transactions,2025-10-31,COMP001,,,,,,,,,,,,,,,,,,,,,,,,,,,,,,21087713.5,,,,,,,,,COMPLETED,,,,,,,CUSTOMER_PAYMENT,,,,,,,,,,,,,,,,,,,,,,,,,Daily dealership & fleet sales collection,SALES_RECEIPTS,,,,,,,,,,,,,,,,,,TXN90E0F392,COMPANY,COMP001
transactions,2025-11-01,COMP001,,,,,,,,,,,,,,,,,,,,,,,,,,,,,,3159826.15,,,,,,,,,COMPLETED,,,,,,,CUSTOMER_PAYMENT,,,,,,,,,,,,,,,,,,,,,,,,,Daily dealership & fleet sales collection,SALES_RECEIPTS,,,,,,,,,,,,,,,,,,TXNCBB69D82,COMPANY,COMP001
transactions,2025-11-01,COMP001,,,,,,,,,,,,,,,,,,,,,,,,,,,,,,-723492.53,,,,,,,,,COMPLETED,,,,,,,OPERATING_EXPENSE,,,,,,,,,,,,,,,,,,,,,,,,,Daily operating expenses,OPEX,,,,,,,,,,,,,,,,,,TXN40B8C74C,COMPANY,COMP001
transactions,2025-11-01,COMP001,,,,,,,,,,,,,,,,,,,,,,,,,,,,,,-54662962.52,,,,,,,,,COMPLETED,,,,,,,SUPPLIER_PAYMENT,,,,,,,,,,,,,,,,,,,,,,,,,Payment to SUP015 – INV00214,PAYABLE,,,,,,,,,,,,,,,,,,TXN4A2BDA93,INVOICE,INV00214
transactions,2025-11-02,COMP001,,,,,,,,,,,,,,,,,,,,,,,,,,,,,,1517870.45,,,,,,,,,COMPLETED,,,,,,,CUSTOMER_PAYMENT,,,,,,,,,,,,,,,,,,,,,,,,,Daily dealership & fleet sales collection,SALES_RECEIPTS,,,,,,,,,,,,,,,,,,TXND34897C4,COMPANY,COMP001
transactions,2025-11-02,COMP001,,,,,,,,,,,,,,,,,,,,,,,,,,,,,,-22892784.05,,,,,,,,,COMPLETED,,,,,,,SUPPLIER_PAYMENT,,,,,,,,,,,,,,,,,,,,,,,,,Payment to SUP011 – INV00127,PAYABLE,,,,,,,,,,,,,,,,,,TXN8694683C,INVOICE,INV00127
transactions,2025-11-02,COMP001,,,,,,,,,,,,,,,,,,,,,,,,,,,,,,-1661977.39,,,,,,,,,COMPLETED,,,,,,,OPERATING_EXPENSE,,,,,,,,,,,,,,,,,,,,,,,,,Daily operating expenses,OPEX,,,,,,,,,,,,,,,,,,TXNCD49764D,COMPANY,COMP001
transactions,2025-11-03,COMP001,,,,,,,,,,,,,,,,,,,,,,,,,,,,,,-42812191.69,,,,,,,,,COMPLETED,,,,,,,SUPPLIER_PAYMENT,,,,,,,,,,,,,,,,,,,,,,,,,Payment to SUP012 – INV00180,PAYABLE,,,,,,,,,,,,,,,,,,TXNCD58C3BA,INVOICE,INV00180
transactions,2025-11-03,COMP001,,,,,,,,,,,,,,,,,,,,,,,,,,,,,,-7184420.42,,,,,,,,,COMPLETED,,,,,,,OPERATING_EXPENSE,,,,,,,,,,,,,,,,,,,,,,,,,Daily operating expenses,OPEX,,,,,,,,,,,,,,,,,,TXN442EF671,COMPANY,COMP001
transactions,2025-11-03,COMP001,,,,,,,,,,,,,,,,,,,,,,,,,,,,,,-10338834.65,,,,,,,,,COMPLETED,,,,,,,SUPPLIER_PAYMENT,,,,,,,,,,,,,,,,,,,,,,,,,Payment to SUP006 – INV00048,PAYABLE,,,,,,,,,,,,,,,,,,TXN3CE58456,INVOICE,INV00048
transactions,2025-11-03,COMP001,,,,,,,,,,,,,,,,,,,,,,,,,,,,,,14978409.1,,,,,,,,,COMPLETED,,,,,,,CUSTOMER_PAYMENT,,,,,,,,,,,,,,,,,,,,,,,,,Daily dealership & fleet sales collection,SALES_RECEIPTS,,,,,,,,,,,,,,,,,,TXN878DA83C,COMPANY,COMP001
transactions,2025-11-04,COMP001,,,,,,,,,,,,,,,,,,,,,,,,,,,,,,54165519.76,,,,,,,,,COMPLETED,,,,,,,CUSTOMER_PAYMENT,,,,,,,,,,,,,,,,,,,,,,,,,Collection from CUST006 – RCV00246,RECEIVABLE,,,,,,,,,,,,,,,,,,TXN6C254D2C,RECEIVABLE,RCV00246
transactions,2025-11-04,COMP001,,,,,,,,,,,,,,,,,,,,,,,,,,,,,,25304938.09,,,,,,,,,COMPLETED,,,,,,,CUSTOMER_PAYMENT,,,,,,,,,,,,,,,,,,,,,,,,,Daily dealership & fleet sales collection,SALES_RECEIPTS,,,,,,,,,,,,,,,,,,TXNB45BBF70,COMPANY,COMP001
transactions,2025-11-04,COMP001,,,,,,,,,,,,,,,,,,,,,,,,,,,,,,-5508074.84,,,,,,,,,COMPLETED,,,,,,,OPERATING_EXPENSE,,,,,,,,,,,,,,,,,,,,,,,,,Daily operating expenses,OPEX,,,,,,,,,,,,,,,,,,TXNA8B1EDBB,COMPANY,COMP001
transactions,2025-11-04,COMP001,,,,,,,,,,,,,,,,,,,,,,,,,,,,,,61180986.18,,,,,,,,,COMPLETED,,,,,,,CUSTOMER_PAYMENT,,,,,,,,,,,,,,,,,,,,,,,,,Collection from CUST007 – RCV00304,RECEIVABLE,,,,,,,,,,,,,,,,,,TXN00DC92F4,RECEIVABLE,RCV00304
transactions,2025-11-04,COMP001,,,,,,,,,,,,,,,,,,,,,,,,,,,,,,-8355520.7,,,,,,,,,COMPLETED,,,,,,,SUPPLIER_PAYMENT,,,,,,,,,,,,,,,,,,,,,,,,,Payment to SUP003 – INV00018,PAYABLE,,,,,,,,,,,,,,,,,,TXNC8DB0001,INVOICE,INV00018
transactions,2025-11-05,COMP001,,,,,,,,,,,,,,,,,,,,,,,,,,,,,,23982856.33,,,,,,,,,COMPLETED,,,,,,,CUSTOMER_PAYMENT,,,,,,,,,,,,,,,,,,,,,,,,,Collection from CUST017 – RCV00239,RECEIVABLE,,,,,,,,,,,,,,,,,,TXNB9F03E01,RECEIVABLE,RCV00239
transactions,2025-11-05,COMP001,,,,,,,,,,,,,,,,,,,,,,,,,,,,,,-22333814.42,,,,,,,,,COMPLETED,,,,,,,SUPPLIER_PAYMENT,,,,,,,,,,,,,,,,,,,,,,,,,Payment to SUP005 – INV00468,PAYABLE,,,,,,,,,,,,,,,,,,TXNC74CBE08,INVOICE,INV00468
transactions,2025-11-05,COMP001,,,,,,,,,,,,,,,,,,,,,,,,,,,,,,-7135007.99,,,,,,,,,COMPLETED,,,,,,,OPERATING_EXPENSE,,,,,,,,,,,,,,,,,,,,,,,,,Daily operating expenses,OPEX,,,,,,,,,,,,,,,,,,TXN86CD4643,COMPANY,COMP001
transactions,2025-11-05,COMP001,,,,,,,,,,,,,,,,,,,,,,,,,,,,,,17274161.5,,,,,,,,,COMPLETED,,,,,,,CUSTOMER_PAYMENT,,,,,,,,,,,,,,,,,,,,,,,,,Daily dealership & fleet sales collection,SALES_RECEIPTS,,,,,,,,,,,,,,,,,,TXNE0F46029,COMPANY,COMP001
transactions,2025-11-06,COMP001,,,,,,,,,,,,,,,,,,,,,,,,,,,,,,-38564840.99,,,,,,,,,COMPLETED,,,,,,,SUPPLIER_PAYMENT,,,,,,,,,,,,,,,,,,,,,,,,,Payment to SUP003 – INV00295,PAYABLE,,,,,,,,,,,,,,,,,,TXN76D7AD94,INVOICE,INV00295
transactions,2025-11-06,COMP001,,,,,,,,,,,,,,,,,,,,,,,,,,,,,,-7291384.61,,,,,,,,,COMPLETED,,,,,,,OPERATING_EXPENSE,,,,,,,,,,,,,,,,,,,,,,,,,Daily operating expenses,OPEX,,,,,,,,,,,,,,,,,,TXN59FE181E,COMPANY,COMP001
transactions,2025-11-06,COMP001,,,,,,,,,,,,,,,,,,,,,,,,,,,,,,42425360.14,,,,,,,,,COMPLETED,,,,,,,CUSTOMER_PAYMENT,,,,,,,,,,,,,,,,,,,,,,,,,Collection from CUST008 – RCV00329,RECEIVABLE,,,,,,,,,,,,,,,,,,TXND1B96922,RECEIVABLE,RCV00329
transactions,2025-11-06,COMP001,,,,,,,,,,,,,,,,,,,,,,,,,,,,,,9817161.53,,,,,,,,,COMPLETED,,,,,,,CUSTOMER_PAYMENT,,,,,,,,,,,,,,,,,,,,,,,,,Daily dealership & fleet sales collection,SALES_RECEIPTS,,,,,,,,,,,,,,,,,,TXNF095080F,COMPANY,COMP001
transactions,2025-11-07,COMP001,,,,,,,,,,,,,,,,,,,,,,,,,,,,,,22931279.15,,,,,,,,,COMPLETED,,,,,,,CUSTOMER_PAYMENT,,,,,,,,,,,,,,,,,,,,,,,,,Daily dealership & fleet sales collection,SALES_RECEIPTS,,,,,,,,,,,,,,,,,,TXN4697A1DF,COMPANY,COMP001
transactions,2025-11-07,COMP001,,,,,,,,,,,,,,,,,,,,,,,,,,,,,,-4544438.94,,,,,,,,,COMPLETED,,,,,,,OPERATING_EXPENSE,,,,,,,,,,,,,,,,,,,,,,,,,Daily operating expenses,OPEX,,,,,,,,,,,,,,,,,,TXNE1C01972,COMPANY,COMP001
transactions,2025-11-07,COMP001,,,,,,,,,,,,,,,,,,,,,,,,,,,,,,-14937912.1,,,,,,,,,COMPLETED,,,,,,,SUPPLIER_PAYMENT,,,,,,,,,,,,,,,,,,,,,,,,,Payment to SUP009 – INV00358,PAYABLE,,,,,,,,,,,,,,,,,,TXNCAFC528B,INVOICE,INV00358
transactions,2025-11-08,COMP001,,,,,,,,,,,,,,,,,,,,,,,,,,,,,,-1637780.98,,,,,,,,,COMPLETED,,,,,,,OPERATING_EXPENSE,,,,,,,,,,,,,,,,,,,,,,,,,Daily operating expenses,OPEX,,,,,,,,,,,,,,,,,,TXN468C2DEF,COMPANY,COMP001
transactions,2025-11-08,COMP001,,,,,,,,,,,,,,,,,,,,,,,,,,,,,,3283103.2,,,,,,,,,COMPLETED,,,,,,,CUSTOMER_PAYMENT,,,,,,,,,,,,,,,,,,,,,,,,,Daily dealership & fleet sales collection,SALES_RECEIPTS,,,,,,,,,,,,,,,,,,TXNE3816F3C,COMPANY,COMP001
transactions,2025-11-08,COMP001,,,,,,,,,,,,,,,,,,,,,,,,,,,,,,-27796321.66,,,,,,,,,COMPLETED,,,,,,,SUPPLIER_PAYMENT,,,,,,,,,,,,,,,,,,,,,,,,,Payment to SUP004 – INV00049,PAYABLE,,,,,,,,,,,,,,,,,,TXND55E1817,INVOICE,INV00049
transactions,2025-11-08,COMP001,,,,,,,,,,,,,,,,,,,,,,,,,,,,,,22967717.18,,,,,,,,,COMPLETED,,,,,,,CUSTOMER_PAYMENT,,,,,,,,,,,,,,,,,,,,,,,,,Collection from CUST012 – RCV00152,RECEIVABLE,,,,,,,,,,,,,,,,,,TXN9614FE63,RECEIVABLE,RCV00152
transactions,2025-11-09,COMP001,,,,,,,,,,,,,,,,,,,,,,,,,,,,,,-1937975.11,,,,,,,,,COMPLETED,,,,,,,OPERATING_EXPENSE,,,,,,,,,,,,,,,,,,,,,,,,,Daily operating expenses,OPEX,,,,,,,,,,,,,,,,,,TXN59CB9C20,COMPANY,COMP001
transactions,2025-11-09,COMP001,,,,,,,,,,,,,,,,,,,,,,,,,,,,,,-59748587.5,,,,,,,,,COMPLETED,,,,,,,SUPPLIER_PAYMENT,,,,,,,,,,,,,,,,,,,,,,,,,Payment to SUP007 – INV00412,PAYABLE,,,,,,,,,,,,,,,,,,TXN8E664B85,INVOICE,INV00412
transactions,2025-11-09,COMP001,,,,,,,,,,,,,,,,,,,,,,,,,,,,,,-13955924.63,,,,,,,,,COMPLETED,,,,,,,SUPPLIER_PAYMENT,,,,,,,,,,,,,,,,,,,,,,,,,Payment to SUP004 – INV00188,PAYABLE,,,,,,,,,,,,,,,,,,TXNA67011C1,INVOICE,INV00188
transactions,2025-11-09,COMP001,,,,,,,,,,,,,,,,,,,,,,,,,,,,,,-16143863.98,,,,,,,,,COMPLETED,,,,,,,SUPPLIER_PAYMENT,,,,,,,,,,,,,,,,,,,,,,,,,Payment to SUP012 – INV00370,PAYABLE,,,,,,,,,,,,,,,,,,TXN3730B535,INVOICE,INV00370
transactions,2025-11-09,COMP001,,,,,,,,,,,,,,,,,,,,,,,,,,,,,,48842441.79,,,,,,,,,COMPLETED,,,,,,,CUSTOMER_PAYMENT,,,,,,,,,,,,,,,,,,,,,,,,,Collection from CUST013 – RCV00331,RECEIVABLE,,,,,,,,,,,,,,,,,,TXN0D9AA0BB,RECEIVABLE,RCV00331
transactions,2025-11-09,COMP001,,,,,,,,,,,,,,,,,,,,,,,,,,,,,,3601323.01,,,,,,,,,COMPLETED,,,,,,,CUSTOMER_PAYMENT,,,,,,,,,,,,,,,,,,,,,,,,,Daily dealership & fleet sales collection,SALES_RECEIPTS,,,,,,,,,,,,,,,,,,TXN13380FF0,COMPANY,COMP001
transactions,2025-11-10,COMP001,,,,,,,,,,,,,,,,,,,,,,,,,,,,,,9188516.77,,,,,,,,,COMPLETED,,,,,,,CUSTOMER_PAYMENT,,,,,,,,,,,,,,,,,,,,,,,,,Daily dealership & fleet sales collection,SALES_RECEIPTS,,,,,,,,,,,,,,,,,,TXN9F59F014,COMPANY,COMP001
transactions,2025-11-10,COMP001,,,,,,,,,,,,,,,,,,,,,,,,,,,,,,-6921293.99,,,,,,,,,COMPLETED,,,,,,,OPERATING_EXPENSE,,,,,,,,,,,,,,,,,,,,,,,,,Daily operating expenses,OPEX,,,,,,,,,,,,,,,,,,TXN8AC0D2C3,COMPANY,COMP001
transactions,2025-11-11,COMP001,,,,,,,,,,,,,,,,,,,,,,,,,,,,,,-8092343.51,,,,,,,,,COMPLETED,,,,,,,OPERATING_EXPENSE,,,,,,,,,,,,,,,,,,,,,,,,,Daily operating expenses,OPEX,,,,,,,,,,,,,,,,,,TXN1055D279,COMPANY,COMP001
transactions,2025-11-11,COMP001,,,,,,,,,,,,,,,,,,,,,,,,,,,,,,-3172555.0,,,,,,,,,COMPLETED,,,,,,,SUPPLIER_PAYMENT,,,,,,,,,,,,,,,,,,,,,,,,,Payment to SUP015 – INV00327,PAYABLE,,,,,,,,,,,,,,,,,,TXN04F2D1D7,INVOICE,INV00327
transactions,2025-11-11,COMP001,,,,,,,,,,,,,,,,,,,,,,,,,,,,,,23718827.18,,,,,,,,,COMPLETED,,,,,,,CUSTOMER_PAYMENT,,,,,,,,,,,,,,,,,,,,,,,,,Daily dealership & fleet sales collection,SALES_RECEIPTS,,,,,,,,,,,,,,,,,,TXNFE3A8528,COMPANY,COMP001
transactions,2025-11-12,COMP001,,,,,,,,,,,,,,,,,,,,,,,,,,,,,,17159475.95,,,,,,,,,COMPLETED,,,,,,,CUSTOMER_PAYMENT,,,,,,,,,,,,,,,,,,,,,,,,,Daily dealership & fleet sales collection,SALES_RECEIPTS,,,,,,,,,,,,,,,,,,TXN94C7CAEF,COMPANY,COMP001
transactions,2025-11-12,COMP001,,,,,,,,,,,,,,,,,,,,,,,,,,,,,,-9924271.13,,,,,,,,,COMPLETED,,,,,,,OPERATING_EXPENSE,,,,,,,,,,,,,,,,,,,,,,,,,Daily operating expenses,OPEX,,,,,,,,,,,,,,,,,,TXN44B71C14,COMPANY,COMP001
transactions,2025-11-12,COMP001,,,,,,,,,,,,,,,,,,,,,,,,,,,,,,46413843.12,,,,,,,,,COMPLETED,,,,,,,CUSTOMER_PAYMENT,,,,,,,,,,,,,,,,,,,,,,,,,Collection from CUST017 – RCV00228,RECEIVABLE,,,,,,,,,,,,,,,,,,TXNBB7F201F,RECEIVABLE,RCV00228
transactions,2025-11-12,COMP001,,,,,,,,,,,,,,,,,,,,,,,,,,,,,,68013362.95,,,,,,,,,COMPLETED,,,,,,,CUSTOMER_PAYMENT,,,,,,,,,,,,,,,,,,,,,,,,,Collection from CUST019 – RCV00217,RECEIVABLE,,,,,,,,,,,,,,,,,,TXNE25428AA,RECEIVABLE,RCV00217
transactions,2025-11-13,COMP001,,,,,,,,,,,,,,,,,,,,,,,,,,,,,,-5792437.47,,,,,,,,,COMPLETED,,,,,,,OPERATING_EXPENSE,,,,,,,,,,,,,,,,,,,,,,,,,Daily operating expenses,OPEX,,,,,,,,,,,,,,,,,,TXNE1CFB416,COMPANY,COMP001
transactions,2025-11-13,COMP001,,,,,,,,,,,,,,,,,,,,,,,,,,,,,,-11754884.54,,,,,,,,,COMPLETED,,,,,,,SUPPLIER_PAYMENT,,,,,,,,,,,,,,,,,,,,,,,,,Payment to SUP008 – INV00155,PAYABLE,,,,,,,,,,,,,,,,,,TXN8328D8F9,INVOICE,INV00155
transactions,2025-11-13,COMP001,,,,,,,,,,,,,,,,,,,,,,,,,,,,,,11906069.57,,,,,,,,,COMPLETED,,,,,,,CUSTOMER_PAYMENT,,,,,,,,,,,,,,,,,,,,,,,,,Daily dealership & fleet sales collection,SALES_RECEIPTS,,,,,,,,,,,,,,,,,,TXNEB780B02,COMPANY,COMP001
transactions,2025-11-13,COMP001,,,,,,,,,,,,,,,,,,,,,,,,,,,,,,-16878072.34,,,,,,,,,COMPLETED,,,,,,,SUPPLIER_PAYMENT,,,,,,,,,,,,,,,,,,,,,,,,,Payment to SUP005 – INV00035,PAYABLE,,,,,,,,,,,,,,,,,,TXN41A202A6,INVOICE,INV00035
transactions,2025-11-14,COMP001,,,,,,,,,,,,,,,,,,,,,,,,,,,,,,-11592591.68,,,,,,,,,COMPLETED,,,,,,,SUPPLIER_PAYMENT,,,,,,,,,,,,,,,,,,,,,,,,,Payment to SUP004 – INV00016,PAYABLE,,,,,,,,,,,,,,,,,,TXND0B56435,INVOICE,INV00016
transactions,2025-11-14,COMP001,,,,,,,,,,,,,,,,,,,,,,,,,,,,,,28910046.87,,,,,,,,,COMPLETED,,,,,,,CUSTOMER_PAYMENT,,,,,,,,,,,,,,,,,,,,,,,,,Daily dealership & fleet sales collection,SALES_RECEIPTS,,,,,,,,,,,,,,,,,,TXN283BF270,COMPANY,COMP001
transactions,2025-11-14,COMP001,,,,,,,,,,,,,,,,,,,,,,,,,,,,,,-9138125.19,,,,,,,,,COMPLETED,,,,,,,SUPPLIER_PAYMENT,,,,,,,,,,,,,,,,,,,,,,,,,Payment to SUP015 – INV00317,PAYABLE,,,,,,,,,,,,,,,,,,TXNA8FC1466,INVOICE,INV00317
transactions,2025-11-14,COMP001,,,,,,,,,,,,,,,,,,,,,,,,,,,,,,-4500047.5,,,,,,,,,COMPLETED,,,,,,,OPERATING_EXPENSE,,,,,,,,,,,,,,,,,,,,,,,,,Daily operating expenses,OPEX,,,,,,,,,,,,,,,,,,TXNE859900D,COMPANY,COMP001
transactions,2025-11-15,COMP001,,,,,,,,,,,,,,,,,,,,,,,,,,,,,,9784107.31,,,,,,,,,COMPLETED,,,,,,,CUSTOMER_PAYMENT,,,,,,,,,,,,,,,,,,,,,,,,,Collection from CUST024 – RCV00054,RECEIVABLE,,,,,,,,,,,,,,,,,,TXNA9B5300A,RECEIVABLE,RCV00054
transactions,2025-11-15,COMP001,,,,,,,,,,,,,,,,,,,,,,,,,,,,,,1088469.71,,,,,,,,,COMPLETED,,,,,,,CUSTOMER_PAYMENT,,,,,,,,,,,,,,,,,,,,,,,,,Daily dealership & fleet sales collection,SALES_RECEIPTS,,,,,,,,,,,,,,,,,,TXN9A5273BE,COMPANY,COMP001
transactions,2025-11-15,COMP001,,,,,,,,,,,,,,,,,,,,,,,,,,,,,,-569504.97,,,,,,,,,COMPLETED,,,,,,,OPERATING_EXPENSE,,,,,,,,,,,,,,,,,,,,,,,,,Daily operating expenses,OPEX,,,,,,,,,,,,,,,,,,TXNAE5CDE67,COMPANY,COMP001
transactions,2025-11-16,COMP001,,,,,,,,,,,,,,,,,,,,,,,,,,,,,,-8868624.11,,,,,,,,,COMPLETED,,,,,,,SUPPLIER_PAYMENT,,,,,,,,,,,,,,,,,,,,,,,,,Payment to SUP013 – INV00133,PAYABLE,,,,,,,,,,,,,,,,,,TXN2FBF4647,INVOICE,INV00133
transactions,2025-11-16,COMP001,,,,,,,,,,,,,,,,,,,,,,,,,,,,,,-20737969.59,,,,,,,,,COMPLETED,,,,,,,SUPPLIER_PAYMENT,,,,,,,,,,,,,,,,,,,,,,,,,Payment to SUP011 – INV00440,PAYABLE,,,,,,,,,,,,,,,,,,TXN18DFA53C,INVOICE,INV00440
transactions,2025-11-16,COMP001,,,,,,,,,,,,,,,,,,,,,,,,,,,,,,-24636891.68,,,,,,,,,COMPLETED,,,,,,,SUPPLIER_PAYMENT,,,,,,,,,,,,,,,,,,,,,,,,,Payment to SUP014 – INV00258,PAYABLE,,,,,,,,,,,,,,,,,,TXN0F2C178E,INVOICE,INV00258
transactions,2025-11-16,COMP001,,,,,,,,,,,,,,,,,,,,,,,,,,,,,,-1508278.46,,,,,,,,,COMPLETED,,,,,,,OPERATING_EXPENSE,,,,,,,,,,,,,,,,,,,,,,,,,Daily operating expenses,OPEX,,,,,,,,,,,,,,,,,,TXN0266A0D0,COMPANY,COMP001
transactions,2025-11-16,COMP001,,,,,,,,,,,,,,,,,,,,,,,,,,,,,,3884038.23,,,,,,,,,COMPLETED,,,,,,,CUSTOMER_PAYMENT,,,,,,,,,,,,,,,,,,,,,,,,,Daily dealership & fleet sales collection,SALES_RECEIPTS,,,,,,,,,,,,,,,,,,TXN25389F37,COMPANY,COMP001
transactions,2025-11-17,COMP001,,,,,,,,,,,,,,,,,,,,,,,,,,,,,,-38143020.93,,,,,,,,,COMPLETED,,,,,,,SUPPLIER_PAYMENT,,,,,,,,,,,,,,,,,,,,,,,,,Payment to SUP008 – INV00054,PAYABLE,,,,,,,,,,,,,,,,,,TXN901DDD00,INVOICE,INV00054
transactions,2025-11-17,COMP001,,,,,,,,,,,,,,,,,,,,,,,,,,,,,,16565345.16,,,,,,,,,COMPLETED,,,,,,,CUSTOMER_PAYMENT,,,,,,,,,,,,,,,,,,,,,,,,,Daily dealership & fleet sales collection,SALES_RECEIPTS,,,,,,,,,,,,,,,,,,TXND8670F9E,COMPANY,COMP001
transactions,2025-11-17,COMP001,,,,,,,,,,,,,,,,,,,,,,,,,,,,,,-6175105.75,,,,,,,,,COMPLETED,,,,,,,OPERATING_EXPENSE,,,,,,,,,,,,,,,,,,,,,,,,,Daily operating expenses,OPEX,,,,,,,,,,,,,,,,,,TXN47C8A243,COMPANY,COMP001
transactions,2025-11-17,COMP001,,,,,,,,,,,,,,,,,,,,,,,,,,,,,,79218146.62,,,,,,,,,COMPLETED,,,,,,,CUSTOMER_PAYMENT,,,,,,,,,,,,,,,,,,,,,,,,,Collection from CUST021 – RCV00075,RECEIVABLE,,,,,,,,,,,,,,,,,,TXN1266BC06,RECEIVABLE,RCV00075
transactions,2025-11-18,COMP001,,,,,,,,,,,,,,,,,,,,,,,,,,,,,,5186969.42,,,,,,,,,COMPLETED,,,,,,,CUSTOMER_PAYMENT,,,,,,,,,,,,,,,,,,,,,,,,,Collection from CUST005 – RCV00292,RECEIVABLE,,,,,,,,,,,,,,,,,,TXN8DF58DDC,RECEIVABLE,RCV00292
transactions,2025-11-18,COMP001,,,,,,,,,,,,,,,,,,,,,,,,,,,,,,-44240335.43,,,,,,,,,COMPLETED,,,,,,,SUPPLIER_PAYMENT,,,,,,,,,,,,,,,,,,,,,,,,,Payment to SUP014 – INV00321,PAYABLE,,,,,,,,,,,,,,,,,,TXN7C208336,INVOICE,INV00321
transactions,2025-11-18,COMP001,,,,,,,,,,,,,,,,,,,,,,,,,,,,,,17804076.86,,,,,,,,,COMPLETED,,,,,,,CUSTOMER_PAYMENT,,,,,,,,,,,,,,,,,,,,,,,,,Daily dealership & fleet sales collection,SALES_RECEIPTS,,,,,,,,,,,,,,,,,,TXN60FA2D7E,COMPANY,COMP001
transactions,2025-11-18,COMP001,,,,,,,,,,,,,,,,,,,,,,,,,,,,,,-7414022.53,,,,,,,,,COMPLETED,,,,,,,OPERATING_EXPENSE,,,,,,,,,,,,,,,,,,,,,,,,,Daily operating expenses,OPEX,,,,,,,,,,,,,,,,,,TXN73BD3BFE,COMPANY,COMP001
transactions,2025-11-19,COMP001,,,,,,,,,,,,,,,,,,,,,,,,,,,,,,8069682.28,,,,,,,,,COMPLETED,,,,,,,CUSTOMER_PAYMENT,,,,,,,,,,,,,,,,,,,,,,,,,Daily dealership & fleet sales collection,SALES_RECEIPTS,,,,,,,,,,,,,,,,,,TXN9EC09C8B,COMPANY,COMP001
transactions,2025-11-19,COMP001,,,,,,,,,,,,,,,,,,,,,,,,,,,,,,-33327953.58,,,,,,,,,COMPLETED,,,,,,,SUPPLIER_PAYMENT,,,,,,,,,,,,,,,,,,,,,,,,,Payment to SUP012 – INV00268,PAYABLE,,,,,,,,,,,,,,,,,,TXN2D0D5CCE,INVOICE,INV00268
transactions,2025-11-19,COMP001,,,,,,,,,,,,,,,,,,,,,,,,,,,,,,-33227923.52,,,,,,,,,COMPLETED,,,,,,,SUPPLIER_PAYMENT,,,,,,,,,,,,,,,,,,,,,,,,,Payment to SUP001 – INV00028,PAYABLE,,,,,,,,,,,,,,,,,,TXN745B4ADB,INVOICE,INV00028
transactions,2025-11-19,COMP001,,,,,,,,,,,,,,,,,,,,,,,,,,,,,,-9327996.96,,,,,,,,,COMPLETED,,,,,,,OPERATING_EXPENSE,,,,,,,,,,,,,,,,,,,,,,,,,Daily operating expenses,OPEX,,,,,,,,,,,,,,,,,,TXN898B7AF6,COMPANY,COMP001
transactions,2025-11-20,COMP001,,,,,,,,,,,,,,,,,,,,,,,,,,,,,,-19566017.2,,,,,,,,,COMPLETED,,,,,,,SUPPLIER_PAYMENT,,,,,,,,,,,,,,,,,,,,,,,,,Payment to SUP007 – INV00359,PAYABLE,,,,,,,,,,,,,,,,,,TXNBECEBF26,INVOICE,INV00359
transactions,2025-11-20,COMP001,,,,,,,,,,,,,,,,,,,,,,,,,,,,,,-16200364.13,,,,,,,,,COMPLETED,,,,,,,SUPPLIER_PAYMENT,,,,,,,,,,,,,,,,,,,,,,,,,Payment to SUP008 – INV00186,PAYABLE,,,,,,,,,,,,,,,,,,TXN76763EC2,INVOICE,INV00186
transactions,2025-11-20,COMP001,,,,,,,,,,,,,,,,,,,,,,,,,,,,,,20659185.24,,,,,,,,,COMPLETED,,,,,,,CUSTOMER_PAYMENT,,,,,,,,,,,,,,,,,,,,,,,,,Collection from CUST010 – RCV00245,RECEIVABLE,,,,,,,,,,,,,,,,,,TXNE5B480FF,RECEIVABLE,RCV00245
transactions,2025-11-20,COMP001,,,,,,,,,,,,,,,,,,,,,,,,,,,,,,-6042390.91,,,,,,,,,COMPLETED,,,,,,,OPERATING_EXPENSE,,,,,,,,,,,,,,,,,,,,,,,,,Daily operating expenses,OPEX,,,,,,,,,,,,,,,,,,TXN1F86CF72,COMPANY,COMP001
transactions,2025-11-20,COMP001,,,,,,,,,,,,,,,,,,,,,,,,,,,,,,10865539.01,,,,,,,,,COMPLETED,,,,,,,CUSTOMER_PAYMENT,,,,,,,,,,,,,,,,,,,,,,,,,Daily dealership & fleet sales collection,SALES_RECEIPTS,,,,,,,,,,,,,,,,,,TXN2DF05BC5,COMPANY,COMP001
transactions,2025-11-20,COMP001,,,,,,,,,,,,,,,,,,,,,,,,,,,,,,-25990384.77,,,,,,,,,COMPLETED,,,,,,,SUPPLIER_PAYMENT,,,,,,,,,,,,,,,,,,,,,,,,,Payment to SUP002 – INV00192,PAYABLE,,,,,,,,,,,,,,,,,,TXN19C711A5,INVOICE,INV00192
transactions,2025-11-21,COMP001,,,,,,,,,,,,,,,,,,,,,,,,,,,,,,-6861916.9,,,,,,,,,COMPLETED,,,,,,,OPERATING_EXPENSE,,,,,,,,,,,,,,,,,,,,,,,,,Daily operating expenses,OPEX,,,,,,,,,,,,,,,,,,TXNE51EE21D,COMPANY,COMP001
transactions,2025-11-21,COMP001,,,,,,,,,,,,,,,,,,,,,,,,,,,,,,-14152507.26,,,,,,,,,COMPLETED,,,,,,,SUPPLIER_PAYMENT,,,,,,,,,,,,,,,,,,,,,,,,,Payment to SUP001 – INV00399,PAYABLE,,,,,,,,,,,,,,,,,,TXNDD0621D7,INVOICE,INV00399
transactions,2025-11-21,COMP001,,,,,,,,,,,,,,,,,,,,,,,,,,,,,,27305691.07,,,,,,,,,COMPLETED,,,,,,,CUSTOMER_PAYMENT,,,,,,,,,,,,,,,,,,,,,,,,,Daily dealership & fleet sales collection,SALES_RECEIPTS,,,,,,,,,,,,,,,,,,TXNDD23E9E9,COMPANY,COMP001
transactions,2025-11-21,COMP001,,,,,,,,,,,,,,,,,,,,,,,,,,,,,,20727435.63,,,,,,,,,COMPLETED,,,,,,,CUSTOMER_PAYMENT,,,,,,,,,,,,,,,,,,,,,,,,,Collection from CUST022 – RCV00303,RECEIVABLE,,,,,,,,,,,,,,,,,,TXNE71EFEA8,RECEIVABLE,RCV00303
transactions,2025-11-21,COMP001,,,,,,,,,,,,,,,,,,,,,,,,,,,,,,-27489949.4,,,,,,,,,COMPLETED,,,,,,,SUPPLIER_PAYMENT,,,,,,,,,,,,,,,,,,,,,,,,,Payment to SUP015 – INV00091,PAYABLE,,,,,,,,,,,,,,,,,,TXN4672AC3C,INVOICE,INV00091
transactions,2025-11-22,COMP001,,,,,,,,,,,,,,,,,,,,,,,,,,,,,,1128084.07,,,,,,,,,COMPLETED,,,,,,,CUSTOMER_PAYMENT,,,,,,,,,,,,,,,,,,,,,,,,,Daily dealership & fleet sales collection,SALES_RECEIPTS,,,,,,,,,,,,,,,,,,TXN1EC9D6E2,COMPANY,COMP001
transactions,2025-11-22,COMP001,,,,,,,,,,,,,,,,,,,,,,,,,,,,,,52132706.68,,,,,,,,,COMPLETED,,,,,,,CUSTOMER_PAYMENT,,,,,,,,,,,,,,,,,,,,,,,,,Collection from CUST006 – RCV00093,RECEIVABLE,,,,,,,,,,,,,,,,,,TXN5B1B740E,RECEIVABLE,RCV00093
transactions,2025-11-22,COMP001,,,,,,,,,,,,,,,,,,,,,,,,,,,,,,-1663910.95,,,,,,,,,COMPLETED,,,,,,,OPERATING_EXPENSE,,,,,,,,,,,,,,,,,,,,,,,,,Daily operating expenses,OPEX,,,,,,,,,,,,,,,,,,TXN87AB391C,COMPANY,COMP001
transactions,2025-11-23,COMP001,,,,,,,,,,,,,,,,,,,,,,,,,,,,,,1546893.14,,,,,,,,,COMPLETED,,,,,,,CUSTOMER_PAYMENT,,,,,,,,,,,,,,,,,,,,,,,,,Daily dealership & fleet sales collection,SALES_RECEIPTS,,,,,,,,,,,,,,,,,,TXN7BC64EBD,COMPANY,COMP001
transactions,2025-11-23,COMP001,,,,,,,,,,,,,,,,,,,,,,,,,,,,,,-1947131.68,,,,,,,,,COMPLETED,,,,,,,OPERATING_EXPENSE,,,,,,,,,,,,,,,,,,,,,,,,,Daily operating expenses,OPEX,,,,,,,,,,,,,,,,,,TXN60B8E4C8,COMPANY,COMP001
transactions,2025-11-24,COMP001,,,,,,,,,,,,,,,,,,,,,,,,,,,,,,-7728861.68,,,,,,,,,COMPLETED,,,,,,,OPERATING_EXPENSE,,,,,,,,,,,,,,,,,,,,,,,,,Daily operating expenses,OPEX,,,,,,,,,,,,,,,,,,TXN29A6F698,COMPANY,COMP001
transactions,2025-11-24,COMP001,,,,,,,,,,,,,,,,,,,,,,,,,,,,,,8613690.86,,,,,,,,,COMPLETED,,,,,,,CUSTOMER_PAYMENT,,,,,,,,,,,,,,,,,,,,,,,,,Daily dealership & fleet sales collection,SALES_RECEIPTS,,,,,,,,,,,,,,,,,,TXN3AFAFF34,COMPANY,COMP001
transactions,2025-11-24,COMP001,,,,,,,,,,,,,,,,,,,,,,,,,,,,,,31946719.87,,,,,,,,,COMPLETED,,,,,,,CUSTOMER_PAYMENT,,,,,,,,,,,,,,,,,,,,,,,,,Collection from CUST001 – RCV00155,RECEIVABLE,,,,,,,,,,,,,,,,,,TXNDD248944,RECEIVABLE,RCV00155
transactions,2025-11-25,COMP001,,,,,,,,,,,,,,,,,,,,,,,,,,,,,,-29085572.26,,,,,,,,,COMPLETED,,,,,,,SUPPLIER_PAYMENT,,,,,,,,,,,,,,,,,,,,,,,,,Payment to SUP014 – INV00072,PAYABLE,,,,,,,,,,,,,,,,,,TXN52D252ED,INVOICE,INV00072
transactions,2025-11-25,COMP001,,,,,,,,,,,,,,,,,,,,,,,,,,,,,,-5185393.71,,,,,,,,,COMPLETED,,,,,,,OPERATING_EXPENSE,,,,,,,,,,,,,,,,,,,,,,,,,Daily operating expenses,OPEX,,,,,,,,,,,,,,,,,,TXN0AED2C82,COMPANY,COMP001
transactions,2025-11-25,COMP001,,,,,,,,,,,,,,,,,,,,,,,,,,,,,,17906137.84,,,,,,,,,COMPLETED,,,,,,,CUSTOMER_PAYMENT,,,,,,,,,,,,,,,,,,,,,,,,,Daily dealership & fleet sales collection,SALES_RECEIPTS,,,,,,,,,,,,,,,,,,TXN3F13F964,COMPANY,COMP001
transactions,2025-11-25,COMP001,,,,,,,,,,,,,,,,,,,,,,,,,,,,,,56037931.37,,,,,,,,,COMPLETED,,,,,,,CUSTOMER_PAYMENT,,,,,,,,,,,,,,,,,,,,,,,,,Collection from CUST013 – RCV00145,RECEIVABLE,,,,,,,,,,,,,,,,,,TXN1A6955C2,RECEIVABLE,RCV00145
transactions,2025-11-25,COMP001,,,,,,,,,,,,,,,,,,,,,,,,,,,,,,-26730437.15,,,,,,,,,COMPLETED,,,,,,,SUPPLIER_PAYMENT,,,,,,,,,,,,,,,,,,,,,,,,,Payment to SUP005 – INV00118,PAYABLE,,,,,,,,,,,,,,,,,,TXN22ED7BAA,INVOICE,INV00118
transactions,2025-11-26,COMP001,,,,,,,,,,,,,,,,,,,,,,,,,,,,,,35338026.66,,,,,,,,,COMPLETED,,,,,,,CUSTOMER_PAYMENT,,,,,,,,,,,,,,,,,,,,,,,,,Collection from CUST014 – RCV00104,RECEIVABLE,,,,,,,,,,,,,,,,,,TXN9B501B8E,RECEIVABLE,RCV00104
transactions,2025-11-26,COMP001,,,,,,,,,,,,,,,,,,,,,,,,,,,,,,-6217073.94,,,,,,,,,COMPLETED,,,,,,,OPERATING_EXPENSE,,,,,,,,,,,,,,,,,,,,,,,,,Daily operating expenses,OPEX,,,,,,,,,,,,,,,,,,TXN5E7AFB71,COMPANY,COMP001
transactions,2025-11-26,COMP001,,,,,,,,,,,,,,,,,,,,,,,,,,,,,,11151661.27,,,,,,,,,COMPLETED,,,,,,,CUSTOMER_PAYMENT,,,,,,,,,,,,,,,,,,,,,,,,,Daily dealership & fleet sales collection,SALES_RECEIPTS,,,,,,,,,,,,,,,,,,TXN39F725F2,COMPANY,COMP001
transactions,2025-11-27,COMP001,,,,,,,,,,,,,,,,,,,,,,,,,,,,,,14204009.14,,,,,,,,,COMPLETED,,,,,,,CUSTOMER_PAYMENT,,,,,,,,,,,,,,,,,,,,,,,,,Daily dealership & fleet sales collection,SALES_RECEIPTS,,,,,,,,,,,,,,,,,,TXN9CA5D147,COMPANY,COMP001
transactions,2025-11-27,COMP001,,,,,,,,,,,,,,,,,,,,,,,,,,,,,,-9033136.16,,,,,,,,,COMPLETED,,,,,,,OPERATING_EXPENSE,,,,,,,,,,,,,,,,,,,,,,,,,Daily operating expenses,OPEX,,,,,,,,,,,,,,,,,,TXNA4559A66,COMPANY,COMP001
transactions,2025-11-28,COMP001,,,,,,,,,,,,,,,,,,,,,,,,,,,,,,36572600.13,,,,,,,,,COMPLETED,,,,,,,CUSTOMER_PAYMENT,,,,,,,,,,,,,,,,,,,,,,,,,Collection from CUST011 – RCV00133,RECEIVABLE,,,,,,,,,,,,,,,,,,TXN4FB31C22,RECEIVABLE,RCV00133
transactions,2025-11-28,COMP001,,,,,,,,,,,,,,,,,,,,,,,,,,,,,,-4435481.12,,,,,,,,,COMPLETED,,,,,,,OPERATING_EXPENSE,,,,,,,,,,,,,,,,,,,,,,,,,Daily operating expenses,OPEX,,,,,,,,,,,,,,,,,,TXNE4887AF8,COMPANY,COMP001
transactions,2025-11-28,COMP001,,,,,,,,,,,,,,,,,,,,,,,,,,,,,,-47703168.7,,,,,,,,,COMPLETED,,,,,,,SUPPLIER_PAYMENT,,,,,,,,,,,,,,,,,,,,,,,,,Payment to SUP004 – INV00471,PAYABLE,,,,,,,,,,,,,,,,,,TXN2E16A2EF,INVOICE,INV00471
transactions,2025-11-28,COMP001,,,,,,,,,,,,,,,,,,,,,,,,,,,,,,36276840.61,,,,,,,,,COMPLETED,,,,,,,CUSTOMER_PAYMENT,,,,,,,,,,,,,,,,,,,,,,,,,Collection from CUST022 – RCV00200,RECEIVABLE,,,,,,,,,,,,,,,,,,TXNE48A4D9D,RECEIVABLE,RCV00200
transactions,2025-11-28,COMP001,,,,,,,,,,,,,,,,,,,,,,,,,,,,,,20249784.96,,,,,,,,,COMPLETED,,,,,,,CUSTOMER_PAYMENT,,,,,,,,,,,,,,,,,,,,,,,,,Daily dealership & fleet sales collection,SALES_RECEIPTS,,,,,,,,,,,,,,,,,,TXNBD2BB603,COMPANY,COMP001
transactions,2025-11-29,COMP001,,,,,,,,,,,,,,,,,,,,,,,,,,,,,,-2255796.35,,,,,,,,,COMPLETED,,,,,,,OPERATING_EXPENSE,,,,,,,,,,,,,,,,,,,,,,,,,Daily operating expenses,OPEX,,,,,,,,,,,,,,,,,,TXN4A5715F3,COMPANY,COMP001
transactions,2025-11-29,COMP001,,,,,,,,,,,,,,,,,,,,,,,,,,,,,,77786235.87,,,,,,,,,COMPLETED,,,,,,,CUSTOMER_PAYMENT,,,,,,,,,,,,,,,,,,,,,,,,,Collection from CUST005 – RCV00118,RECEIVABLE,,,,,,,,,,,,,,,,,,TXN07438467,RECEIVABLE,RCV00118
transactions,2025-11-29,COMP001,,,,,,,,,,,,,,,,,,,,,,,,,,,,,,2277328.3,,,,,,,,,COMPLETED,,,,,,,CUSTOMER_PAYMENT,,,,,,,,,,,,,,,,,,,,,,,,,Daily dealership & fleet sales collection,SALES_RECEIPTS,,,,,,,,,,,,,,,,,,TXN68BBD8FF,COMPANY,COMP001
transactions,2025-11-29,COMP001,,,,,,,,,,,,,,,,,,,,,,,,,,,,,,-29870082.52,,,,,,,,,COMPLETED,,,,,,,SUPPLIER_PAYMENT,,,,,,,,,,,,,,,,,,,,,,,,,Payment to SUP015 – INV00395,PAYABLE,,,,,,,,,,,,,,,,,,TXNE4B4B26C,INVOICE,INV00395
transactions,2025-11-30,COMP001,,,,,,,,,,,,,,,,,,,,,,,,,,,,,,-933088.06,,,,,,,,,COMPLETED,,,,,,,OPERATING_EXPENSE,,,,,,,,,,,,,,,,,,,,,,,,,Daily operating expenses,OPEX,,,,,,,,,,,,,,,,,,TXN526C3B08,COMPANY,COMP001
transactions,2025-11-30,COMP001,,,,,,,,,,,,,,,,,,,,,,,,,,,,,,27872238.71,,,,,,,,,COMPLETED,,,,,,,CUSTOMER_PAYMENT,,,,,,,,,,,,,,,,,,,,,,,,,Collection from CUST021 – RCV00167,RECEIVABLE,,,,,,,,,,,,,,,,,,TXN5FC71F6A,RECEIVABLE,RCV00167
transactions,2025-11-30,COMP001,,,,,,,,,,,,,,,,,,,,,,,,,,,,,,1982915.99,,,,,,,,,COMPLETED,,,,,,,CUSTOMER_PAYMENT,,,,,,,,,,,,,,,,,,,,,,,,,Daily dealership & fleet sales collection,SALES_RECEIPTS,,,,,,,,,,,,,,,,,,TXN002581BA,COMPANY,COMP001
transactions,2025-11-30,COMP001,,,,,,,,,,,,,,,,,,,,,,,,,,,,,,72814026.58,,,,,,,,,COMPLETED,,,,,,,CUSTOMER_PAYMENT,,,,,,,,,,,,,,,,,,,,,,,,,Collection from CUST021 – RCV00062,RECEIVABLE,,,,,,,,,,,,,,,,,,TXN1345D5A6,RECEIVABLE,RCV00062
transactions,2025-12-01,COMP001,,,,,,,,,,,,,,,,,,,,,,,,,,,,,,54743481.66,,,,,,,,,COMPLETED,,,,,,,CUSTOMER_PAYMENT,,,,,,,,,,,,,,,,,,,,,,,,,Collection from CUST012 – RCV00356,RECEIVABLE,,,,,,,,,,,,,,,,,,TXNF18371E2,RECEIVABLE,RCV00356
transactions,2025-12-01,COMP001,,,,,,,,,,,,,,,,,,,,,,,,,,,,,,-5500066.74,,,,,,,,,COMPLETED,,,,,,,OPERATING_EXPENSE,,,,,,,,,,,,,,,,,,,,,,,,,Daily operating expenses,OPEX,,,,,,,,,,,,,,,,,,TXNC450B40F,COMPANY,COMP001
transactions,2025-12-01,COMP001,,,,,,,,,,,,,,,,,,,,,,,,,,,,,,16958545.73,,,,,,,,,COMPLETED,,,,,,,CUSTOMER_PAYMENT,,,,,,,,,,,,,,,,,,,,,,,,,Daily dealership & fleet sales collection,SALES_RECEIPTS,,,,,,,,,,,,,,,,,,TXN62933AF4,COMPANY,COMP001
transactions,2025-12-02,COMP001,,,,,,,,,,,,,,,,,,,,,,,,,,,,,,21811363.68,,,,,,,,,COMPLETED,,,,,,,CUSTOMER_PAYMENT,,,,,,,,,,,,,,,,,,,,,,,,,Daily dealership & fleet sales collection,SALES_RECEIPTS,,,,,,,,,,,,,,,,,,TXN5C229E8E,COMPANY,COMP001
transactions,2025-12-02,COMP001,,,,,,,,,,,,,,,,,,,,,,,,,,,,,,5708399.44,,,,,,,,,COMPLETED,,,,,,,CUSTOMER_PAYMENT,,,,,,,,,,,,,,,,,,,,,,,,,Collection from CUST008 – RCV00087,RECEIVABLE,,,,,,,,,,,,,,,,,,TXN82EDE597,RECEIVABLE,RCV00087
transactions,2025-12-02,COMP001,,,,,,,,,,,,,,,,,,,,,,,,,,,,,,-9207615.53,,,,,,,,,COMPLETED,,,,,,,OPERATING_EXPENSE,,,,,,,,,,,,,,,,,,,,,,,,,Daily operating expenses,OPEX,,,,,,,,,,,,,,,,,,TXNC743CC80,COMPANY,COMP001
transactions,2025-12-02,COMP001,,,,,,,,,,,,,,,,,,,,,,,,,,,,,,-16921859.41,,,,,,,,,COMPLETED,,,,,,,SUPPLIER_PAYMENT,,,,,,,,,,,,,,,,,,,,,,,,,Payment to SUP009 – INV00433,PAYABLE,,,,,,,,,,,,,,,,,,TXN070C30FA,INVOICE,INV00433
transactions,2025-12-03,COMP001,,,,,,,,,,,,,,,,,,,,,,,,,,,,,,43932969.26,,,,,,,,,COMPLETED,,,,,,,CUSTOMER_PAYMENT,,,,,,,,,,,,,,,,,,,,,,,,,Collection from CUST019 – RCV00358,RECEIVABLE,,,,,,,,,,,,,,,,,,TXN5E036510,RECEIVABLE,RCV00358
transactions,2025-12-03,COMP001,,,,,,,,,,,,,,,,,,,,,,,,,,,,,,11450590.75,,,,,,,,,COMPLETED,,,,,,,CUSTOMER_PAYMENT,,,,,,,,,,,,,,,,,,,,,,,,,Collection from CUST011 – RCV00105,RECEIVABLE,,,,,,,,,,,,,,,,,,TXN66FB0F8E,RECEIVABLE,RCV00105
transactions,2025-12-03,COMP001,,,,,,,,,,,,,,,,,,,,,,,,,,,,,,-6390755.09,,,,,,,,,COMPLETED,,,,,,,OPERATING_EXPENSE,,,,,,,,,,,,,,,,,,,,,,,,,Daily operating expenses,OPEX,,,,,,,,,,,,,,,,,,TXNE653D51A,COMPANY,COMP001
transactions,2025-12-03,COMP001,,,,,,,,,,,,,,,,,,,,,,,,,,,,,,20284400.61,,,,,,,,,COMPLETED,,,,,,,CUSTOMER_PAYMENT,,,,,,,,,,,,,,,,,,,,,,,,,Daily dealership & fleet sales collection,SALES_RECEIPTS,,,,,,,,,,,,,,,,,,TXN0047A446,COMPANY,COMP001
transactions,2025-12-03,COMP001,,,,,,,,,,,,,,,,,,,,,,,,,,,,,,-36383609.38,,,,,,,,,COMPLETED,,,,,,,SUPPLIER_PAYMENT,,,,,,,,,,,,,,,,,,,,,,,,,Payment to SUP011 – INV00168,PAYABLE,,,,,,,,,,,,,,,,,,TXN22D384C5,INVOICE,INV00168
transactions,2025-12-03,COMP001,,,,,,,,,,,,,,,,,,,,,,,,,,,,,,76781338.38,,,,,,,,,COMPLETED,,,,,,,CUSTOMER_PAYMENT,,,,,,,,,,,,,,,,,,,,,,,,,Collection from CUST024 – RCV00048,RECEIVABLE,,,,,,,,,,,,,,,,,,TXN62C4BC40,RECEIVABLE,RCV00048
transactions,2025-12-03,COMP001,,,,,,,,,,,,,,,,,,,,,,,,,,,,,,-42022669.81,,,,,,,,,COMPLETED,,,,,,,SUPPLIER_PAYMENT,,,,,,,,,,,,,,,,,,,,,,,,,Payment to SUP010 – INV00185,PAYABLE,,,,,,,,,,,,,,,,,,TXN728336EF,INVOICE,INV00185
transactions,2025-12-04,COMP001,,,,,,,,,,,,,,,,,,,,,,,,,,,,,,21814893.32,,,,,,,,,COMPLETED,,,,,,,CUSTOMER_PAYMENT,,,,,,,,,,,,,,,,,,,,,,,,,Daily dealership & fleet sales collection,SALES_RECEIPTS,,,,,,,,,,,,,,,,,,TXNEF1FDBF0,COMPANY,COMP001
transactions,2025-12-04,COMP001,,,,,,,,,,,,,,,,,,,,,,,,,,,,,,-12104819.62,,,,,,,,,COMPLETED,,,,,,,SUPPLIER_PAYMENT,,,,,,,,,,,,,,,,,,,,,,,,,Payment to SUP002 – INV00308,PAYABLE,,,,,,,,,,,,,,,,,,TXN3C86C892,INVOICE,INV00308
transactions,2025-12-04,COMP001,,,,,,,,,,,,,,,,,,,,,,,,,,,,,,-4863067.7,,,,,,,,,COMPLETED,,,,,,,OPERATING_EXPENSE,,,,,,,,,,,,,,,,,,,,,,,,,Daily operating expenses,OPEX,,,,,,,,,,,,,,,,,,TXN08545817,COMPANY,COMP001
transactions,2025-12-05,COMP001,,,,,,,,,,,,,,,,,,,,,,,,,,,,,,29495856.1,,,,,,,,,COMPLETED,,,,,,,CUSTOMER_PAYMENT,,,,,,,,,,,,,,,,,,,,,,,,,Daily dealership & fleet sales collection,SALES_RECEIPTS,,,,,,,,,,,,,,,,,,TXNFA6DC74E,COMPANY,COMP001
transactions,2025-12-05,COMP001,,,,,,,,,,,,,,,,,,,,,,,,,,,,,,-5197381.38,,,,,,,,,COMPLETED,,,,,,,OPERATING_EXPENSE,,,,,,,,,,,,,,,,,,,,,,,,,Daily operating expenses,OPEX,,,,,,,,,,,,,,,,,,TXN6E58AE31,COMPANY,COMP001
transactions,2025-12-06,COMP001,,,,,,,,,,,,,,,,,,,,,,,,,,,,,,3883457.45,,,,,,,,,COMPLETED,,,,,,,CUSTOMER_PAYMENT,,,,,,,,,,,,,,,,,,,,,,,,,Daily dealership & fleet sales collection,SALES_RECEIPTS,,,,,,,,,,,,,,,,,,TXN0DA66516,COMPANY,COMP001
transactions,2025-12-06,COMP001,,,,,,,,,,,,,,,,,,,,,,,,,,,,,,-30357762.39,,,,,,,,,COMPLETED,,,,,,,SUPPLIER_PAYMENT,,,,,,,,,,,,,,,,,,,,,,,,,Payment to SUP004 – INV00458,PAYABLE,,,,,,,,,,,,,,,,,,TXN13465C21,INVOICE,INV00458
transactions,2025-12-06,COMP001,,,,,,,,,,,,,,,,,,,,,,,,,,,,,,-1077762.71,,,,,,,,,COMPLETED,,,,,,,OPERATING_EXPENSE,,,,,,,,,,,,,,,,,,,,,,,,,Daily operating expenses,OPEX,,,,,,,,,,,,,,,,,,TXN2D8EC604,COMPANY,COMP001
transactions,2025-12-07,COMP001,,,,,,,,,,,,,,,,,,,,,,,,,,,,,,-1652219.33,,,,,,,,,COMPLETED,,,,,,,OPERATING_EXPENSE,,,,,,,,,,,,,,,,,,,,,,,,,Daily operating expenses,OPEX,,,,,,,,,,,,,,,,,,TXNB165251C,COMPANY,COMP001
transactions,2025-12-07,COMP001,,,,,,,,,,,,,,,,,,,,,,,,,,,,,,-19848338.16,,,,,,,,,COMPLETED,,,,,,,SUPPLIER_PAYMENT,,,,,,,,,,,,,,,,,,,,,,,,,Payment to SUP012 – INV00059,PAYABLE,,,,,,,,,,,,,,,,,,TXN67899904,INVOICE,INV00059
transactions,2025-12-07,COMP001,,,,,,,,,,,,,,,,,,,,,,,,,,,,,,-55258226.55,,,,,,,,,COMPLETED,,,,,,,SUPPLIER_PAYMENT,,,,,,,,,,,,,,,,,,,,,,,,,Payment to SUP006 – INV00396,PAYABLE,,,,,,,,,,,,,,,,,,TXNE689671B,INVOICE,INV00396
transactions,2025-12-07,COMP001,,,,,,,,,,,,,,,,,,,,,,,,,,,,,,2641995.46,,,,,,,,,COMPLETED,,,,,,,CUSTOMER_PAYMENT,,,,,,,,,,,,,,,,,,,,,,,,,Daily dealership & fleet sales collection,SALES_RECEIPTS,,,,,,,,,,,,,,,,,,TXN6B8EB821,COMPANY,COMP001
transactions,2025-12-07,COMP001,,,,,,,,,,,,,,,,,,,,,,,,,,,,,,23323857.07,,,,,,,,,COMPLETED,,,,,,,CUSTOMER_PAYMENT,,,,,,,,,,,,,,,,,,,,,,,,,Collection from CUST023 – RCV00170,RECEIVABLE,,,,,,,,,,,,,,,,,,TXN4423EE81,RECEIVABLE,RCV00170
transactions,2025-12-08,COMP001,,,,,,,,,,,,,,,,,,,,,,,,,,,,,,-6578319.53,,,,,,,,,COMPLETED,,,,,,,OPERATING_EXPENSE,,,,,,,,,,,,,,,,,,,,,,,,,Daily operating expenses,OPEX,,,,,,,,,,,,,,,,,,TXNA86E037B,COMPANY,COMP001
transactions,2025-12-08,COMP001,,,,,,,,,,,,,,,,,,,,,,,,,,,,,,-43407158.61,,,,,,,,,COMPLETED,,,,,,,SUPPLIER_PAYMENT,,,,,,,,,,,,,,,,,,,,,,,,,Payment to SUP011 – INV00260,PAYABLE,,,,,,,,,,,,,,,,,,TXN5F2F1BA6,INVOICE,INV00260
transactions,2025-12-08,COMP001,,,,,,,,,,,,,,,,,,,,,,,,,,,,,,9292024.67,,,,,,,,,COMPLETED,,,,,,,CUSTOMER_PAYMENT,,,,,,,,,,,,,,,,,,,,,,,,,Daily dealership & fleet sales collection,SALES_RECEIPTS,,,,,,,,,,,,,,,,,,TXN9156D07E,COMPANY,COMP001
transactions,2025-12-09,COMP001,,,,,,,,,,,,,,,,,,,,,,,,,,,,,,23247295.95,,,,,,,,,COMPLETED,,,,,,,CUSTOMER_PAYMENT,,,,,,,,,,,,,,,,,,,,,,,,,Daily dealership & fleet sales collection,SALES_RECEIPTS,,,,,,,,,,,,,,,,,,TXN3C70A90F,COMPANY,COMP001
transactions,2025-12-09,COMP001,,,,,,,,,,,,,,,,,,,,,,,,,,,,,,-8313535.39,,,,,,,,,COMPLETED,,,,,,,OPERATING_EXPENSE,,,,,,,,,,,,,,,,,,,,,,,,,Daily operating expenses,OPEX,,,,,,,,,,,,,,,,,,TXN3A8C5CAD,COMPANY,COMP001
transactions,2025-12-09,COMP001,,,,,,,,,,,,,,,,,,,,,,,,,,,,,,36948767.66,,,,,,,,,COMPLETED,,,,,,,CUSTOMER_PAYMENT,,,,,,,,,,,,,,,,,,,,,,,,,Collection from CUST002 – RCV00345,RECEIVABLE,,,,,,,,,,,,,,,,,,TXN8E477782,RECEIVABLE,RCV00345
transactions,2025-12-09,COMP001,,,,,,,,,,,,,,,,,,,,,,,,,,,,,,-14495537.69,,,,,,,,,COMPLETED,,,,,,,SUPPLIER_PAYMENT,,,,,,,,,,,,,,,,,,,,,,,,,Payment to SUP007 – INV00023,PAYABLE,,,,,,,,,,,,,,,,,,TXN500D1E5A,INVOICE,INV00023
transactions,2025-12-10,COMP001,,,,,,,,,,,,,,,,,,,,,,,,,,,,,,-9755522.69,,,,,,,,,COMPLETED,,,,,,,OPERATING_EXPENSE,,,,,,,,,,,,,,,,,,,,,,,,,Daily operating expenses,OPEX,,,,,,,,,,,,,,,,,,TXN5A3DB342,COMPANY,COMP001
transactions,2025-12-10,COMP001,,,,,,,,,,,,,,,,,,,,,,,,,,,,,,-27717060.92,,,,,,,,,COMPLETED,,,,,,,SUPPLIER_PAYMENT,,,,,,,,,,,,,,,,,,,,,,,,,Payment to SUP005 – INV00277,PAYABLE,,,,,,,,,,,,,,,,,,TXN6A6B9CFE,INVOICE,INV00277
transactions,2025-12-10,COMP001,,,,,,,,,,,,,,,,,,,,,,,,,,,,,,19921771.66,,,,,,,,,COMPLETED,,,,,,,CUSTOMER_PAYMENT,,,,,,,,,,,,,,,,,,,,,,,,,Daily dealership & fleet sales collection,SALES_RECEIPTS,,,,,,,,,,,,,,,,,,TXN016C788E,COMPANY,COMP001
transactions,2025-12-10,COMP001,,,,,,,,,,,,,,,,,,,,,,,,,,,,,,47083477.8,,,,,,,,,COMPLETED,,,,,,,CUSTOMER_PAYMENT,,,,,,,,,,,,,,,,,,,,,,,,,Collection from CUST010 – RCV00013,RECEIVABLE,,,,,,,,,,,,,,,,,,TXN9BAD7DE2,RECEIVABLE,RCV00013
transactions,2025-12-10,COMP001,,,,,,,,,,,,,,,,,,,,,,,,,,,,,,-45391163.71,,,,,,,,,COMPLETED,,,,,,,SUPPLIER_PAYMENT,,,,,,,,,,,,,,,,,,,,,,,,,Payment to SUP001 – INV00037,PAYABLE,,,,,,,,,,,,,,,,,,TXN5F2091E8,INVOICE,INV00037
transactions,2025-12-11,COMP001,,,,,,,,,,,,,,,,,,,,,,,,,,,,,,14845108.89,,,,,,,,,COMPLETED,,,,,,,CUSTOMER_PAYMENT,,,,,,,,,,,,,,,,,,,,,,,,,Collection from CUST003 – RCV00012,RECEIVABLE,,,,,,,,,,,,,,,,,,TXNA233B8F5,RECEIVABLE,RCV00012
transactions,2025-12-11,COMP001,,,,,,,,,,,,,,,,,,,,,,,,,,,,,,16656234.7,,,,,,,,,COMPLETED,,,,,,,CUSTOMER_PAYMENT,,,,,,,,,,,,,,,,,,,,,,,,,Daily dealership & fleet sales collection,SALES_RECEIPTS,,,,,,,,,,,,,,,,,,TXN8673554F,COMPANY,COMP001
transactions,2025-12-11,COMP001,,,,,,,,,,,,,,,,,,,,,,,,,,,,,,38765585.3,,,,,,,,,COMPLETED,,,,,,,CUSTOMER_PAYMENT,,,,,,,,,,,,,,,,,,,,,,,,,Collection from CUST016 – RCV00281,RECEIVABLE,,,,,,,,,,,,,,,,,,TXN397EB729,RECEIVABLE,RCV00281
transactions,2025-12-11,COMP001,,,,,,,,,,,,,,,,,,,,,,,,,,,,,,-3099395.87,,,,,,,,,COMPLETED,,,,,,,OPERATING_EXPENSE,,,,,,,,,,,,,,,,,,,,,,,,,Daily operating expenses,OPEX,,,,,,,,,,,,,,,,,,TXN1AF6F1F8,COMPANY,COMP001
transactions,2025-12-11,COMP001,,,,,,,,,,,,,,,,,,,,,,,,,,,,,,75237412.83,,,,,,,,,COMPLETED,,,,,,,CUSTOMER_PAYMENT,,,,,,,,,,,,,,,,,,,,,,,,,Collection from CUST014 – RCV00238,RECEIVABLE,,,,,,,,,,,,,,,,,,TXN6EDD76E1,RECEIVABLE,RCV00238
transactions,2025-12-11,COMP001,,,,,,,,,,,,,,,,,,,,,,,,,,,,,,-52793606.64,,,,,,,,,COMPLETED,,,,,,,SUPPLIER_PAYMENT,,,,,,,,,,,,,,,,,,,,,,,,,Payment to SUP006 – INV00465,PAYABLE,,,,,,,,,,,,,,,,,,TXN2EE1EBBF,INVOICE,INV00465
transactions,2025-12-12,COMP001,,,,,,,,,,,,,,,,,,,,,,,,,,,,,,17562848.22,,,,,,,,,COMPLETED,,,,,,,CUSTOMER_PAYMENT,,,,,,,,,,,,,,,,,,,,,,,,,Daily dealership & fleet sales collection,SALES_RECEIPTS,,,,,,,,,,,,,,,,,,TXN56BCCA27,COMPANY,COMP001
transactions,2025-12-12,COMP001,,,,,,,,,,,,,,,,,,,,,,,,,,,,,,-3412503.98,,,,,,,,,COMPLETED,,,,,,,SUPPLIER_PAYMENT,,,,,,,,,,,,,,,,,,,,,,,,,Payment to SUP003 – INV00104,PAYABLE,,,,,,,,,,,,,,,,,,TXN4C6665F2,INVOICE,INV00104
transactions,2025-12-12,COMP001,,,,,,,,,,,,,,,,,,,,,,,,,,,,,,-8089561.93,,,,,,,,,COMPLETED,,,,,,,OPERATING_EXPENSE,,,,,,,,,,,,,,,,,,,,,,,,,Daily operating expenses,OPEX,,,,,,,,,,,,,,,,,,TXND2B617F2,COMPANY,COMP001
transactions,2025-12-13,COMP001,,,,,,,,,,,,,,,,,,,,,,,,,,,,,,-1606260.78,,,,,,,,,COMPLETED,,,,,,,OPERATING_EXPENSE,,,,,,,,,,,,,,,,,,,,,,,,,Daily operating expenses,OPEX,,,,,,,,,,,,,,,,,,TXN8FEC6E16,COMPANY,COMP001
transactions,2025-12-13,COMP001,,,,,,,,,,,,,,,,,,,,,,,,,,,,,,-7851856.43,,,,,,,,,COMPLETED,,,,,,,SUPPLIER_PAYMENT,,,,,,,,,,,,,,,,,,,,,,,,,Payment to SUP006 – INV00040,PAYABLE,,,,,,,,,,,,,,,,,,TXN19AAB6CA,INVOICE,INV00040
transactions,2025-12-13,COMP001,,,,,,,,,,,,,,,,,,,,,,,,,,,,,,56958808.64,,,,,,,,,COMPLETED,,,,,,,CUSTOMER_PAYMENT,,,,,,,,,,,,,,,,,,,,,,,,,Collection from CUST001 – RCV00237,RECEIVABLE,,,,,,,,,,,,,,,,,,TXN90435F45,RECEIVABLE,RCV00237
transactions,2025-12-13,COMP001,,,,,,,,,,,,,,,,,,,,,,,,,,,,,,1601126.1,,,,,,,,,COMPLETED,,,,,,,CUSTOMER_PAYMENT,,,,,,,,,,,,,,,,,,,,,,,,,Daily dealership & fleet sales collection,SALES_RECEIPTS,,,,,,,,,,,,,,,,,,TXNAE43A383,COMPANY,COMP001
transactions,2025-12-13,COMP001,,,,,,,,,,,,,,,,,,,,,,,,,,,,,,35435064.88,,,,,,,,,COMPLETED,,,,,,,CUSTOMER_PAYMENT,,,,,,,,,,,,,,,,,,,,,,,,,Collection from CUST004 – RCV00309,RECEIVABLE,,,,,,,,,,,,,,,,,,TXN7960B610,RECEIVABLE,RCV00309
transactions,2025-12-13,COMP001,,,,,,,,,,,,,,,,,,,,,,,,,,,,,,-6424534.92,,,,,,,,,COMPLETED,,,,,,,SUPPLIER_PAYMENT,,,,,,,,,,,,,,,,,,,,,,,,,Payment to SUP012 – INV00328,PAYABLE,,,,,,,,,,,,,,,,,,TXN39B4E91B,INVOICE,INV00328
transactions,2025-12-14,COMP001,,,,,,,,,,,,,,,,,,,,,,,,,,,,,,1007845.94,,,,,,,,,COMPLETED,,,,,,,CUSTOMER_PAYMENT,,,,,,,,,,,,,,,,,,,,,,,,,Daily dealership & fleet sales collection,SALES_RECEIPTS,,,,,,,,,,,,,,,,,,TXN44286200,COMPANY,COMP001
transactions,2025-12-14,COMP001,,,,,,,,,,,,,,,,,,,,,,,,,,,,,,-1589399.86,,,,,,,,,COMPLETED,,,,,,,OPERATING_EXPENSE,,,,,,,,,,,,,,,,,,,,,,,,,Daily operating expenses,OPEX,,,,,,,,,,,,,,,,,,TXN61757112,COMPANY,COMP001
transactions,2025-12-15,COMP001,,,,,,,,,,,,,,,,,,,,,,,,,,,,,,-34701476.05,,,,,,,,,COMPLETED,,,,,,,SUPPLIER_PAYMENT,,,,,,,,,,,,,,,,,,,,,,,,,Payment to SUP003 – INV00086,PAYABLE,,,,,,,,,,,,,,,,,,TXN262CCE50,INVOICE,INV00086
transactions,2025-12-15,COMP001,,,,,,,,,,,,,,,,,,,,,,,,,,,,,,14473892.15,,,,,,,,,COMPLETED,,,,,,,CUSTOMER_PAYMENT,,,,,,,,,,,,,,,,,,,,,,,,,Daily dealership & fleet sales collection,SALES_RECEIPTS,,,,,,,,,,,,,,,,,,TXN2E115086,COMPANY,COMP001
transactions,2025-12-15,COMP001,,,,,,,,,,,,,,,,,,,,,,,,,,,,,,-4990565.28,,,,,,,,,COMPLETED,,,,,,,OPERATING_EXPENSE,,,,,,,,,,,,,,,,,,,,,,,,,Daily operating expenses,OPEX,,,,,,,,,,,,,,,,,,TXNAEC1A598,COMPANY,COMP001
transactions,2025-12-16,COMP001,,,,,,,,,,,,,,,,,,,,,,,,,,,,,,-5995044.89,,,,,,,,,COMPLETED,,,,,,,OPERATING_EXPENSE,,,,,,,,,,,,,,,,,,,,,,,,,Daily operating expenses,OPEX,,,,,,,,,,,,,,,,,,TXN42E1E3CA,COMPANY,COMP001
transactions,2025-12-16,COMP001,,,,,,,,,,,,,,,,,,,,,,,,,,,,,,-56763705.74,,,,,,,,,COMPLETED,,,,,,,SUPPLIER_PAYMENT,,,,,,,,,,,,,,,,,,,,,,,,,Payment to SUP012 – INV00055,PAYABLE,,,,,,,,,,,,,,,,,,TXNC2ED7EEB,INVOICE,INV00055
transactions,2025-12-16,COMP001,,,,,,,,,,,,,,,,,,,,,,,,,,,,,,16997982.43,,,,,,,,,COMPLETED,,,,,,,CUSTOMER_PAYMENT,,,,,,,,,,,,,,,,,,,,,,,,,Daily dealership & fleet sales collection,SALES_RECEIPTS,,,,,,,,,,,,,,,,,,TXN18534A83,COMPANY,COMP001
transactions,2025-12-17,COMP001,,,,,,,,,,,,,,,,,,,,,,,,,,,,,,70555775.67,,,,,,,,,COMPLETED,,,,,,,CUSTOMER_PAYMENT,,,,,,,,,,,,,,,,,,,,,,,,,Collection from CUST017 – RCV00038,RECEIVABLE,,,,,,,,,,,,,,,,,,TXN55D0C9F5,RECEIVABLE,RCV00038
transactions,2025-12-17,COMP001,,,,,,,,,,,,,,,,,,,,,,,,,,,,,,-7783190.74,,,,,,,,,COMPLETED,,,,,,,SUPPLIER_PAYMENT,,,,,,,,,,,,,,,,,,,,,,,,,Payment to SUP014 – INV00108,PAYABLE,,,,,,,,,,,,,,,,,,TXNA24729C7,INVOICE,INV00108
transactions,2025-12-17,COMP001,,,,,,,,,,,,,,,,,,,,,,,,,,,,,,-5978315.31,,,,,,,,,COMPLETED,,,,,,,SUPPLIER_PAYMENT,,,,,,,,,,,,,,,,,,,,,,,,,Payment to SUP006 – INV00126,PAYABLE,,,,,,,,,,,,,,,,,,TXNF7F4EB67,INVOICE,INV00126
transactions,2025-12-17,COMP001,,,,,,,,,,,,,,,,,,,,,,,,,,,,,,-3607339.33,,,,,,,,,COMPLETED,,,,,,,OPERATING_EXPENSE,,,,,,,,,,,,,,,,,,,,,,,,,Daily operating expenses,OPEX,,,,,,,,,,,,,,,,,,TXN7013F874,COMPANY,COMP001
transactions,2025-12-17,COMP001,,,,,,,,,,,,,,,,,,,,,,,,,,,,,,-12897482.72,,,,,,,,,COMPLETED,,,,,,,SUPPLIER_PAYMENT,,,,,,,,,,,,,,,,,,,,,,,,,Payment to SUP013 – INV00006,PAYABLE,,,,,,,,,,,,,,,,,,TXN1E33B0C6,INVOICE,INV00006
transactions,2025-12-17,COMP001,,,,,,,,,,,,,,,,,,,,,,,,,,,,,,14500526.8,,,,,,,,,COMPLETED,,,,,,,CUSTOMER_PAYMENT,,,,,,,,,,,,,,,,,,,,,,,,,Daily dealership & fleet sales collection,SALES_RECEIPTS,,,,,,,,,,,,,,,,,,TXN08AD04BF,COMPANY,COMP001
transactions,2025-12-18,COMP001,,,,,,,,,,,,,,,,,,,,,,,,,,,,,,-49401958.53,,,,,,,,,COMPLETED,,,,,,,SUPPLIER_PAYMENT,,,,,,,,,,,,,,,,,,,,,,,,,Payment to SUP012 – INV00229,PAYABLE,,,,,,,,,,,,,,,,,,TXNA83906D9,INVOICE,INV00229
transactions,2025-12-18,COMP001,,,,,,,,,,,,,,,,,,,,,,,,,,,,,,-15819348.77,,,,,,,,,COMPLETED,,,,,,,SUPPLIER_PAYMENT,,,,,,,,,,,,,,,,,,,,,,,,,Payment to SUP008 – INV00448,PAYABLE,,,,,,,,,,,,,,,,,,TXN87908E50,INVOICE,INV00448
transactions,2025-12-18,COMP001,,,,,,,,,,,,,,,,,,,,,,,,,,,,,,10029119.89,,,,,,,,,COMPLETED,,,,,,,CUSTOMER_PAYMENT,,,,,,,,,,,,,,,,,,,,,,,,,Daily dealership & fleet sales collection,SALES_RECEIPTS,,,,,,,,,,,,,,,,,,TXN5539BF62,COMPANY,COMP001
transactions,2025-12-18,COMP001,,,,,,,,,,,,,,,,,,,,,,,,,,,,,,48280589.73,,,,,,,,,COMPLETED,,,,,,,CUSTOMER_PAYMENT,,,,,,,,,,,,,,,,,,,,,,,,,Collection from CUST019 – RCV00314,RECEIVABLE,,,,,,,,,,,,,,,,,,TXN7807A6E4,RECEIVABLE,RCV00314
transactions,2025-12-18,COMP001,,,,,,,,,,,,,,,,,,,,,,,,,,,,,,-8792308.81,,,,,,,,,COMPLETED,,,,,,,OPERATING_EXPENSE,,,,,,,,,,,,,,,,,,,,,,,,,Daily operating expenses,OPEX,,,,,,,,,,,,,,,,,,TXN3E2A726F,COMPANY,COMP001
transactions,2025-12-18,COMP001,,,,,,,,,,,,,,,,,,,,,,,,,,,,,,57823785.43,,,,,,,,,COMPLETED,,,,,,,CUSTOMER_PAYMENT,,,,,,,,,,,,,,,,,,,,,,,,,Collection from CUST017 – RCV00185,RECEIVABLE,,,,,,,,,,,,,,,,,,TXN2FA0C78A,RECEIVABLE,RCV00185
transactions,2025-12-19,COMP001,,,,,,,,,,,,,,,,,,,,,,,,,,,,,,-6219820.89,,,,,,,,,COMPLETED,,,,,,,OPERATING_EXPENSE,,,,,,,,,,,,,,,,,,,,,,,,,Daily operating expenses,OPEX,,,,,,,,,,,,,,,,,,TXNFD5B742C,COMPANY,COMP001
transactions,2025-12-19,COMP001,,,,,,,,,,,,,,,,,,,,,,,,,,,,,,61570641.27,,,,,,,,,COMPLETED,,,,,,,CUSTOMER_PAYMENT,,,,,,,,,,,,,,,,,,,,,,,,,Collection from CUST002 – RCV00110,RECEIVABLE,,,,,,,,,,,,,,,,,,TXNC60B3BE2,RECEIVABLE,RCV00110
transactions,2025-12-19,COMP001,,,,,,,,,,,,,,,,,,,,,,,,,,,,,,39857821.25,,,,,,,,,COMPLETED,,,,,,,CUSTOMER_PAYMENT,,,,,,,,,,,,,,,,,,,,,,,,,Collection from CUST003 – RCV00213,RECEIVABLE,,,,,,,,,,,,,,,,,,TXN8F7CEF3B,RECEIVABLE,RCV00213
transactions,2025-12-19,COMP001,,,,,,,,,,,,,,,,,,,,,,,,,,,,,,22228379.1,,,,,,,,,COMPLETED,,,,,,,CUSTOMER_PAYMENT,,,,,,,,,,,,,,,,,,,,,,,,,Daily dealership & fleet sales collection,SALES_RECEIPTS,,,,,,,,,,,,,,,,,,TXND53A6A2E,COMPANY,COMP001
transactions,2025-12-19,COMP001,,,,,,,,,,,,,,,,,,,,,,,,,,,,,,-29831214.31,,,,,,,,,COMPLETED,,,,,,,SUPPLIER_PAYMENT,,,,,,,,,,,,,,,,,,,,,,,,,Payment to SUP002 – INV00085,PAYABLE,,,,,,,,,,,,,,,,,,TXN32CD5905,INVOICE,INV00085
transactions,2025-12-19,COMP001,,,,,,,,,,,,,,,,,,,,,,,,,,,,,,-32101382.1,,,,,,,,,COMPLETED,,,,,,,SUPPLIER_PAYMENT,,,,,,,,,,,,,,,,,,,,,,,,,Payment to SUP011 – INV00326,PAYABLE,,,,,,,,,,,,,,,,,,TXN3A4C3EA2,INVOICE,INV00326
transactions,2025-12-20,COMP001,,,,,,,,,,,,,,,,,,,,,,,,,,,,,,-835546.88,,,,,,,,,COMPLETED,,,,,,,OPERATING_EXPENSE,,,,,,,,,,,,,,,,,,,,,,,,,Daily operating expenses,OPEX,,,,,,,,,,,,,,,,,,TXNF8213AB7,COMPANY,COMP001
transactions,2025-12-20,COMP001,,,,,,,,,,,,,,,,,,,,,,,,,,,,,,3513112.89,,,,,,,,,COMPLETED,,,,,,,CUSTOMER_PAYMENT,,,,,,,,,,,,,,,,,,,,,,,,,Daily dealership & fleet sales collection,SALES_RECEIPTS,,,,,,,,,,,,,,,,,,TXN80243237,COMPANY,COMP001
transactions,2025-12-21,COMP001,,,,,,,,,,,,,,,,,,,,,,,,,,,,,,1218105.32,,,,,,,,,COMPLETED,,,,,,,CUSTOMER_PAYMENT,,,,,,,,,,,,,,,,,,,,,,,,,Daily dealership & fleet sales collection,SALES_RECEIPTS,,,,,,,,,,,,,,,,,,TXN19E24D70,COMPANY,COMP001
transactions,2025-12-21,COMP001,,,,,,,,,,,,,,,,,,,,,,,,,,,,,,-624323.81,,,,,,,,,COMPLETED,,,,,,,OPERATING_EXPENSE,,,,,,,,,,,,,,,,,,,,,,,,,Daily operating expenses,OPEX,,,,,,,,,,,,,,,,,,TXN458E6000,COMPANY,COMP001
transactions,2025-12-21,COMP001,,,,,,,,,,,,,,,,,,,,,,,,,,,,,,37278636.88,,,,,,,,,COMPLETED,,,,,,,CUSTOMER_PAYMENT,,,,,,,,,,,,,,,,,,,,,,,,,Collection from CUST003 – RCV00099,RECEIVABLE,,,,,,,,,,,,,,,,,,TXN10EDF84F,RECEIVABLE,RCV00099
transactions,2025-12-21,COMP001,,,,,,,,,,,,,,,,,,,,,,,,,,,,,,42380848.78,,,,,,,,,COMPLETED,,,,,,,CUSTOMER_PAYMENT,,,,,,,,,,,,,,,,,,,,,,,,,Collection from CUST022 – RCV00092,RECEIVABLE,,,,,,,,,,,,,,,,,,TXN531A8662,RECEIVABLE,RCV00092
transactions,2025-12-21,COMP001,,,,,,,,,,,,,,,,,,,,,,,,,,,,,,78587565.59,,,,,,,,,COMPLETED,,,,,,,CUSTOMER_PAYMENT,,,,,,,,,,,,,,,,,,,,,,,,,Collection from CUST009 – RCV00119,RECEIVABLE,,,,,,,,,,,,,,,,,,TXN4DAE2305,RECEIVABLE,RCV00119
transactions,2025-12-22,COMP001,,,,,,,,,,,,,,,,,,,,,,,,,,,,,,-6966562.25,,,,,,,,,COMPLETED,,,,,,,SUPPLIER_PAYMENT,,,,,,,,,,,,,,,,,,,,,,,,,Payment to SUP002 – INV00124,PAYABLE,,,,,,,,,,,,,,,,,,TXN5BEDB46E,INVOICE,INV00124
transactions,2025-12-22,COMP001,,,,,,,,,,,,,,,,,,,,,,,,,,,,,,-6931817.16,,,,,,,,,COMPLETED,,,,,,,OPERATING_EXPENSE,,,,,,,,,,,,,,,,,,,,,,,,,Daily operating expenses,OPEX,,,,,,,,,,,,,,,,,,TXND33EDE71,COMPANY,COMP001
transactions,2025-12-22,COMP001,,,,,,,,,,,,,,,,,,,,,,,,,,,,,,16351205.87,,,,,,,,,COMPLETED,,,,,,,CUSTOMER_PAYMENT,,,,,,,,,,,,,,,,,,,,,,,,,Daily dealership & fleet sales collection,SALES_RECEIPTS,,,,,,,,,,,,,,,,,,TXN28284050,COMPANY,COMP001
transactions,2025-12-23,COMP001,,,,,,,,,,,,,,,,,,,,,,,,,,,,,,42851704.64,,,,,,,,,COMPLETED,,,,,,,CUSTOMER_PAYMENT,,,,,,,,,,,,,,,,,,,,,,,,,Collection from CUST016 – RCV00325,RECEIVABLE,,,,,,,,,,,,,,,,,,TXN0810C918,RECEIVABLE,RCV00325
transactions,2025-12-23,COMP001,,,,,,,,,,,,,,,,,,,,,,,,,,,,,,-8167693.44,,,,,,,,,COMPLETED,,,,,,,OPERATING_EXPENSE,,,,,,,,,,,,,,,,,,,,,,,,,Daily operating expenses,OPEX,,,,,,,,,,,,,,,,,,TXN386FEACF,COMPANY,COMP001
transactions,2025-12-23,COMP001,,,,,,,,,,,,,,,,,,,,,,,,,,,,,,44015633.64,,,,,,,,,COMPLETED,,,,,,,CUSTOMER_PAYMENT,,,,,,,,,,,,,,,,,,,,,,,,,Collection from CUST025 – RCV00148,RECEIVABLE,,,,,,,,,,,,,,,,,,TXNB2E18440,RECEIVABLE,RCV00148
transactions,2025-12-23,COMP001,,,,,,,,,,,,,,,,,,,,,,,,,,,,,,19137227.21,,,,,,,,,COMPLETED,,,,,,,CUSTOMER_PAYMENT,,,,,,,,,,,,,,,,,,,,,,,,,Daily dealership & fleet sales collection,SALES_RECEIPTS,,,,,,,,,,,,,,,,,,TXNA9C2E3A5,COMPANY,COMP001
transactions,2025-12-23,COMP001,,,,,,,,,,,,,,,,,,,,,,,,,,,,,,-53005991.6,,,,,,,,,COMPLETED,,,,,,,SUPPLIER_PAYMENT,,,,,,,,,,,,,,,,,,,,,,,,,Payment to SUP013 – INV00134,PAYABLE,,,,,,,,,,,,,,,,,,TXNBEF3ADC7,INVOICE,INV00134
transactions,2025-12-24,COMP001,,,,,,,,,,,,,,,,,,,,,,,,,,,,,,-3288232.01,,,,,,,,,COMPLETED,,,,,,,OPERATING_EXPENSE,,,,,,,,,,,,,,,,,,,,,,,,,Daily operating expenses,OPEX,,,,,,,,,,,,,,,,,,TXN4784E071,COMPANY,COMP001
transactions,2025-12-24,COMP001,,,,,,,,,,,,,,,,,,,,,,,,,,,,,,-54270624.05,,,,,,,,,COMPLETED,,,,,,,SUPPLIER_PAYMENT,,,,,,,,,,,,,,,,,,,,,,,,,Payment to SUP008 – INV00156,PAYABLE,,,,,,,,,,,,,,,,,,TXN133870DD,INVOICE,INV00156
transactions,2025-12-24,COMP001,,,,,,,,,,,,,,,,,,,,,,,,,,,,,,20204443.27,,,,,,,,,COMPLETED,,,,,,,CUSTOMER_PAYMENT,,,,,,,,,,,,,,,,,,,,,,,,,Daily dealership & fleet sales collection,SALES_RECEIPTS,,,,,,,,,,,,,,,,,,TXN79DD942D,COMPANY,COMP001
transactions,2025-12-25,COMP001,,,,,,,,,,,,,,,,,,,,,,,,,,,,,,-5058499.1,,,,,,,,,COMPLETED,,,,,,,OPERATING_EXPENSE,,,,,,,,,,,,,,,,,,,,,,,,,Daily operating expenses,OPEX,,,,,,,,,,,,,,,,,,TXNE73169E8,COMPANY,COMP001
transactions,2025-12-25,COMP001,,,,,,,,,,,,,,,,,,,,,,,,,,,,,,13865970.01,,,,,,,,,COMPLETED,,,,,,,CUSTOMER_PAYMENT,,,,,,,,,,,,,,,,,,,,,,,,,Daily dealership & fleet sales collection,SALES_RECEIPTS,,,,,,,,,,,,,,,,,,TXNB23E18F5,COMPANY,COMP001
transactions,2025-12-26,COMP001,,,,,,,,,,,,,,,,,,,,,,,,,,,,,,-8702087.5,,,,,,,,,COMPLETED,,,,,,,OPERATING_EXPENSE,,,,,,,,,,,,,,,,,,,,,,,,,Daily operating expenses,OPEX,,,,,,,,,,,,,,,,,,TXN2DD45FF4,COMPANY,COMP001
transactions,2025-12-26,COMP001,,,,,,,,,,,,,,,,,,,,,,,,,,,,,,20193093.68,,,,,,,,,COMPLETED,,,,,,,CUSTOMER_PAYMENT,,,,,,,,,,,,,,,,,,,,,,,,,Daily dealership & fleet sales collection,SALES_RECEIPTS,,,,,,,,,,,,,,,,,,TXNE2780696,COMPANY,COMP001
transactions,2025-12-27,COMP001,,,,,,,,,,,,,,,,,,,,,,,,,,,,,,-10567277.66,,,,,,,,,COMPLETED,,,,,,,INTEREST_PAYMENT,,,,,,,,,,,,,,,,,,,,,,,,,Quarterly interest payment,FINANCING,,,,,,,,,,,,,,,,,,TXN2CCD1AF5,FINANCING_OPTION,FIN001
transactions,2025-12-27,COMP001,,,,,,,,,,,,,,,,,,,,,,,,,,,,,,-1623269.63,,,,,,,,,COMPLETED,,,,,,,OPERATING_EXPENSE,,,,,,,,,,,,,,,,,,,,,,,,,Daily operating expenses,OPEX,,,,,,,,,,,,,,,,,,TXN1B8F8341,COMPANY,COMP001
transactions,2025-12-27,COMP001,,,,,,,,,,,,,,,,,,,,,,,,,,,,,,-37004053.16,,,,,,,,,COMPLETED,,,,,,,SUPPLIER_PAYMENT,,,,,,,,,,,,,,,,,,,,,,,,,Payment to SUP010 – INV00135,PAYABLE,,,,,,,,,,,,,,,,,,TXNFA9C838B,INVOICE,INV00135
transactions,2025-12-27,COMP001,,,,,,,,,,,,,,,,,,,,,,,,,,,,,,29151993.47,,,,,,,,,COMPLETED,,,,,,,CUSTOMER_PAYMENT,,,,,,,,,,,,,,,,,,,,,,,,,Collection from CUST014 – RCV00031,RECEIVABLE,,,,,,,,,,,,,,,,,,TXNF499F726,RECEIVABLE,RCV00031
transactions,2025-12-27,COMP001,,,,,,,,,,,,,,,,,,,,,,,,,,,,,,3424860.53,,,,,,,,,COMPLETED,,,,,,,CUSTOMER_PAYMENT,,,,,,,,,,,,,,,,,,,,,,,,,Daily dealership & fleet sales collection,SALES_RECEIPTS,,,,,,,,,,,,,,,,,,TXN7A543416,COMPANY,COMP001
transactions,2025-12-28,COMP001,,,,,,,,,,,,,,,,,,,,,,,,,,,,,,39689517.8,,,,,,,,,COMPLETED,,,,,,,CUSTOMER_PAYMENT,,,,,,,,,,,,,,,,,,,,,,,,,Collection from CUST003 – RCV00088,RECEIVABLE,,,,,,,,,,,,,,,,,,TXND3DB2C02,RECEIVABLE,RCV00088
transactions,2025-12-28,COMP001,,,,,,,,,,,,,,,,,,,,,,,,,,,,,,-2446204.14,,,,,,,,,COMPLETED,,,,,,,OPERATING_EXPENSE,,,,,,,,,,,,,,,,,,,,,,,,,Daily operating expenses,OPEX,,,,,,,,,,,,,,,,,,TXN5B890F23,COMPANY,COMP001
transactions,2025-12-28,COMP001,,,,,,,,,,,,,,,,,,,,,,,,,,,,,,3760441.66,,,,,,,,,COMPLETED,,,,,,,CUSTOMER_PAYMENT,,,,,,,,,,,,,,,,,,,,,,,,,Daily dealership & fleet sales collection,SALES_RECEIPTS,,,,,,,,,,,,,,,,,,TXN465573B7,COMPANY,COMP001
transactions,2025-12-29,COMP001,,,,,,,,,,,,,,,,,,,,,,,,,,,,,,21843906.88,,,,,,,,,COMPLETED,,,,,,,CUSTOMER_PAYMENT,,,,,,,,,,,,,,,,,,,,,,,,,Daily dealership & fleet sales collection,SALES_RECEIPTS,,,,,,,,,,,,,,,,,,TXN86A0547D,COMPANY,COMP001
transactions,2025-12-29,COMP001,,,,,,,,,,,,,,,,,,,,,,,,,,,,,,75004637.69,,,,,,,,,COMPLETED,,,,,,,CUSTOMER_PAYMENT,,,,,,,,,,,,,,,,,,,,,,,,,Collection from CUST025 – RCV00060,RECEIVABLE,,,,,,,,,,,,,,,,,,TXN0F4E365D,RECEIVABLE,RCV00060
transactions,2025-12-29,COMP001,,,,,,,,,,,,,,,,,,,,,,,,,,,,,,-8218017.87,,,,,,,,,COMPLETED,,,,,,,OPERATING_EXPENSE,,,,,,,,,,,,,,,,,,,,,,,,,Daily operating expenses,OPEX,,,,,,,,,,,,,,,,,,TXN06B40B99,COMPANY,COMP001
transactions,2025-12-30,COMP001,,,,,,,,,,,,,,,,,,,,,,,,,,,,,,18299882.81,,,,,,,,,COMPLETED,,,,,,,CUSTOMER_PAYMENT,,,,,,,,,,,,,,,,,,,,,,,,,Daily dealership & fleet sales collection,SALES_RECEIPTS,,,,,,,,,,,,,,,,,,TXN2CB19017,COMPANY,COMP001
transactions,2025-12-30,COMP001,,,,,,,,,,,,,,,,,,,,,,,,,,,,,,-5523727.8,,,,,,,,,COMPLETED,,,,,,,OPERATING_EXPENSE,,,,,,,,,,,,,,,,,,,,,,,,,Daily operating expenses,OPEX,,,,,,,,,,,,,,,,,,TXNCF7E8447,COMPANY,COMP001
transactions,2025-12-30,COMP001,,,,,,,,,,,,,,,,,,,,,,,,,,,,,,-13399327.05,,,,,,,,,COMPLETED,,,,,,,SUPPLIER_PAYMENT,,,,,,,,,,,,,,,,,,,,,,,,,Payment to SUP002 – INV00215,PAYABLE,,,,,,,,,,,,,,,,,,TXNF9EC6FB6,INVOICE,INV00215
transactions,2025-12-31,COMP001,,,,,,,,,,,,,,,,,,,,,,,,,,,,,,11028230.5,,,,,,,,,COMPLETED,,,,,,,CUSTOMER_PAYMENT,,,,,,,,,,,,,,,,,,,,,,,,,Daily dealership & fleet sales collection,SALES_RECEIPTS,,,,,,,,,,,,,,,,,,TXN0915E5A6,COMPANY,COMP001
transactions,2025-12-31,COMP001,,,,,,,,,,,,,,,,,,,,,,,,,,,,,,-9907687.18,,,,,,,,,COMPLETED,,,,,,,OPERATING_EXPENSE,,,,,,,,,,,,,,,,,,,,,,,,,Daily operating expenses,OPEX,,,,,,,,,,,,,,,,,,TXNCFB29840,COMPANY,COMP001
transactions,2025-12-31,COMP001,,,,,,,,,,,,,,,,,,,,,,,,,,,,,,8978713.65,,,,,,,,,COMPLETED,,,,,,,CUSTOMER_PAYMENT,,,,,,,,,,,,,,,,,,,,,,,,,Collection from CUST023 – RCV00125,RECEIVABLE,,,,,,,,,,,,,,,,,,TXN5A0927B5,RECEIVABLE,RCV00125
transactions,2025-12-31,COMP001,,,,,,,,,,,,,,,,,,,,,,,,,,,,,,-47910878.63,,,,,,,,,COMPLETED,,,,,,,SUPPLIER_PAYMENT,,,,,,,,,,,,,,,,,,,,,,,,,Payment to SUP006 – INV00151,PAYABLE,,,,,,,,,,,,,,,,,,TXNEDEA40FA,INVOICE,INV00151
transactions,2025-12-31,COMP001,,,,,,,,,,,,,,,,,,,,,,,,,,,,,,-10802978.53,,,,,,,,,COMPLETED,,,,,,,SUPPLIER_PAYMENT,,,,,,,,,,,,,,,,,,,,,,,,,Payment to SUP011 – INV00442,PAYABLE,,,,,,,,,,,,,,,,,,TXNF6F17F41,INVOICE,INV00442
transactions,2026-01-03,COMP001,,,,,,,,,,,,,,,,,,,,,,,,,,,,,,67147525.96,,,,,,,,,COMPLETED,,,,,,,CUSTOMER_PAYMENT,,,,,,,,,,,,,,,,,,,,,,,,,Collection from CUST004 – RCV00312,RECEIVABLE,,,,,,,,,,,,,,,,,,TXNB19F551B,RECEIVABLE,RCV00312
transactions,2026-01-06,COMP001,,,,,,,,,,,,,,,,,,,,,,,,,,,,,,-14502261.58,,,,,,,,,COMPLETED,,,,,,,SUPPLIER_PAYMENT,,,,,,,,,,,,,,,,,,,,,,,,,Payment to SUP015 – INV00338,PAYABLE,,,,,,,,,,,,,,,,,,TXNFB1DDF0D,INVOICE,INV00338
transactions,2026-01-07,COMP001,,,,,,,,,,,,,,,,,,,,,,,,,,,,,,65206449.94,,,,,,,,,COMPLETED,,,,,,,CUSTOMER_PAYMENT,,,,,,,,,,,,,,,,,,,,,,,,,Collection from CUST017 – RCV00135,RECEIVABLE,,,,,,,,,,,,,,,,,,TXN7D206827,RECEIVABLE,RCV00135
