date,company_id,supplier_id,customer_id,invoice_id,receivable_id,obligation_id,transaction_id,amount,balance,status,name,issue_date,discount_percentage,discount_deadline,late_penalty_percentage,currency,payment_method,actual_payment_date,category,strategic_importance,strategic_importance_score,liquidity_risk,liquidity_risk_score,payment_terms_days,financing_available,financing_rate,invoice_date,expected_date,collection_probability,expected_delay_days,customer_name,industry,payment_terms,risk_category,total_historical_payments,on_time_payments,late_payments,on_time_probability,average_delay_days,payment_history_tier,description,due_date,priority,category_supplier,type,reference_type,reference_id,cash_account_id,opening_balance,daily_inflow,daily_outflow,available_balance,reserved_balance,deployable_cash
2025-08-24,COMP001,SUP004,,INV00001,,,,32820970.4,,PAID,Denso India Pvt Ltd,2025-08-24,0.0,,1.0,INR,CHEQUE,2025-09-23,Engine Components,CRITICAL,0.87,LOW,0.18,30.0,True,11.0,,,,,,,,,,,,,,,,,,,,,,,,,,,,
2025-12-15,COMP001,SUP010,,INV00002,,,,33381685.97,,PENDING,Valeo India Pvt Ltd,2025-12-15,2.0,2026-01-04,0.0,INR,IMPS,,Lighting Systems,MEDIUM,0.55,MEDIUM,0.5,60.0,False,0.0,,,,,,,,,,,,,,,,,,,,,,,,,,,,
2025-03-11,COMP001,SUP003,,INV00003,,,,36524146.21,,PAID,Bosch Ltd,2025-03-11,0.0,,1.5,INR,NEFT,2025-03-25,Engine Components,CRITICAL,0.91,LOW,0.1,15.0,True,10.5,,,,,,,,,,,,,,,,,,,,,,,,,,,,
2025-05-30,COMP001,SUP009,,INV00004,,,,12035453.82,,PAID,Sundaram-Clayton Ltd,2025-05-30,1.0,2025-06-14,0.0,INR,CHEQUE,2025-07-13,Aluminium Castings,MEDIUM,0.6,MEDIUM,0.45,45.0,True,13.5,,,,,,,,,,,,,,,,,,,,,,,,,,,,
2025-09-06,COMP001,SUP002,,INV00005,,,,12794703.71,,PAID,JSW Steel Ltd,2025-09-06,0.0,,1.0,INR,NEFT,2025-10-05,Raw Materials,CRITICAL,0.88,LOW,0.15,30.0,True,12.0,,,,,,,,,,,,,,,,,,,,,,,,,,,,
2025-10-14,COMP001,SUP013,,INV00006,,,,12897482.72,,PAID,3M India Ltd,2025-10-14,0.0,,2.0,INR,NEFT,2025-12-17,Consumables,LOW,0.28,HIGH,0.68,60.0,False,0.0,,,,,,,,,,,,,,,,,,,,,,,,,,,,
2025-03-06,COMP001,SUP012,,INV00007,,,,50029147.26,,PAID,Saint-Gobain India,2025-03-06,0.0,,2.0,INR,NEFT,2025-05-02,Glass,LOW,0.3,HIGH,0.65,60.0,False,0.0,,,,,,,,,,,,,,,,,,,,,,,,,,,,
2025-07-01,COMP001,SUP003,,INV00008,,,,52639713.58,,PAID,Bosch Ltd,2025-07-01,2.0,2025-07-08,0.0,INR,RTGS,2025-07-16,Engine Components,CRITICAL,0.91,LOW,0.1,15.0,True,10.5,,,,,,,,,,,,,,,,,,,,,,,,,,,,
2025-06-25,COMP001,SUP015,,INV00009,,,,49137402.15,,PAID,Castrol India Ltd,2025-06-25,1.0,2025-07-10,0.0,INR,IMPS,2025-08-09,Lubricants,LOW,0.22,HIGH,0.72,45.0,False,0.0,,,,,,,,,,,,,,,,,,,,,,,,,,,,
2025-09-12,COMP001,SUP003,,INV00010,,,,39645345.71,,PAID,Bosch Ltd,2025-09-12,1.5,2025-09-19,0.0,INR,RTGS,2025-09-27,Engine Components,CRITICAL,0.91,LOW,0.1,15.0,True,10.5,,,,,,,,,,,,,,,,,,,,,,,,,,,,
2025-05-01,COMP001,SUP013,,INV00011,,,,35304645.57,,OVERDUE,3M India Ltd,2025-05-01,2.0,2025-05-21,2.0,INR,NEFT,,Consumables,LOW,0.28,HIGH,0.68,60.0,False,0.0,,,,,,,,,,,,,,,,,,,,,,,,,,,,
2025-03-27,COMP001,SUP003,,INV00012,,,,47120570.17,,PAID,Bosch Ltd,2025-03-27,0.0,,1.0,INR,IMPS,2025-04-08,Engine Components,CRITICAL,0.91,LOW,0.1,15.0,True,10.5,,,,,,,,,,,,,,,,,,,,,,,,,,,,
2025-06-03,COMP001,SUP001,,INV00013,,,,57069623.87,,PAID,Tata Steel Ltd,2025-06-03,0.0,,0.0,INR,IMPS,2025-07-08,Raw Materials,CRITICAL,0.93,LOW,0.12,30.0,True,11.5,,,,,,,,,,,,,,,,,,,,,,,,,,,,
2025-03-05,COMP001,SUP005,,INV00014,,,,31069272.15,,PAID,MRF Ltd,2025-03-05,2.5,2025-03-20,0.0,INR,NEFT,2025-04-17,Tyres,MEDIUM,0.72,MEDIUM,0.35,45.0,True,13.0,,,,,,,,,,,,,,,,,,,,,,,,,,,,
2025-06-21,COMP001,SUP014,,INV00015,,,,40847477.19,,PAID,Asian Paints Industrial,2025-06-21,2.5,2025-07-06,0.0,INR,CHEQUE,2025-08-25,Paints,LOW,0.25,HIGH,0.7,45.0,False,0.0,,,,,,,,,,,,,,,,,,,,,,,,,,,,
2025-10-08,COMP001,SUP004,,INV00016,,,,11592591.68,,PAID,Denso India Pvt Ltd,2025-10-08,2.0,2025-10-18,0.0,INR,IMPS,2025-11-14,Engine Components,CRITICAL,0.87,LOW,0.18,30.0,True,11.0,,,,,,,,,,,,,,,,,,,,,,,,,,,,
2025-04-27,COMP001,SUP009,,INV00017,,,,12926812.96,,PAID,Sundaram-Clayton Ltd,2025-04-27,1.0,2025-05-12,0.0,INR,RTGS,2025-06-09,Aluminium Castings,MEDIUM,0.6,MEDIUM,0.45,45.0,True,13.5,,,,,,,,,,,,,,,,,,,,,,,,,,,,
2025-10-18,COMP001,SUP003,,INV00018,,,,8355520.7,,PAID,Bosch Ltd,2025-10-18,0.0,,2.0,INR,NEFT,2025-11-04,Engine Components,CRITICAL,0.91,LOW,0.1,15.0,True,10.5,,,,,,,,,,,,,,,,,,,,,,,,,,,,
2025-04-03,COMP001,SUP015,,INV00019,,,,38867845.39,,PAID,Castrol India Ltd,2025-04-03,0.0,,1.0,INR,RTGS,2025-05-15,Lubricants,LOW,0.22,HIGH,0.72,45.0,False,0.0,,,,,,,,,,,,,,,,,,,,,,,,,,,,
2025-01-02,COMP001,SUP003,,INV00020,,,,56162064.41,,OVERDUE,Bosch Ltd,2025-01-02,0.0,,2.0,INR,CHEQUE,,Engine Components,CRITICAL,0.91,LOW,0.1,15.0,True,10.5,,,,,,,,,,,,,,,,,,,,,,,,,,,,
2025-02-07,COMP001,SUP008,,INV00021,,,,12441264.31,,PAID,Bharat Forge Ltd,2025-02-07,0.0,,1.0,INR,CHEQUE,2025-03-24,Forged Components,MEDIUM,0.68,MEDIUM,0.42,45.0,False,0.0,,,,,,,,,,,,,,,,,,,,,,,,,,,,
2025-09-15,COMP001,SUP006,,INV00022,,,,12113087.75,,PAID,Apollo Tyres Ltd,2025-09-15,2.0,2025-09-30,2.0,INR,CHEQUE,2025-10-30,Tyres,MEDIUM,0.65,MEDIUM,0.4,45.0,False,0.0,,,,,,,,,,,,,,,,,,,,,,,,,,,,
2025-11-10,COMP001,SUP007,,INV00023,,,,14495537.69,,PAID,Motherson Sumi Systems Ltd,2025-11-10,2.5,2025-11-20,0.0,INR,RTGS,2025-12-09,Electrical,MEDIUM,0.7,MEDIUM,0.38,30.0,True,12.5,,,,,,,,,,,,,,,,,,,,,,,,,,,,
2025-12-18,COMP001,SUP003,,INV00024,,,,17622135.85,,PENDING,Bosch Ltd,2025-12-18,2.0,2025-12-25,2.0,INR,NEFT,,Engine Components,CRITICAL,0.91,LOW,0.1,15.0,True,10.5,,,,,,,,,,,,,,,,,,,,,,,,,,,,
2025-04-27,COMP001,SUP009,,INV00025,,,,42164561.89,,PAID,Sundaram-Clayton Ltd,2025-04-27,1.0,2025-05-12,1.5,INR,NEFT,2025-06-09,Aluminium Castings,MEDIUM,0.6,MEDIUM,0.45,45.0,True,13.5,,,,,,,,,,,,,,,,,,,,,,,,,,,,
2025-10-17,COMP001,SUP013,,INV00026,,,,22048776.9,,OVERDUE,3M India Ltd,2025-10-17,0.0,,0.0,INR,NEFT,,Consumables,LOW,0.28,HIGH,0.68,60.0,False,0.0,,,,,,,,,,,,,,,,,,,,,,,,,,,,
2025-02-01,COMP001,SUP007,,INV00027,,,,20965891.37,,PAID,Motherson Sumi Systems Ltd,2025-02-01,0.0,,1.0,INR,RTGS,2025-03-01,Electrical,MEDIUM,0.7,MEDIUM,0.38,30.0,True,12.5,,,,,,,,,,,,,,,,,,,,,,,,,,,,
2025-10-23,COMP001,SUP001,,INV00028,,,,33227923.52,,PAID,Tata Steel Ltd,2025-10-23,0.0,,1.0,INR,NEFT,2025-11-19,Raw Materials,CRITICAL,0.93,LOW,0.12,30.0,True,11.5,,,,,,,,,,,,,,,,,,,,,,,,,,,,
2025-06-06,COMP001,SUP003,,INV00029,,,,33258803.06,,OVERDUE,Bosch Ltd,2025-06-06,0.0,,1.5,INR,NEFT,,Engine Components,CRITICAL,0.91,LOW,0.1,15.0,True,10.5,,,,,,,,,,,,,,,,,,,,,,,,,,,,
2025-07-01,COMP001,SUP001,,INV00030,,,,16201189.95,,PAID,Tata Steel Ltd,2025-07-01,1.5,2025-07-11,0.0,INR,CHEQUE,2025-07-29,Raw Materials,CRITICAL,0.93,LOW,0.12,30.0,True,11.5,,,,,,,,,,,,,,,,,,,,,,,,,,,,
2025-07-12,COMP001,SUP015,,INV00031,,,,16962562.82,,PAID,Castrol India Ltd,2025-07-12,0.0,,0.0,INR,NEFT,2025-08-25,Lubricants,LOW,0.22,HIGH,0.72,45.0,False,0.0,,,,,,,,,,,,,,,,,,,,,,,,,,,,
2025-06-25,COMP001,SUP004,,INV00032,,,,38381645.65,,PAID,Denso India Pvt Ltd,2025-06-25,2.5,2025-07-05,0.0,INR,NEFT,2025-07-22,Engine Components,CRITICAL,0.87,LOW,0.18,30.0,True,11.0,,,,,,,,,,,,,,,,,,,,,,,,,,,,
2025-12-21,COMP001,SUP002,,INV00033,,,,51109113.32,,PENDING,JSW Steel Ltd,2025-12-21,2.0,2025-12-31,1.0,INR,CHEQUE,,Raw Materials,CRITICAL,0.88,LOW,0.15,30.0,True,12.0,,,,,,,,,,,,,,,,,,,,,,,,,,,,
2025-07-12,COMP001,SUP015,,INV00034,,,,46757435.6,,PAID,Castrol India Ltd,2025-07-12,2.0,2025-07-27,1.0,INR,IMPS,2025-08-30,Lubricants,LOW,0.22,HIGH,0.72,45.0,False,0.0,,,,,,,,,,,,,,,,,,,,,,,,,,,,
2025-09-29,COMP001,SUP005,,INV00035,,,,16878072.34,,PAID,MRF Ltd,2025-09-29,0.0,,0.0,INR,IMPS,2025-11-13,Tyres,MEDIUM,0.72,MEDIUM,0.35,45.0,True,13.0,,,,,,,,,,,,,,,,,,,,,,,,,,,,
2025-06-07,COMP001,SUP005,,INV00036,,,,38416832.5,,PAID,MRF Ltd,2025-06-07,0.0,,0.0,INR,CHEQUE,2025-08-08,Tyres,MEDIUM,0.72,MEDIUM,0.35,45.0,True,13.0,,,,,,,,,,,,,,,,,,,,,,,,,,,,
2025-11-05,COMP001,SUP001,,INV00037,,,,45391163.71,,PAID,Tata Steel Ltd,2025-11-05,0.0,,1.5,INR,NEFT,2025-12-10,Raw Materials,CRITICAL,0.93,LOW,0.12,30.0,True,11.5,,,,,,,,,,,,,,,,,,,,,,,,,,,,
2025-08-15,COMP001,SUP008,,INV00038,,,,27271686.0,,PAID,Bharat Forge Ltd,2025-08-15,2.5,2025-08-30,1.0,INR,RTGS,2025-09-29,Forged Components,MEDIUM,0.68,MEDIUM,0.42,45.0,False,0.0,,,,,,,,,,,,,,,,,,,,,,,,,,,,
2025-05-27,COMP001,SUP015,,INV00039,,,,25707443.11,,PAID,Castrol India Ltd,2025-05-27,0.0,,0.0,INR,IMPS,2025-07-08,Lubricants,LOW,0.22,HIGH,0.72,45.0,False,0.0,,,,,,,,,,,,,,,,,,,,,,,,,,,,
2025-11-01,COMP001,SUP006,,INV00040,,,,7851856.43,,PAID,Apollo Tyres Ltd,2025-11-01,0.0,,0.0,INR,NEFT,2025-12-13,Tyres,MEDIUM,0.65,MEDIUM,0.4,45.0,False,0.0,,,,,,,,,,,,,,,,,,,,,,,,,,,,
2025-08-05,COMP001,SUP004,,INV00041,,,,53341948.69,,PAID,Denso India Pvt Ltd,2025-08-05,2.0,2025-08-15,2.0,INR,NEFT,2025-09-02,Engine Components,CRITICAL,0.87,LOW,0.18,30.0,True,11.0,,,,,,,,,,,,,,,,,,,,,,,,,,,,
2025-04-15,COMP001,SUP004,,INV00042,,,,41062700.77,,PAID,Denso India Pvt Ltd,2025-04-15,0.0,,0.0,INR,CHEQUE,2025-05-30,Engine Components,CRITICAL,0.87,LOW,0.18,30.0,True,11.0,,,,,,,,,,,,,,,,,,,,,,,,,,,,
2025-04-04,COMP001,SUP005,,INV00043,,,,50760615.05,,PAID,MRF Ltd,2025-04-04,2.5,2025-04-19,1.0,INR,RTGS,2025-05-23,Tyres,MEDIUM,0.72,MEDIUM,0.35,45.0,True,13.0,,,,,,,,,,,,,,,,,,,,,,,,,,,,
2025-04-05,COMP001,SUP005,,INV00044,,,,45850148.1,,PAID,MRF Ltd,2025-04-05,1.0,2025-04-20,0.0,INR,NEFT,2025-05-18,Tyres,MEDIUM,0.72,MEDIUM,0.35,45.0,True,13.0,,,,,,,,,,,,,,,,,,,,,,,,,,,,
2025-03-23,COMP001,SUP005,,INV00045,,,,45917034.35,,PAID,MRF Ltd,2025-03-23,2.0,2025-04-07,0.0,INR,NEFT,2025-05-10,Tyres,MEDIUM,0.72,MEDIUM,0.35,45.0,True,13.0,,,,,,,,,,,,,,,,,,,,,,,,,,,,
2025-08-31,COMP001,SUP005,,INV00046,,,,25295955.07,,PAID,MRF Ltd,2025-08-31,0.0,,2.0,INR,CHEQUE,2025-10-13,Tyres,MEDIUM,0.72,MEDIUM,0.35,45.0,True,13.0,,,,,,,,,,,,,,,,,,,,,,,,,,,,
2025-08-18,COMP001,SUP014,,INV00047,,,,17380113.34,,PAID,Asian Paints Industrial,2025-08-18,0.0,,0.0,INR,CHEQUE,2025-10-01,Paints,LOW,0.25,HIGH,0.7,45.0,False,0.0,,,,,,,,,,,,,,,,,,,,,,,,,,,,
2025-09-19,COMP001,SUP006,,INV00048,,,,10338834.65,,PAID,Apollo Tyres Ltd,2025-09-19,1.5,2025-10-04,0.0,INR,IMPS,2025-11-03,Tyres,MEDIUM,0.65,MEDIUM,0.4,45.0,False,0.0,,,,,,,,,,,,,,,,,,,,,,,,,,,,
2025-10-12,COMP001,SUP004,,INV00049,,,,27796321.66,,PAID,Denso India Pvt Ltd,2025-10-12,0.0,,2.0,INR,NEFT,2025-11-08,Engine Components,CRITICAL,0.87,LOW,0.18,30.0,True,11.0,,,,,,,,,,,,,,,,,,,,,,,,,,,,
2025-02-12,COMP001,SUP010,,INV00050,,,,3600999.38,,PAID,Valeo India Pvt Ltd,2025-02-12,0.0,,1.5,INR,CHEQUE,2025-04-13,Lighting Systems,MEDIUM,0.55,MEDIUM,0.5,60.0,False,0.0,,,,,,,,,,,,,,,,,,,,,,,,,,,,
2025-02-15,COMP001,SUP004,,INV00051,,,,47270989.44,,PAID,Denso India Pvt Ltd,2025-02-15,0.0,,0.0,INR,NEFT,2025-03-15,Engine Components,CRITICAL,0.87,LOW,0.18,30.0,True,11.0,,,,,,,,,,,,,,,,,,,,,,,,,,,,
2025-06-08,COMP001,SUP012,,INV00052,,,,12874275.97,,PAID,Saint-Gobain India,2025-06-08,1.5,2025-06-28,0.0,INR,NEFT,2025-08-05,Glass,LOW,0.3,HIGH,0.65,60.0,False,0.0,,,,,,,,,,,,,,,,,,,,,,,,,,,,
2025-04-22,COMP001,SUP001,,INV00053,,,,19972961.58,,PAID,Tata Steel Ltd,2025-04-22,0.0,,2.0,INR,NEFT,2025-05-20,Raw Materials,CRITICAL,0.93,LOW,0.12,30.0,True,11.5,,,,,,,,,,,,,,,,,,,,,,,,,,,,
2025-10-05,COMP001,SUP008,,INV00054,,,,38143020.93,,PAID,Bharat Forge Ltd,2025-10-05,0.0,,1.0,INR,RTGS,2025-11-17,Forged Components,MEDIUM,0.68,MEDIUM,0.42,45.0,False,0.0,,,,,,,,,,,,,,,,,,,,,,,,,,,,
2025-10-11,COMP001,SUP012,,INV00055,,,,56763705.74,,PAID,Saint-Gobain India,2025-10-11,0.0,,0.0,INR,CHEQUE,2025-12-16,Glass,LOW,0.3,HIGH,0.65,60.0,False,0.0,,,,,,,,,,,,,,,,,,,,,,,,,,,,
2025-06-27,COMP001,SUP010,,INV00056,,,,34770833.25,,PAID,Valeo India Pvt Ltd,2025-06-27,2.0,2025-07-17,2.0,INR,IMPS,2025-08-24,Lighting Systems,MEDIUM,0.55,MEDIUM,0.5,60.0,False,0.0,,,,,,,,,,,,,,,,,,,,,,,,,,,,
2025-03-07,COMP001,SUP003,,INV00057,,,,27858510.24,,OVERDUE,Bosch Ltd,2025-03-07,0.0,,2.0,INR,IMPS,,Engine Components,CRITICAL,0.91,LOW,0.1,15.0,True,10.5,,,,,,,,,,,,,,,,,,,,,,,,,,,,
2025-05-30,COMP001,SUP009,,INV00058,,,,50538408.21,,PAID,Sundaram-Clayton Ltd,2025-05-30,0.0,,2.0,INR,IMPS,2025-07-18,Aluminium Castings,MEDIUM,0.6,MEDIUM,0.45,45.0,True,13.5,,,,,,,,,,,,,,,,,,,,,,,,,,,,
2025-10-09,COMP001,SUP012,,INV00059,,,,19848338.16,,PAID,Saint-Gobain India,2025-10-09,2.0,2025-10-29,1.0,INR,CHEQUE,2025-12-07,Glass,LOW,0.3,HIGH,0.65,60.0,False,0.0,,,,,,,,,,,,,,,,,,,,,,,,,,,,
2025-03-31,COMP001,SUP001,,INV00060,,,,38837615.08,,OVERDUE,Tata Steel Ltd,2025-03-31,1.0,2025-04-10,1.5,INR,CHEQUE,,Raw Materials,CRITICAL,0.93,LOW,0.12,30.0,True,11.5,,,,,,,,,,,,,,,,,,,,,,,,,,,,
2025-07-14,COMP001,SUP009,,INV00061,,,,24239668.61,,PAID,Sundaram-Clayton Ltd,2025-07-14,2.0,2025-07-29,1.5,INR,IMPS,2025-08-27,Aluminium Castings,MEDIUM,0.6,MEDIUM,0.45,45.0,True,13.5,,,,,,,,,,,,,,,,,,,,,,,,,,,,
2025-06-30,COMP001,SUP013,,INV00062,,,,10672995.8,,PAID,3M India Ltd,2025-06-30,0.0,,0.0,INR,NEFT,2025-08-27,Consumables,LOW,0.28,HIGH,0.68,60.0,False,0.0,,,,,,,,,,,,,,,,,,,,,,,,,,,,
2025-05-02,COMP001,SUP010,,INV00063,,,,36835476.8,,PAID,Valeo India Pvt Ltd,2025-05-02,1.5,2025-05-22,1.0,INR,IMPS,2025-06-30,Lighting Systems,MEDIUM,0.55,MEDIUM,0.5,60.0,False,0.0,,,,,,,,,,,,,,,,,,,,,,,,,,,,
2025-12-08,COMP001,SUP003,,INV00064,,,,53546999.83,,OVERDUE,Bosch Ltd,2025-12-08,2.5,2025-12-15,0.0,INR,IMPS,,Engine Components,CRITICAL,0.91,LOW,0.1,15.0,True,10.5,,,,,,,,,,,,,,,,,,,,,,,,,,,,
2025-01-14,COMP001,SUP011,,INV00065,,,,34242370.49,,PAID,ZF Commercial Vehicle Control,2025-01-14,1.5,2025-02-03,1.0,INR,RTGS,2025-03-14,Brakes,MEDIUM,0.62,MEDIUM,0.44,60.0,True,14.0,,,,,,,,,,,,,,,,,,,,,,,,,,,,
2025-06-05,COMP001,SUP005,,INV00066,,,,27750119.94,,PAID,MRF Ltd,2025-06-05,1.0,2025-06-20,0.0,INR,IMPS,2025-07-17,Tyres,MEDIUM,0.72,MEDIUM,0.35,45.0,True,13.0,,,,,,,,,,,,,,,,,,,,,,,,,,,,
2025-09-02,COMP001,SUP004,,INV00067,,,,40120095.59,,PAID,Denso India Pvt Ltd,2025-09-02,1.0,2025-09-12,1.0,INR,RTGS,2025-10-03,Engine Components,CRITICAL,0.87,LOW,0.18,30.0,True,11.0,,,,,,,,,,,,,,,,,,,,,,,,,,,,
2025-08-21,COMP001,SUP003,,INV00068,,,,49239259.07,,OVERDUE,Bosch Ltd,2025-08-21,0.0,,1.0,INR,RTGS,,Engine Components,CRITICAL,0.91,LOW,0.1,15.0,True,10.5,,,,,,,,,,,,,,,,,,,,,,,,,,,,
2025-07-01,COMP001,SUP015,,INV00069,,,,47219422.93,,PAID,Castrol India Ltd,2025-07-01,1.5,2025-07-16,0.0,INR,NEFT,2025-08-14,Lubricants,LOW,0.22,HIGH,0.72,45.0,False,0.0,,,,,,,,,,,,,,,,,,,,,,,,,,,,
2025-01-08,COMP001,SUP012,,INV00070,,,,28709129.31,,PAID,Saint-Gobain India,2025-01-08,2.0,2025-01-28,2.0,INR,CHEQUE,2025-03-09,Glass,LOW,0.3,HIGH,0.65,60.0,False,0.0,,,,,,,,,,,,,,,,,,,,,,,,,,,,
2025-01-23,COMP001,SUP004,,INV00071,,,,37606917.5,,OVERDUE,Denso India Pvt Ltd,2025-01-23,0.0,,1.5,INR,RTGS,,Engine Components,CRITICAL,0.87,LOW,0.18,30.0,True,11.0,,,,,,,,,,,,,,,,,,,,,,,,,,,,
2025-10-09,COMP001,SUP014,,INV00072,,,,29085572.26,,PAID,Asian Paints Industrial,2025-10-09,2.5,2025-10-24,2.0,INR,NEFT,2025-11-25,Paints,LOW,0.25,HIGH,0.7,45.0,False,0.0,,,,,,,,,,,,,,,,,,,,,,,,,,,,
2025-01-29,COMP001,SUP005,,INV00073,,,,38636448.2,,PAID,MRF Ltd,2025-01-29,2.0,2025-02-13,0.0,INR,CHEQUE,2025-03-31,Tyres,MEDIUM,0.72,MEDIUM,0.35,45.0,True,13.0,,,,,,,,,,,,,,,,,,,,,,,,,,,,
2025-03-11,COMP001,SUP013,,INV00074,,,,19201374.04,,PAID,3M India Ltd,2025-03-11,0.0,,0.0,INR,NEFT,2025-05-29,Consumables,LOW,0.28,HIGH,0.68,60.0,False,0.0,,,,,,,,,,,,,,,,,,,,,,,,,,,,
2025-07-10,COMP001,SUP014,,INV00075,,,,33567438.77,,PAID,Asian Paints Industrial,2025-07-10,0.0,,1.5,INR,IMPS,2025-08-22,Paints,LOW,0.25,HIGH,0.7,45.0,False,0.0,,,,,,,,,,,,,,,,,,,,,,,,,,,,
2025-02-10,COMP001,SUP008,,INV00076,,,,25182057.86,,PAID,Bharat Forge Ltd,2025-02-10,1.0,2025-02-25,1.0,INR,IMPS,2025-03-26,Forged Components,MEDIUM,0.68,MEDIUM,0.42,45.0,False,0.0,,,,,,,,,,,,,,,,,,,,,,,,,,,,
2025-01-16,COMP001,SUP013,,INV00077,,,,43034507.6,,PAID,3M India Ltd,2025-01-16,0.0,,0.0,INR,NEFT,2025-03-16,Consumables,LOW,0.28,HIGH,0.68,60.0,False,0.0,,,,,,,,,,,,,,,,,,,,,,,,,,,,
2025-05-11,COMP001,SUP005,,INV00078,,,,21346416.85,,OVERDUE,MRF Ltd,2025-05-11,0.0,,1.5,INR,RTGS,,Tyres,MEDIUM,0.72,MEDIUM,0.35,45.0,True,13.0,,,,,,,,,,,,,,,,,,,,,,,,,,,,
2025-03-26,COMP001,SUP006,,INV00079,,,,3344718.31,,PAID,Apollo Tyres Ltd,2025-03-26,1.5,2025-04-10,1.5,INR,CHEQUE,2025-05-07,Tyres,MEDIUM,0.65,MEDIUM,0.4,45.0,False,0.0,,,,,,,,,,,,,,,,,,,,,,,,,,,,
2025-06-13,COMP001,SUP011,,INV00080,,,,44696490.19,,PAID,ZF Commercial Vehicle Control,2025-06-13,0.0,,1.0,INR,RTGS,2025-08-14,Brakes,MEDIUM,0.62,MEDIUM,0.44,60.0,True,14.0,,,,,,,,,,,,,,,,,,,,,,,,,,,,
2025-07-24,COMP001,SUP009,,INV00081,,,,34620205.16,,PAID,Sundaram-Clayton Ltd,2025-07-24,1.5,2025-08-08,0.0,INR,CHEQUE,2025-09-07,Aluminium Castings,MEDIUM,0.6,MEDIUM,0.45,45.0,True,13.5,,,,,,,,,,,,,,,,,,,,,,,,,,,,
2025-12-19,COMP001,SUP013,,INV00082,,,,25615769.83,,PENDING,3M India Ltd,2025-12-19,0.0,,1.5,INR,IMPS,,Consumables,LOW,0.28,HIGH,0.68,60.0,False,0.0,,,,,,,,,,,,,,,,,,,,,,,,,,,,
2025-02-02,COMP001,SUP004,,INV00083,,,,8101130.34,,PAID,Denso India Pvt Ltd,2025-02-02,2.0,2025-02-12,0.0,INR,CHEQUE,2025-03-03,Engine Components,CRITICAL,0.87,LOW,0.18,30.0,True,11.0,,,,,,,,,,,,,,,,,,,,,,,,,,,,
2025-07-28,COMP001,SUP012,,INV00084,,,,57681582.35,,PAID,Saint-Gobain India,2025-07-28,0.0,,1.0,INR,NEFT,2025-09-26,Glass,LOW,0.3,HIGH,0.65,60.0,False,0.0,,,,,,,,,,,,,,,,,,,,,,,,,,,,
2025-11-19,COMP001,SUP002,,INV00085,,,,29831214.31,,PAID,JSW Steel Ltd,2025-11-19,0.0,,1.0,INR,CHEQUE,2025-12-19,Raw Materials,CRITICAL,0.88,LOW,0.15,30.0,True,12.0,,,,,,,,,,,,,,,,,,,,,,,,,,,,
2025-12-01,COMP001,SUP003,,INV00086,,,,34701476.05,,PAID,Bosch Ltd,2025-12-01,2.0,2025-12-08,1.5,INR,CHEQUE,2025-12-15,Engine Components,CRITICAL,0.91,LOW,0.1,15.0,True,10.5,,,,,,,,,,,,,,,,,,,,,,,,,,,,
2025-03-15,COMP001,SUP010,,INV00087,,,,30429227.65,,OVERDUE,Valeo India Pvt Ltd,2025-03-15,0.0,,0.0,INR,CHEQUE,,Lighting Systems,MEDIUM,0.55,MEDIUM,0.5,60.0,False,0.0,,,,,,,,,,,,,,,,,,,,,,,,,,,,
2025-04-04,COMP001,SUP008,,INV00088,,,,28914358.47,,PAID,Bharat Forge Ltd,2025-04-04,1.5,2025-04-19,1.5,INR,IMPS,2025-05-16,Forged Components,MEDIUM,0.68,MEDIUM,0.42,45.0,False,0.0,,,,,,,,,,,,,,,,,,,,,,,,,,,,
2025-02-20,COMP001,SUP013,,INV00089,,,,30582012.26,,PAID,3M India Ltd,2025-02-20,2.0,2025-03-12,1.5,INR,RTGS,2025-04-18,Consumables,LOW,0.28,HIGH,0.68,60.0,False,0.0,,,,,,,,,,,,,,,,,,,,,,,,,,,,
2025-07-15,COMP001,SUP001,,INV00090,,,,27850283.64,,PAID,Tata Steel Ltd,2025-07-15,0.0,,0.0,INR,RTGS,2025-08-14,Raw Materials,CRITICAL,0.93,LOW,0.12,30.0,True,11.5,,,,,,,,,,,,,,,,,,,,,,,,,,,,
2025-10-08,COMP001,SUP015,,INV00091,,,,27489949.4,,PAID,Castrol India Ltd,2025-10-08,1.5,2025-10-23,0.0,INR,NEFT,2025-11-21,Lubricants,LOW,0.22,HIGH,0.72,45.0,False,0.0,,,,,,,,,,,,,,,,,,,,,,,,,,,,
2025-04-23,COMP001,SUP003,,INV00092,,,,46969708.86,,PAID,Bosch Ltd,2025-04-23,0.0,,0.0,INR,IMPS,2025-05-09,Engine Components,CRITICAL,0.91,LOW,0.1,15.0,True,10.5,,,,,,,,,,,,,,,,,,,,,,,,,,,,
2025-04-13,COMP001,SUP001,,INV00093,,,,5221748.37,,PAID,Tata Steel Ltd,2025-04-13,0.0,,2.0,INR,RTGS,2025-05-13,Raw Materials,CRITICAL,0.93,LOW,0.12,30.0,True,11.5,,,,,,,,,,,,,,,,,,,,,,,,,,,,
2025-08-25,COMP001,SUP003,,INV00094,,,,18067647.23,,OVERDUE,Bosch Ltd,2025-08-25,0.0,,1.0,INR,IMPS,,Engine Components,CRITICAL,0.91,LOW,0.1,15.0,True,10.5,,,,,,,,,,,,,,,,,,,,,,,,,,,,
2025-05-05,COMP001,SUP006,,INV00095,,,,19659479.89,,PAID,Apollo Tyres Ltd,2025-05-05,2.0,2025-05-20,1.5,INR,NEFT,2025-06-19,Tyres,MEDIUM,0.65,MEDIUM,0.4,45.0,False,0.0,,,,,,,,,,,,,,,,,,,,,,,,,,,,
2025-04-20,COMP001,SUP014,,INV00096,,,,48510195.02,,PAID,Asian Paints Industrial,2025-04-20,1.0,2025-05-05,1.0,INR,IMPS,2025-06-01,Paints,LOW,0.25,HIGH,0.7,45.0,False,0.0,,,,,,,,,,,,,,,,,,,,,,,,,,,,
2025-12-01,COMP001,SUP006,,INV00097,,,,20191185.99,,PENDING,Apollo Tyres Ltd,2025-12-01,2.0,2025-12-16,1.5,INR,CHEQUE,,Tyres,MEDIUM,0.65,MEDIUM,0.4,45.0,False,0.0,,,,,,,,,,,,,,,,,,,,,,,,,,,,
2025-05-11,COMP001,SUP001,,INV00098,,,,33548733.08,,OVERDUE,Tata Steel Ltd,2025-05-11,0.0,,1.0,INR,NEFT,,Raw Materials,CRITICAL,0.93,LOW,0.12,30.0,True,11.5,,,,,,,,,,,,,,,,,,,,,,,,,,,,
2025-08-06,COMP001,SUP001,,INV00099,,,,43568851.38,,PAID,Tata Steel Ltd,2025-08-06,0.0,,0.0,INR,RTGS,2025-09-03,Raw Materials,CRITICAL,0.93,LOW,0.12,30.0,True,11.5,,,,,,,,,,,,,,,,,,,,,,,,,,,,
2025-06-23,COMP001,SUP010,,INV00100,,,,41424310.62,,PAID,Valeo India Pvt Ltd,2025-06-23,0.0,,1.0,INR,CHEQUE,2025-08-21,Lighting Systems,MEDIUM,0.55,MEDIUM,0.5,60.0,False,0.0,,,,,,,,,,,,,,,,,,,,,,,,,,,,
2025-06-08,COMP001,SUP011,,INV00101,,,,50605172.45,,PAID,ZF Commercial Vehicle Control,2025-06-08,1.5,2025-06-28,0.0,INR,NEFT,2025-08-10,Brakes,MEDIUM,0.62,MEDIUM,0.44,60.0,True,14.0,,,,,,,,,,,,,,,,,,,,,,,,,,,,
2025-02-11,COMP001,SUP013,,INV00102,,,,41808613.12,,OVERDUE,3M India Ltd,2025-02-11,0.0,,1.0,INR,CHEQUE,,Consumables,LOW,0.28,HIGH,0.68,60.0,False,0.0,,,,,,,,,,,,,,,,,,,,,,,,,,,,
2025-05-06,COMP001,SUP004,,INV00103,,,,6061544.6,,PAID,Denso India Pvt Ltd,2025-05-06,0.0,,2.0,INR,IMPS,2025-06-12,Engine Components,CRITICAL,0.87,LOW,0.18,30.0,True,11.0,,,,,,,,,,,,,,,,,,,,,,,,,,,,
2025-11-30,COMP001,SUP003,,INV00104,,,,3412503.98,,PAID,Bosch Ltd,2025-11-30,0.0,,1.0,INR,RTGS,2025-12-12,Engine Components,CRITICAL,0.91,LOW,0.1,15.0,True,10.5,,,,,,,,,,,,,,,,,,,,,,,,,,,,
2025-04-02,COMP001,SUP012,,INV00105,,,,12659738.83,,PAID,Saint-Gobain India,2025-04-02,2.0,2025-04-22,2.0,INR,NEFT,2025-06-06,Glass,LOW,0.3,HIGH,0.65,60.0,False,0.0,,,,,,,,,,,,,,,,,,,,,,,,,,,,
2025-06-06,COMP001,SUP001,,INV00106,,,,59262688.72,,PAID,Tata Steel Ltd,2025-06-06,1.0,2025-06-16,0.0,INR,NEFT,2025-07-04,Raw Materials,CRITICAL,0.93,LOW,0.12,30.0,True,11.5,,,,,,,,,,,,,,,,,,,,,,,,,,,,
2025-05-13,COMP001,SUP010,,INV00107,,,,17093060.62,,PAID,Valeo India Pvt Ltd,2025-05-13,0.0,,0.0,INR,RTGS,2025-07-12,Lighting Systems,MEDIUM,0.55,MEDIUM,0.5,60.0,False,0.0,,,,,,,,,,,,,,,,,,,,,,,,,,,,
2025-11-03,COMP001,SUP014,,INV00108,,,,7783190.74,,PAID,Asian Paints Industrial,2025-11-03,1.5,2025-11-18,0.0,INR,NEFT,2025-12-17,Paints,LOW,0.25,HIGH,0.7,45.0,False,0.0,,,,,,,,,,,,,,,,,,,,,,,,,,,,
2025-09-08,COMP001,SUP006,,INV00109,,,,24914661.1,,PAID,Apollo Tyres Ltd,2025-09-08,0.0,,2.0,INR,RTGS,2025-10-20,Tyres,MEDIUM,0.65,MEDIUM,0.4,45.0,False,0.0,,,,,,,,,,,,,,,,,,,,,,,,,,,,
2025-09-18,COMP001,SUP014,,INV00110,,,,28857805.37,,OVERDUE,Asian Paints Industrial,2025-09-18,1.0,2025-10-03,0.0,INR,CHEQUE,,Paints,LOW,0.25,HIGH,0.7,45.0,False,0.0,,,,,,,,,,,,,,,,,,,,,,,,,,,,
2025-05-25,COMP001,SUP015,,INV00111,,,,32559113.79,,OVERDUE,Castrol India Ltd,2025-05-25,2.0,2025-06-09,0.0,INR,IMPS,,Lubricants,LOW,0.22,HIGH,0.72,45.0,False,0.0,,,,,,,,,,,,,,,,,,,,,,,,,,,,
2025-04-16,COMP001,SUP013,,INV00112,,,,8725523.77,,PAID,3M India Ltd,2025-04-16,2.0,2025-05-06,0.0,INR,RTGS,2025-06-14,Consumables,LOW,0.28,HIGH,0.68,60.0,False,0.0,,,,,,,,,,,,,,,,,,,,,,,,,,,,
2025-08-12,COMP001,SUP005,,INV00113,,,,3841663.74,,PAID,MRF Ltd,2025-08-12,0.0,,0.0,INR,NEFT,2025-09-26,Tyres,MEDIUM,0.72,MEDIUM,0.35,45.0,True,13.0,,,,,,,,,,,,,,,,,,,,,,,,,,,,
2025-02-05,COMP001,SUP002,,INV00114,,,,7501360.09,,PAID,JSW Steel Ltd,2025-02-05,2.0,2025-02-15,1.0,INR,IMPS,2025-03-10,Raw Materials,CRITICAL,0.88,LOW,0.15,30.0,True,12.0,,,,,,,,,,,,,,,,,,,,,,,,,,,,
2025-07-17,COMP001,SUP008,,INV00115,,,,37173031.88,,PAID,Bharat Forge Ltd,2025-07-17,1.0,2025-08-01,0.0,INR,CHEQUE,2025-08-28,Forged Components,MEDIUM,0.68,MEDIUM,0.42,45.0,False,0.0,,,,,,,,,,,,,,,,,,,,,,,,,,,,
2025-02-09,COMP001,SUP006,,INV00116,,,,23204982.86,,PAID,Apollo Tyres Ltd,2025-02-09,2.0,2025-02-24,1.0,INR,IMPS,2025-03-25,Tyres,MEDIUM,0.65,MEDIUM,0.4,45.0,False,0.0,,,,,,,,,,,,,,,,,,,,,,,,,,,,
2025-04-13,COMP001,SUP011,,INV00117,,,,5538653.83,,PAID,ZF Commercial Vehicle Control,2025-04-13,1.5,2025-05-03,1.0,INR,RTGS,2025-06-12,Brakes,MEDIUM,0.62,MEDIUM,0.44,60.0,True,14.0,,,,,,,,,,,,,,,,,,,,,,,,,,,,
2025-10-11,COMP001,SUP005,,INV00118,,,,26730437.15,,PAID,MRF Ltd,2025-10-11,0.0,,0.0,INR,NEFT,2025-11-25,Tyres,MEDIUM,0.72,MEDIUM,0.35,45.0,True,13.0,,,,,,,,,,,,,,,,,,,,,,,,,,,,
2025-04-04,COMP001,SUP013,,INV00119,,,,14499968.93,,PAID,3M India Ltd,2025-04-04,0.0,,1.5,INR,NEFT,2025-06-01,Consumables,LOW,0.28,HIGH,0.68,60.0,False,0.0,,,,,,,,,,,,,,,,,,,,,,,,,,,,
2025-05-04,COMP001,SUP002,,INV00120,,,,14905740.33,,PAID,JSW Steel Ltd,2025-05-04,1.5,2025-05-14,2.0,INR,NEFT,2025-06-11,Raw Materials,CRITICAL,0.88,LOW,0.15,30.0,True,12.0,,,,,,,,,,,,,,,,,,,,,,,,,,,,
2025-11-08,COMP001,SUP011,,INV00121,,,,28864137.12,,PENDING,ZF Commercial Vehicle Control,2025-11-08,0.0,,2.0,INR,IMPS,,Brakes,MEDIUM,0.62,MEDIUM,0.44,60.0,True,14.0,,,,,,,,,,,,,,,,,,,,,,,,,,,,
2025-10-14,COMP001,SUP003,,INV00122,,,,46919627.67,,OVERDUE,Bosch Ltd,2025-10-14,1.0,2025-10-21,2.0,INR,IMPS,,Engine Components,CRITICAL,0.91,LOW,0.1,15.0,True,10.5,,,,,,,,,,,,,,,,,,,,,,,,,,,,
2025-09-02,COMP001,SUP013,,INV00123,,,,45789837.08,,OVERDUE,3M India Ltd,2025-09-02,2.5,2025-09-22,2.0,INR,NEFT,,Consumables,LOW,0.28,HIGH,0.68,60.0,False,0.0,,,,,,,,,,,,,,,,,,,,,,,,,,,,
2025-11-25,COMP001,SUP002,,INV00124,,,,6966562.25,,PAID,JSW Steel Ltd,2025-11-25,1.5,2025-12-05,0.0,INR,RTGS,2025-12-22,Raw Materials,CRITICAL,0.88,LOW,0.15,30.0,True,12.0,,,,,,,,,,,,,,,,,,,,,,,,,,,,
2025-12-04,COMP001,SUP013,,INV00125,,,,19591891.48,,PENDING,3M India Ltd,2025-12-04,0.0,,1.0,INR,CHEQUE,,Consumables,LOW,0.28,HIGH,0.68,60.0,False,0.0,,,,,,,,,,,,,,,,,,,,,,,,,,,,
2025-11-03,COMP001,SUP006,,INV00126,,,,5978315.31,,PAID,Apollo Tyres Ltd,2025-11-03,1.5,2025-11-18,0.0,INR,IMPS,2025-12-17,Tyres,MEDIUM,0.65,MEDIUM,0.4,45.0,False,0.0,,,,,,,,,,,,,,,,,,,,,,,,,,,,
2025-09-04,COMP001,SUP011,,INV00127,,,,22892784.05,,PAID,ZF Commercial Vehicle Control,2025-09-04,2.5,2025-09-24,1.5,INR,RTGS,2025-11-02,Brakes,MEDIUM,0.62,MEDIUM,0.44,60.0,True,14.0,,,,,,,,,,,,,,,,,,,,,,,,,,,,
2025-12-09,COMP001,SUP004,,INV00128,,,,18857125.8,,PENDING,Denso India Pvt Ltd,2025-12-09,0.0,,2.0,INR,NEFT,,Engine Components,CRITICAL,0.87,LOW,0.18,30.0,True,11.0,,,,,,,,,,,,,,,,,,,,,,,,,,,,
2025-10-21,COMP001,SUP008,,INV00129,,,,10134259.14,,OVERDUE,Bharat Forge Ltd,2025-10-21,0.0,,1.0,INR,CHEQUE,,Forged Components,MEDIUM,0.68,MEDIUM,0.42,45.0,False,0.0,,,,,,,,,,,,,,,,,,,,,,,,,,,,
2025-03-30,COMP001,SUP015,,INV00130,,,,15257690.11,,PAID,Castrol India Ltd,2025-03-30,1.5,2025-04-14,1.0,INR,NEFT,2025-05-12,Lubricants,LOW,0.22,HIGH,0.72,45.0,False,0.0,,,,,,,,,,,,,,,,,,,,,,,,,,,,
2025-07-06,COMP001,SUP001,,INV00131,,,,3812834.0,,PAID,Tata Steel Ltd,2025-07-06,1.0,2025-07-16,0.0,INR,IMPS,2025-08-04,Raw Materials,CRITICAL,0.93,LOW,0.12,30.0,True,11.5,,,,,,,,,,,,,,,,,,,,,,,,,,,,
2025-09-20,COMP001,SUP007,,INV00132,,,,51219082.72,,PAID,Motherson Sumi Systems Ltd,2025-09-20,1.5,2025-09-30,0.0,INR,IMPS,2025-10-20,Electrical,MEDIUM,0.7,MEDIUM,0.38,30.0,True,12.5,,,,,,,,,,,,,,,,,,,,,,,,,,,,
2025-09-20,COMP001,SUP013,,INV00133,,,,8868624.11,,PAID,3M India Ltd,2025-09-20,0.0,,2.0,INR,CHEQUE,2025-11-16,Consumables,LOW,0.28,HIGH,0.68,60.0,False,0.0,,,,,,,,,,,,,,,,,,,,,,,,,,,,
2025-10-27,COMP001,SUP013,,INV00134,,,,53005991.6,,PAID,3M India Ltd,2025-10-27,2.0,2025-11-16,1.5,INR,NEFT,2025-12-23,Consumables,LOW,0.28,HIGH,0.68,60.0,False,0.0,,,,,,,,,,,,,,,,,,,,,,,,,,,,
2025-10-28,COMP001,SUP010,,INV00135,,,,37004053.16,,PAID,Valeo India Pvt Ltd,2025-10-28,0.0,,1.0,INR,IMPS,2025-12-27,Lighting Systems,MEDIUM,0.55,MEDIUM,0.5,60.0,False,0.0,,,,,,,,,,,,,,,,,,,,,,,,,,,,
2025-03-03,COMP001,SUP011,,INV00136,,,,48041129.26,,OVERDUE,ZF Commercial Vehicle Control,2025-03-03,2.0,2025-03-23,0.0,INR,IMPS,,Brakes,MEDIUM,0.62,MEDIUM,0.44,60.0,True,14.0,,,,,,,,,,,,,,,,,,,,,,,,,,,,
2025-04-28,COMP001,SUP004,,INV00137,,,,35274439.15,,PAID,Denso India Pvt Ltd,2025-04-28,2.5,2025-05-08,0.0,INR,IMPS,2025-05-25,Engine Components,CRITICAL,0.87,LOW,0.18,30.0,True,11.0,,,,,,,,,,,,,,,,,,,,,,,,,,,,
2025-05-11,COMP001,SUP014,,INV00138,,,,55115633.89,,PAID,Asian Paints Industrial,2025-05-11,2.0,2025-05-26,0.0,INR,RTGS,2025-06-25,Paints,LOW,0.25,HIGH,0.7,45.0,False,0.0,,,,,,,,,,,,,,,,,,,,,,,,,,,,
2025-07-15,COMP001,SUP002,,INV00139,,,,13495785.96,,PAID,JSW Steel Ltd,2025-07-15,1.0,2025-07-25,2.0,INR,RTGS,2025-08-11,Raw Materials,CRITICAL,0.88,LOW,0.15,30.0,True,12.0,,,,,,,,,,,,,,,,,,,,,,,,,,,,
2025-06-02,COMP001,SUP015,,INV00140,,,,49151681.9,,PAID,Castrol India Ltd,2025-06-02,0.0,,0.0,INR,IMPS,2025-07-22,Lubricants,LOW,0.22,HIGH,0.72,45.0,False,0.0,,,,,,,,,,,,,,,,,,,,,,,,,,,,
2025-09-16,COMP001,SUP004,,INV00141,,,,55932202.74,,PAID,Denso India Pvt Ltd,2025-09-16,0.0,,1.5,INR,RTGS,2025-10-13,Engine Components,CRITICAL,0.87,LOW,0.18,30.0,True,11.0,,,,,,,,,,,,,,,,,,,,,,,,,,,,
2025-10-14,COMP001,SUP004,,INV00142,,,,48233225.56,,OVERDUE,Denso India Pvt Ltd,2025-10-14,0.0,,2.0,INR,CHEQUE,,Engine Components,CRITICAL,0.87,LOW,0.18,30.0,True,11.0,,,,,,,,,,,,,,,,,,,,,,,,,,,,
2025-06-16,COMP001,SUP010,,INV00143,,,,44742748.6,,PAID,Valeo India Pvt Ltd,2025-06-16,1.0,2025-07-06,0.0,INR,RTGS,2025-08-12,Lighting Systems,MEDIUM,0.55,MEDIUM,0.5,60.0,False,0.0,,,,,,,,,,,,,,,,,,,,,,,,,,,,
2025-05-10,COMP001,SUP008,,INV00144,,,,53285675.08,,PAID,Bharat Forge Ltd,2025-05-10,2.0,2025-05-25,1.5,INR,IMPS,2025-06-24,Forged Components,MEDIUM,0.68,MEDIUM,0.42,45.0,False,0.0,,,,,,,,,,,,,,,,,,,,,,,,,,,,
2025-09-09,COMP001,SUP004,,INV00145,,,,32630588.22,,PAID,Denso India Pvt Ltd,2025-09-09,1.5,2025-09-19,0.0,INR,CHEQUE,2025-10-16,Engine Components,CRITICAL,0.87,LOW,0.18,30.0,True,11.0,,,,,,,,,,,,,,,,,,,,,,,,,,,,
2025-01-30,COMP001,SUP009,,INV00146,,,,41445522.24,,PAID,Sundaram-Clayton Ltd,2025-01-30,0.0,,1.5,INR,CHEQUE,2025-03-15,Aluminium Castings,MEDIUM,0.6,MEDIUM,0.45,45.0,True,13.5,,,,,,,,,,,,,,,,,,,,,,,,,,,,
2025-02-08,COMP001,SUP004,,INV00147,,,,17145619.92,,PAID,Denso India Pvt Ltd,2025-02-08,2.0,2025-02-18,1.5,INR,RTGS,2025-03-09,Engine Components,CRITICAL,0.87,LOW,0.18,30.0,True,11.0,,,,,,,,,,,,,,,,,,,,,,,,,,,,
2025-07-16,COMP001,SUP006,,INV00148,,,,40060907.41,,PAID,Apollo Tyres Ltd,2025-07-16,2.0,2025-07-31,1.0,INR,NEFT,2025-08-27,Tyres,MEDIUM,0.65,MEDIUM,0.4,45.0,False,0.0,,,,,,,,,,,,,,,,,,,,,,,,,,,,
2025-04-12,COMP001,SUP001,,INV00149,,,,26530572.71,,OVERDUE,Tata Steel Ltd,2025-04-12,1.0,2025-04-22,0.0,INR,NEFT,,Raw Materials,CRITICAL,0.93,LOW,0.12,30.0,True,11.5,,,,,,,,,,,,,,,,,,,,,,,,,,,,
2025-06-14,COMP001,SUP009,,INV00150,,,,14111910.56,,PAID,Sundaram-Clayton Ltd,2025-06-14,0.0,,0.0,INR,RTGS,2025-07-26,Aluminium Castings,MEDIUM,0.6,MEDIUM,0.45,45.0,True,13.5,,,,,,,,,,,,,,,,,,,,,,,,,,,,
2025-11-16,COMP001,SUP006,,INV00151,,,,47910878.63,,PAID,Apollo Tyres Ltd,2025-11-16,2.5,2025-12-01,0.0,INR,NEFT,2025-12-31,Tyres,MEDIUM,0.65,MEDIUM,0.4,45.0,False,0.0,,,,,,,,,,,,,,,,,,,,,,,,,,,,
2025-06-12,COMP001,SUP009,,INV00152,,,,31552396.9,,OVERDUE,Sundaram-Clayton Ltd,2025-06-12,0.0,,1.5,INR,NEFT,,Aluminium Castings,MEDIUM,0.6,MEDIUM,0.45,45.0,True,13.5,,,,,,,,,,,,,,,,,,,,,,,,,,,,
2025-01-24,COMP001,SUP012,,INV00153,,,,29939231.53,,PAID,Saint-Gobain India,2025-01-24,0.0,,1.0,INR,CHEQUE,2025-03-24,Glass,LOW,0.3,HIGH,0.65,60.0,False,0.0,,,,,,,,,,,,,,,,,,,,,,,,,,,,
2025-05-18,COMP001,SUP011,,INV00154,,,,35588666.42,,PAID,ZF Commercial Vehicle Control,2025-05-18,1.5,2025-06-07,2.0,INR,CHEQUE,2025-07-17,Brakes,MEDIUM,0.62,MEDIUM,0.44,60.0,True,14.0,,,,,,,,,,,,,,,,,,,,,,,,,,,,
2025-09-29,COMP001,SUP008,,INV00155,,,,11754884.54,,PAID,Bharat Forge Ltd,2025-09-29,0.0,,1.5,INR,IMPS,2025-11-13,Forged Components,MEDIUM,0.68,MEDIUM,0.42,45.0,False,0.0,,,,,,,,,,,,,,,,,,,,,,,,,,,,
2025-11-04,COMP001,SUP008,,INV00156,,,,54270624.05,,PAID,Bharat Forge Ltd,2025-11-04,1.5,2025-11-19,0.0,INR,NEFT,2025-12-24,Forged Components,MEDIUM,0.68,MEDIUM,0.42,45.0,False,0.0,,,,,,,,,,,,,,,,,,,,,,,,,,,,
2025-04-28,COMP001,SUP007,,INV00157,,,,49445617.01,,PAID,Motherson Sumi Systems Ltd,2025-04-28,0.0,,0.0,INR,RTGS,2025-05-26,Electrical,MEDIUM,0.7,MEDIUM,0.38,30.0,True,12.5,,,,,,,,,,,,,,,,,,,,,,,,,,,,
2025-08-29,COMP001,SUP006,,INV00158,,,,49071133.15,,PAID,Apollo Tyres Ltd,2025-08-29,1.0,2025-09-13,1.5,INR,IMPS,2025-10-10,Tyres,MEDIUM,0.65,MEDIUM,0.4,45.0,False,0.0,,,,,,,,,,,,,,,,,,,,,,,,,,,,
2025-11-23,COMP001,SUP015,,INV00159,,,,55987607.6,,PENDING,Castrol India Ltd,2025-11-23,2.5,2025-12-08,0.0,INR,IMPS,,Lubricants,LOW,0.22,HIGH,0.72,45.0,False,0.0,,,,,,,,,,,,,,,,,,,,,,,,,,,,
2025-03-07,COMP001,SUP013,,INV00160,,,,21158221.35,,PAID,3M India Ltd,2025-03-07,0.0,,0.0,INR,CHEQUE,2025-05-04,Consumables,LOW,0.28,HIGH,0.68,60.0,False,0.0,,,,,,,,,,,,,,,,,,,,,,,,,,,,
2025-08-11,COMP001,SUP009,,INV00161,,,,47606210.75,,OVERDUE,Sundaram-Clayton Ltd,2025-08-11,2.5,2025-08-26,1.5,INR,IMPS,,Aluminium Castings,MEDIUM,0.6,MEDIUM,0.45,45.0,True,13.5,,,,,,,,,,,,,,,,,,,,,,,,,,,,
2025-02-04,COMP001,SUP013,,INV00162,,,,22664229.38,,PAID,3M India Ltd,2025-02-04,2.0,2025-02-24,0.0,INR,RTGS,2025-05-01,Consumables,LOW,0.28,HIGH,0.68,60.0,False,0.0,,,,,,,,,,,,,,,,,,,,,,,,,,,,
2025-10-07,COMP001,SUP001,,INV00163,,,,23073412.31,,OVERDUE,Tata Steel Ltd,2025-10-07,0.0,,1.0,INR,IMPS,,Raw Materials,CRITICAL,0.93,LOW,0.12,30.0,True,11.5,,,,,,,,,,,,,,,,,,,,,,,,,,,,
2025-02-09,COMP001,SUP003,,INV00164,,,,16952316.97,,PAID,Bosch Ltd,2025-02-09,0.0,,1.0,INR,NEFT,2025-02-21,Engine Components,CRITICAL,0.91,LOW,0.1,15.0,True,10.5,,,,,,,,,,,,,,,,,,,,,,,,,,,,
2025-02-24,COMP001,SUP009,,INV00165,,,,20169572.05,,PAID,Sundaram-Clayton Ltd,2025-02-24,0.0,,1.5,INR,RTGS,2025-04-09,Aluminium Castings,MEDIUM,0.6,MEDIUM,0.45,45.0,True,13.5,,,,,,,,,,,,,,,,,,,,,,,,,,,,
2025-07-04,COMP001,SUP014,,INV00166,,,,42155109.89,,OVERDUE,Asian Paints Industrial,2025-07-04,0.0,,2.0,INR,IMPS,,Paints,LOW,0.25,HIGH,0.7,45.0,False,0.0,,,,,,,,,,,,,,,,,,,,,,,,,,,,
2025-02-06,COMP001,SUP007,,INV00167,,,,15149695.73,,PAID,Motherson Sumi Systems Ltd,2025-02-06,2.5,2025-02-16,2.0,INR,CHEQUE,2025-03-14,Electrical,MEDIUM,0.7,MEDIUM,0.38,30.0,True,12.5,,,,,,,,,,,,,,,,,,,,,,,,,,,,
2025-10-05,COMP001,SUP011,,INV00168,,,,36383609.38,,PAID,ZF Commercial Vehicle Control,2025-10-05,2.5,2025-10-25,1.5,INR,NEFT,2025-12-03,Brakes,MEDIUM,0.62,MEDIUM,0.44,60.0,True,14.0,,,,,,,,,,,,,,,,,,,,,,,,,,,,
2025-01-21,COMP001,SUP010,,INV00169,,,,6838697.27,,PAID,Valeo India Pvt Ltd,2025-01-21,0.0,,1.0,INR,CHEQUE,2025-03-19,Lighting Systems,MEDIUM,0.55,MEDIUM,0.5,60.0,False,0.0,,,,,,,,,,,,,,,,,,,,,,,,,,,,
2025-08-17,COMP001,SUP012,,INV00170,,,,13024326.86,,PAID,Saint-Gobain India,2025-08-17,1.0,2025-09-06,2.0,INR,IMPS,2025-10-13,Glass,LOW,0.3,HIGH,0.65,60.0,False,0.0,,,,,,,,,,,,,,,,,,,,,,,,,,,,
2025-03-04,COMP001,SUP014,,INV00171,,,,3049418.23,,PAID,Asian Paints Industrial,2025-03-04,1.5,2025-03-19,0.0,INR,IMPS,2025-04-17,Paints,LOW,0.25,HIGH,0.7,45.0,False,0.0,,,,,,,,,,,,,,,,,,,,,,,,,,,,
2025-06-05,COMP001,SUP005,,INV00172,,,,44311823.48,,PAID,MRF Ltd,2025-06-05,0.0,,2.0,INR,NEFT,2025-07-18,Tyres,MEDIUM,0.72,MEDIUM,0.35,45.0,True,13.0,,,,,,,,,,,,,,,,,,,,,,,,,,,,
2025-04-10,COMP001,SUP010,,INV00173,,,,13353019.27,,PAID,Valeo India Pvt Ltd,2025-04-10,2.0,2025-04-30,1.5,INR,RTGS,2025-06-09,Lighting Systems,MEDIUM,0.55,MEDIUM,0.5,60.0,False,0.0,,,,,,,,,,,,,,,,,,,,,,,,,,,,
2025-01-02,COMP001,SUP012,,INV00174,,,,21490334.58,,PAID,Saint-Gobain India,2025-01-02,1.0,2025-01-22,1.5,INR,IMPS,2025-03-10,Glass,LOW,0.3,HIGH,0.65,60.0,False,0.0,,,,,,,,,,,,,,,,,,,,,,,,,,,,
2025-04-25,COMP001,SUP009,,INV00175,,,,47351805.86,,OVERDUE,Sundaram-Clayton Ltd,2025-04-25,0.0,,2.0,INR,IMPS,,Aluminium Castings,MEDIUM,0.6,MEDIUM,0.45,45.0,True,13.5,,,,,,,,,,,,,,,,,,,,,,,,,,,,
2025-02-24,COMP001,SUP004,,INV00176,,,,22184789.5,,PAID,Denso India Pvt Ltd,2025-02-24,0.0,,0.0,INR,NEFT,2025-03-26,Engine Components,CRITICAL,0.87,LOW,0.18,30.0,True,11.0,,,,,,,,,,,,,,,,,,,,,,,,,,,,
2025-12-06,COMP001,SUP015,,INV00177,,,,25700391.42,,PENDING,Castrol India Ltd,2025-12-06,0.0,,2.0,INR,NEFT,,Lubricants,LOW,0.22,HIGH,0.72,45.0,False,0.0,,,,,,,,,,,,,,,,,,,,,,,,,,,,
2025-05-08,COMP001,SUP012,,INV00178,,,,22904550.26,,PAID,Saint-Gobain India,2025-05-08,1.5,2025-05-28,1.5,INR,RTGS,2025-07-06,Glass,LOW,0.3,HIGH,0.65,60.0,False,0.0,,,,,,,,,,,,,,,,,,,,,,,,,,,,
2025-06-07,COMP001,SUP008,,INV00179,,,,24828369.78,,PAID,Bharat Forge Ltd,2025-06-07,2.5,2025-06-22,1.0,INR,IMPS,2025-07-21,Forged Components,MEDIUM,0.68,MEDIUM,0.42,45.0,False,0.0,,,,,,,,,,,,,,,,,,,,,,,,,,,,
2025-09-07,COMP001,SUP012,,INV00180,,,,42812191.69,,PAID,Saint-Gobain India,2025-09-07,1.5,2025-09-27,0.0,INR,IMPS,2025-11-03,Glass,LOW,0.3,HIGH,0.65,60.0,False,0.0,,,,,,,,,,,,,,,,,,,,,,,,,,,,
2025-12-06,COMP001,SUP014,,INV00181,,,,57471684.56,,PENDING,Asian Paints Industrial,2025-12-06,1.0,2025-12-21,2.0,INR,IMPS,,Paints,LOW,0.25,HIGH,0.7,45.0,False,0.0,,,,,,,,,,,,,,,,,,,,,,,,,,,,
2025-07-03,COMP001,SUP005,,INV00182,,,,14577587.04,,PAID,MRF Ltd,2025-07-03,0.0,,1.0,INR,NEFT,2025-08-15,Tyres,MEDIUM,0.72,MEDIUM,0.35,45.0,True,13.0,,,,,,,,,,,,,,,,,,,,,,,,,,,,
2025-12-11,COMP001,SUP007,,INV00183,,,,36329327.2,,PENDING,Motherson Sumi Systems Ltd,2025-12-11,2.5,2025-12-21,1.5,INR,NEFT,,Electrical,MEDIUM,0.7,MEDIUM,0.38,30.0,True,12.5,,,,,,,,,,,,,,,,,,,,,,,,,,,,
2025-02-19,COMP001,SUP007,,INV00184,,,,59212941.81,,PAID,Motherson Sumi Systems Ltd,2025-02-19,1.5,2025-03-01,1.5,INR,RTGS,2025-03-18,Electrical,MEDIUM,0.7,MEDIUM,0.38,30.0,True,12.5,,,,,,,,,,,,,,,,,,,,,,,,,,,,
2025-10-06,COMP001,SUP010,,INV00185,,,,42022669.81,,PAID,Valeo India Pvt Ltd,2025-10-06,1.5,2025-10-26,0.0,INR,NEFT,2025-12-03,Lighting Systems,MEDIUM,0.55,MEDIUM,0.5,60.0,False,0.0,,,,,,,,,,,,,,,,,,,,,,,,,,,,
2025-09-25,COMP001,SUP008,,INV00186,,,,16200364.13,,PAID,Bharat Forge Ltd,2025-09-25,0.0,,0.0,INR,IMPS,2025-11-20,Forged Components,MEDIUM,0.68,MEDIUM,0.42,45.0,False,0.0,,,,,,,,,,,,,,,,,,,,,,,,,,,,
2025-07-21,COMP001,SUP010,,INV00187,,,,9834321.03,,OVERDUE,Valeo India Pvt Ltd,2025-07-21,0.0,,1.5,INR,RTGS,,Lighting Systems,MEDIUM,0.55,MEDIUM,0.5,60.0,False,0.0,,,,,,,,,,,,,,,,,,,,,,,,,,,,
2025-10-11,COMP001,SUP004,,INV00188,,,,13955924.63,,PAID,Denso India Pvt Ltd,2025-10-11,2.0,2025-10-21,0.0,INR,RTGS,2025-11-09,Engine Components,CRITICAL,0.87,LOW,0.18,30.0,True,11.0,,,,,,,,,,,,,,,,,,,,,,,,,,,,
2025-06-26,COMP001,SUP012,,INV00189,,,,11560634.11,,PAID,Saint-Gobain India,2025-06-26,0.0,,0.0,INR,IMPS,2025-08-25,Glass,LOW,0.3,HIGH,0.65,60.0,False,0.0,,,,,,,,,,,,,,,,,,,,,,,,,,,,
2025-04-10,COMP001,SUP002,,INV00190,,,,33263380.34,,OVERDUE,JSW Steel Ltd,2025-04-10,2.0,2025-04-20,1.0,INR,CHEQUE,,Raw Materials,CRITICAL,0.88,LOW,0.15,30.0,True,12.0,,,,,,,,,,,,,,,,,,,,,,,,,,,,
2025-11-17,COMP001,SUP015,,INV00191,,,,13790443.32,,PENDING,Castrol India Ltd,2025-11-17,0.0,,1.5,INR,IMPS,,Lubricants,LOW,0.22,HIGH,0.72,45.0,False,0.0,,,,,,,,,,,,,,,,,,,,,,,,,,,,
2025-10-21,COMP001,SUP002,,INV00192,,,,25990384.77,,PAID,JSW Steel Ltd,2025-10-21,0.0,,1.0,INR,NEFT,2025-11-20,Raw Materials,CRITICAL,0.88,LOW,0.15,30.0,True,12.0,,,,,,,,,,,,,,,,,,,,,,,,,,,,
2025-07-01,COMP001,SUP014,,INV00193,,,,10907101.14,,PAID,Asian Paints Industrial,2025-07-01,2.5,2025-07-16,1.5,INR,CHEQUE,2025-08-12,Paints,LOW,0.25,HIGH,0.7,45.0,False,0.0,,,,,,,,,,,,,,,,,,,,,,,,,,,,
2025-09-04,COMP001,SUP003,,INV00194,,,,29941666.32,,PAID,Bosch Ltd,2025-09-04,0.0,,1.5,INR,CHEQUE,2025-09-16,Engine Components,CRITICAL,0.91,LOW,0.1,15.0,True,10.5,,,,,,,,,,,,,,,,,,,,,,,,,,,,
2025-03-02,COMP001,SUP005,,INV00195,,,,51949960.86,,OVERDUE,MRF Ltd,2025-03-02,1.5,2025-03-17,0.0,INR,CHEQUE,,Tyres,MEDIUM,0.72,MEDIUM,0.35,45.0,True,13.0,,,,,,,,,,,,,,,,,,,,,,,,,,,,
2025-03-28,COMP001,SUP005,,INV00196,,,,48519338.88,,PAID,MRF Ltd,2025-03-28,1.0,2025-04-12,2.0,INR,CHEQUE,2025-05-10,Tyres,MEDIUM,0.72,MEDIUM,0.35,45.0,True,13.0,,,,,,,,,,,,,,,,,,,,,,,,,,,,
2025-01-01,COMP001,SUP001,,INV00197,,,,59001510.19,,PAID,Tata Steel Ltd,2025-01-01,1.5,2025-01-11,0.0,INR,NEFT,2025-01-29,Raw Materials,CRITICAL,0.93,LOW,0.12,30.0,True,11.5,,,,,,,,,,,,,,,,,,,,,,,,,,,,
2025-06-17,COMP001,SUP010,,INV00198,,,,40515769.14,,PAID,Valeo India Pvt Ltd,2025-06-17,0.0,,2.0,INR,RTGS,2025-08-16,Lighting Systems,MEDIUM,0.55,MEDIUM,0.5,60.0,False,0.0,,,,,,,,,,,,,,,,,,,,,,,,,,,,
2025-08-20,COMP001,SUP007,,INV00199,,,,15137166.71,,PAID,Motherson Sumi Systems Ltd,2025-08-20,0.0,,0.0,INR,CHEQUE,2025-09-17,Electrical,MEDIUM,0.7,MEDIUM,0.38,30.0,True,12.5,,,,,,,,,,,,,,,,,,,,,,,,,,,,
2025-02-08,COMP001,SUP001,,INV00200,,,,5772139.02,,PAID,Tata Steel Ltd,2025-02-08,0.0,,0.0,INR,CHEQUE,2025-03-08,Raw Materials,CRITICAL,0.93,LOW,0.12,30.0,True,11.5,,,,,,,,,,,,,,,,,,,,,,,,,,,,
2025-12-21,COMP001,SUP004,,INV00201,,,,54272235.08,,PENDING,Denso India Pvt Ltd,2025-12-21,2.0,2025-12-31,1.0,INR,IMPS,,Engine Components,CRITICAL,0.87,LOW,0.18,30.0,True,11.0,,,,,,,,,,,,,,,,,,,,,,,,,,,,
2025-09-22,COMP001,SUP002,,INV00202,,,,17565061.22,,OVERDUE,JSW Steel Ltd,2025-09-22,0.0,,0.0,INR,IMPS,,Raw Materials,CRITICAL,0.88,LOW,0.15,30.0,True,12.0,,,,,,,,,,,,,,,,,,,,,,,,,,,,
2025-07-03,COMP001,SUP003,,INV00203,,,,39267007.7,,PAID,Bosch Ltd,2025-07-03,2.0,2025-07-10,0.0,INR,CHEQUE,2025-07-17,Engine Components,CRITICAL,0.91,LOW,0.1,15.0,True,10.5,,,,,,,,,,,,,,,,,,,,,,,,,,,,
2025-02-19,COMP001,SUP008,,INV00204,,,,9366595.43,,PAID,Bharat Forge Ltd,2025-02-19,1.0,2025-03-06,1.0,INR,RTGS,2025-04-20,Forged Components,MEDIUM,0.68,MEDIUM,0.42,45.0,False,0.0,,,,,,,,,,,,,,,,,,,,,,,,,,,,
2025-04-08,COMP001,SUP007,,INV00205,,,,59118384.12,,PAID,Motherson Sumi Systems Ltd,2025-04-08,0.0,,1.0,INR,NEFT,2025-05-07,Electrical,MEDIUM,0.7,MEDIUM,0.38,30.0,True,12.5,,,,,,,,,,,,,,,,,,,,,,,,,,,,
2025-07-19,COMP001,SUP010,,INV00206,,,,47544705.26,,PAID,Valeo India Pvt Ltd,2025-07-19,0.0,,2.0,INR,NEFT,2025-10-07,Lighting Systems,MEDIUM,0.55,MEDIUM,0.5,60.0,False,0.0,,,,,,,,,,,,,,,,,,,,,,,,,,,,
2025-11-22,COMP001,SUP006,,INV00207,,,,37039778.02,,PENDING,Apollo Tyres Ltd,2025-11-22,0.0,,0.0,INR,RTGS,,Tyres,MEDIUM,0.65,MEDIUM,0.4,45.0,False,0.0,,,,,,,,,,,,,,,,,,,,,,,,,,,,
2025-03-30,COMP001,SUP005,,INV00208,,,,46623089.99,,PAID,MRF Ltd,2025-03-30,0.0,,0.0,INR,RTGS,2025-05-27,Tyres,MEDIUM,0.72,MEDIUM,0.35,45.0,True,13.0,,,,,,,,,,,,,,,,,,,,,,,,,,,,
2025-05-21,COMP001,SUP012,,INV00209,,,,56994102.49,,OVERDUE,Saint-Gobain India,2025-05-21,2.0,2025-06-10,2.0,INR,RTGS,,Glass,LOW,0.3,HIGH,0.65,60.0,False,0.0,,,,,,,,,,,,,,,,,,,,,,,,,,,,
2025-09-16,COMP001,SUP008,,INV00210,,,,56710986.15,,PAID,Bharat Forge Ltd,2025-09-16,0.0,,2.0,INR,RTGS,2025-10-29,Forged Components,MEDIUM,0.68,MEDIUM,0.42,45.0,False,0.0,,,,,,,,,,,,,,,,,,,,,,,,,,,,
2025-07-21,COMP001,SUP001,,INV00211,,,,34837993.69,,PAID,Tata Steel Ltd,2025-07-21,0.0,,2.0,INR,CHEQUE,2025-08-19,Raw Materials,CRITICAL,0.93,LOW,0.12,30.0,True,11.5,,,,,,,,,,,,,,,,,,,,,,,,,,,,
2025-03-10,COMP001,SUP002,,INV00212,,,,19707219.96,,PAID,JSW Steel Ltd,2025-03-10,1.5,2025-03-20,1.5,INR,NEFT,2025-04-06,Raw Materials,CRITICAL,0.88,LOW,0.15,30.0,True,12.0,,,,,,,,,,,,,,,,,,,,,,,,,,,,
2025-01-03,COMP001,SUP014,,INV00213,,,,9214229.01,,PAID,Asian Paints Industrial,2025-01-03,0.0,,0.0,INR,CHEQUE,2025-02-14,Paints,LOW,0.25,HIGH,0.7,45.0,False,0.0,,,,,,,,,,,,,,,,,,,,,,,,,,,,
2025-09-17,COMP001,SUP015,,INV00214,,,,54662962.52,,PAID,Castrol India Ltd,2025-09-17,1.0,2025-10-02,0.0,INR,IMPS,2025-11-01,Lubricants,LOW,0.22,HIGH,0.72,45.0,False,0.0,,,,,,,,,,,,,,,,,,,,,,,,,,,,
2025-12-01,COMP001,SUP002,,INV00215,,,,13399327.05,,PAID,JSW Steel Ltd,2025-12-01,1.5,2025-12-11,1.0,INR,NEFT,2025-12-30,Raw Materials,CRITICAL,0.88,LOW,0.15,30.0,True,12.0,,,,,,,,,,,,,,,,,,,,,,,,,,,,
2025-07-28,COMP001,SUP005,,INV00216,,,,13818086.85,,PAID,MRF Ltd,2025-07-28,0.0,,0.0,INR,RTGS,2025-09-10,Tyres,MEDIUM,0.72,MEDIUM,0.35,45.0,True,13.0,,,,,,,,,,,,,,,,,,,,,,,,,,,,
2025-06-27,COMP001,SUP008,,INV00217,,,,16894007.97,,PAID,Bharat Forge Ltd,2025-06-27,1.0,2025-07-12,1.0,INR,CHEQUE,2025-08-19,Forged Components,MEDIUM,0.68,MEDIUM,0.42,45.0,False,0.0,,,,,,,,,,,,,,,,,,,,,,,,,,,,
2025-03-19,COMP001,SUP012,,INV00218,,,,54827715.33,,PAID,Saint-Gobain India,2025-03-19,2.5,2025-04-08,0.0,INR,NEFT,2025-06-03,Glass,LOW,0.3,HIGH,0.65,60.0,False,0.0,,,,,,,,,,,,,,,,,,,,,,,,,,,,
2025-05-11,COMP001,SUP011,,INV00219,,,,8522364.74,,PAID,ZF Commercial Vehicle Control,2025-05-11,0.0,,1.0,INR,NEFT,2025-07-09,Brakes,MEDIUM,0.62,MEDIUM,0.44,60.0,True,14.0,,,,,,,,,,,,,,,,,,,,,,,,,,,,
2025-05-07,COMP001,SUP007,,INV00220,,,,45235935.9,,PAID,Motherson Sumi Systems Ltd,2025-05-07,0.0,,1.5,INR,RTGS,2025-06-05,Electrical,MEDIUM,0.7,MEDIUM,0.38,30.0,True,12.5,,,,,,,,,,,,,,,,,,,,,,,,,,,,
2025-04-28,COMP001,SUP002,,INV00221,,,,43697613.1,,PAID,JSW Steel Ltd,2025-04-28,1.5,2025-05-08,1.5,INR,NEFT,2025-06-01,Raw Materials,CRITICAL,0.88,LOW,0.15,30.0,True,12.0,,,,,,,,,,,,,,,,,,,,,,,,,,,,
2025-07-10,COMP001,SUP010,,INV00222,,,,23310648.38,,PAID,Valeo India Pvt Ltd,2025-07-10,0.0,,0.0,INR,RTGS,2025-09-08,Lighting Systems,MEDIUM,0.55,MEDIUM,0.5,60.0,False,0.0,,,,,,,,,,,,,,,,,,,,,,,,,,,,
2025-08-17,COMP001,SUP012,,INV00223,,,,28474262.63,,PAID,Saint-Gobain India,2025-08-17,0.0,,1.5,INR,RTGS,2025-10-13,Glass,LOW,0.3,HIGH,0.65,60.0,False,0.0,,,,,,,,,,,,,,,,,,,,,,,,,,,,
2025-05-21,COMP001,SUP002,,INV00224,,,,50997373.5,,PAID,JSW Steel Ltd,2025-05-21,0.0,,0.0,INR,NEFT,2025-06-19,Raw Materials,CRITICAL,0.88,LOW,0.15,30.0,True,12.0,,,,,,,,,,,,,,,,,,,,,,,,,,,,
2025-06-13,COMP001,SUP006,,INV00225,,,,37882349.86,,PAID,Apollo Tyres Ltd,2025-06-13,2.5,2025-06-28,1.0,INR,NEFT,2025-07-27,Tyres,MEDIUM,0.65,MEDIUM,0.4,45.0,False,0.0,,,,,,,,,,,,,,,,,,,,,,,,,,,,
2025-05-05,COMP001,SUP009,,INV00226,,,,16672552.88,,PAID,Sundaram-Clayton Ltd,2025-05-05,0.0,,1.0,INR,CHEQUE,2025-06-16,Aluminium Castings,MEDIUM,0.6,MEDIUM,0.45,45.0,True,13.5,,,,,,,,,,,,,,,,,,,,,,,,,,,,
2025-08-05,COMP001,SUP003,,INV00227,,,,40252700.65,,PAID,Bosch Ltd,2025-08-05,1.0,2025-08-12,2.0,INR,RTGS,2025-08-18,Engine Components,CRITICAL,0.91,LOW,0.1,15.0,True,10.5,,,,,,,,,,,,,,,,,,,,,,,,,,,,
2025-02-07,COMP001,SUP013,,INV00228,,,,6046468.77,,PAID,3M India Ltd,2025-02-07,0.0,,0.0,INR,CHEQUE,2025-05-06,Consumables,LOW,0.28,HIGH,0.68,60.0,False,0.0,,,,,,,,,,,,,,,,,,,,,,,,,,,,
2025-10-22,COMP001,SUP012,,INV00229,,,,49401958.53,,PAID,Saint-Gobain India,2025-10-22,1.5,2025-11-11,1.0,INR,NEFT,2025-12-18,Glass,LOW,0.3,HIGH,0.65,60.0,False,0.0,,,,,,,,,,,,,,,,,,,,,,,,,,,,
2025-07-18,COMP001,SUP014,,INV00230,,,,4433867.0,,PAID,Asian Paints Industrial,2025-07-18,2.5,2025-08-02,1.0,INR,NEFT,2025-09-16,Paints,LOW,0.25,HIGH,0.7,45.0,False,0.0,,,,,,,,,,,,,,,,,,,,,,,,,,,,
2025-05-16,COMP001,SUP004,,INV00231,,,,26981555.06,,OVERDUE,Denso India Pvt Ltd,2025-05-16,0.0,,0.0,INR,IMPS,,Engine Components,CRITICAL,0.87,LOW,0.18,30.0,True,11.0,,,,,,,,,,,,,,,,,,,,,,,,,,,,
2025-07-24,COMP001,SUP010,,INV00232,,,,25309766.19,,PAID,Valeo India Pvt Ltd,2025-07-24,2.5,2025-08-13,0.0,INR,CHEQUE,2025-09-22,Lighting Systems,MEDIUM,0.55,MEDIUM,0.5,60.0,False,0.0,,,,,,,,,,,,,,,,,,,,,,,,,,,,
2025-08-11,COMP001,SUP006,,INV00233,,,,42169554.55,,PAID,Apollo Tyres Ltd,2025-08-11,1.0,2025-08-26,0.0,INR,IMPS,2025-09-24,Tyres,MEDIUM,0.65,MEDIUM,0.4,45.0,False,0.0,,,,,,,,,,,,,,,,,,,,,,,,,,,,
2025-01-19,COMP001,SUP012,,INV00234,,,,11463836.4,,PAID,Saint-Gobain India,2025-01-19,2.0,2025-02-08,2.0,INR,IMPS,2025-04-16,Glass,LOW,0.3,HIGH,0.65,60.0,False,0.0,,,,,,,,,,,,,,,,,,,,,,,,,,,,
2025-07-26,COMP001,SUP004,,INV00235,,,,9293077.16,,PAID,Denso India Pvt Ltd,2025-07-26,0.0,,0.0,INR,IMPS,2025-08-25,Engine Components,CRITICAL,0.87,LOW,0.18,30.0,True,11.0,,,,,,,,,,,,,,,,,,,,,,,,,,,,
2025-05-15,COMP001,SUP014,,INV00236,,,,53973092.95,,PAID,Asian Paints Industrial,2025-05-15,2.5,2025-05-30,1.0,INR,IMPS,2025-06-26,Paints,LOW,0.25,HIGH,0.7,45.0,False,0.0,,,,,,,,,,,,,,,,,,,,,,,,,,,,
2025-11-09,COMP001,SUP010,,INV00237,,,,50964609.72,,PENDING,Valeo India Pvt Ltd,2025-11-09,0.0,,0.0,INR,CHEQUE,,Lighting Systems,MEDIUM,0.55,MEDIUM,0.5,60.0,False,0.0,,,,,,,,,,,,,,,,,,,,,,,,,,,,
2025-03-09,COMP001,SUP014,,INV00238,,,,42840483.27,,PAID,Asian Paints Industrial,2025-03-09,2.0,2025-03-24,0.0,INR,IMPS,2025-04-23,Paints,LOW,0.25,HIGH,0.7,45.0,False,0.0,,,,,,,,,,,,,,,,,,,,,,,,,,,,
2025-01-28,COMP001,SUP004,,INV00239,,,,30414319.76,,PAID,Denso India Pvt Ltd,2025-01-28,1.5,2025-02-07,0.0,INR,IMPS,2025-02-27,Engine Components,CRITICAL,0.87,LOW,0.18,30.0,True,11.0,,,,,,,,,,,,,,,,,,,,,,,,,,,,
2025-02-19,COMP001,SUP001,,INV00240,,,,53224606.9,,OVERDUE,Tata Steel Ltd,2025-02-19,0.0,,2.0,INR,RTGS,,Raw Materials,CRITICAL,0.93,LOW,0.12,30.0,True,11.5,,,,,,,,,,,,,,,,,,,,,,,,,,,,
2025-04-22,COMP001,SUP014,,INV00241,,,,19861367.29,,PAID,Asian Paints Industrial,2025-04-22,0.0,,2.0,INR,NEFT,2025-06-06,Paints,LOW,0.25,HIGH,0.7,45.0,False,0.0,,,,,,,,,,,,,,,,,,,,,,,,,,,,
2025-09-14,COMP001,SUP004,,INV00242,,,,47549832.46,,PAID,Denso India Pvt Ltd,2025-09-14,2.5,2025-09-24,2.0,INR,RTGS,2025-10-14,Engine Components,CRITICAL,0.87,LOW,0.18,30.0,True,11.0,,,,,,,,,,,,,,,,,,,,,,,,,,,,
2025-05-06,COMP001,SUP011,,INV00243,,,,8298993.25,,PAID,ZF Commercial Vehicle Control,2025-05-06,0.0,,2.0,INR,NEFT,2025-07-02,Brakes,MEDIUM,0.62,MEDIUM,0.44,60.0,True,14.0,,,,,,,,,,,,,,,,,,,,,,,,,,,,
2025-09-03,COMP001,SUP001,,INV00244,,,,7786933.68,,PAID,Tata Steel Ltd,2025-09-03,0.0,,0.0,INR,CHEQUE,2025-09-30,Raw Materials,CRITICAL,0.93,LOW,0.12,30.0,True,11.5,,,,,,,,,,,,,,,,,,,,,,,,,,,,
2025-12-12,COMP001,SUP004,,INV00245,,,,15589091.11,,PENDING,Denso India Pvt Ltd,2025-12-12,0.0,,0.0,INR,RTGS,,Engine Components,CRITICAL,0.87,LOW,0.18,30.0,True,11.0,,,,,,,,,,,,,,,,,,,,,,,,,,,,
2025-06-01,COMP001,SUP001,,INV00246,,,,32664679.04,,PAID,Tata Steel Ltd,2025-06-01,0.0,,1.5,INR,CHEQUE,2025-07-01,Raw Materials,CRITICAL,0.93,LOW,0.12,30.0,True,11.5,,,,,,,,,,,,,,,,,,,,,,,,,,,,
2025-11-25,COMP001,SUP011,,INV00247,,,,9870581.94,,PENDING,ZF Commercial Vehicle Control,2025-11-25,2.5,2025-12-15,1.0,INR,RTGS,,Brakes,MEDIUM,0.62,MEDIUM,0.44,60.0,True,14.0,,,,,,,,,,,,,,,,,,,,,,,,,,,,
2025-04-11,COMP001,SUP013,,INV00248,,,,22681849.41,,PAID,3M India Ltd,2025-04-11,1.0,2025-05-01,0.0,INR,NEFT,2025-06-08,Consumables,LOW,0.28,HIGH,0.68,60.0,False,0.0,,,,,,,,,,,,,,,,,,,,,,,,,,,,
2025-06-21,COMP001,SUP002,,INV00249,,,,50046670.84,,PAID,JSW Steel Ltd,2025-06-21,0.0,,2.0,INR,IMPS,2025-07-27,Raw Materials,CRITICAL,0.88,LOW,0.15,30.0,True,12.0,,,,,,,,,,,,,,,,,,,,,,,,,,,,
2025-06-03,COMP001,SUP013,,INV00250,,,,40334192.99,,PAID,3M India Ltd,2025-06-03,1.5,2025-06-23,0.0,INR,RTGS,2025-08-01,Consumables,LOW,0.28,HIGH,0.68,60.0,False,0.0,,,,,,,,,,,,,,,,,,,,,,,,,,,,
2025-12-13,COMP001,SUP010,,INV00251,,,,41511217.38,,PENDING,Valeo India Pvt Ltd,2025-12-13,0.0,,2.0,INR,NEFT,,Lighting Systems,MEDIUM,0.55,MEDIUM,0.5,60.0,False,0.0,,,,,,,,,,,,,,,,,,,,,,,,,,,,
2025-09-01,COMP001,SUP007,,INV00252,,,,19445433.02,,PAID,Motherson Sumi Systems Ltd,2025-09-01,2.5,2025-09-11,1.0,INR,IMPS,2025-09-29,Electrical,MEDIUM,0.7,MEDIUM,0.38,30.0,True,12.5,,,,,,,,,,,,,,,,,,,,,,,,,,,,
2025-08-13,COMP001,SUP007,,INV00253,,,,34156559.37,,OVERDUE,Motherson Sumi Systems Ltd,2025-08-13,2.0,2025-08-23,1.0,INR,RTGS,,Electrical,MEDIUM,0.7,MEDIUM,0.38,30.0,True,12.5,,,,,,,,,,,,,,,,,,,,,,,,,,,,
2025-05-10,COMP001,SUP004,,INV00254,,,,48749989.24,,PAID,Denso India Pvt Ltd,2025-05-10,2.0,2025-05-20,1.5,INR,NEFT,2025-06-06,Engine Components,CRITICAL,0.87,LOW,0.18,30.0,True,11.0,,,,,,,,,,,,,,,,,,,,,,,,,,,,
2025-08-14,COMP001,SUP014,,INV00255,,,,3492159.19,,PAID,Asian Paints Industrial,2025-08-14,0.0,,1.5,INR,RTGS,2025-09-27,Paints,LOW,0.25,HIGH,0.7,45.0,False,0.0,,,,,,,,,,,,,,,,,,,,,,,,,,,,
2025-09-06,COMP001,SUP011,,INV00256,,,,32083224.03,,OVERDUE,ZF Commercial Vehicle Control,2025-09-06,0.0,,1.0,INR,CHEQUE,,Brakes,MEDIUM,0.62,MEDIUM,0.44,60.0,True,14.0,,,,,,,,,,,,,,,,,,,,,,,,,,,,
2025-05-12,COMP001,SUP015,,INV00257,,,,52301825.59,,PAID,Castrol India Ltd,2025-05-12,2.0,2025-05-27,1.0,INR,RTGS,2025-06-25,Lubricants,LOW,0.22,HIGH,0.72,45.0,False,0.0,,,,,,,,,,,,,,,,,,,,,,,,,,,,
2025-10-02,COMP001,SUP014,,INV00258,,,,24636891.68,,PAID,Asian Paints Industrial,2025-10-02,1.0,2025-10-17,2.0,INR,RTGS,2025-11-16,Paints,LOW,0.25,HIGH,0.7,45.0,False,0.0,,,,,,,,,,,,,,,,,,,,,,,,,,,,
2025-03-30,COMP001,SUP013,,INV00259,,,,34761151.86,,PAID,3M India Ltd,2025-03-30,0.0,,0.0,INR,NEFT,2025-05-26,Consumables,LOW,0.28,HIGH,0.68,60.0,False,0.0,,,,,,,,,,,,,,,,,,,,,,,,,,,,
2025-10-10,COMP001,SUP011,,INV00260,,,,43407158.61,,PAID,ZF Commercial Vehicle Control,2025-10-10,1.5,2025-10-30,2.0,INR,CHEQUE,2025-12-08,Brakes,MEDIUM,0.62,MEDIUM,0.44,60.0,True,14.0,,,,,,,,,,,,,,,,,,,,,,,,,,,,
2025-02-05,COMP001,SUP005,,INV00261,,,,36790467.8,,OVERDUE,MRF Ltd,2025-02-05,2.5,2025-02-20,0.0,INR,IMPS,,Tyres,MEDIUM,0.72,MEDIUM,0.35,45.0,True,13.0,,,,,,,,,,,,,,,,,,,,,,,,,,,,
2025-06-28,COMP001,SUP015,,INV00262,,,,16565231.22,,PAID,Castrol India Ltd,2025-06-28,2.0,2025-07-13,0.0,INR,RTGS,2025-08-10,Lubricants,LOW,0.22,HIGH,0.72,45.0,False,0.0,,,,,,,,,,,,,,,,,,,,,,,,,,,,
2025-08-15,COMP001,SUP006,,INV00263,,,,57567663.92,,PAID,Apollo Tyres Ltd,2025-08-15,1.5,2025-08-30,0.0,INR,NEFT,2025-09-26,Tyres,MEDIUM,0.65,MEDIUM,0.4,45.0,False,0.0,,,,,,,,,,,,,,,,,,,,,,,,,,,,
2025-05-27,COMP001,SUP006,,INV00264,,,,10608770.95,,PAID,Apollo Tyres Ltd,2025-05-27,1.0,2025-06-11,1.0,INR,RTGS,2025-07-09,Tyres,MEDIUM,0.65,MEDIUM,0.4,45.0,False,0.0,,,,,,,,,,,,,,,,,,,,,,,,,,,,
2025-01-10,COMP001,SUP004,,INV00265,,,,19807644.24,,PAID,Denso India Pvt Ltd,2025-01-10,1.5,2025-01-20,1.5,INR,IMPS,2025-02-09,Engine Components,CRITICAL,0.87,LOW,0.18,30.0,True,11.0,,,,,,,,,,,,,,,,,,,,,,,,,,,,
2025-04-04,COMP001,SUP008,,INV00266,,,,34697110.81,,PAID,Bharat Forge Ltd,2025-04-04,0.0,,1.5,INR,CHEQUE,2025-05-25,Forged Components,MEDIUM,0.68,MEDIUM,0.42,45.0,False,0.0,,,,,,,,,,,,,,,,,,,,,,,,,,,,
2025-02-14,COMP001,SUP011,,INV00267,,,,31188745.12,,PAID,ZF Commercial Vehicle Control,2025-02-14,0.0,,1.5,INR,IMPS,2025-04-13,Brakes,MEDIUM,0.62,MEDIUM,0.44,60.0,True,14.0,,,,,,,,,,,,,,,,,,,,,,,,,,,,
2025-09-23,COMP001,SUP012,,INV00268,,,,33327953.58,,PAID,Saint-Gobain India,2025-09-23,2.5,2025-10-13,2.0,INR,CHEQUE,2025-11-19,Glass,LOW,0.3,HIGH,0.65,60.0,False,0.0,,,,,,,,,,,,,,,,,,,,,,,,,,,,
2025-02-22,COMP001,SUP004,,INV00269,,,,11321119.71,,PAID,Denso India Pvt Ltd,2025-02-22,2.5,2025-03-04,2.0,INR,NEFT,2025-03-23,Engine Components,CRITICAL,0.87,LOW,0.18,30.0,True,11.0,,,,,,,,,,,,,,,,,,,,,,,,,,,,
2025-06-02,COMP001,SUP006,,INV00270,,,,51891805.96,,PAID,Apollo Tyres Ltd,2025-06-02,1.0,2025-06-17,0.0,INR,IMPS,2025-07-14,Tyres,MEDIUM,0.65,MEDIUM,0.4,45.0,False,0.0,,,,,,,,,,,,,,,,,,,,,,,,,,,,
2025-06-13,COMP001,SUP008,,INV00271,,,,5020058.62,,PAID,Bharat Forge Ltd,2025-06-13,0.0,,0.0,INR,NEFT,2025-07-28,Forged Components,MEDIUM,0.68,MEDIUM,0.42,45.0,False,0.0,,,,,,,,,,,,,,,,,,,,,,,,,,,,
2025-11-18,COMP001,SUP015,,INV00272,,,,41326881.29,,PENDING,Castrol India Ltd,2025-11-18,0.0,,1.5,INR,NEFT,,Lubricants,LOW,0.22,HIGH,0.72,45.0,False,0.0,,,,,,,,,,,,,,,,,,,,,,,,,,,,
2025-07-28,COMP001,SUP008,,INV00273,,,,42218532.81,,PAID,Bharat Forge Ltd,2025-07-28,1.5,2025-08-12,1.0,INR,NEFT,2025-09-08,Forged Components,MEDIUM,0.68,MEDIUM,0.42,45.0,False,0.0,,,,,,,,,,,,,,,,,,,,,,,,,,,,
2025-03-14,COMP001,SUP002,,INV00274,,,,11949768.6,,PAID,JSW Steel Ltd,2025-03-14,1.5,2025-03-24,2.0,INR,RTGS,2025-04-11,Raw Materials,CRITICAL,0.88,LOW,0.15,30.0,True,12.0,,,,,,,,,,,,,,,,,,,,,,,,,,,,
2025-11-14,COMP001,SUP012,,INV00275,,,,21627336.08,,PENDING,Saint-Gobain India,2025-11-14,1.0,2025-12-04,2.0,INR,IMPS,,Glass,LOW,0.3,HIGH,0.65,60.0,False,0.0,,,,,,,,,,,,,,,,,,,,,,,,,,,,
2025-12-01,COMP001,SUP003,,INV00276,,,,31358712.88,,OVERDUE,Bosch Ltd,2025-12-01,0.0,,2.0,INR,RTGS,,Engine Components,CRITICAL,0.91,LOW,0.1,15.0,True,10.5,,,,,,,,,,,,,,,,,,,,,,,,,,,,
2025-10-18,COMP001,SUP005,,INV00277,,,,27717060.92,,PAID,MRF Ltd,2025-10-18,0.0,,1.5,INR,NEFT,2025-12-10,Tyres,MEDIUM,0.72,MEDIUM,0.35,45.0,True,13.0,,,,,,,,,,,,,,,,,,,,,,,,,,,,
2025-05-31,COMP001,SUP008,,INV00278,,,,44640959.01,,PAID,Bharat Forge Ltd,2025-05-31,1.5,2025-06-15,1.0,INR,RTGS,2025-07-12,Forged Components,MEDIUM,0.68,MEDIUM,0.42,45.0,False,0.0,,,,,,,,,,,,,,,,,,,,,,,,,,,,
2025-09-10,COMP001,SUP001,,INV00279,,,,42435799.12,,PAID,Tata Steel Ltd,2025-09-10,2.5,2025-09-20,0.0,INR,RTGS,2025-10-10,Raw Materials,CRITICAL,0.93,LOW,0.12,30.0,True,11.5,,,,,,,,,,,,,,,,,,,,,,,,,,,,
2025-01-12,COMP001,SUP014,,INV00280,,,,50181804.25,,OVERDUE,Asian Paints Industrial,2025-01-12,1.0,2025-01-27,0.0,INR,CHEQUE,,Paints,LOW,0.25,HIGH,0.7,45.0,False,0.0,,,,,,,,,,,,,,,,,,,,,,,,,,,,
2025-11-30,COMP001,SUP008,,INV00281,,,,58979710.36,,PENDING,Bharat Forge Ltd,2025-11-30,0.0,,0.0,INR,NEFT,,Forged Components,MEDIUM,0.68,MEDIUM,0.42,45.0,False,0.0,,,,,,,,,,,,,,,,,,,,,,,,,,,,
2025-11-11,COMP001,SUP010,,INV00282,,,,33767112.64,,PENDING,Valeo India Pvt Ltd,2025-11-11,0.0,,1.5,INR,IMPS,,Lighting Systems,MEDIUM,0.55,MEDIUM,0.5,60.0,False,0.0,,,,,,,,,,,,,,,,,,,,,,,,,,,,
2025-07-19,COMP001,SUP006,,INV00283,,,,34248309.57,,PAID,Apollo Tyres Ltd,2025-07-19,2.0,2025-08-03,2.0,INR,CHEQUE,2025-09-02,Tyres,MEDIUM,0.65,MEDIUM,0.4,45.0,False,0.0,,,,,,,,,,,,,,,,,,,,,,,,,,,,
2025-01-27,COMP001,SUP001,,INV00284,,,,54311340.47,,PAID,Tata Steel Ltd,2025-01-27,0.0,,1.5,INR,NEFT,2025-03-09,Raw Materials,CRITICAL,0.93,LOW,0.12,30.0,True,11.5,,,,,,,,,,,,,,,,,,,,,,,,,,,,
2025-10-06,COMP001,SUP010,,INV00285,,,,37230373.05,,OVERDUE,Valeo India Pvt Ltd,2025-10-06,0.0,,0.0,INR,NEFT,,Lighting Systems,MEDIUM,0.55,MEDIUM,0.5,60.0,False,0.0,,,,,,,,,,,,,,,,,,,,,,,,,,,,
2025-08-03,COMP001,SUP004,,INV00286,,,,33305581.83,,OVERDUE,Denso India Pvt Ltd,2025-08-03,1.5,2025-08-13,2.0,INR,IMPS,,Engine Components,CRITICAL,0.87,LOW,0.18,30.0,True,11.0,,,,,,,,,,,,,,,,,,,,,,,,,,,,
2025-09-01,COMP001,SUP006,,INV00287,,,,9643910.39,,PAID,Apollo Tyres Ltd,2025-09-01,2.0,2025-09-16,0.0,INR,NEFT,2025-10-16,Tyres,MEDIUM,0.65,MEDIUM,0.4,45.0,False,0.0,,,,,,,,,,,,,,,,,,,,,,,,,,,,
2025-07-07,COMP001,SUP014,,INV00288,,,,7283263.57,,PAID,Asian Paints Industrial,2025-07-07,1.5,2025-07-22,2.0,INR,CHEQUE,2025-08-19,Paints,LOW,0.25,HIGH,0.7,45.0,False,0.0,,,,,,,,,,,,,,,,,,,,,,,,,,,,
2025-09-28,COMP001,SUP006,,INV00289,,,,41000565.79,,OVERDUE,Apollo Tyres Ltd,2025-09-28,0.0,,1.5,INR,NEFT,,Tyres,MEDIUM,0.65,MEDIUM,0.4,45.0,False,0.0,,,,,,,,,,,,,,,,,,,,,,,,,,,,
2025-04-06,COMP001,SUP005,,INV00290,,,,59346350.75,,OVERDUE,MRF Ltd,2025-04-06,2.0,2025-04-21,0.0,INR,RTGS,,Tyres,MEDIUM,0.72,MEDIUM,0.35,45.0,True,13.0,,,,,,,,,,,,,,,,,,,,,,,,,,,,
2025-07-30,COMP001,SUP001,,INV00291,,,,6157066.36,,PAID,Tata Steel Ltd,2025-07-30,1.5,2025-08-09,0.0,INR,IMPS,2025-08-29,Raw Materials,CRITICAL,0.93,LOW,0.12,30.0,True,11.5,,,,,,,,,,,,,,,,,,,,,,,,,,,,
2025-04-30,COMP001,SUP011,,INV00292,,,,40264157.71,,PAID,ZF Commercial Vehicle Control,2025-04-30,2.5,2025-05-20,0.0,INR,NEFT,2025-07-12,Brakes,MEDIUM,0.62,MEDIUM,0.44,60.0,True,14.0,,,,,,,,,,,,,,,,,,,,,,,,,,,,
2025-07-03,COMP001,SUP010,,INV00293,,,,13687929.93,,PAID,Valeo India Pvt Ltd,2025-07-03,2.5,2025-07-23,0.0,INR,NEFT,2025-08-30,Lighting Systems,MEDIUM,0.55,MEDIUM,0.5,60.0,False,0.0,,,,,,,,,,,,,,,,,,,,,,,,,,,,
2025-07-05,COMP001,SUP011,,INV00294,,,,52051069.66,,PAID,ZF Commercial Vehicle Control,2025-07-05,2.5,2025-07-25,1.0,INR,RTGS,2025-09-17,Brakes,MEDIUM,0.62,MEDIUM,0.44,60.0,True,14.0,,,,,,,,,,,,,,,,,,,,,,,,,,,,
2025-10-16,COMP001,SUP003,,INV00295,,,,38564840.99,,PAID,Bosch Ltd,2025-10-16,0.0,,1.5,INR,NEFT,2025-11-06,Engine Components,CRITICAL,0.91,LOW,0.1,15.0,True,10.5,,,,,,,,,,,,,,,,,,,,,,,,,,,,
2025-11-26,COMP001,SUP014,,INV00296,,,,14627666.35,,PENDING,Asian Paints Industrial,2025-11-26,1.0,2025-12-11,0.0,INR,NEFT,,Paints,LOW,0.25,HIGH,0.7,45.0,False,0.0,,,,,,,,,,,,,,,,,,,,,,,,,,,,
2025-04-25,COMP001,SUP005,,INV00297,,,,50187759.65,,PAID,MRF Ltd,2025-04-25,0.0,,0.0,INR,NEFT,2025-06-18,Tyres,MEDIUM,0.72,MEDIUM,0.35,45.0,True,13.0,,,,,,,,,,,,,,,,,,,,,,,,,,,,
2025-08-12,COMP001,SUP002,,INV00298,,,,12758403.4,,PAID,JSW Steel Ltd,2025-08-12,0.0,,0.0,INR,NEFT,2025-09-11,Raw Materials,CRITICAL,0.88,LOW,0.15,30.0,True,12.0,,,,,,,,,,,,,,,,,,,,,,,,,,,,
2025-02-03,COMP001,SUP002,,INV00299,,,,58570252.28,,OVERDUE,JSW Steel Ltd,2025-02-03,2.5,2025-02-13,2.0,INR,NEFT,,Raw Materials,CRITICAL,0.88,LOW,0.15,30.0,True,12.0,,,,,,,,,,,,,,,,,,,,,,,,,,,,
2025-01-21,COMP001,SUP011,,INV00300,,,,37903576.26,,PAID,ZF Commercial Vehicle Control,2025-01-21,1.0,2025-02-10,0.0,INR,IMPS,2025-03-22,Brakes,MEDIUM,0.62,MEDIUM,0.44,60.0,True,14.0,,,,,,,,,,,,,,,,,,,,,,,,,,,,
2025-01-04,COMP001,SUP013,,INV00301,,,,54355670.93,,PAID,3M India Ltd,2025-01-04,2.0,2025-01-24,2.0,INR,RTGS,2025-03-02,Consumables,LOW,0.28,HIGH,0.68,60.0,False,0.0,,,,,,,,,,,,,,,,,,,,,,,,,,,,
2025-08-29,COMP001,SUP015,,INV00302,,,,54310506.14,,PAID,Castrol India Ltd,2025-08-29,1.0,2025-09-13,0.0,INR,IMPS,2025-10-20,Lubricants,LOW,0.22,HIGH,0.72,45.0,False,0.0,,,,,,,,,,,,,,,,,,,,,,,,,,,,
2025-12-16,COMP001,SUP015,,INV00303,,,,54519518.8,,PENDING,Castrol India Ltd,2025-12-16,0.0,,0.0,INR,CHEQUE,,Lubricants,LOW,0.22,HIGH,0.72,45.0,False,0.0,,,,,,,,,,,,,,,,,,,,,,,,,,,,
2025-12-07,COMP001,SUP013,,INV00304,,,,42108326.78,,PENDING,3M India Ltd,2025-12-07,2.0,2025-12-27,0.0,INR,IMPS,,Consumables,LOW,0.28,HIGH,0.68,60.0,False,0.0,,,,,,,,,,,,,,,,,,,,,,,,,,,,
2025-06-28,COMP001,SUP010,,INV00305,,,,35510072.76,,PAID,Valeo India Pvt Ltd,2025-06-28,0.0,,1.0,INR,CHEQUE,2025-08-26,Lighting Systems,MEDIUM,0.55,MEDIUM,0.5,60.0,False,0.0,,,,,,,,,,,,,,,,,,,,,,,,,,,,
2025-07-05,COMP001,SUP011,,INV00306,,,,34840968.68,,PAID,ZF Commercial Vehicle Control,2025-07-05,0.0,,1.0,INR,NEFT,2025-09-05,Brakes,MEDIUM,0.62,MEDIUM,0.44,60.0,True,14.0,,,,,,,,,,,,,,,,,,,,,,,,,,,,
2025-08-26,COMP001,SUP004,,INV00307,,,,42536900.61,,OVERDUE,Denso India Pvt Ltd,2025-08-26,2.0,2025-09-05,1.5,INR,NEFT,,Engine Components,CRITICAL,0.87,LOW,0.18,30.0,True,11.0,,,,,,,,,,,,,,,,,,,,,,,,,,,,
2025-11-06,COMP001,SUP002,,INV00308,,,,12104819.62,,PAID,JSW Steel Ltd,2025-11-06,2.0,2025-11-16,1.5,INR,NEFT,2025-12-04,Raw Materials,CRITICAL,0.88,LOW,0.15,30.0,True,12.0,,,,,,,,,,,,,,,,,,,,,,,,,,,,
2025-01-11,COMP001,SUP003,,INV00309,,,,12972774.34,,PAID,Bosch Ltd,2025-01-11,2.0,2025-01-18,2.0,INR,CHEQUE,2025-01-28,Engine Components,CRITICAL,0.91,LOW,0.1,15.0,True,10.5,,,,,,,,,,,,,,,,,,,,,,,,,,,,
2025-08-20,COMP001,SUP013,,INV00310,,,,14417488.81,,PAID,3M India Ltd,2025-08-20,0.0,,1.0,INR,NEFT,2025-10-18,Consumables,LOW,0.28,HIGH,0.68,60.0,False,0.0,,,,,,,,,,,,,,,,,,,,,,,,,,,,
2025-12-04,COMP001,SUP014,,INV00311,,,,5947861.62,,PENDING,Asian Paints Industrial,2025-12-04,0.0,,1.5,INR,IMPS,,Paints,LOW,0.25,HIGH,0.7,45.0,False,0.0,,,,,,,,,,,,,,,,,,,,,,,,,,,,
2025-07-15,COMP001,SUP015,,INV00312,,,,53213449.1,,PAID,Castrol India Ltd,2025-07-15,1.0,2025-07-30,0.0,INR,CHEQUE,2025-08-29,Lubricants,LOW,0.22,HIGH,0.72,45.0,False,0.0,,,,,,,,,,,,,,,,,,,,,,,,,,,,
2025-06-17,COMP001,SUP013,,INV00313,,,,28139005.25,,PAID,3M India Ltd,2025-06-17,1.0,2025-07-07,1.5,INR,RTGS,2025-08-13,Consumables,LOW,0.28,HIGH,0.68,60.0,False,0.0,,,,,,,,,,,,,,,,,,,,,,,,,,,,
2025-03-07,COMP001,SUP013,,INV00314,,,,15818112.68,,OVERDUE,3M India Ltd,2025-03-07,2.0,2025-03-27,1.0,INR,RTGS,,Consumables,LOW,0.28,HIGH,0.68,60.0,False,0.0,,,,,,,,,,,,,,,,,,,,,,,,,,,,
2025-08-30,COMP001,SUP007,,INV00315,,,,33675048.95,,PAID,Motherson Sumi Systems Ltd,2025-08-30,0.0,,0.0,INR,RTGS,2025-09-29,Electrical,MEDIUM,0.7,MEDIUM,0.38,30.0,True,12.5,,,,,,,,,,,,,,,,,,,,,,,,,,,,
2025-11-22,COMP001,SUP015,,INV00316,,,,6613478.61,,PENDING,Castrol India Ltd,2025-11-22,2.0,2025-12-07,1.5,INR,CHEQUE,,Lubricants,LOW,0.22,HIGH,0.72,45.0,False,0.0,,,,,,,,,,,,,,,,,,,,,,,,,,,,
2025-10-02,COMP001,SUP015,,INV00317,,,,9138125.19,,PAID,Castrol India Ltd,2025-10-02,1.5,2025-10-17,1.0,INR,NEFT,2025-11-14,Lubricants,LOW,0.22,HIGH,0.72,45.0,False,0.0,,,,,,,,,,,,,,,,,,,,,,,,,,,,
2025-08-02,COMP001,SUP014,,INV00318,,,,8280986.34,,PAID,Asian Paints Industrial,2025-08-02,2.0,2025-08-17,1.0,INR,NEFT,2025-09-13,Paints,LOW,0.25,HIGH,0.7,45.0,False,0.0,,,,,,,,,,,,,,,,,,,,,,,,,,,,
2025-05-31,COMP001,SUP006,,INV00319,,,,19149019.32,,PAID,Apollo Tyres Ltd,2025-05-31,2.5,2025-06-15,1.5,INR,NEFT,2025-08-01,Tyres,MEDIUM,0.65,MEDIUM,0.4,45.0,False,0.0,,,,,,,,,,,,,,,,,,,,,,,,,,,,
2025-03-06,COMP001,SUP004,,INV00320,,,,53531723.09,,PAID,Denso India Pvt Ltd,2025-03-06,2.0,2025-03-16,2.0,INR,IMPS,2025-04-05,Engine Components,CRITICAL,0.87,LOW,0.18,30.0,True,11.0,,,,,,,,,,,,,,,,,,,,,,,,,,,,
2025-10-04,COMP001,SUP014,,INV00321,,,,44240335.43,,PAID,Asian Paints Industrial,2025-10-04,0.0,,0.0,INR,CHEQUE,2025-11-18,Paints,LOW,0.25,HIGH,0.7,45.0,False,0.0,,,,,,,,,,,,,,,,,,,,,,,,,,,,
2025-07-10,COMP001,SUP011,,INV00322,,,,20763071.87,,OVERDUE,ZF Commercial Vehicle Control,2025-07-10,2.0,2025-07-30,1.5,INR,CHEQUE,,Brakes,MEDIUM,0.62,MEDIUM,0.44,60.0,True,14.0,,,,,,,,,,,,,,,,,,,,,,,,,,,,
2025-07-27,COMP001,SUP001,,INV00323,,,,20705555.34,,PAID,Tata Steel Ltd,2025-07-27,0.0,,0.0,INR,NEFT,2025-09-01,Raw Materials,CRITICAL,0.93,LOW,0.12,30.0,True,11.5,,,,,,,,,,,,,,,,,,,,,,,,,,,,
2025-03-19,COMP001,SUP006,,INV00324,,,,9772049.29,,PAID,Apollo Tyres Ltd,2025-03-19,2.5,2025-04-03,2.0,INR,IMPS,2025-05-02,Tyres,MEDIUM,0.65,MEDIUM,0.4,45.0,False,0.0,,,,,,,,,,,,,,,,,,,,,,,,,,,,
2025-05-16,COMP001,SUP013,,INV00325,,,,34548287.1,,OVERDUE,3M India Ltd,2025-05-16,0.0,,1.5,INR,RTGS,,Consumables,LOW,0.28,HIGH,0.68,60.0,False,0.0,,,,,,,,,,,,,,,,,,,,,,,,,,,,
2025-10-22,COMP001,SUP011,,INV00326,,,,32101382.1,,PAID,ZF Commercial Vehicle Control,2025-10-22,0.0,,2.0,INR,CHEQUE,2025-12-19,Brakes,MEDIUM,0.62,MEDIUM,0.44,60.0,True,14.0,,,,,,,,,,,,,,,,,,,,,,,,,,,,
2025-09-27,COMP001,SUP015,,INV00327,,,,3172555.0,,PAID,Castrol India Ltd,2025-09-27,1.0,2025-10-12,0.0,INR,CHEQUE,2025-11-11,Lubricants,LOW,0.22,HIGH,0.72,45.0,False,0.0,,,,,,,,,,,,,,,,,,,,,,,,,,,,
2025-10-01,COMP001,SUP012,,INV00328,,,,6424534.92,,PAID,Saint-Gobain India,2025-10-01,2.0,2025-10-21,1.5,INR,RTGS,2025-12-13,Glass,LOW,0.3,HIGH,0.65,60.0,False,0.0,,,,,,,,,,,,,,,,,,,,,,,,,,,,
2025-01-22,COMP001,SUP005,,INV00329,,,,32466236.25,,PAID,MRF Ltd,2025-01-22,2.5,2025-02-06,0.0,INR,IMPS,2025-03-07,Tyres,MEDIUM,0.72,MEDIUM,0.35,45.0,True,13.0,,,,,,,,,,,,,,,,,,,,,,,,,,,,
2025-03-22,COMP001,SUP015,,INV00330,,,,23086404.14,,PAID,Castrol India Ltd,2025-03-22,2.5,2025-04-06,1.0,INR,CHEQUE,2025-05-04,Lubricants,LOW,0.22,HIGH,0.72,45.0,False,0.0,,,,,,,,,,,,,,,,,,,,,,,,,,,,
2025-06-08,COMP001,SUP011,,INV00331,,,,23599486.73,,OVERDUE,ZF Commercial Vehicle Control,2025-06-08,1.0,2025-06-28,2.0,INR,IMPS,,Brakes,MEDIUM,0.62,MEDIUM,0.44,60.0,True,14.0,,,,,,,,,,,,,,,,,,,,,,,,,,,,
2025-08-17,COMP001,SUP001,,INV00332,,,,31287086.76,,PAID,Tata Steel Ltd,2025-08-17,1.0,2025-08-27,1.5,INR,IMPS,2025-09-16,Raw Materials,CRITICAL,0.93,LOW,0.12,30.0,True,11.5,,,,,,,,,,,,,,,,,,,,,,,,,,,,
2025-07-17,COMP001,SUP013,,INV00333,,,,18887407.96,,PAID,3M India Ltd,2025-07-17,0.0,,0.0,INR,CHEQUE,2025-09-13,Consumables,LOW,0.28,HIGH,0.68,60.0,False,0.0,,,,,,,,,,,,,,,,,,,,,,,,,,,,
2025-08-10,COMP001,SUP006,,INV00334,,,,53379126.99,,PAID,Apollo Tyres Ltd,2025-08-10,2.0,2025-08-25,1.0,INR,CHEQUE,2025-09-22,Tyres,MEDIUM,0.65,MEDIUM,0.4,45.0,False,0.0,,,,,,,,,,,,,,,,,,,,,,,,,,,,
2025-01-10,COMP001,SUP002,,INV00335,,,,9704618.89,,PAID,JSW Steel Ltd,2025-01-10,0.0,,0.0,INR,NEFT,2025-02-06,Raw Materials,CRITICAL,0.88,LOW,0.15,30.0,True,12.0,,,,,,,,,,,,,,,,,,,,,,,,,,,,
2025-09-07,COMP001,SUP015,,INV00336,,,,27688979.44,,PAID,Castrol India Ltd,2025-09-07,1.0,2025-09-22,1.0,INR,IMPS,2025-10-19,Lubricants,LOW,0.22,HIGH,0.72,45.0,False,0.0,,,,,,,,,,,,,,,,,,,,,,,,,,,,
2025-05-01,COMP001,SUP008,,INV00337,,,,11805059.78,,PAID,Bharat Forge Ltd,2025-05-01,0.0,,2.0,INR,CHEQUE,2025-06-15,Forged Components,MEDIUM,0.68,MEDIUM,0.42,45.0,False,0.0,,,,,,,,,,,,,,,,,,,,,,,,,,,,
2025-11-08,COMP001,SUP015,,INV00338,,,,14502261.58,,PAID,Castrol India Ltd,2025-11-08,2.5,2025-11-23,2.0,INR,IMPS,2026-01-06,Lubricants,LOW,0.22,HIGH,0.72,45.0,False,0.0,,,,,,,,,,,,,,,,,,,,,,,,,,,,
2025-01-27,COMP001,SUP010,,INV00339,,,,52434196.37,,PAID,Valeo India Pvt Ltd,2025-01-27,0.0,,1.0,INR,RTGS,2025-04-20,Lighting Systems,MEDIUM,0.55,MEDIUM,0.5,60.0,False,0.0,,,,,,,,,,,,,,,,,,,,,,,,,,,,
2025-08-05,COMP001,SUP008,,INV00340,,,,14664296.0,,PAID,Bharat Forge Ltd,2025-08-05,0.0,,1.0,INR,CHEQUE,2025-09-19,Forged Components,MEDIUM,0.68,MEDIUM,0.42,45.0,False,0.0,,,,,,,,,,,,,,,,,,,,,,,,,,,,
2025-12-16,COMP001,SUP014,,INV00341,,,,9243177.67,,PENDING,Asian Paints Industrial,2025-12-16,1.0,2025-12-31,0.0,INR,CHEQUE,,Paints,LOW,0.25,HIGH,0.7,45.0,False,0.0,,,,,,,,,,,,,,,,,,,,,,,,,,,,
2025-02-25,COMP001,SUP005,,INV00342,,,,43741954.83,,PAID,MRF Ltd,2025-02-25,0.0,,2.0,INR,NEFT,2025-04-09,Tyres,MEDIUM,0.72,MEDIUM,0.35,45.0,True,13.0,,,,,,,,,,,,,,,,,,,,,,,,,,,,
2025-07-29,COMP001,SUP003,,INV00343,,,,42289437.85,,PAID,Bosch Ltd,2025-07-29,1.0,2025-08-05,2.0,INR,CHEQUE,2025-08-10,Engine Components,CRITICAL,0.91,LOW,0.1,15.0,True,10.5,,,,,,,,,,,,,,,,,,,,,,,,,,,,
2025-03-01,COMP001,SUP010,,INV00344,,,,14353734.99,,PAID,Valeo India Pvt Ltd,2025-03-01,1.5,2025-03-21,2.0,INR,CHEQUE,2025-04-28,Lighting Systems,MEDIUM,0.55,MEDIUM,0.5,60.0,False,0.0,,,,,,,,,,,,,,,,,,,,,,,,,,,,
2025-12-08,COMP001,SUP010,,INV00345,,,,48372468.23,,PENDING,Valeo India Pvt Ltd,2025-12-08,1.0,2025-12-28,1.5,INR,CHEQUE,,Lighting Systems,MEDIUM,0.55,MEDIUM,0.5,60.0,False,0.0,,,,,,,,,,,,,,,,,,,,,,,,,,,,
2025-07-07,COMP001,SUP004,,INV00346,,,,45529010.63,,PAID,Denso India Pvt Ltd,2025-07-07,0.0,,1.5,INR,RTGS,2025-08-05,Engine Components,CRITICAL,0.87,LOW,0.18,30.0,True,11.0,,,,,,,,,,,,,,,,,,,,,,,,,,,,
2025-06-20,COMP001,SUP009,,INV00347,,,,47435785.77,,PAID,Sundaram-Clayton Ltd,2025-06-20,1.0,2025-07-05,2.0,INR,IMPS,2025-08-04,Aluminium Castings,MEDIUM,0.6,MEDIUM,0.45,45.0,True,13.5,,,,,,,,,,,,,,,,,,,,,,,,,,,,
2025-02-23,COMP001,SUP003,,INV00348,,,,9160209.29,,PAID,Bosch Ltd,2025-02-23,0.0,,1.0,INR,CHEQUE,2025-03-08,Engine Components,CRITICAL,0.91,LOW,0.1,15.0,True,10.5,,,,,,,,,,,,,,,,,,,,,,,,,,,,
2025-03-04,COMP001,SUP014,,INV00349,,,,7081949.69,,OVERDUE,Asian Paints Industrial,2025-03-04,1.5,2025-03-19,0.0,INR,IMPS,,Paints,LOW,0.25,HIGH,0.7,45.0,False,0.0,,,,,,,,,,,,,,,,,,,,,,,,,,,,
2025-03-16,COMP001,SUP011,,INV00350,,,,10744152.07,,PAID,ZF Commercial Vehicle Control,2025-03-16,0.0,,2.0,INR,IMPS,2025-05-12,Brakes,MEDIUM,0.62,MEDIUM,0.44,60.0,True,14.0,,,,,,,,,,,,,,,,,,,,,,,,,,,,
2025-05-10,COMP001,SUP011,,INV00351,,,,3523050.71,,PAID,ZF Commercial Vehicle Control,2025-05-10,1.5,2025-05-30,0.0,INR,CHEQUE,2025-08-05,Brakes,MEDIUM,0.62,MEDIUM,0.44,60.0,True,14.0,,,,,,,,,,,,,,,,,,,,,,,,,,,,
2025-01-10,COMP001,SUP005,,INV00352,,,,19153086.91,,PAID,MRF Ltd,2025-01-10,1.5,2025-01-25,1.5,INR,NEFT,2025-02-22,Tyres,MEDIUM,0.72,MEDIUM,0.35,45.0,True,13.0,,,,,,,,,,,,,,,,,,,,,,,,,,,,
2025-08-16,COMP001,SUP003,,INV00353,,,,22501357.65,,PAID,Bosch Ltd,2025-08-16,1.5,2025-08-23,0.0,INR,CHEQUE,2025-09-07,Engine Components,CRITICAL,0.91,LOW,0.1,15.0,True,10.5,,,,,,,,,,,,,,,,,,,,,,,,,,,,
2025-12-21,COMP001,SUP001,,INV00354,,,,47906712.6,,PENDING,Tata Steel Ltd,2025-12-21,2.5,2025-12-31,2.0,INR,NEFT,,Raw Materials,CRITICAL,0.93,LOW,0.12,30.0,True,11.5,,,,,,,,,,,,,,,,,,,,,,,,,,,,
2025-05-29,COMP001,SUP014,,INV00355,,,,44458552.02,,OVERDUE,Asian Paints Industrial,2025-05-29,0.0,,0.0,INR,IMPS,,Paints,LOW,0.25,HIGH,0.7,45.0,False,0.0,,,,,,,,,,,,,,,,,,,,,,,,,,,,
2025-05-21,COMP001,SUP002,,INV00356,,,,10541347.45,,PAID,JSW Steel Ltd,2025-05-21,1.5,2025-05-31,2.0,INR,IMPS,2025-07-04,Raw Materials,CRITICAL,0.88,LOW,0.15,30.0,True,12.0,,,,,,,,,,,,,,,,,,,,,,,,,,,,
2025-12-19,COMP001,SUP003,,INV00357,,,,37205785.08,,PENDING,Bosch Ltd,2025-12-19,1.5,2025-12-26,1.5,INR,CHEQUE,,Engine Components,CRITICAL,0.91,LOW,0.1,15.0,True,10.5,,,,,,,,,,,,,,,,,,,,,,,,,,,,
2025-09-26,COMP001,SUP009,,INV00358,,,,14937912.1,,PAID,Sundaram-Clayton Ltd,2025-09-26,0.0,,2.0,INR,RTGS,2025-11-07,Aluminium Castings,MEDIUM,0.6,MEDIUM,0.45,45.0,True,13.5,,,,,,,,,,,,,,,,,,,,,,,,,,,,
2025-10-19,COMP001,SUP007,,INV00359,,,,19566017.2,,PAID,Motherson Sumi Systems Ltd,2025-10-19,0.0,,1.5,INR,RTGS,2025-11-20,Electrical,MEDIUM,0.7,MEDIUM,0.38,30.0,True,12.5,,,,,,,,,,,,,,,,,,,,,,,,,,,,
2025-11-26,COMP001,SUP013,,INV00360,,,,35950615.28,,PENDING,3M India Ltd,2025-11-26,0.0,,2.0,INR,NEFT,,Consumables,LOW,0.28,HIGH,0.68,60.0,False,0.0,,,,,,,,,,,,,,,,,,,,,,,,,,,,
2025-09-20,COMP001,SUP007,,INV00361,,,,11942035.75,,PAID,Motherson Sumi Systems Ltd,2025-09-20,0.0,,1.0,INR,RTGS,2025-10-20,Electrical,MEDIUM,0.7,MEDIUM,0.38,30.0,True,12.5,,,,,,,,,,,,,,,,,,,,,,,,,,,,
2025-07-30,COMP001,SUP012,,INV00362,,,,50100294.58,,PAID,Saint-Gobain India,2025-07-30,2.5,2025-08-19,1.5,INR,NEFT,2025-09-26,Glass,LOW,0.3,HIGH,0.65,60.0,False,0.0,,,,,,,,,,,,,,,,,,,,,,,,,,,,
2025-12-08,COMP001,SUP007,,INV00363,,,,56465854.66,,PENDING,Motherson Sumi Systems Ltd,2025-12-08,2.0,2025-12-18,1.5,INR,IMPS,,Electrical,MEDIUM,0.7,MEDIUM,0.38,30.0,True,12.5,,,,,,,,,,,,,,,,,,,,,,,,,,,,
2025-03-19,COMP001,SUP015,,INV00364,,,,39850709.23,,PAID,Castrol India Ltd,2025-03-19,1.0,2025-04-03,0.0,INR,NEFT,2025-05-03,Lubricants,LOW,0.22,HIGH,0.72,45.0,False,0.0,,,,,,,,,,,,,,,,,,,,,,,,,,,,
2025-08-13,COMP001,SUP013,,INV00365,,,,28711482.45,,PAID,3M India Ltd,2025-08-13,0.0,,2.0,INR,IMPS,2025-10-15,Consumables,LOW,0.28,HIGH,0.68,60.0,False,0.0,,,,,,,,,,,,,,,,,,,,,,,,,,,,
2025-05-05,COMP001,SUP004,,INV00366,,,,15864788.66,,PAID,Denso India Pvt Ltd,2025-05-05,1.5,2025-05-15,2.0,INR,IMPS,2025-06-01,Engine Components,CRITICAL,0.87,LOW,0.18,30.0,True,11.0,,,,,,,,,,,,,,,,,,,,,,,,,,,,
2025-04-20,COMP001,SUP012,,INV00367,,,,20733261.71,,PAID,Saint-Gobain India,2025-04-20,1.5,2025-05-10,1.5,INR,IMPS,2025-06-18,Glass,LOW,0.3,HIGH,0.65,60.0,False,0.0,,,,,,,,,,,,,,,,,,,,,,,,,,,,
2025-11-18,COMP001,SUP009,,INV00368,,,,26016205.75,,PENDING,Sundaram-Clayton Ltd,2025-11-18,1.5,2025-12-03,1.5,INR,NEFT,,Aluminium Castings,MEDIUM,0.6,MEDIUM,0.45,45.0,True,13.5,,,,,,,,,,,,,,,,,,,,,,,,,,,,
2025-08-10,COMP001,SUP008,,INV00369,,,,58531351.73,,PAID,Bharat Forge Ltd,2025-08-10,0.0,,1.0,INR,RTGS,2025-10-04,Forged Components,MEDIUM,0.68,MEDIUM,0.42,45.0,False,0.0,,,,,,,,,,,,,,,,,,,,,,,,,,,,
2025-09-03,COMP001,SUP012,,INV00370,,,,16143863.98,,PAID,Saint-Gobain India,2025-09-03,2.0,2025-09-23,2.0,INR,CHEQUE,2025-11-09,Glass,LOW,0.3,HIGH,0.65,60.0,False,0.0,,,,,,,,,,,,,,,,,,,,,,,,,,,,
2025-01-19,COMP001,SUP007,,INV00371,,,,5138927.5,,PAID,Motherson Sumi Systems Ltd,2025-01-19,0.0,,0.0,INR,CHEQUE,2025-02-15,Electrical,MEDIUM,0.7,MEDIUM,0.38,30.0,True,12.5,,,,,,,,,,,,,,,,,,,,,,,,,,,,
2025-06-22,COMP001,SUP008,,INV00372,,,,54326061.76,,PAID,Bharat Forge Ltd,2025-06-22,2.5,2025-07-07,1.0,INR,CHEQUE,2025-08-06,Forged Components,MEDIUM,0.68,MEDIUM,0.42,45.0,False,0.0,,,,,,,,,,,,,,,,,,,,,,,,,,,,
2025-09-06,COMP001,SUP008,,INV00373,,,,4699102.99,,PAID,Bharat Forge Ltd,2025-09-06,0.0,,2.0,INR,IMPS,2025-10-19,Forged Components,MEDIUM,0.68,MEDIUM,0.42,45.0,False,0.0,,,,,,,,,,,,,,,,,,,,,,,,,,,,
2025-05-07,COMP001,SUP010,,INV00374,,,,6130619.04,,PAID,Valeo India Pvt Ltd,2025-05-07,1.0,2025-05-27,1.5,INR,RTGS,2025-07-04,Lighting Systems,MEDIUM,0.55,MEDIUM,0.5,60.0,False,0.0,,,,,,,,,,,,,,,,,,,,,,,,,,,,
2025-03-17,COMP001,SUP014,,INV00375,,,,6349123.43,,PAID,Asian Paints Industrial,2025-03-17,0.0,,0.0,INR,NEFT,2025-04-28,Paints,LOW,0.25,HIGH,0.7,45.0,False,0.0,,,,,,,,,,,,,,,,,,,,,,,,,,,,
2025-05-11,COMP001,SUP006,,INV00376,,,,36787369.29,,PAID,Apollo Tyres Ltd,2025-05-11,0.0,,1.0,INR,NEFT,2025-06-25,Tyres,MEDIUM,0.65,MEDIUM,0.4,45.0,False,0.0,,,,,,,,,,,,,,,,,,,,,,,,,,,,
2025-02-02,COMP001,SUP002,,INV00377,,,,45784551.05,,PAID,JSW Steel Ltd,2025-02-02,0.0,,1.0,INR,CHEQUE,2025-03-03,Raw Materials,CRITICAL,0.88,LOW,0.15,30.0,True,12.0,,,,,,,,,,,,,,,,,,,,,,,,,,,,
2025-06-07,COMP001,SUP002,,INV00378,,,,7272370.73,,PAID,JSW Steel Ltd,2025-06-07,1.5,2025-06-17,1.5,INR,NEFT,2025-07-07,Raw Materials,CRITICAL,0.88,LOW,0.15,30.0,True,12.0,,,,,,,,,,,,,,,,,,,,,,,,,,,,
2025-04-20,COMP001,SUP005,,INV00379,,,,17914376.92,,PAID,MRF Ltd,2025-04-20,1.5,2025-05-05,0.0,INR,NEFT,2025-06-01,Tyres,MEDIUM,0.72,MEDIUM,0.35,45.0,True,13.0,,,,,,,,,,,,,,,,,,,,,,,,,,,,
2025-07-05,COMP001,SUP001,,INV00380,,,,5277715.93,,PAID,Tata Steel Ltd,2025-07-05,1.0,2025-07-15,1.5,INR,CHEQUE,2025-08-02,Raw Materials,CRITICAL,0.93,LOW,0.12,30.0,True,11.5,,,,,,,,,,,,,,,,,,,,,,,,,,,,
2025-03-21,COMP001,SUP002,,INV00381,,,,38581702.56,,PAID,JSW Steel Ltd,2025-03-21,1.5,2025-03-31,1.0,INR,CHEQUE,2025-04-17,Raw Materials,CRITICAL,0.88,LOW,0.15,30.0,True,12.0,,,,,,,,,,,,,,,,,,,,,,,,,,,,
2025-02-02,COMP001,SUP013,,INV00382,,,,9045013.67,,PAID,3M India Ltd,2025-02-02,2.5,2025-02-22,2.0,INR,RTGS,2025-04-18,Consumables,LOW,0.28,HIGH,0.68,60.0,False,0.0,,,,,,,,,,,,,,,,,,,,,,,,,,,,
2025-03-27,COMP001,SUP011,,INV00383,,,,42012904.61,,PAID,ZF Commercial Vehicle Control,2025-03-27,1.5,2025-04-16,1.0,INR,NEFT,2025-05-25,Brakes,MEDIUM,0.62,MEDIUM,0.44,60.0,True,14.0,,,,,,,,,,,,,,,,,,,,,,,,,,,,
2025-02-24,COMP001,SUP011,,INV00384,,,,18030825.07,,PAID,ZF Commercial Vehicle Control,2025-02-24,2.0,2025-03-16,1.5,INR,CHEQUE,2025-04-25,Brakes,MEDIUM,0.62,MEDIUM,0.44,60.0,True,14.0,,,,,,,,,,,,,,,,,,,,,,,,,,,,
2025-09-09,COMP001,SUP009,,INV00385,,,,44036807.24,,PAID,Sundaram-Clayton Ltd,2025-09-09,2.0,2025-09-24,1.5,INR,RTGS,2025-10-23,Aluminium Castings,MEDIUM,0.6,MEDIUM,0.45,45.0,True,13.5,,,,,,,,,,,,,,,,,,,,,,,,,,,,
2025-03-13,COMP001,SUP010,,INV00386,,,,11290913.28,,PAID,Valeo India Pvt Ltd,2025-03-13,0.0,,2.0,INR,IMPS,2025-05-28,Lighting Systems,MEDIUM,0.55,MEDIUM,0.5,60.0,False,0.0,,,,,,,,,,,,,,,,,,,,,,,,,,,,
2025-12-09,COMP001,SUP005,,INV00387,,,,54089859.81,,PENDING,MRF Ltd,2025-12-09,2.5,2025-12-24,2.0,INR,NEFT,,Tyres,MEDIUM,0.72,MEDIUM,0.35,45.0,True,13.0,,,,,,,,,,,,,,,,,,,,,,,,,,,,
2025-11-21,COMP001,SUP015,,INV00388,,,,48966754.74,,PENDING,Castrol India Ltd,2025-11-21,1.5,2025-12-06,2.0,INR,NEFT,,Lubricants,LOW,0.22,HIGH,0.72,45.0,False,0.0,,,,,,,,,,,,,,,,,,,,,,,,,,,,
2025-04-30,COMP001,SUP014,,INV00389,,,,22618232.3,,OVERDUE,Asian Paints Industrial,2025-04-30,0.0,,0.0,INR,RTGS,,Paints,LOW,0.25,HIGH,0.7,45.0,False,0.0,,,,,,,,,,,,,,,,,,,,,,,,,,,,
2025-07-06,COMP001,SUP012,,INV00390,,,,10791460.83,,OVERDUE,Saint-Gobain India,2025-07-06,2.0,2025-07-26,1.0,INR,IMPS,,Glass,LOW,0.3,HIGH,0.65,60.0,False,0.0,,,,,,,,,,,,,,,,,,,,,,,,,,,,
2025-08-22,COMP001,SUP010,,INV00391,,,,59820417.88,,PAID,Valeo India Pvt Ltd,2025-08-22,0.0,,1.5,INR,IMPS,2025-10-28,Lighting Systems,MEDIUM,0.55,MEDIUM,0.5,60.0,False,0.0,,,,,,,,,,,,,,,,,,,,,,,,,,,,
2025-08-13,COMP001,SUP007,,INV00392,,,,59959267.91,,PAID,Motherson Sumi Systems Ltd,2025-08-13,0.0,,2.0,INR,NEFT,2025-09-09,Electrical,MEDIUM,0.7,MEDIUM,0.38,30.0,True,12.5,,,,,,,,,,,,,,,,,,,,,,,,,,,,
2025-06-12,COMP001,SUP001,,INV00393,,,,34206937.4,,PAID,Tata Steel Ltd,2025-06-12,1.5,2025-06-22,1.0,INR,IMPS,2025-07-12,Raw Materials,CRITICAL,0.93,LOW,0.12,30.0,True,11.5,,,,,,,,,,,,,,,,,,,,,,,,,,,,
2025-02-22,COMP001,SUP006,,INV00394,,,,15301386.68,,PAID,Apollo Tyres Ltd,2025-02-22,2.5,2025-03-09,0.0,INR,IMPS,2025-04-06,Tyres,MEDIUM,0.65,MEDIUM,0.4,45.0,False,0.0,,,,,,,,,,,,,,,,,,,,,,,,,,,,
2025-10-17,COMP001,SUP015,,INV00395,,,,29870082.52,,PAID,Castrol India Ltd,2025-10-17,2.5,2025-11-01,1.0,INR,IMPS,2025-11-29,Lubricants,LOW,0.22,HIGH,0.72,45.0,False,0.0,,,,,,,,,,,,,,,,,,,,,,,,,,,,
2025-10-25,COMP001,SUP006,,INV00396,,,,55258226.55,,PAID,Apollo Tyres Ltd,2025-10-25,1.0,2025-11-09,0.0,INR,IMPS,2025-12-07,Tyres,MEDIUM,0.65,MEDIUM,0.4,45.0,False,0.0,,,,,,,,,,,,,,,,,,,,,,,,,,,,
2025-05-29,COMP001,SUP011,,INV00397,,,,18102669.41,,PAID,ZF Commercial Vehicle Control,2025-05-29,0.0,,1.5,INR,RTGS,2025-07-25,Brakes,MEDIUM,0.62,MEDIUM,0.44,60.0,True,14.0,,,,,,,,,,,,,,,,,,,,,,,,,,,,
2025-07-02,COMP001,SUP015,,INV00398,,,,35102588.15,,PAID,Castrol India Ltd,2025-07-02,0.0,,1.5,INR,IMPS,2025-08-13,Lubricants,LOW,0.22,HIGH,0.72,45.0,False,0.0,,,,,,,,,,,,,,,,,,,,,,,,,,,,
2025-10-24,COMP001,SUP001,,INV00399,,,,14152507.26,,PAID,Tata Steel Ltd,2025-10-24,2.5,2025-11-03,1.5,INR,NEFT,2025-11-21,Raw Materials,CRITICAL,0.93,LOW,0.12,30.0,True,11.5,,,,,,,,,,,,,,,,,,,,,,,,,,,,
2025-09-25,COMP001,SUP001,,INV00400,,,,25059669.39,,PAID,Tata Steel Ltd,2025-09-25,1.5,2025-10-05,0.0,INR,IMPS,2025-10-23,Raw Materials,CRITICAL,0.93,LOW,0.12,30.0,True,11.5,,,,,,,,,,,,,,,,,,,,,,,,,,,,
2025-07-16,COMP001,SUP015,,INV00401,,,,11074337.92,,PAID,Castrol India Ltd,2025-07-16,2.0,2025-07-31,1.5,INR,RTGS,2025-09-16,Lubricants,LOW,0.22,HIGH,0.72,45.0,False,0.0,,,,,,,,,,,,,,,,,,,,,,,,,,,,
2025-09-03,COMP001,SUP001,,INV00402,,,,55158720.89,,PAID,Tata Steel Ltd,2025-09-03,0.0,,0.0,INR,NEFT,2025-10-11,Raw Materials,CRITICAL,0.93,LOW,0.12,30.0,True,11.5,,,,,,,,,,,,,,,,,,,,,,,,,,,,
2025-12-14,COMP001,SUP009,,INV00403,,,,58848843.18,,PENDING,Sundaram-Clayton Ltd,2025-12-14,2.5,2025-12-29,1.5,INR,CHEQUE,,Aluminium Castings,MEDIUM,0.6,MEDIUM,0.45,45.0,True,13.5,,,,,,,,,,,,,,,,,,,,,,,,,,,,
2025-04-21,COMP001,SUP015,,INV00404,,,,39097656.97,,PAID,Castrol India Ltd,2025-04-21,1.0,2025-05-06,2.0,INR,CHEQUE,2025-06-05,Lubricants,LOW,0.22,HIGH,0.72,45.0,False,0.0,,,,,,,,,,,,,,,,,,,,,,,,,,,,
2025-02-27,COMP001,SUP012,,INV00405,,,,25024810.43,,PAID,Saint-Gobain India,2025-02-27,0.0,,2.0,INR,CHEQUE,2025-04-27,Glass,LOW,0.3,HIGH,0.65,60.0,False,0.0,,,,,,,,,,,,,,,,,,,,,,,,,,,,
2025-01-08,COMP001,SUP008,,INV00406,,,,54792408.89,,PAID,Bharat Forge Ltd,2025-01-08,1.0,2025-01-23,1.0,INR,NEFT,2025-02-20,Forged Components,MEDIUM,0.68,MEDIUM,0.42,45.0,False,0.0,,,,,,,,,,,,,,,,,,,,,,,,,,,,
2025-04-30,COMP001,SUP006,,INV00407,,,,13091189.62,,OVERDUE,Apollo Tyres Ltd,2025-04-30,2.5,2025-05-15,1.5,INR,RTGS,,Tyres,MEDIUM,0.65,MEDIUM,0.4,45.0,False,0.0,,,,,,,,,,,,,,,,,,,,,,,,,,,,
2025-11-02,COMP001,SUP010,,INV00408,,,,57054483.0,,PENDING,Valeo India Pvt Ltd,2025-11-02,1.0,2025-11-22,1.0,INR,NEFT,,Lighting Systems,MEDIUM,0.55,MEDIUM,0.5,60.0,False,0.0,,,,,,,,,,,,,,,,,,,,,,,,,,,,
2025-04-11,COMP001,SUP013,,INV00409,,,,15489445.14,,OVERDUE,3M India Ltd,2025-04-11,1.5,2025-05-01,1.0,INR,IMPS,,Consumables,LOW,0.28,HIGH,0.68,60.0,False,0.0,,,,,,,,,,,,,,,,,,,,,,,,,,,,
2025-05-23,COMP001,SUP003,,INV00410,,,,13166187.21,,PAID,Bosch Ltd,2025-05-23,2.5,2025-05-30,0.0,INR,NEFT,2025-06-05,Engine Components,CRITICAL,0.91,LOW,0.1,15.0,True,10.5,,,,,,,,,,,,,,,,,,,,,,,,,,,,
2025-06-05,COMP001,SUP007,,INV00411,,,,49130824.51,,PAID,Motherson Sumi Systems Ltd,2025-06-05,0.0,,2.0,INR,NEFT,2025-07-02,Electrical,MEDIUM,0.7,MEDIUM,0.38,30.0,True,12.5,,,,,,,,,,,,,,,,,,,,,,,,,,,,
2025-09-29,COMP001,SUP007,,INV00412,,,,59748587.5,,PAID,Motherson Sumi Systems Ltd,2025-09-29,0.0,,0.0,INR,RTGS,2025-11-09,Electrical,MEDIUM,0.7,MEDIUM,0.38,30.0,True,12.5,,,,,,,,,,,,,,,,,,,,,,,,,,,,
2025-11-11,COMP001,SUP013,,INV00413,,,,54129739.77,,PENDING,3M India Ltd,2025-11-11,1.5,2025-12-01,0.0,INR,RTGS,,Consumables,LOW,0.28,HIGH,0.68,60.0,False,0.0,,,,,,,,,,,,,,,,,,,,,,,,,,,,
2025-01-01,COMP001,SUP005,,INV00414,,,,32309796.92,,PAID,MRF Ltd,2025-01-01,0.0,,1.0,INR,IMPS,2025-02-12,Tyres,MEDIUM,0.72,MEDIUM,0.35,45.0,True,13.0,,,,,,,,,,,,,,,,,,,,,,,,,,,,
2025-07-14,COMP001,SUP012,,INV00415,,,,49455952.95,,PAID,Saint-Gobain India,2025-07-14,0.0,,0.0,INR,RTGS,2025-09-10,Glass,LOW,0.3,HIGH,0.65,60.0,False,0.0,,,,,,,,,,,,,,,,,,,,,,,,,,,,
2025-06-19,COMP001,SUP012,,INV00416,,,,6410592.77,,OVERDUE,Saint-Gobain India,2025-06-19,0.0,,2.0,INR,RTGS,,Glass,LOW,0.3,HIGH,0.65,60.0,False,0.0,,,,,,,,,,,,,,,,,,,,,,,,,,,,
2025-08-27,COMP001,SUP008,,INV00417,,,,23674918.97,,OVERDUE,Bharat Forge Ltd,2025-08-27,2.5,2025-09-11,1.0,INR,RTGS,,Forged Components,MEDIUM,0.68,MEDIUM,0.42,45.0,False,0.0,,,,,,,,,,,,,,,,,,,,,,,,,,,,
2025-02-21,COMP001,SUP006,,INV00418,,,,53902948.36,,PAID,Apollo Tyres Ltd,2025-02-21,2.5,2025-03-08,2.0,INR,RTGS,2025-04-22,Tyres,MEDIUM,0.65,MEDIUM,0.4,45.0,False,0.0,,,,,,,,,,,,,,,,,,,,,,,,,,,,
2025-09-11,COMP001,SUP008,,INV00419,,,,30402516.87,,PAID,Bharat Forge Ltd,2025-09-11,0.0,,1.5,INR,RTGS,2025-10-23,Forged Components,MEDIUM,0.68,MEDIUM,0.42,45.0,False,0.0,,,,,,,,,,,,,,,,,,,,,,,,,,,,
2025-01-31,COMP001,SUP003,,INV00420,,,,36684794.95,,PAID,Bosch Ltd,2025-01-31,2.5,2025-02-07,0.0,INR,CHEQUE,2025-02-14,Engine Components,CRITICAL,0.91,LOW,0.1,15.0,True,10.5,,,,,,,,,,,,,,,,,,,,,,,,,,,,
2025-02-04,COMP001,SUP010,,INV00421,,,,29532749.24,,PAID,Valeo India Pvt Ltd,2025-02-04,1.0,2025-02-24,2.0,INR,CHEQUE,2025-04-29,Lighting Systems,MEDIUM,0.55,MEDIUM,0.5,60.0,False,0.0,,,,,,,,,,,,,,,,,,,,,,,,,,,,
2025-06-29,COMP001,SUP003,,INV00422,,,,4139178.07,,PAID,Bosch Ltd,2025-06-29,1.5,2025-07-06,1.5,INR,CHEQUE,2025-07-16,Engine Components,CRITICAL,0.91,LOW,0.1,15.0,True,10.5,,,,,,,,,,,,,,,,,,,,,,,,,,,,
2025-12-19,COMP001,SUP011,,INV00423,,,,58750222.88,,PENDING,ZF Commercial Vehicle Control,2025-12-19,0.0,,1.0,INR,IMPS,,Brakes,MEDIUM,0.62,MEDIUM,0.44,60.0,True,14.0,,,,,,,,,,,,,,,,,,,,,,,,,,,,
2025-04-23,COMP001,SUP011,,INV00424,,,,53031295.7,,PAID,ZF Commercial Vehicle Control,2025-04-23,1.5,2025-05-13,0.0,INR,CHEQUE,2025-06-20,Brakes,MEDIUM,0.62,MEDIUM,0.44,60.0,True,14.0,,,,,,,,,,,,,,,,,,,,,,,,,,,,
2025-06-07,COMP001,SUP013,,INV00425,,,,32665299.37,,OVERDUE,3M India Ltd,2025-06-07,0.0,,2.0,INR,CHEQUE,,Consumables,LOW,0.28,HIGH,0.68,60.0,False,0.0,,,,,,,,,,,,,,,,,,,,,,,,,,,,
2025-01-14,COMP001,SUP001,,INV00426,,,,56074243.96,,PAID,Tata Steel Ltd,2025-01-14,2.0,2025-01-24,1.5,INR,IMPS,2025-02-11,Raw Materials,CRITICAL,0.93,LOW,0.12,30.0,True,11.5,,,,,,,,,,,,,,,,,,,,,,,,,,,,
2025-04-23,COMP001,SUP011,,INV00427,,,,57056547.69,,PAID,ZF Commercial Vehicle Control,2025-04-23,0.0,,0.0,INR,RTGS,2025-06-19,Brakes,MEDIUM,0.62,MEDIUM,0.44,60.0,True,14.0,,,,,,,,,,,,,,,,,,,,,,,,,,,,
2025-09-09,COMP001,SUP003,,INV00428,,,,8882679.34,,PAID,Bosch Ltd,2025-09-09,1.0,2025-09-16,1.0,INR,IMPS,2025-09-24,Engine Components,CRITICAL,0.91,LOW,0.1,15.0,True,10.5,,,,,,,,,,,,,,,,,,,,,,,,,,,,
2025-02-07,COMP001,SUP004,,INV00429,,,,23451569.7,,PAID,Denso India Pvt Ltd,2025-02-07,1.5,2025-02-17,0.0,INR,NEFT,2025-03-09,Engine Components,CRITICAL,0.87,LOW,0.18,30.0,True,11.0,,,,,,,,,,,,,,,,,,,,,,,,,,,,
2025-06-03,COMP001,SUP015,,INV00430,,,,26068721.99,,PAID,Castrol India Ltd,2025-06-03,0.0,,0.0,INR,RTGS,2025-07-18,Lubricants,LOW,0.22,HIGH,0.72,45.0,False,0.0,,,,,,,,,,,,,,,,,,,,,,,,,,,,
2025-03-03,COMP001,SUP008,,INV00431,,,,46399359.6,,PAID,Bharat Forge Ltd,2025-03-03,0.0,,0.0,INR,NEFT,2025-04-15,Forged Components,MEDIUM,0.68,MEDIUM,0.42,45.0,False,0.0,,,,,,,,,,,,,,,,,,,,,,,,,,,,
2025-12-09,COMP001,SUP015,,INV00432,,,,42272407.46,,PENDING,Castrol India Ltd,2025-12-09,0.0,,1.0,INR,RTGS,,Lubricants,LOW,0.22,HIGH,0.72,45.0,False,0.0,,,,,,,,,,,,,,,,,,,,,,,,,,,,
2025-10-19,COMP001,SUP009,,INV00433,,,,16921859.41,,PAID,Sundaram-Clayton Ltd,2025-10-19,1.0,2025-11-03,1.5,INR,NEFT,2025-12-02,Aluminium Castings,MEDIUM,0.6,MEDIUM,0.45,45.0,True,13.5,,,,,,,,,,,,,,,,,,,,,,,,,,,,
2025-04-06,COMP001,SUP011,,INV00434,,,,10218123.69,,PAID,ZF Commercial Vehicle Control,2025-04-06,0.0,,2.0,INR,IMPS,2025-06-02,Brakes,MEDIUM,0.62,MEDIUM,0.44,60.0,True,14.0,,,,,,,,,,,,,,,,,,,,,,,,,,,,
2025-04-26,COMP001,SUP009,,INV00435,,,,52290221.02,,PAID,Sundaram-Clayton Ltd,2025-04-26,1.0,2025-05-11,1.0,INR,RTGS,2025-06-10,Aluminium Castings,MEDIUM,0.6,MEDIUM,0.45,45.0,True,13.5,,,,,,,,,,,,,,,,,,,,,,,,,,,,
2025-07-21,COMP001,SUP015,,INV00436,,,,57198391.46,,OVERDUE,Castrol India Ltd,2025-07-21,2.0,2025-08-05,1.0,INR,RTGS,,Lubricants,LOW,0.22,HIGH,0.72,45.0,False,0.0,,,,,,,,,,,,,,,,,,,,,,,,,,,,
2025-08-30,COMP001,SUP005,,INV00437,,,,43112053.76,,PAID,MRF Ltd,2025-08-30,2.0,2025-09-14,0.0,INR,CHEQUE,2025-10-12,Tyres,MEDIUM,0.72,MEDIUM,0.35,45.0,True,13.0,,,,,,,,,,,,,,,,,,,,,,,,,,,,
2025-12-02,COMP001,SUP007,,INV00438,,,,35578755.43,,PENDING,Motherson Sumi Systems Ltd,2025-12-02,2.5,2025-12-12,2.0,INR,NEFT,,Electrical,MEDIUM,0.7,MEDIUM,0.38,30.0,True,12.5,,,,,,,,,,,,,,,,,,,,,,,,,,,,
2025-05-11,COMP001,SUP010,,INV00439,,,,23856506.74,,PAID,Valeo India Pvt Ltd,2025-05-11,0.0,,0.0,INR,NEFT,2025-07-07,Lighting Systems,MEDIUM,0.55,MEDIUM,0.5,60.0,False,0.0,,,,,,,,,,,,,,,,,,,,,,,,,,,,
2025-08-27,COMP001,SUP011,,INV00440,,,,20737969.59,,PAID,ZF Commercial Vehicle Control,2025-08-27,2.5,2025-09-16,0.0,INR,CHEQUE,2025-11-16,Brakes,MEDIUM,0.62,MEDIUM,0.44,60.0,True,14.0,,,,,,,,,,,,,,,,,,,,,,,,,,,,
2025-03-25,COMP001,SUP002,,INV00441,,,,28651573.91,,PAID,JSW Steel Ltd,2025-03-25,0.0,,2.0,INR,IMPS,2025-04-25,Raw Materials,CRITICAL,0.88,LOW,0.15,30.0,True,12.0,,,,,,,,,,,,,,,,,,,,,,,,,,,,
2025-10-24,COMP001,SUP011,,INV00442,,,,10802978.53,,PAID,ZF Commercial Vehicle Control,2025-10-24,0.0,,1.5,INR,CHEQUE,2025-12-31,Brakes,MEDIUM,0.62,MEDIUM,0.44,60.0,True,14.0,,,,,,,,,,,,,,,,,,,,,,,,,,,,
2025-01-04,COMP001,SUP002,,INV00443,,,,23632960.26,,PAID,JSW Steel Ltd,2025-01-04,2.0,2025-01-14,0.0,INR,NEFT,2025-02-02,Raw Materials,CRITICAL,0.88,LOW,0.15,30.0,True,12.0,,,,,,,,,,,,,,,,,,,,,,,,,,,,
2025-07-16,COMP001,SUP005,,INV00444,,,,44331047.08,,PAID,MRF Ltd,2025-07-16,0.0,,1.0,INR,IMPS,2025-08-27,Tyres,MEDIUM,0.72,MEDIUM,0.35,45.0,True,13.0,,,,,,,,,,,,,,,,,,,,,,,,,,,,
2025-07-22,COMP001,SUP002,,INV00445,,,,18428136.38,,OVERDUE,JSW Steel Ltd,2025-07-22,0.0,,2.0,INR,NEFT,,Raw Materials,CRITICAL,0.88,LOW,0.15,30.0,True,12.0,,,,,,,,,,,,,,,,,,,,,,,,,,,,
2025-01-11,COMP001,SUP006,,INV00446,,,,56225568.66,,OVERDUE,Apollo Tyres Ltd,2025-01-11,1.0,2025-01-26,2.0,INR,IMPS,,Tyres,MEDIUM,0.65,MEDIUM,0.4,45.0,False,0.0,,,,,,,,,,,,,,,,,,,,,,,,,,,,
2025-04-24,COMP001,SUP007,,INV00447,,,,18705927.22,,PAID,Motherson Sumi Systems Ltd,2025-04-24,0.0,,0.0,INR,NEFT,2025-05-23,Electrical,MEDIUM,0.7,MEDIUM,0.38,30.0,True,12.5,,,,,,,,,,,,,,,,,,,,,,,,,,,,
2025-11-03,COMP001,SUP008,,INV00448,,,,15819348.77,,PAID,Bharat Forge Ltd,2025-11-03,1.0,2025-11-18,0.0,INR,RTGS,2025-12-18,Forged Components,MEDIUM,0.68,MEDIUM,0.42,45.0,False,0.0,,,,,,,,,,,,,,,,,,,,,,,,,,,,
2025-03-13,COMP001,SUP003,,INV00449,,,,41810715.79,,PAID,Bosch Ltd,2025-03-13,0.0,,0.0,INR,CHEQUE,2025-03-27,Engine Components,CRITICAL,0.91,LOW,0.1,15.0,True,10.5,,,,,,,,,,,,,,,,,,,,,,,,,,,,
2025-08-19,COMP001,SUP014,,INV00450,,,,54001688.96,,PAID,Asian Paints Industrial,2025-08-19,1.5,2025-09-03,2.0,INR,IMPS,2025-10-15,Paints,LOW,0.25,HIGH,0.7,45.0,False,0.0,,,,,,,,,,,,,,,,,,,,,,,,,,,,
2025-04-22,COMP001,SUP009,,INV00451,,,,59230492.6,,PAID,Sundaram-Clayton Ltd,2025-04-22,0.0,,1.0,INR,RTGS,2025-06-14,Aluminium Castings,MEDIUM,0.6,MEDIUM,0.45,45.0,True,13.5,,,,,,,,,,,,,,,,,,,,,,,,,,,,
2025-12-07,COMP001,SUP009,,INV00452,,,,19934034.21,,PENDING,Sundaram-Clayton Ltd,2025-12-07,2.0,2025-12-22,1.0,INR,CHEQUE,,Aluminium Castings,MEDIUM,0.6,MEDIUM,0.45,45.0,True,13.5,,,,,,,,,,,,,,,,,,,,,,,,,,,,
2025-06-21,COMP001,SUP007,,INV00453,,,,42167735.21,,PAID,Motherson Sumi Systems Ltd,2025-06-21,1.0,2025-07-01,1.5,INR,RTGS,2025-07-18,Electrical,MEDIUM,0.7,MEDIUM,0.38,30.0,True,12.5,,,,,,,,,,,,,,,,,,,,,,,,,,,,
2025-12-15,COMP001,SUP012,,INV00454,,,,16183941.26,,PENDING,Saint-Gobain India,2025-12-15,0.0,,1.5,INR,RTGS,,Glass,LOW,0.3,HIGH,0.65,60.0,False,0.0,,,,,,,,,,,,,,,,,,,,,,,,,,,,
2025-03-23,COMP001,SUP014,,INV00455,,,,26744604.15,,PAID,Asian Paints Industrial,2025-03-23,0.0,,0.0,INR,NEFT,2025-05-05,Paints,LOW,0.25,HIGH,0.7,45.0,False,0.0,,,,,,,,,,,,,,,,,,,,,,,,,,,,
2025-09-09,COMP001,SUP002,,INV00456,,,,38175261.29,,PAID,JSW Steel Ltd,2025-09-09,2.0,2025-09-19,2.0,INR,RTGS,2025-10-06,Raw Materials,CRITICAL,0.88,LOW,0.15,30.0,True,12.0,,,,,,,,,,,,,,,,,,,,,,,,,,,,
2025-03-14,COMP001,SUP008,,INV00457,,,,58874414.83,,PAID,Bharat Forge Ltd,2025-03-14,0.0,,2.0,INR,RTGS,2025-04-25,Forged Components,MEDIUM,0.68,MEDIUM,0.42,45.0,False,0.0,,,,,,,,,,,,,,,,,,,,,,,,,,,,
2025-11-08,COMP001,SUP004,,INV00458,,,,30357762.39,,PAID,Denso India Pvt Ltd,2025-11-08,2.0,2025-11-18,1.5,INR,IMPS,2025-12-06,Engine Components,CRITICAL,0.87,LOW,0.18,30.0,True,11.0,,,,,,,,,,,,,,,,,,,,,,,,,,,,
2025-05-09,COMP001,SUP006,,INV00459,,,,26539830.82,,OVERDUE,Apollo Tyres Ltd,2025-05-09,0.0,,1.0,INR,CHEQUE,,Tyres,MEDIUM,0.65,MEDIUM,0.4,45.0,False,0.0,,,,,,,,,,,,,,,,,,,,,,,,,,,,
2025-06-02,COMP001,SUP003,,INV00460,,,,22632544.74,,OVERDUE,Bosch Ltd,2025-06-02,0.0,,0.0,INR,IMPS,,Engine Components,CRITICAL,0.91,LOW,0.1,15.0,True,10.5,,,,,,,,,,,,,,,,,,,,,,,,,,,,
2025-08-27,COMP001,SUP008,,INV00461,,,,56016883.69,,PAID,Bharat Forge Ltd,2025-08-27,1.0,2025-09-11,0.0,INR,NEFT,2025-10-10,Forged Components,MEDIUM,0.68,MEDIUM,0.42,45.0,False,0.0,,,,,,,,,,,,,,,,,,,,,,,,,,,,
2025-09-03,COMP001,SUP001,,INV00462,,,,51449229.97,,PAID,Tata Steel Ltd,2025-09-03,0.0,,1.5,INR,RTGS,2025-10-02,Raw Materials,CRITICAL,0.93,LOW,0.12,30.0,True,11.5,,,,,,,,,,,,,,,,,,,,,,,,,,,,
2025-12-13,COMP001,SUP001,,INV00463,,,,23207993.8,,PENDING,Tata Steel Ltd,2025-12-13,0.0,,1.5,INR,IMPS,,Raw Materials,CRITICAL,0.93,LOW,0.12,30.0,True,11.5,,,,,,,,,,,,,,,,,,,,,,,,,,,,
2025-06-28,COMP001,SUP012,,INV00464,,,,5740487.98,,PAID,Saint-Gobain India,2025-06-28,2.0,2025-07-18,0.0,INR,IMPS,2025-08-24,Glass,LOW,0.3,HIGH,0.65,60.0,False,0.0,,,,,,,,,,,,,,,,,,,,,,,,,,,,
2025-10-10,COMP001,SUP006,,INV00465,,,,52793606.64,,PAID,Apollo Tyres Ltd,2025-10-10,0.0,,1.5,INR,NEFT,2025-12-11,Tyres,MEDIUM,0.65,MEDIUM,0.4,45.0,False,0.0,,,,,,,,,,,,,,,,,,,,,,,,,,,,
2025-12-03,COMP001,SUP013,,INV00466,,,,21470452.04,,PENDING,3M India Ltd,2025-12-03,1.5,2025-12-23,1.0,INR,CHEQUE,,Consumables,LOW,0.28,HIGH,0.68,60.0,False,0.0,,,,,,,,,,,,,,,,,,,,,,,,,,,,
2025-04-09,COMP001,SUP008,,INV00467,,,,6438952.86,,PAID,Bharat Forge Ltd,2025-04-09,1.0,2025-04-24,1.5,INR,IMPS,2025-05-21,Forged Components,MEDIUM,0.68,MEDIUM,0.42,45.0,False,0.0,,,,,,,,,,,,,,,,,,,,,,,,,,,,
2025-09-08,COMP001,SUP005,,INV00468,,,,22333814.42,,PAID,MRF Ltd,2025-09-08,0.0,,1.0,INR,RTGS,2025-11-05,Tyres,MEDIUM,0.72,MEDIUM,0.35,45.0,True,13.0,,,,,,,,,,,,,,,,,,,,,,,,,,,,
2025-04-16,COMP001,SUP004,,INV00469,,,,57421370.89,,PAID,Denso India Pvt Ltd,2025-04-16,1.0,2025-04-26,1.5,INR,IMPS,2025-05-14,Engine Components,CRITICAL,0.87,LOW,0.18,30.0,True,11.0,,,,,,,,,,,,,,,,,,,,,,,,,,,,
2025-05-23,COMP001,SUP007,,INV00470,,,,12215145.37,,PAID,Motherson Sumi Systems Ltd,2025-05-23,0.0,,1.0,INR,NEFT,2025-06-24,Electrical,MEDIUM,0.7,MEDIUM,0.38,30.0,True,12.5,,,,,,,,,,,,,,,,,,,,,,,,,,,,
2025-10-29,COMP001,SUP004,,INV00471,,,,47703168.7,,PAID,Denso India Pvt Ltd,2025-10-29,2.5,2025-11-08,0.0,INR,RTGS,2025-11-28,Engine Components,CRITICAL,0.87,LOW,0.18,30.0,True,11.0,,,,,,,,,,,,,,,,,,,,,,,,,,,,
2025-04-28,COMP001,SUP003,,INV00472,,,,25682013.21,,PAID,Bosch Ltd,2025-04-28,0.0,,1.5,INR,NEFT,2025-05-10,Engine Components,CRITICAL,0.91,LOW,0.1,15.0,True,10.5,,,,,,,,,,,,,,,,,,,,,,,,,,,,
2025-06-29,COMP001,SUP009,,INV00473,,,,46045526.75,,PAID,Sundaram-Clayton Ltd,2025-06-29,0.0,,0.0,INR,RTGS,2025-08-11,Aluminium Castings,MEDIUM,0.6,MEDIUM,0.45,45.0,True,13.5,,,,,,,,,,,,,,,,,,,,,,,,,,,,
2025-03-30,COMP001,SUP001,,INV00474,,,,5660649.9,,PAID,Tata Steel Ltd,2025-03-30,0.0,,1.0,INR,CHEQUE,2025-04-29,Raw Materials,CRITICAL,0.93,LOW,0.12,30.0,True,11.5,,,,,,,,,,,,,,,,,,,,,,,,,,,,
2025-08-12,COMP001,SUP008,,INV00475,,,,36552561.86,,OVERDUE,Bharat Forge Ltd,2025-08-12,1.0,2025-08-27,1.5,INR,RTGS,,Forged Components,MEDIUM,0.68,MEDIUM,0.42,45.0,False,0.0,,,,,,,,,,,,,,,,,,,,,,,,,,,,
2025-05-20,COMP001,SUP003,,INV00476,,,,37350356.53,,PAID,Bosch Ltd,2025-05-20,0.0,,1.0,INR,IMPS,2025-06-01,Engine Components,CRITICAL,0.91,LOW,0.1,15.0,True,10.5,,,,,,,,,,,,,,,,,,,,,,,,,,,,
2025-07-20,COMP001,SUP013,,INV00477,,,,40814430.41,,PAID,3M India Ltd,2025-07-20,0.0,,1.0,INR,NEFT,2025-09-17,Consumables,LOW,0.28,HIGH,0.68,60.0,False,0.0,,,,,,,,,,,,,,,,,,,,,,,,,,,,
2025-09-12,COMP001,SUP006,,INV00478,,,,17228630.64,,PAID,Apollo Tyres Ltd,2025-09-12,2.0,2025-09-27,2.0,INR,RTGS,2025-10-26,Tyres,MEDIUM,0.65,MEDIUM,0.4,45.0,False,0.0,,,,,,,,,,,,,,,,,,,,,,,,,,,,
2025-02-09,COMP001,SUP012,,INV00479,,,,27428039.96,,PAID,Saint-Gobain India,2025-02-09,0.0,,2.0,INR,RTGS,2025-04-09,Glass,LOW,0.3,HIGH,0.65,60.0,False,0.0,,,,,,,,,,,,,,,,,,,,,,,,,,,,
2025-05-07,COMP001,SUP004,,INV00480,,,,26568657.48,,PAID,Denso India Pvt Ltd,2025-05-07,0.0,,2.0,INR,IMPS,2025-06-04,Engine Components,CRITICAL,0.87,LOW,0.18,30.0,True,11.0,,,,,,,,,,,,,,,,,,,,,,,,,,,,
2025-05-24,COMP001,SUP003,,INV00481,,,,34012388.6,,PAID,Bosch Ltd,2025-05-24,2.0,2025-05-31,2.0,INR,RTGS,2025-06-07,Engine Components,CRITICAL,0.91,LOW,0.1,15.0,True,10.5,,,,,,,,,,,,,,,,,,,,,,,,,,,,
2025-06-13,COMP001,SUP006,,INV00482,,,,29007436.99,,PAID,Apollo Tyres Ltd,2025-06-13,1.5,2025-06-28,1.5,INR,NEFT,2025-07-31,Tyres,MEDIUM,0.65,MEDIUM,0.4,45.0,False,0.0,,,,,,,,,,,,,,,,,,,,,,,,,,,,
2025-07-14,COMP001,SUP007,,INV00483,,,,59124520.0,,PAID,Motherson Sumi Systems Ltd,2025-07-14,0.0,,1.0,INR,RTGS,2025-08-10,Electrical,MEDIUM,0.7,MEDIUM,0.38,30.0,True,12.5,,,,,,,,,,,,,,,,,,,,,,,,,,,,
2025-12-11,COMP001,SUP010,,INV00484,,,,9013577.31,,PENDING,Valeo India Pvt Ltd,2025-12-11,0.0,,0.0,INR,IMPS,,Lighting Systems,MEDIUM,0.55,MEDIUM,0.5,60.0,False,0.0,,,,,,,,,,,,,,,,,,,,,,,,,,,,
2025-04-19,COMP001,SUP005,,INV00485,,,,30980097.84,,OVERDUE,MRF Ltd,2025-04-19,0.0,,1.0,INR,CHEQUE,,Tyres,MEDIUM,0.72,MEDIUM,0.35,45.0,True,13.0,,,,,,,,,,,,,,,,,,,,,,,,,,,,
2025-10-16,COMP001,SUP014,,INV00486,,,,10914980.63,,OVERDUE,Asian Paints Industrial,2025-10-16,1.0,2025-10-31,0.0,INR,NEFT,,Paints,LOW,0.25,HIGH,0.7,45.0,False,0.0,,,,,,,,,,,,,,,,,,,,,,,,,,,,
2025-07-24,COMP001,,CUST020,,RCV00001,,,46957391.6,,PAID,,,,,,,,2025-07-23,,,,,,,,,2025-05-25,2025-07-24,0.46,1.0,ONGC Ltd,automotive_manufacturing,60.0,HIGH,28.0,14.0,14.0,0.5,27.7,risky,,,,,,,,,,,,,,
2025-06-11,COMP001,,CUST008,,RCV00002,,,64984587.65,,PAID,,,,,,,,2025-06-08,,,,,,,,,2025-05-12,2025-06-11,0.65,0.0,Prerana Motors,automotive_manufacturing,30.0,MEDIUM,29.0,20.0,9.0,0.69,23.1,average,,,,,,,,,,,,,,
2025-09-18,COMP001,,CUST002,,RCV00003,,,78726947.47,,PAID,,,,,,,,2025-09-16,,,,,,,,,2025-08-19,2025-09-18,0.87,0.0,Pinnacle Motors,automotive_manufacturing,30.0,LOW,36.0,31.0,5.0,0.86,31.4,reliable,,,,,,,,,,,,,,
2025-03-21,COMP001,,CUST015,,RCV00004,,,22156068.25,,PAID,,,,,,,,2025-03-18,,,,,,,,,2025-02-19,2025-03-21,0.75,0.0,TCI Express Ltd,automotive_manufacturing,30.0,MEDIUM,18.0,14.0,4.0,0.78,21.8,average,,,,,,,,,,,,,,
2025-07-24,COMP001,,CUST001,,RCV00005,,,16722758.6,,PAID,,,,,,,,2025-07-23,,,,,,,,,2025-07-09,2025-07-24,0.93,0.0,Concorde Motors,automotive_manufacturing,15.0,LOW,24.0,21.0,3.0,0.88,15.3,reliable,,,,,,,,,,,,,,
2025-03-24,COMP001,,CUST006,,RCV00006,,,57708049.14,,PAID,,,,,,,,2025-03-23,,,,,,,,,2025-02-07,2025-03-24,0.67,29.0,Kiran Motors,automotive_manufacturing,45.0,MEDIUM,34.0,21.0,13.0,0.62,21.6,average,,,,,,,,,,,,,,
2025-08-08,COMP001,,CUST018,,RCV00007,,,27426621.47,,PAID,,,,,,,,2025-08-14,,,,,,,,,2025-06-24,2025-08-08,0.79,0.0,Eicher Trucks & Buses (Fleet Div),automotive_manufacturing,45.0,MEDIUM,33.0,25.0,8.0,0.76,22.4,average,,,,,,,,,,,,,,
2025-03-13,COMP001,,CUST001,,RCV00008,,,11848311.06,,PAID,,,,,,,,2025-03-11,,,,,,,,,2025-02-26,2025-03-13,0.89,0.0,Concorde Motors,automotive_manufacturing,15.0,LOW,24.0,21.0,3.0,0.88,15.3,reliable,,,,,,,,,,,,,,
2025-07-06,COMP001,,CUST012,,RCV00009,,,6915175.95,,PAID,,,,,,,,2025-07-03,,,,,,,,,2025-06-21,2025-07-06,0.9,0.0,Vinayak Motors,automotive_manufacturing,15.0,LOW,25.0,23.0,2.0,0.92,9.5,reliable,,,,,,,,,,,,,,
2025-03-28,COMP001,,CUST009,,RCV00010,,,10973159.39,,PAID,,,,,,,,2025-03-27,,,,,,,,,2025-01-27,2025-03-28,0.3,0.0,Sai Service Pvt Ltd,automotive_manufacturing,60.0,HIGH,15.0,5.0,10.0,0.33,21.6,risky,,,,,,,,,,,,,,
2025-08-06,COMP001,,CUST017,,RCV00011,,,74802744.61,,PAID,,,,,,,,2025-08-04,,,,,,,,,2025-06-22,2025-08-06,0.85,0.0,Gati Ltd,automotive_manufacturing,45.0,MEDIUM,25.0,20.0,5.0,0.8,29.6,average,,,,,,,,,,,,,,
2025-12-14,COMP001,,CUST003,,RCV00012,,,14845108.89,,PAID,,,,,,,,2025-12-11,,,,,,,,,2025-11-29,2025-12-14,0.93,0.0,Jayem Automotives,automotive_manufacturing,15.0,LOW,18.0,16.0,2.0,0.89,26.5,reliable,,,,,,,,,,,,,,
2025-12-12,COMP001,,CUST010,,RCV00013,,,47083477.8,,PAID,,,,,,,,2025-12-10,,,,,,,,,2025-10-13,2025-12-12,0.53,0.0,Shivam Autozone,automotive_manufacturing,60.0,HIGH,15.0,8.0,7.0,0.53,18.0,risky,,,,,,,,,,,,,,
2025-02-01,COMP001,,CUST013,,RCV00014,,,34405804.22,,PAID,,,,,,,,2025-02-01,,,,,,,,,2025-01-02,2025-02-01,0.94,0.0,BlueDart Express Ltd,automotive_manufacturing,30.0,LOW,23.0,21.0,2.0,0.91,24.0,reliable,,,,,,,,,,,,,,
2025-02-04,COMP001,,CUST023,,RCV00015,,,24186464.48,,PAID,,,,,,,,2025-02-03,,,,,,,,,2025-01-05,2025-02-04,0.88,0.0,Indian Railways,automotive_manufacturing,30.0,LOW,36.0,31.0,5.0,0.86,23.4,reliable,,,,,,,,,,,,,,
2025-02-17,COMP001,,CUST011,,RCV00016,,,17330106.7,,PAID,,,,,,,,2025-02-16,,,,,,,,,2025-01-18,2025-02-17,0.85,15.0,Tirupati Motors,automotive_manufacturing,30.0,LOW,22.0,19.0,3.0,0.86,26.3,reliable,,,,,,,,,,,,,,
2025-03-19,COMP001,,CUST008,,RCV00017,,,23893536.75,,PAID,,,,,,,,2025-03-16,,,,,,,,,2025-02-17,2025-03-19,0.7,0.0,Prerana Motors,automotive_manufacturing,30.0,MEDIUM,29.0,20.0,9.0,0.69,23.1,average,,,,,,,,,,,,,,
2026-01-03,COMP001,,CUST015,,RCV00018,,,75404020.42,,PENDING,,,,,,,,,,,,,,,,,2025-12-04,2026-01-03,0.82,0.0,TCI Express Ltd,automotive_manufacturing,30.0,MEDIUM,18.0,14.0,4.0,0.78,21.8,average,,,,,,,,,,,,,,
2025-05-12,COMP001,,CUST019,,RCV00019,,,12400209.53,,OVERDUE,,,,,,,,,,,,,,,,,2025-03-28,2025-05-12,0.36,13.0,Indian Army (DGOF),automotive_manufacturing,45.0,HIGH,34.0,13.0,21.0,0.38,26.5,risky,,,,,,,,,,,,,,
2025-07-03,COMP001,,CUST007,,RCV00020,,,54309266.48,,OVERDUE,,,,,,,,,,,,,,,,,2025-05-19,2025-07-03,0.59,0.0,Prabhu Motors,automotive_manufacturing,45.0,MEDIUM,32.0,19.0,13.0,0.59,23.2,average,,,,,,,,,,,,,,
2026-01-20,COMP001,,CUST025,,RCV00021,,,26315601.79,,PENDING,,,,,,,,,,,,,,,,,2025-12-06,2026-01-20,0.61,29.0,Mahindra & Mahindra,automotive_manufacturing,45.0,MEDIUM,34.0,21.0,13.0,0.62,27.8,average,,,,,,,,,,,,,,
2025-07-28,COMP001,,CUST019,,RCV00022,,,63770049.8,,OVERDUE,,,,,,,,,,,,,,,,,2025-06-13,2025-07-28,0.39,2.0,Indian Army (DGOF),automotive_manufacturing,45.0,HIGH,34.0,13.0,21.0,0.38,26.5,risky,,,,,,,,,,,,,,
2025-09-26,COMP001,,CUST015,,RCV00023,,,45081442.16,,PAID,,,,,,,,2025-09-23,,,,,,,,,2025-08-27,2025-09-26,0.75,0.0,TCI Express Ltd,automotive_manufacturing,30.0,MEDIUM,18.0,14.0,4.0,0.78,21.8,average,,,,,,,,,,,,,,
2025-11-01,COMP001,,CUST022,,RCV00024,,,65192638.74,,PAID,,,,,,,,2025-10-30,,,,,,,,,2025-10-02,2025-11-01,1.0,6.0,Tata Steel Ltd (Internal),automotive_manufacturing,30.0,LOW,23.0,22.0,1.0,0.96,15.0,reliable,,,,,,,,,,,,,,
2025-04-25,COMP001,,CUST010,,RCV00025,,,23403671.92,,PAID,,,,,,,,2025-04-25,,,,,,,,,2025-02-24,2025-04-25,0.52,0.0,Shivam Autozone,automotive_manufacturing,60.0,HIGH,15.0,8.0,7.0,0.53,18.0,risky,,,,,,,,,,,,,,
2025-10-19,COMP001,,CUST014,,RCV00026,,,14866097.55,,OVERDUE,,,,,,,,,,,,,,,,,2025-09-19,2025-10-19,0.85,0.0,Rivigo Services Pvt Ltd,automotive_manufacturing,30.0,MEDIUM,21.0,17.0,4.0,0.81,24.5,average,,,,,,,,,,,,,,
2025-04-28,COMP001,,CUST015,,RCV00027,,,29555302.85,,PAID,,,,,,,,2025-05-03,,,,,,,,,2025-03-29,2025-04-28,0.81,24.0,TCI Express Ltd,automotive_manufacturing,30.0,MEDIUM,18.0,14.0,4.0,0.78,21.8,average,,,,,,,,,,,,,,
2025-09-24,COMP001,,CUST019,,RCV00028,,,56882007.59,,PAID,,,,,,,,2025-10-21,,,,,,,,,2025-08-10,2025-09-24,0.39,34.0,Indian Army (DGOF),automotive_manufacturing,45.0,HIGH,34.0,13.0,21.0,0.38,26.5,risky,,,,,,,,,,,,,,
2025-04-03,COMP001,,CUST009,,RCV00029,,,61519968.26,,PAID,,,,,,,,2025-04-12,,,,,,,,,2025-02-02,2025-04-03,0.28,26.0,Sai Service Pvt Ltd,automotive_manufacturing,60.0,HIGH,15.0,5.0,10.0,0.33,21.6,risky,,,,,,,,,,,,,,
2025-05-30,COMP001,,CUST018,,RCV00030,,,28715012.03,,PAID,,,,,,,,2025-05-30,,,,,,,,,2025-04-15,2025-05-30,0.8,0.0,Eicher Trucks & Buses (Fleet Div),automotive_manufacturing,45.0,MEDIUM,33.0,25.0,8.0,0.76,22.4,average,,,,,,,,,,,,,,
2025-12-27,COMP001,,CUST014,,RCV00031,,,29151993.47,,PAID,,,,,,,,2025-12-27,,,,,,,,,2025-11-27,2025-12-27,0.85,0.0,Rivigo Services Pvt Ltd,automotive_manufacturing,30.0,MEDIUM,21.0,17.0,4.0,0.81,24.5,average,,,,,,,,,,,,,,
2025-06-01,COMP001,,CUST018,,RCV00032,,,4377765.42,,OVERDUE,,,,,,,,,,,,,,,,,2025-04-17,2025-06-01,0.8,0.0,Eicher Trucks & Buses (Fleet Div),automotive_manufacturing,45.0,MEDIUM,33.0,25.0,8.0,0.76,22.4,average,,,,,,,,,,,,,,
2025-04-27,COMP001,,CUST021,,RCV00033,,,58250158.21,,OVERDUE,,,,,,,,,,,,,,,,,2025-04-12,2025-04-27,0.86,0.0,NTPC Ltd,automotive_manufacturing,15.0,LOW,21.0,18.0,3.0,0.86,19.0,reliable,,,,,,,,,,,,,,
2025-09-10,COMP001,,CUST011,,RCV00034,,,43403373.29,,PAID,,,,,,,,2025-09-08,,,,,,,,,2025-08-11,2025-09-10,0.85,0.0,Tirupati Motors,automotive_manufacturing,30.0,LOW,22.0,19.0,3.0,0.86,26.3,reliable,,,,,,,,,,,,,,
2025-06-04,COMP001,,CUST001,,RCV00035,,,12012579.11,,PAID,,,,,,,,2025-06-03,,,,,,,,,2025-05-20,2025-06-04,0.89,0.0,Concorde Motors,automotive_manufacturing,15.0,LOW,24.0,21.0,3.0,0.88,15.3,reliable,,,,,,,,,,,,,,
2025-09-12,COMP001,,CUST010,,RCV00036,,,32253868.02,,PAID,,,,,,,,2025-09-09,,,,,,,,,2025-07-14,2025-09-12,0.57,25.0,Shivam Autozone,automotive_manufacturing,60.0,HIGH,15.0,8.0,7.0,0.53,18.0,risky,,,,,,,,,,,,,,
2025-10-20,COMP001,,CUST012,,RCV00037,,,39655326.7,,PAID,,,,,,,,2025-10-18,,,,,,,,,2025-10-05,2025-10-20,0.93,0.0,Vinayak Motors,automotive_manufacturing,15.0,LOW,25.0,23.0,2.0,0.92,9.5,reliable,,,,,,,,,,,,,,
2025-11-23,COMP001,,CUST017,,RCV00038,,,70555775.67,,PAID,,,,,,,,2025-12-17,,,,,,,,,2025-10-09,2025-11-23,0.8,31.0,Gati Ltd,automotive_manufacturing,45.0,MEDIUM,25.0,20.0,5.0,0.8,29.6,average,,,,,,,,,,,,,,
2025-03-18,COMP001,,CUST009,,RCV00039,,,48951493.56,,PAID,,,,,,,,2025-03-18,,,,,,,,,2025-01-17,2025-03-18,0.3,1.0,Sai Service Pvt Ltd,automotive_manufacturing,60.0,HIGH,15.0,5.0,10.0,0.33,21.6,risky,,,,,,,,,,,,,,
2025-07-06,COMP001,,CUST004,,RCV00040,,,64134521.89,,PAID,,,,,,,,2025-07-17,,,,,,,,,2025-05-22,2025-07-06,0.68,24.0,Ganganagar Motors,automotive_manufacturing,45.0,MEDIUM,33.0,21.0,12.0,0.64,23.6,average,,,,,,,,,,,,,,
2026-01-08,COMP001,,CUST007,,RCV00041,,,78880844.34,,PENDING,,,,,,,,,,,,,,,,,2025-11-24,2026-01-08,0.62,0.0,Prabhu Motors,automotive_manufacturing,45.0,MEDIUM,32.0,19.0,13.0,0.59,23.2,average,,,,,,,,,,,,,,
2025-10-26,COMP001,,CUST002,,RCV00042,,,28362221.48,,PAID,,,,,,,,2025-10-24,,,,,,,,,2025-09-26,2025-10-26,0.83,0.0,Pinnacle Motors,automotive_manufacturing,30.0,LOW,36.0,31.0,5.0,0.86,31.4,reliable,,,,,,,,,,,,,,
2025-06-10,COMP001,,CUST019,,RCV00043,,,14692309.0,,PAID,,,,,,,,2025-06-07,,,,,,,,,2025-04-26,2025-06-10,0.41,0.0,Indian Army (DGOF),automotive_manufacturing,45.0,HIGH,34.0,13.0,21.0,0.38,26.5,risky,,,,,,,,,,,,,,
2025-08-13,COMP001,,CUST009,,RCV00044,,,16117213.35,,PAID,,,,,,,,2025-08-31,,,,,,,,,2025-06-14,2025-08-13,0.36,0.0,Sai Service Pvt Ltd,automotive_manufacturing,60.0,HIGH,15.0,5.0,10.0,0.33,21.6,risky,,,,,,,,,,,,,,
2025-05-16,COMP001,,CUST023,,RCV00045,,,28445007.54,,PAID,,,,,,,,2025-05-14,,,,,,,,,2025-04-16,2025-05-16,0.9,0.0,Indian Railways,automotive_manufacturing,30.0,LOW,36.0,31.0,5.0,0.86,23.4,reliable,,,,,,,,,,,,,,
2025-03-14,COMP001,,CUST024,,RCV00046,,,52685689.76,,PAID,,,,,,,,2025-03-13,,,,,,,,,2025-01-28,2025-03-14,0.79,0.0,Ashok Leyland (Cross-supply),automotive_manufacturing,45.0,MEDIUM,16.0,13.0,3.0,0.81,31.3,average,,,,,,,,,,,,,,
2025-08-30,COMP001,,CUST022,,RCV00047,,,35912422.39,,PAID,,,,,,,,2025-08-29,,,,,,,,,2025-07-31,2025-08-30,0.91,0.0,Tata Steel Ltd (Internal),automotive_manufacturing,30.0,LOW,23.0,22.0,1.0,0.96,15.0,reliable,,,,,,,,,,,,,,
2025-12-04,COMP001,,CUST024,,RCV00048,,,76781338.38,,PAID,,,,,,,,2025-12-03,,,,,,,,,2025-10-20,2025-12-04,0.83,19.0,Ashok Leyland (Cross-supply),automotive_manufacturing,45.0,MEDIUM,16.0,13.0,3.0,0.81,31.3,average,,,,,,,,,,,,,,
2025-09-22,COMP001,,CUST007,,RCV00049,,,49323327.42,,OVERDUE,,,,,,,,,,,,,,,,,2025-08-08,2025-09-22,0.55,30.0,Prabhu Motors,automotive_manufacturing,45.0,MEDIUM,32.0,19.0,13.0,0.59,23.2,average,,,,,,,,,,,,,,
2025-06-27,COMP001,,CUST023,,RCV00050,,,19548157.43,,PAID,,,,,,,,2025-06-27,,,,,,,,,2025-05-28,2025-06-27,0.9,0.0,Indian Railways,automotive_manufacturing,30.0,LOW,36.0,31.0,5.0,0.86,23.4,reliable,,,,,,,,,,,,,,
2025-04-03,COMP001,,CUST004,,RCV00051,,,28369615.49,,PAID,,,,,,,,2025-03-31,,,,,,,,,2025-02-17,2025-04-03,0.68,0.0,Ganganagar Motors,automotive_manufacturing,45.0,MEDIUM,33.0,21.0,12.0,0.64,23.6,average,,,,,,,,,,,,,,
2025-09-06,COMP001,,CUST017,,RCV00052,,,33464025.82,,PAID,,,,,,,,2025-09-04,,,,,,,,,2025-07-23,2025-09-06,0.77,0.0,Gati Ltd,automotive_manufacturing,45.0,MEDIUM,25.0,20.0,5.0,0.8,29.6,average,,,,,,,,,,,,,,
2025-04-15,COMP001,,CUST011,,RCV00053,,,13144311.74,,PAID,,,,,,,,2025-04-13,,,,,,,,,2025-03-16,2025-04-15,0.9,0.0,Tirupati Motors,automotive_manufacturing,30.0,LOW,22.0,19.0,3.0,0.86,26.3,reliable,,,,,,,,,,,,,,
2025-11-17,COMP001,,CUST024,,RCV00054,,,9784107.31,,PAID,,,,,,,,2025-11-15,,,,,,,,,2025-10-03,2025-11-17,0.76,0.0,Ashok Leyland (Cross-supply),automotive_manufacturing,45.0,MEDIUM,16.0,13.0,3.0,0.81,31.3,average,,,,,,,,,,,,,,
2025-08-09,COMP001,,CUST007,,RCV00055,,,10592320.26,,OVERDUE,,,,,,,,,,,,,,,,,2025-06-25,2025-08-09,0.56,0.0,Prabhu Motors,automotive_manufacturing,45.0,MEDIUM,32.0,19.0,13.0,0.59,23.2,average,,,,,,,,,,,,,,
2025-03-14,COMP001,,CUST021,,RCV00056,,,50537630.38,,PAID,,,,,,,,2025-03-11,,,,,,,,,2025-02-27,2025-03-14,0.86,0.0,NTPC Ltd,automotive_manufacturing,15.0,LOW,21.0,18.0,3.0,0.86,19.0,reliable,,,,,,,,,,,,,,
2025-07-06,COMP001,,CUST007,,RCV00057,,,26391244.08,,PAID,,,,,,,,2025-07-06,,,,,,,,,2025-05-22,2025-07-06,0.56,0.0,Prabhu Motors,automotive_manufacturing,45.0,MEDIUM,32.0,19.0,13.0,0.59,23.2,average,,,,,,,,,,,,,,
2025-04-21,COMP001,,CUST001,,RCV00058,,,75477601.06,,PAID,,,,,,,,2025-04-25,,,,,,,,,2025-04-06,2025-04-21,0.89,0.0,Concorde Motors,automotive_manufacturing,15.0,LOW,24.0,21.0,3.0,0.88,15.3,reliable,,,,,,,,,,,,,,
2025-03-04,COMP001,,CUST020,,RCV00059,,,26250276.95,,PAID,,,,,,,,2025-03-04,,,,,,,,,2025-01-03,2025-03-04,0.53,20.0,ONGC Ltd,automotive_manufacturing,60.0,HIGH,28.0,14.0,14.0,0.5,27.7,risky,,,,,,,,,,,,,,
2025-12-30,COMP001,,CUST025,,RCV00060,,,75004637.69,,PAID,,,,,,,,2025-12-29,,,,,,,,,2025-11-15,2025-12-30,0.63,0.0,Mahindra & Mahindra,automotive_manufacturing,45.0,MEDIUM,34.0,21.0,13.0,0.62,27.8,average,,,,,,,,,,,,,,
2026-01-09,COMP001,,CUST013,,RCV00061,,,71514668.37,,PENDING,,,,,,,,,,,,,,,,,2025-12-10,2026-01-09,0.92,0.0,BlueDart Express Ltd,automotive_manufacturing,30.0,LOW,23.0,21.0,2.0,0.91,24.0,reliable,,,,,,,,,,,,,,
2025-11-19,COMP001,,CUST021,,RCV00062,,,72814026.58,,PAID,,,,,,,,2025-11-30,,,,,,,,,2025-11-04,2025-11-19,0.87,0.0,NTPC Ltd,automotive_manufacturing,15.0,LOW,21.0,18.0,3.0,0.86,19.0,reliable,,,,,,,,,,,,,,
2025-03-26,COMP001,,CUST021,,RCV00063,,,60052361.69,,PAID,,,,,,,,2025-03-24,,,,,,,,,2025-03-11,2025-03-26,0.85,0.0,NTPC Ltd,automotive_manufacturing,15.0,LOW,21.0,18.0,3.0,0.86,19.0,reliable,,,,,,,,,,,,,,
2025-05-09,COMP001,,CUST011,,RCV00064,,,44173442.02,,PAID,,,,,,,,2025-05-08,,,,,,,,,2025-04-09,2025-05-09,0.87,24.0,Tirupati Motors,automotive_manufacturing,30.0,LOW,22.0,19.0,3.0,0.86,26.3,reliable,,,,,,,,,,,,,,
2026-01-02,COMP001,,CUST005,,RCV00065,,,20763221.69,,PENDING,,,,,,,,,,,,,,,,,2025-12-03,2026-01-02,0.61,24.0,Bimal Auto Agency,automotive_manufacturing,30.0,MEDIUM,29.0,17.0,12.0,0.59,23.8,average,,,,,,,,,,,,,,
2025-09-16,COMP001,,CUST001,,RCV00066,,,67979238.45,,PAID,,,,,,,,2025-09-14,,,,,,,,,2025-09-01,2025-09-16,0.84,0.0,Concorde Motors,automotive_manufacturing,15.0,LOW,24.0,21.0,3.0,0.88,15.3,reliable,,,,,,,,,,,,,,
2025-04-25,COMP001,,CUST008,,RCV00067,,,72602567.21,,PAID,,,,,,,,2025-04-24,,,,,,,,,2025-03-26,2025-04-25,0.7,0.0,Prerana Motors,automotive_manufacturing,30.0,MEDIUM,29.0,20.0,9.0,0.69,23.1,average,,,,,,,,,,,,,,
2025-07-12,COMP001,,CUST017,,RCV00068,,,23323726.52,,PAID,,,,,,,,2025-07-10,,,,,,,,,2025-05-28,2025-07-12,0.78,0.0,Gati Ltd,automotive_manufacturing,45.0,MEDIUM,25.0,20.0,5.0,0.8,29.6,average,,,,,,,,,,,,,,
2025-05-15,COMP001,,CUST017,,RCV00069,,,12955242.14,,PAID,,,,,,,,2025-05-14,,,,,,,,,2025-03-31,2025-05-15,0.83,0.0,Gati Ltd,automotive_manufacturing,45.0,MEDIUM,25.0,20.0,5.0,0.8,29.6,average,,,,,,,,,,,,,,
2025-06-02,COMP001,,CUST013,,RCV00070,,,28365733.33,,PAID,,,,,,,,2025-06-01,,,,,,,,,2025-05-03,2025-06-02,0.94,28.0,BlueDart Express Ltd,automotive_manufacturing,30.0,LOW,23.0,21.0,2.0,0.91,24.0,reliable,,,,,,,,,,,,,,
2025-08-14,COMP001,,CUST004,,RCV00071,,,9933398.98,,PAID,,,,,,,,2025-08-12,,,,,,,,,2025-06-30,2025-08-14,0.6,0.0,Ganganagar Motors,automotive_manufacturing,45.0,MEDIUM,33.0,21.0,12.0,0.64,23.6,average,,,,,,,,,,,,,,
2025-07-06,COMP001,,CUST002,,RCV00072,,,16497519.56,,PAID,,,,,,,,2025-07-06,,,,,,,,,2025-06-06,2025-07-06,0.83,0.0,Pinnacle Motors,automotive_manufacturing,30.0,LOW,36.0,31.0,5.0,0.86,31.4,reliable,,,,,,,,,,,,,,
2025-08-30,COMP001,,CUST020,,RCV00073,,,25562665.28,,PAID,,,,,,,,2025-08-28,,,,,,,,,2025-07-01,2025-08-30,0.51,21.0,ONGC Ltd,automotive_manufacturing,60.0,HIGH,28.0,14.0,14.0,0.5,27.7,risky,,,,,,,,,,,,,,
2025-10-31,COMP001,,CUST018,,RCV00074,,,36013000.03,,PAID,,,,,,,,2025-10-31,,,,,,,,,2025-09-16,2025-10-31,0.74,15.0,Eicher Trucks & Buses (Fleet Div),automotive_manufacturing,45.0,MEDIUM,33.0,25.0,8.0,0.76,22.4,average,,,,,,,,,,,,,,
2025-11-20,COMP001,,CUST021,,RCV00075,,,79218146.62,,PAID,,,,,,,,2025-11-17,,,,,,,,,2025-11-05,2025-11-20,0.83,0.0,NTPC Ltd,automotive_manufacturing,15.0,LOW,21.0,18.0,3.0,0.86,19.0,reliable,,,,,,,,,,,,,,
2025-09-23,COMP001,,CUST014,,RCV00076,,,29701783.53,,PAID,,,,,,,,2025-09-23,,,,,,,,,2025-08-24,2025-09-23,0.78,0.0,Rivigo Services Pvt Ltd,automotive_manufacturing,30.0,MEDIUM,21.0,17.0,4.0,0.81,24.5,average,,,,,,,,,,,,,,
2025-10-06,COMP001,,CUST007,,RCV00077,,,74476274.28,,PAID,,,,,,,,2025-10-05,,,,,,,,,2025-08-22,2025-10-06,0.55,0.0,Prabhu Motors,automotive_manufacturing,45.0,MEDIUM,32.0,19.0,13.0,0.59,23.2,average,,,,,,,,,,,,,,
2025-10-17,COMP001,,CUST018,,RCV00078,,,67565084.51,,PAID,,,,,,,,2025-10-16,,,,,,,,,2025-09-02,2025-10-17,0.75,22.0,Eicher Trucks & Buses (Fleet Div),automotive_manufacturing,45.0,MEDIUM,33.0,25.0,8.0,0.76,22.4,average,,,,,,,,,,,,,,
2025-03-17,COMP001,,CUST010,,RCV00079,,,69108335.25,,OVERDUE,,,,,,,,,,,,,,,,,2025-01-16,2025-03-17,0.52,11.0,Shivam Autozone,automotive_manufacturing,60.0,HIGH,15.0,8.0,7.0,0.53,18.0,risky,,,,,,,,,,,,,,
2025-04-13,COMP001,,CUST014,,RCV00080,,,27122264.19,,OVERDUE,,,,,,,,,,,,,,,,,2025-03-14,2025-04-13,0.8,0.0,Rivigo Services Pvt Ltd,automotive_manufacturing,30.0,MEDIUM,21.0,17.0,4.0,0.81,24.5,average,,,,,,,,,,,,,,
2025-10-15,COMP001,,CUST006,,RCV00081,,,31076296.06,,OVERDUE,,,,,,,,,,,,,,,,,2025-08-31,2025-10-15,0.67,0.0,Kiran Motors,automotive_manufacturing,45.0,MEDIUM,34.0,21.0,13.0,0.62,21.6,average,,,,,,,,,,,,,,
2025-08-20,COMP001,,CUST006,,RCV00082,,,3614697.65,,OVERDUE,,,,,,,,,,,,,,,,,2025-07-06,2025-08-20,0.58,25.0,Kiran Motors,automotive_manufacturing,45.0,MEDIUM,34.0,21.0,13.0,0.62,21.6,average,,,,,,,,,,,,,,
2025-06-28,COMP001,,CUST021,,RCV00083,,,48546819.51,,PAID,,,,,,,,2025-06-27,,,,,,,,,2025-06-13,2025-06-28,0.84,0.0,NTPC Ltd,automotive_manufacturing,15.0,LOW,21.0,18.0,3.0,0.86,19.0,reliable,,,,,,,,,,,,,,
2025-10-01,COMP001,,CUST010,,RCV00084,,,42882370.21,,PAID,,,,,,,,2025-09-28,,,,,,,,,2025-08-02,2025-10-01,0.57,0.0,Shivam Autozone,automotive_manufacturing,60.0,HIGH,15.0,8.0,7.0,0.53,18.0,risky,,,,,,,,,,,,,,
2025-04-04,COMP001,,CUST025,,RCV00085,,,43040986.27,,PAID,,,,,,,,2025-04-04,,,,,,,,,2025-02-18,2025-04-04,0.66,0.0,Mahindra & Mahindra,automotive_manufacturing,45.0,MEDIUM,34.0,21.0,13.0,0.62,27.8,average,,,,,,,,,,,,,,
2025-08-01,COMP001,,CUST014,,RCV00086,,,10438328.57,,PAID,,,,,,,,2025-07-30,,,,,,,,,2025-07-02,2025-08-01,0.79,0.0,Rivigo Services Pvt Ltd,automotive_manufacturing,30.0,MEDIUM,21.0,17.0,4.0,0.81,24.5,average,,,,,,,,,,,,,,
2025-12-03,COMP001,,CUST008,,RCV00087,,,5708399.44,,PAID,,,,,,,,2025-12-02,,,,,,,,,2025-11-03,2025-12-03,0.7,0.0,Prerana Motors,automotive_manufacturing,30.0,MEDIUM,29.0,20.0,9.0,0.69,23.1,average,,,,,,,,,,,,,,
2025-12-21,COMP001,,CUST003,,RCV00088,,,39689517.8,,PAID,,,,,,,,2025-12-28,,,,,,,,,2025-12-06,2025-12-21,0.89,0.0,Jayem Automotives,automotive_manufacturing,15.0,LOW,18.0,16.0,2.0,0.89,26.5,reliable,,,,,,,,,,,,,,
2025-06-20,COMP001,,CUST015,,RCV00089,,,20449586.59,,PAID,,,,,,,,2025-06-18,,,,,,,,,2025-05-21,2025-06-20,0.82,11.0,TCI Express Ltd,automotive_manufacturing,30.0,MEDIUM,18.0,14.0,4.0,0.78,21.8,average,,,,,,,,,,,,,,
2025-03-09,COMP001,,CUST009,,RCV00090,,,63592906.76,,PAID,,,,,,,,2025-03-30,,,,,,,,,2025-01-08,2025-03-09,0.36,17.0,Sai Service Pvt Ltd,automotive_manufacturing,60.0,HIGH,15.0,5.0,10.0,0.33,21.6,risky,,,,,,,,,,,,,,
2025-03-19,COMP001,,CUST021,,RCV00091,,,25825955.64,,PAID,,,,,,,,2025-03-17,,,,,,,,,2025-03-04,2025-03-19,0.82,0.0,NTPC Ltd,automotive_manufacturing,15.0,LOW,21.0,18.0,3.0,0.86,19.0,reliable,,,,,,,,,,,,,,
2025-12-23,COMP001,,CUST022,,RCV00092,,,42380848.78,,PAID,,,,,,,,2025-12-21,,,,,,,,,2025-11-23,2025-12-23,0.97,0.0,Tata Steel Ltd (Internal),automotive_manufacturing,30.0,LOW,23.0,22.0,1.0,0.96,15.0,reliable,,,,,,,,,,,,,,
2025-11-24,COMP001,,CUST006,,RCV00093,,,52132706.68,,PAID,,,,,,,,2025-11-22,,,,,,,,,2025-10-10,2025-11-24,0.64,0.0,Kiran Motors,automotive_manufacturing,45.0,MEDIUM,34.0,21.0,13.0,0.62,21.6,average,,,,,,,,,,,,,,
2025-06-09,COMP001,,CUST009,,RCV00094,,,75853466.16,,PAID,,,,,,,,2025-06-27,,,,,,,,,2025-04-10,2025-06-09,0.33,22.0,Sai Service Pvt Ltd,automotive_manufacturing,60.0,HIGH,15.0,5.0,10.0,0.33,21.6,risky,,,,,,,,,,,,,,
2025-03-14,COMP001,,CUST014,,RCV00095,,,31433276.23,,PAID,,,,,,,,2025-03-14,,,,,,,,,2025-02-12,2025-03-14,0.82,0.0,Rivigo Services Pvt Ltd,automotive_manufacturing,30.0,MEDIUM,21.0,17.0,4.0,0.81,24.5,average,,,,,,,,,,,,,,
2025-09-16,COMP001,,CUST019,,RCV00096,,,74613363.03,,OVERDUE,,,,,,,,,,,,,,,,,2025-08-02,2025-09-16,0.41,0.0,Indian Army (DGOF),automotive_manufacturing,45.0,HIGH,34.0,13.0,21.0,0.38,26.5,risky,,,,,,,,,,,,,,
2025-05-22,COMP001,,CUST003,,RCV00097,,,8844799.42,,PAID,,,,,,,,2025-05-20,,,,,,,,,2025-05-07,2025-05-22,0.91,0.0,Jayem Automotives,automotive_manufacturing,15.0,LOW,18.0,16.0,2.0,0.89,26.5,reliable,,,,,,,,,,,,,,
2025-09-13,COMP001,,CUST010,,RCV00098,,,65855180.99,,PAID,,,,,,,,2025-09-11,,,,,,,,,2025-07-15,2025-09-13,0.56,9.0,Shivam Autozone,automotive_manufacturing,60.0,HIGH,15.0,8.0,7.0,0.53,18.0,risky,,,,,,,,,,,,,,
2025-12-21,COMP001,,CUST003,,RCV00099,,,37278636.88,,PAID,,,,,,,,2025-12-21,,,,,,,,,2025-12-06,2025-12-21,0.9,0.0,Jayem Automotives,automotive_manufacturing,15.0,LOW,18.0,16.0,2.0,0.89,26.5,reliable,,,,,,,,,,,,,,
2025-06-14,COMP001,,CUST024,,RCV00100,,,74594141.13,,PAID,,,,,,,,2025-06-14,,,,,,,,,2025-04-30,2025-06-14,0.85,0.0,Ashok Leyland (Cross-supply),automotive_manufacturing,45.0,MEDIUM,16.0,13.0,3.0,0.81,31.3,average,,,,,,,,,,,,,,
2025-03-25,COMP001,,CUST019,,RCV00101,,,65265190.69,,OVERDUE,,,,,,,,,,,,,,,,,2025-02-08,2025-03-25,0.36,0.0,Indian Army (DGOF),automotive_manufacturing,45.0,HIGH,34.0,13.0,21.0,0.38,26.5,risky,,,,,,,,,,,,,,
2025-10-15,COMP001,,CUST022,,RCV00102,,,27248561.03,,PAID,,,,,,,,2025-10-13,,,,,,,,,2025-09-15,2025-10-15,0.95,0.0,Tata Steel Ltd (Internal),automotive_manufacturing,30.0,LOW,23.0,22.0,1.0,0.96,15.0,reliable,,,,,,,,,,,,,,
2025-07-29,COMP001,,CUST008,,RCV00103,,,16994671.14,,PAID,,,,,,,,2025-07-28,,,,,,,,,2025-06-29,2025-07-29,0.71,25.0,Prerana Motors,automotive_manufacturing,30.0,MEDIUM,29.0,20.0,9.0,0.69,23.1,average,,,,,,,,,,,,,,
2025-11-27,COMP001,,CUST014,,RCV00104,,,35338026.66,,PAID,,,,,,,,2025-11-26,,,,,,,,,2025-10-28,2025-11-27,0.78,0.0,Rivigo Services Pvt Ltd,automotive_manufacturing,30.0,MEDIUM,21.0,17.0,4.0,0.81,24.5,average,,,,,,,,,,,,,,
2025-12-03,COMP001,,CUST011,,RCV00105,,,11450590.75,,PAID,,,,,,,,2025-12-03,,,,,,,,,2025-11-03,2025-12-03,0.89,0.0,Tirupati Motors,automotive_manufacturing,30.0,LOW,22.0,19.0,3.0,0.86,26.3,reliable,,,,,,,,,,,,,,
2025-09-11,COMP001,,CUST022,,RCV00106,,,23839110.31,,PAID,,,,,,,,2025-09-09,,,,,,,,,2025-08-12,2025-09-11,0.91,0.0,Tata Steel Ltd (Internal),automotive_manufacturing,30.0,LOW,23.0,22.0,1.0,0.96,15.0,reliable,,,,,,,,,,,,,,
2025-02-14,COMP001,,CUST014,,RCV00107,,,14917858.7,,PAID,,,,,,,,2025-02-14,,,,,,,,,2025-01-15,2025-02-14,0.8,0.0,Rivigo Services Pvt Ltd,automotive_manufacturing,30.0,MEDIUM,21.0,17.0,4.0,0.81,24.5,average,,,,,,,,,,,,,,
2025-09-10,COMP001,,CUST011,,RCV00108,,,54878147.72,,PAID,,,,,,,,2025-09-09,,,,,,,,,2025-08-11,2025-09-10,0.86,0.0,Tirupati Motors,automotive_manufacturing,30.0,LOW,22.0,19.0,3.0,0.86,26.3,reliable,,,,,,,,,,,,,,
2025-03-10,COMP001,,CUST022,,RCV00109,,,25187691.59,,PAID,,,,,,,,2025-03-07,,,,,,,,,2025-02-08,2025-03-10,0.95,12.0,Tata Steel Ltd (Internal),automotive_manufacturing,30.0,LOW,23.0,22.0,1.0,0.96,15.0,reliable,,,,,,,,,,,,,,
2025-12-20,COMP001,,CUST002,,RCV00110,,,61570641.27,,PAID,,,,,,,,2025-12-19,,,,,,,,,2025-11-20,2025-12-20,0.86,0.0,Pinnacle Motors,automotive_manufacturing,30.0,LOW,36.0,31.0,5.0,0.86,31.4,reliable,,,,,,,,,,,,,,
2025-05-07,COMP001,,CUST021,,RCV00111,,,68771752.81,,PAID,,,,,,,,2025-05-07,,,,,,,,,2025-04-22,2025-05-07,0.82,0.0,NTPC Ltd,automotive_manufacturing,15.0,LOW,21.0,18.0,3.0,0.86,19.0,reliable,,,,,,,,,,,,,,
2025-08-05,COMP001,,CUST022,,RCV00112,,,36713034.01,,PAID,,,,,,,,2025-08-02,,,,,,,,,2025-07-06,2025-08-05,0.96,0.0,Tata Steel Ltd (Internal),automotive_manufacturing,30.0,LOW,23.0,22.0,1.0,0.96,15.0,reliable,,,,,,,,,,,,,,
2025-05-06,COMP001,,CUST005,,RCV00113,,,73903188.1,,PAID,,,,,,,,2025-05-04,,,,,,,,,2025-04-06,2025-05-06,0.62,0.0,Bimal Auto Agency,automotive_manufacturing,30.0,MEDIUM,29.0,17.0,12.0,0.59,23.8,average,,,,,,,,,,,,,,
2025-09-02,COMP001,,CUST016,,RCV00114,,,9454700.9,,OVERDUE,,,,,,,,,,,,,,,,,2025-07-19,2025-09-02,0.65,13.0,VRL Logistics Ltd,automotive_manufacturing,45.0,MEDIUM,26.0,18.0,8.0,0.69,23.2,average,,,,,,,,,,,,,,
2025-06-10,COMP001,,CUST005,,RCV00115,,,57303111.3,,PAID,,,,,,,,2025-06-08,,,,,,,,,2025-05-11,2025-06-10,0.62,21.0,Bimal Auto Agency,automotive_manufacturing,30.0,MEDIUM,29.0,17.0,12.0,0.59,23.8,average,,,,,,,,,,,,,,
2025-03-01,COMP001,,CUST007,,RCV00116,,,39848115.08,,OVERDUE,,,,,,,,,,,,,,,,,2025-01-15,2025-03-01,0.57,0.0,Prabhu Motors,automotive_manufacturing,45.0,MEDIUM,32.0,19.0,13.0,0.59,23.2,average,,,,,,,,,,,,,,
2025-05-22,COMP001,,CUST017,,RCV00117,,,19193295.83,,PAID,,,,,,,,2025-05-22,,,,,,,,,2025-04-07,2025-05-22,0.75,0.0,Gati Ltd,automotive_manufacturing,45.0,MEDIUM,25.0,20.0,5.0,0.8,29.6,average,,,,,,,,,,,,,,
2025-12-01,COMP001,,CUST005,,RCV00118,,,77786235.87,,PAID,,,,,,,,2025-11-29,,,,,,,,,2025-11-01,2025-12-01,0.59,24.0,Bimal Auto Agency,automotive_manufacturing,30.0,MEDIUM,29.0,17.0,12.0,0.59,23.8,average,,,,,,,,,,,,,,
2025-11-30,COMP001,,CUST009,,RCV00119,,,78587565.59,,PAID,,,,,,,,2025-12-21,,,,,,,,,2025-10-01,2025-11-30,0.33,8.0,Sai Service Pvt Ltd,automotive_manufacturing,60.0,HIGH,15.0,5.0,10.0,0.33,21.6,risky,,,,,,,,,,,,,,
2025-07-15,COMP001,,CUST017,,RCV00120,,,24194088.84,,PAID,,,,,,,,2025-07-13,,,,,,,,,2025-05-31,2025-07-15,0.77,0.0,Gati Ltd,automotive_manufacturing,45.0,MEDIUM,25.0,20.0,5.0,0.8,29.6,average,,,,,,,,,,,,,,
2025-07-06,COMP001,,CUST011,,RCV00121,,,52183330.49,,PAID,,,,,,,,2025-07-05,,,,,,,,,2025-06-06,2025-07-06,0.89,0.0,Tirupati Motors,automotive_manufacturing,30.0,LOW,22.0,19.0,3.0,0.86,26.3,reliable,,,,,,,,,,,,,,
2025-03-28,COMP001,,CUST005,,RCV00122,,,55961964.47,,PAID,,,,,,,,2025-03-26,,,,,,,,,2025-02-26,2025-03-28,0.59,0.0,Bimal Auto Agency,automotive_manufacturing,30.0,MEDIUM,29.0,17.0,12.0,0.59,23.8,average,,,,,,,,,,,,,,
2025-04-18,COMP001,,CUST021,,RCV00123,,,58240244.36,,PAID,,,,,,,,2025-04-18,,,,,,,,,2025-04-03,2025-04-18,0.83,0.0,NTPC Ltd,automotive_manufacturing,15.0,LOW,21.0,18.0,3.0,0.86,19.0,reliable,,,,,,,,,,,,,,
2025-09-12,COMP001,,CUST020,,RCV00124,,,51752615.61,,OVERDUE,,,,,,,,,,,,,,,,,2025-07-14,2025-09-12,0.48,0.0,ONGC Ltd,automotive_manufacturing,60.0,HIGH,28.0,14.0,14.0,0.5,27.7,risky,,,,,,,,,,,,,,
2025-12-14,COMP001,,CUST023,,RCV00125,,,8978713.65,,PAID,,,,,,,,2025-12-31,,,,,,,,,2025-11-14,2025-12-14,0.81,0.0,Indian Railways,automotive_manufacturing,30.0,LOW,36.0,31.0,5.0,0.86,23.4,reliable,,,,,,,,,,,,,,
2025-07-18,COMP001,,CUST022,,RCV00126,,,77310285.94,,PAID,,,,,,,,2025-07-15,,,,,,,,,2025-06-18,2025-07-18,0.91,0.0,Tata Steel Ltd (Internal),automotive_manufacturing,30.0,LOW,23.0,22.0,1.0,0.96,15.0,reliable,,,,,,,,,,,,,,
2025-09-07,COMP001,,CUST008,,RCV00127,,,19045751.67,,PAID,,,,,,,,2025-09-07,,,,,,,,,2025-08-08,2025-09-07,0.66,33.0,Prerana Motors,automotive_manufacturing,30.0,MEDIUM,29.0,20.0,9.0,0.69,23.1,average,,,,,,,,,,,,,,
2025-02-19,COMP001,,CUST004,,RCV00128,,,4487116.29,,PAID,,,,,,,,2025-02-19,,,,,,,,,2025-01-05,2025-02-19,0.65,0.0,Ganganagar Motors,automotive_manufacturing,45.0,MEDIUM,33.0,21.0,12.0,0.64,23.6,average,,,,,,,,,,,,,,
2025-10-05,COMP001,,CUST009,,RCV00129,,,50192456.36,,PAID,,,,,,,,2025-10-31,,,,,,,,,2025-08-06,2025-10-05,0.35,15.0,Sai Service Pvt Ltd,automotive_manufacturing,60.0,HIGH,15.0,5.0,10.0,0.33,21.6,risky,,,,,,,,,,,,,,
2025-04-22,COMP001,,CUST007,,RCV00130,,,62542143.39,,PAID,,,,,,,,2025-04-19,,,,,,,,,2025-03-08,2025-04-22,0.62,0.0,Prabhu Motors,automotive_manufacturing,45.0,MEDIUM,32.0,19.0,13.0,0.59,23.2,average,,,,,,,,,,,,,,
2025-05-22,COMP001,,CUST009,,RCV00131,,,78738212.54,,PAID,,,,,,,,2025-05-20,,,,,,,,,2025-03-23,2025-05-22,0.33,19.0,Sai Service Pvt Ltd,automotive_manufacturing,60.0,HIGH,15.0,5.0,10.0,0.33,21.6,risky,,,,,,,,,,,,,,
2025-07-13,COMP001,,CUST011,,RCV00132,,,32340132.46,,PAID,,,,,,,,2025-07-11,,,,,,,,,2025-06-13,2025-07-13,0.91,0.0,Tirupati Motors,automotive_manufacturing,30.0,LOW,22.0,19.0,3.0,0.86,26.3,reliable,,,,,,,,,,,,,,
2025-12-01,COMP001,,CUST011,,RCV00133,,,36572600.13,,PAID,,,,,,,,2025-11-28,,,,,,,,,2025-11-01,2025-12-01,0.87,0.0,Tirupati Motors,automotive_manufacturing,30.0,LOW,22.0,19.0,3.0,0.86,26.3,reliable,,,,,,,,,,,,,,
2025-07-31,COMP001,,CUST006,,RCV00134,,,73551205.41,,OVERDUE,,,,,,,,,,,,,,,,,2025-06-16,2025-07-31,0.62,0.0,Kiran Motors,automotive_manufacturing,45.0,MEDIUM,34.0,21.0,13.0,0.62,21.6,average,,,,,,,,,,,,,,
2025-12-09,COMP001,,CUST017,,RCV00135,,,65206449.94,,PAID,,,,,,,,2026-01-07,,,,,,,,,2025-10-25,2025-12-09,0.77,0.0,Gati Ltd,automotive_manufacturing,45.0,MEDIUM,25.0,20.0,5.0,0.8,29.6,average,,,,,,,,,,,,,,
2025-09-02,COMP001,,CUST008,,RCV00136,,,12944768.18,,PAID,,,,,,,,2025-08-31,,,,,,,,,2025-08-03,2025-09-02,0.68,0.0,Prerana Motors,automotive_manufacturing,30.0,MEDIUM,29.0,20.0,9.0,0.69,23.1,average,,,,,,,,,,,,,,
2026-01-01,COMP001,,CUST022,,RCV00137,,,33538185.9,,PENDING,,,,,,,,,,,,,,,,,2025-12-02,2026-01-01,0.92,0.0,Tata Steel Ltd (Internal),automotive_manufacturing,30.0,LOW,23.0,22.0,1.0,0.96,15.0,reliable,,,,,,,,,,,,,,
2025-12-09,COMP001,,CUST019,,RCV00138,,,69481001.4,,OVERDUE,,,,,,,,,,,,,,,,,2025-10-25,2025-12-09,0.39,0.0,Indian Army (DGOF),automotive_manufacturing,45.0,HIGH,34.0,13.0,21.0,0.38,26.5,risky,,,,,,,,,,,,,,
2025-06-27,COMP001,,CUST024,,RCV00139,,,11802104.41,,PAID,,,,,,,,2025-06-26,,,,,,,,,2025-05-13,2025-06-27,0.84,0.0,Ashok Leyland (Cross-supply),automotive_manufacturing,45.0,MEDIUM,16.0,13.0,3.0,0.81,31.3,average,,,,,,,,,,,,,,
2025-07-08,COMP001,,CUST014,,RCV00140,,,19569685.76,,PAID,,,,,,,,2025-07-06,,,,,,,,,2025-06-08,2025-07-08,0.79,0.0,Rivigo Services Pvt Ltd,automotive_manufacturing,30.0,MEDIUM,21.0,17.0,4.0,0.81,24.5,average,,,,,,,,,,,,,,
2025-02-27,COMP001,,CUST004,,RCV00141,,,37919856.17,,OVERDUE,,,,,,,,,,,,,,,,,2025-01-13,2025-02-27,0.68,0.0,Ganganagar Motors,automotive_manufacturing,45.0,MEDIUM,33.0,21.0,12.0,0.64,23.6,average,,,,,,,,,,,,,,
2025-09-14,COMP001,,CUST005,,RCV00142,,,52979552.92,,PAID,,,,,,,,2025-09-18,,,,,,,,,2025-08-15,2025-09-14,0.64,0.0,Bimal Auto Agency,automotive_manufacturing,30.0,MEDIUM,29.0,17.0,12.0,0.59,23.8,average,,,,,,,,,,,,,,
2026-02-06,COMP001,,CUST009,,RCV00143,,,32665530.97,,PENDING,,,,,,,,,,,,,,,,,2025-12-08,2026-02-06,0.33,0.0,Sai Service Pvt Ltd,automotive_manufacturing,60.0,HIGH,15.0,5.0,10.0,0.33,21.6,risky,,,,,,,,,,,,,,
2025-05-07,COMP001,,CUST002,,RCV00144,,,2746088.74,,PAID,,,,,,,,2025-05-06,,,,,,,,,2025-04-07,2025-05-07,0.88,0.0,Pinnacle Motors,automotive_manufacturing,30.0,LOW,36.0,31.0,5.0,0.86,31.4,reliable,,,,,,,,,,,,,,
2025-11-25,COMP001,,CUST013,,RCV00145,,,56037931.37,,PAID,,,,,,,,2025-11-25,,,,,,,,,2025-10-26,2025-11-25,0.92,0.0,BlueDart Express Ltd,automotive_manufacturing,30.0,LOW,23.0,21.0,2.0,0.91,24.0,reliable,,,,,,,,,,,,,,
2026-01-21,COMP001,,CUST025,,RCV00146,,,3688296.98,,PENDING,,,,,,,,,,,,,,,,,2025-12-07,2026-01-21,0.6,0.0,Mahindra & Mahindra,automotive_manufacturing,45.0,MEDIUM,34.0,21.0,13.0,0.62,27.8,average,,,,,,,,,,,,,,
2025-02-15,COMP001,,CUST012,,RCV00147,,,39163448.01,,PAID,,,,,,,,2025-02-15,,,,,,,,,2025-01-31,2025-02-15,0.96,0.0,Vinayak Motors,automotive_manufacturing,15.0,LOW,25.0,23.0,2.0,0.92,9.5,reliable,,,,,,,,,,,,,,
2025-12-26,COMP001,,CUST025,,RCV00148,,,44015633.64,,PAID,,,,,,,,2025-12-23,,,,,,,,,2025-11-11,2025-12-26,0.63,22.0,Mahindra & Mahindra,automotive_manufacturing,45.0,MEDIUM,34.0,21.0,13.0,0.62,27.8,average,,,,,,,,,,,,,,
2025-10-15,COMP001,,CUST007,,RCV00149,,,5605774.97,,OVERDUE,,,,,,,,,,,,,,,,,2025-08-31,2025-10-15,0.61,0.0,Prabhu Motors,automotive_manufacturing,45.0,MEDIUM,32.0,19.0,13.0,0.59,23.2,average,,,,,,,,,,,,,,
2025-07-12,COMP001,,CUST007,,RCV00150,,,46308355.26,,PAID,,,,,,,,2025-07-11,,,,,,,,,2025-05-28,2025-07-12,0.63,21.0,Prabhu Motors,automotive_manufacturing,45.0,MEDIUM,32.0,19.0,13.0,0.59,23.2,average,,,,,,,,,,,,,,
2025-03-28,COMP001,,CUST004,,RCV00151,,,61572796.45,,PAID,,,,,,,,2025-03-27,,,,,,,,,2025-02-11,2025-03-28,0.65,32.0,Ganganagar Motors,automotive_manufacturing,45.0,MEDIUM,33.0,21.0,12.0,0.64,23.6,average,,,,,,,,,,,,,,
2025-10-31,COMP001,,CUST012,,RCV00152,,,22967717.18,,PAID,,,,,,,,2025-11-08,,,,,,,,,2025-10-16,2025-10-31,0.95,0.0,Vinayak Motors,automotive_manufacturing,15.0,LOW,25.0,23.0,2.0,0.92,9.5,reliable,,,,,,,,,,,,,,
2026-01-13,COMP001,,CUST022,,RCV00153,,,54140166.33,,PENDING,,,,,,,,,,,,,,,,,2025-12-14,2026-01-13,0.97,0.0,Tata Steel Ltd (Internal),automotive_manufacturing,30.0,LOW,23.0,22.0,1.0,0.96,15.0,reliable,,,,,,,,,,,,,,
2025-08-08,COMP001,,CUST001,,RCV00154,,,9172927.0,,PAID,,,,,,,,2025-08-10,,,,,,,,,2025-07-24,2025-08-08,0.85,0.0,Concorde Motors,automotive_manufacturing,15.0,LOW,24.0,21.0,3.0,0.88,15.3,reliable,,,,,,,,,,,,,,
2025-11-24,COMP001,,CUST001,,RCV00155,,,31946719.87,,PAID,,,,,,,,2025-11-24,,,,,,,,,2025-11-09,2025-11-24,0.85,0.0,Concorde Motors,automotive_manufacturing,15.0,LOW,24.0,21.0,3.0,0.88,15.3,reliable,,,,,,,,,,,,,,
2025-06-20,COMP001,,CUST013,,RCV00156,,,72358441.88,,PAID,,,,,,,,2025-06-19,,,,,,,,,2025-05-21,2025-06-20,0.89,0.0,BlueDart Express Ltd,automotive_manufacturing,30.0,LOW,23.0,21.0,2.0,0.91,24.0,reliable,,,,,,,,,,,,,,
2025-06-03,COMP001,,CUST011,,RCV00157,,,78982129.07,,PAID,,,,,,,,2025-06-02,,,,,,,,,2025-05-04,2025-06-03,0.89,0.0,Tirupati Motors,automotive_manufacturing,30.0,LOW,22.0,19.0,3.0,0.86,26.3,reliable,,,,,,,,,,,,,,
2025-02-13,COMP001,,CUST003,,RCV00158,,,31052891.78,,PAID,,,,,,,,2025-02-11,,,,,,,,,2025-01-29,2025-02-13,0.88,0.0,Jayem Automotives,automotive_manufacturing,15.0,LOW,18.0,16.0,2.0,0.89,26.5,reliable,,,,,,,,,,,,,,
2025-06-01,COMP001,,CUST015,,RCV00159,,,15832611.58,,PAID,,,,,,,,2025-05-30,,,,,,,,,2025-05-02,2025-06-01,0.74,0.0,TCI Express Ltd,automotive_manufacturing,30.0,MEDIUM,18.0,14.0,4.0,0.78,21.8,average,,,,,,,,,,,,,,
2025-03-03,COMP001,,CUST009,,RCV00160,,,57786441.06,,OVERDUE,,,,,,,,,,,,,,,,,2025-01-02,2025-03-03,0.35,0.0,Sai Service Pvt Ltd,automotive_manufacturing,60.0,HIGH,15.0,5.0,10.0,0.33,21.6,risky,,,,,,,,,,,,,,
2025-04-27,COMP001,,CUST007,,RCV00161,,,62077709.57,,PAID,,,,,,,,2025-04-27,,,,,,,,,2025-03-13,2025-04-27,0.63,17.0,Prabhu Motors,automotive_manufacturing,45.0,MEDIUM,32.0,19.0,13.0,0.59,23.2,average,,,,,,,,,,,,,,
2025-04-23,COMP001,,CUST008,,RCV00162,,,30983769.7,,PAID,,,,,,,,2025-04-21,,,,,,,,,2025-03-24,2025-04-23,0.7,0.0,Prerana Motors,automotive_manufacturing,30.0,MEDIUM,29.0,20.0,9.0,0.69,23.1,average,,,,,,,,,,,,,,
2025-07-21,COMP001,,CUST001,,RCV00163,,,40701274.68,,PAID,,,,,,,,2025-07-20,,,,,,,,,2025-07-06,2025-07-21,0.9,0.0,Concorde Motors,automotive_manufacturing,15.0,LOW,24.0,21.0,3.0,0.88,15.3,reliable,,,,,,,,,,,,,,
2025-06-14,COMP001,,CUST011,,RCV00164,,,57096239.93,,PAID,,,,,,,,2025-06-11,,,,,,,,,2025-05-15,2025-06-14,0.87,0.0,Tirupati Motors,automotive_manufacturing,30.0,LOW,22.0,19.0,3.0,0.86,26.3,reliable,,,,,,,,,,,,,,
2025-12-25,COMP001,,CUST007,,RCV00165,,,43003212.06,,OVERDUE,,,,,,,,,,,,,,,,,2025-11-10,2025-12-25,0.6,32.0,Prabhu Motors,automotive_manufacturing,45.0,MEDIUM,32.0,19.0,13.0,0.59,23.2,average,,,,,,,,,,,,,,
2025-07-10,COMP001,,CUST012,,RCV00166,,,51775681.9,,PAID,,,,,,,,2025-07-08,,,,,,,,,2025-06-25,2025-07-10,0.91,0.0,Vinayak Motors,automotive_manufacturing,15.0,LOW,25.0,23.0,2.0,0.92,9.5,reliable,,,,,,,,,,,,,,
2025-12-03,COMP001,,CUST021,,RCV00167,,,27872238.71,,PAID,,,,,,,,2025-11-30,,,,,,,,,2025-11-18,2025-12-03,0.83,0.0,NTPC Ltd,automotive_manufacturing,15.0,LOW,21.0,18.0,3.0,0.86,19.0,reliable,,,,,,,,,,,,,,
2025-05-23,COMP001,,CUST024,,RCV00168,,,56405066.04,,PAID,,,,,,,,2025-05-23,,,,,,,,,2025-04-08,2025-05-23,0.85,0.0,Ashok Leyland (Cross-supply),automotive_manufacturing,45.0,MEDIUM,16.0,13.0,3.0,0.81,31.3,average,,,,,,,,,,,,,,
2025-07-06,COMP001,,CUST025,,RCV00169,,,32517575.81,,OVERDUE,,,,,,,,,,,,,,,,,2025-05-22,2025-07-06,0.64,36.0,Mahindra & Mahindra,automotive_manufacturing,45.0,MEDIUM,34.0,21.0,13.0,0.62,27.8,average,,,,,,,,,,,,,,
2025-12-08,COMP001,,CUST023,,RCV00170,,,23323857.07,,PAID,,,,,,,,2025-12-07,,,,,,,,,2025-11-08,2025-12-08,0.84,0.0,Indian Railways,automotive_manufacturing,30.0,LOW,36.0,31.0,5.0,0.86,23.4,reliable,,,,,,,,,,,,,,
2025-08-27,COMP001,,CUST001,,RCV00171,,,20853915.88,,PAID,,,,,,,,2025-08-24,,,,,,,,,2025-08-12,2025-08-27,0.86,0.0,Concorde Motors,automotive_manufacturing,15.0,LOW,24.0,21.0,3.0,0.88,15.3,reliable,,,,,,,,,,,,,,
2025-04-24,COMP001,,CUST008,,RCV00172,,,68332949.81,,PAID,,,,,,,,2025-04-22,,,,,,,,,2025-03-25,2025-04-24,0.68,2.0,Prerana Motors,automotive_manufacturing,30.0,MEDIUM,29.0,20.0,9.0,0.69,23.1,average,,,,,,,,,,,,,,
2025-08-16,COMP001,,CUST005,,RCV00173,,,35478730.91,,PAID,,,,,,,,2025-08-16,,,,,,,,,2025-07-17,2025-08-16,0.59,0.0,Bimal Auto Agency,automotive_manufacturing,30.0,MEDIUM,29.0,17.0,12.0,0.59,23.8,average,,,,,,,,,,,,,,
2025-09-03,COMP001,,CUST018,,RCV00174,,,50014381.7,,PAID,,,,,,,,2025-08-31,,,,,,,,,2025-07-20,2025-09-03,0.78,0.0,Eicher Trucks & Buses (Fleet Div),automotive_manufacturing,45.0,MEDIUM,33.0,25.0,8.0,0.76,22.4,average,,,,,,,,,,,,,,
2025-07-29,COMP001,,CUST016,,RCV00175,,,4647288.25,,PAID,,,,,,,,2025-07-26,,,,,,,,,2025-06-14,2025-07-29,0.72,0.0,VRL Logistics Ltd,automotive_manufacturing,45.0,MEDIUM,26.0,18.0,8.0,0.69,23.2,average,,,,,,,,,,,,,,
2025-09-08,COMP001,,CUST011,,RCV00176,,,60406156.94,,PAID,,,,,,,,2025-09-08,,,,,,,,,2025-08-09,2025-09-08,0.89,0.0,Tirupati Motors,automotive_manufacturing,30.0,LOW,22.0,19.0,3.0,0.86,26.3,reliable,,,,,,,,,,,,,,
2025-08-02,COMP001,,CUST022,,RCV00177,,,51642572.02,,PAID,,,,,,,,2025-08-01,,,,,,,,,2025-07-03,2025-08-02,0.93,0.0,Tata Steel Ltd (Internal),automotive_manufacturing,30.0,LOW,23.0,22.0,1.0,0.96,15.0,reliable,,,,,,,,,,,,,,
2025-02-06,COMP001,,CUST013,,RCV00178,,,69499378.79,,PAID,,,,,,,,2025-02-03,,,,,,,,,2025-01-07,2025-02-06,0.93,0.0,BlueDart Express Ltd,automotive_manufacturing,30.0,LOW,23.0,21.0,2.0,0.91,24.0,reliable,,,,,,,,,,,,,,
2025-03-12,COMP001,,CUST012,,RCV00179,,,3717500.28,,PAID,,,,,,,,2025-03-12,,,,,,,,,2025-02-25,2025-03-12,0.95,0.0,Vinayak Motors,automotive_manufacturing,15.0,LOW,25.0,23.0,2.0,0.92,9.5,reliable,,,,,,,,,,,,,,
2025-04-05,COMP001,,CUST001,,RCV00180,,,39151063.5,,PAID,,,,,,,,2025-04-03,,,,,,,,,2025-03-21,2025-04-05,0.84,0.0,Concorde Motors,automotive_manufacturing,15.0,LOW,24.0,21.0,3.0,0.88,15.3,reliable,,,,,,,,,,,,,,
2025-04-26,COMP001,,CUST009,,RCV00181,,,39347887.49,,OVERDUE,,,,,,,,,,,,,,,,,2025-02-25,2025-04-26,0.34,15.0,Sai Service Pvt Ltd,automotive_manufacturing,60.0,HIGH,15.0,5.0,10.0,0.33,21.6,risky,,,,,,,,,,,,,,
2025-06-30,COMP001,,CUST017,,RCV00182,,,33803178.03,,PAID,,,,,,,,2025-06-30,,,,,,,,,2025-05-16,2025-06-30,0.77,0.0,Gati Ltd,automotive_manufacturing,45.0,MEDIUM,25.0,20.0,5.0,0.8,29.6,average,,,,,,,,,,,,,,
2025-05-17,COMP001,,CUST011,,RCV00183,,,57678686.48,,PAID,,,,,,,,2025-05-17,,,,,,,,,2025-04-17,2025-05-17,0.86,0.0,Tirupati Motors,automotive_manufacturing,30.0,LOW,22.0,19.0,3.0,0.86,26.3,reliable,,,,,,,,,,,,,,
2025-08-13,COMP001,,CUST005,,RCV00184,,,9248812.97,,OVERDUE,,,,,,,,,,,,,,,,,2025-07-14,2025-08-13,0.55,0.0,Bimal Auto Agency,automotive_manufacturing,30.0,MEDIUM,29.0,17.0,12.0,0.59,23.8,average,,,,,,,,,,,,,,
2025-12-19,COMP001,,CUST017,,RCV00185,,,57823785.43,,PAID,,,,,,,,2025-12-18,,,,,,,,,2025-11-04,2025-12-19,0.81,0.0,Gati Ltd,automotive_manufacturing,45.0,MEDIUM,25.0,20.0,5.0,0.8,29.6,average,,,,,,,,,,,,,,
2025-06-23,COMP001,,CUST015,,RCV00186,,,29007209.0,,PAID,,,,,,,,2025-06-20,,,,,,,,,2025-05-24,2025-06-23,0.81,0.0,TCI Express Ltd,automotive_manufacturing,30.0,MEDIUM,18.0,14.0,4.0,0.78,21.8,average,,,,,,,,,,,,,,
2025-03-17,COMP001,,CUST022,,RCV00187,,,63474091.63,,PAID,,,,,,,,2025-03-17,,,,,,,,,2025-02-15,2025-03-17,0.94,0.0,Tata Steel Ltd (Internal),automotive_manufacturing,30.0,LOW,23.0,22.0,1.0,0.96,15.0,reliable,,,,,,,,,,,,,,
2025-07-04,COMP001,,CUST016,,RCV00188,,,3709463.32,,PAID,,,,,,,,2025-07-01,,,,,,,,,2025-05-20,2025-07-04,0.67,0.0,VRL Logistics Ltd,automotive_manufacturing,45.0,MEDIUM,26.0,18.0,8.0,0.69,23.2,average,,,,,,,,,,,,,,
2025-09-08,COMP001,,CUST019,,RCV00189,,,78205941.45,,PAID,,,,,,,,2025-10-03,,,,,,,,,2025-07-25,2025-09-08,0.35,3.0,Indian Army (DGOF),automotive_manufacturing,45.0,HIGH,34.0,13.0,21.0,0.38,26.5,risky,,,,,,,,,,,,,,
2025-02-20,COMP001,,CUST012,,RCV00190,,,4110408.93,,PAID,,,,,,,,2025-02-20,,,,,,,,,2025-02-05,2025-02-20,0.96,0.0,Vinayak Motors,automotive_manufacturing,15.0,LOW,25.0,23.0,2.0,0.92,9.5,reliable,,,,,,,,,,,,,,
2025-07-10,COMP001,,CUST008,,RCV00191,,,52167921.58,,PAID,,,,,,,,2025-07-08,,,,,,,,,2025-06-10,2025-07-10,0.74,30.0,Prerana Motors,automotive_manufacturing,30.0,MEDIUM,29.0,20.0,9.0,0.69,23.1,average,,,,,,,,,,,,,,
2025-09-29,COMP001,,CUST020,,RCV00192,,,20638266.62,,PAID,,,,,,,,2025-09-27,,,,,,,,,2025-07-31,2025-09-29,0.53,0.0,ONGC Ltd,automotive_manufacturing,60.0,HIGH,28.0,14.0,14.0,0.5,27.7,risky,,,,,,,,,,,,,,
2025-06-03,COMP001,,CUST021,,RCV00193,,,23054265.54,,PAID,,,,,,,,2025-06-03,,,,,,,,,2025-05-19,2025-06-03,0.9,0.0,NTPC Ltd,automotive_manufacturing,15.0,LOW,21.0,18.0,3.0,0.86,19.0,reliable,,,,,,,,,,,,,,
2025-05-28,COMP001,,CUST013,,RCV00194,,,15734498.85,,PAID,,,,,,,,2025-06-14,,,,,,,,,2025-04-28,2025-05-28,0.93,0.0,BlueDart Express Ltd,automotive_manufacturing,30.0,LOW,23.0,21.0,2.0,0.91,24.0,reliable,,,,,,,,,,,,,,
2025-04-10,COMP001,,CUST013,,RCV00195,,,19486923.51,,PAID,,,,,,,,2025-04-07,,,,,,,,,2025-03-11,2025-04-10,0.9,0.0,BlueDart Express Ltd,automotive_manufacturing,30.0,LOW,23.0,21.0,2.0,0.91,24.0,reliable,,,,,,,,,,,,,,
2025-02-18,COMP001,,CUST021,,RCV00196,,,48375829.98,,PAID,,,,,,,,2025-02-18,,,,,,,,,2025-02-03,2025-02-18,0.89,19.0,NTPC Ltd,automotive_manufacturing,15.0,LOW,21.0,18.0,3.0,0.86,19.0,reliable,,,,,,,,,,,,,,
2025-03-27,COMP001,,CUST012,,RCV00197,,,69421954.01,,PAID,,,,,,,,2025-03-25,,,,,,,,,2025-03-12,2025-03-27,0.93,0.0,Vinayak Motors,automotive_manufacturing,15.0,LOW,25.0,23.0,2.0,0.92,9.5,reliable,,,,,,,,,,,,,,
2025-06-08,COMP001,,CUST003,,RCV00198,,,46826659.17,,PAID,,,,,,,,2025-06-05,,,,,,,,,2025-05-24,2025-06-08,0.86,0.0,Jayem Automotives,automotive_manufacturing,15.0,LOW,18.0,16.0,2.0,0.89,26.5,reliable,,,,,,,,,,,,,,
2025-10-19,COMP001,,CUST023,,RCV00199,,,29625023.49,,PAID,,,,,,,,2025-10-19,,,,,,,,,2025-09-19,2025-10-19,0.84,22.0,Indian Railways,automotive_manufacturing,30.0,LOW,36.0,31.0,5.0,0.86,23.4,reliable,,,,,,,,,,,,,,
2025-12-01,COMP001,,CUST022,,RCV00200,,,36276840.61,,PAID,,,,,,,,2025-11-28,,,,,,,,,2025-11-01,2025-12-01,0.95,0.0,Tata Steel Ltd (Internal),automotive_manufacturing,30.0,LOW,23.0,22.0,1.0,0.96,15.0,reliable,,,,,,,,,,,,,,
2025-07-27,COMP001,,CUST004,,RCV00201,,,17052534.66,,PAID,,,,,,,,2025-08-17,,,,,,,,,2025-06-12,2025-07-27,0.69,0.0,Ganganagar Motors,automotive_manufacturing,45.0,MEDIUM,33.0,21.0,12.0,0.64,23.6,average,,,,,,,,,,,,,,
2025-06-03,COMP001,,CUST006,,RCV00202,,,49472872.31,,OVERDUE,,,,,,,,,,,,,,,,,2025-04-19,2025-06-03,0.59,0.0,Kiran Motors,automotive_manufacturing,45.0,MEDIUM,34.0,21.0,13.0,0.62,21.6,average,,,,,,,,,,,,,,
2025-09-29,COMP001,,CUST008,,RCV00203,,,59065295.14,,PAID,,,,,,,,2025-10-22,,,,,,,,,2025-08-30,2025-09-29,0.7,7.0,Prerana Motors,automotive_manufacturing,30.0,MEDIUM,29.0,20.0,9.0,0.69,23.1,average,,,,,,,,,,,,,,
2026-01-06,COMP001,,CUST024,,RCV00204,,,37202647.98,,PENDING,,,,,,,,,,,,,,,,,2025-11-22,2026-01-06,0.83,0.0,Ashok Leyland (Cross-supply),automotive_manufacturing,45.0,MEDIUM,16.0,13.0,3.0,0.81,31.3,average,,,,,,,,,,,,,,
2025-03-15,COMP001,,CUST008,,RCV00205,,,10744149.37,,PAID,,,,,,,,2025-03-15,,,,,,,,,2025-02-13,2025-03-15,0.67,0.0,Prerana Motors,automotive_manufacturing,30.0,MEDIUM,29.0,20.0,9.0,0.69,23.1,average,,,,,,,,,,,,,,
2025-06-03,COMP001,,CUST025,,RCV00206,,,60321485.91,,PAID,,,,,,,,2025-06-01,,,,,,,,,2025-04-19,2025-06-03,0.63,0.0,Mahindra & Mahindra,automotive_manufacturing,45.0,MEDIUM,34.0,21.0,13.0,0.62,27.8,average,,,,,,,,,,,,,,
2025-05-02,COMP001,,CUST019,,RCV00207,,,47843568.0,,PAID,,,,,,,,2025-04-30,,,,,,,,,2025-03-18,2025-05-02,0.33,0.0,Indian Army (DGOF),automotive_manufacturing,45.0,HIGH,34.0,13.0,21.0,0.38,26.5,risky,,,,,,,,,,,,,,
2025-07-16,COMP001,,CUST024,,RCV00208,,,41946659.28,,PAID,,,,,,,,2025-08-07,,,,,,,,,2025-06-01,2025-07-16,0.78,0.0,Ashok Leyland (Cross-supply),automotive_manufacturing,45.0,MEDIUM,16.0,13.0,3.0,0.81,31.3,average,,,,,,,,,,,,,,
2025-07-11,COMP001,,CUST011,,RCV00209,,,10763382.18,,PAID,,,,,,,,2025-07-11,,,,,,,,,2025-06-11,2025-07-11,0.9,0.0,Tirupati Motors,automotive_manufacturing,30.0,LOW,22.0,19.0,3.0,0.86,26.3,reliable,,,,,,,,,,,,,,
2025-05-25,COMP001,,CUST021,,RCV00210,,,37065735.41,,PAID,,,,,,,,2025-05-23,,,,,,,,,2025-05-10,2025-05-25,0.9,0.0,NTPC Ltd,automotive_manufacturing,15.0,LOW,21.0,18.0,3.0,0.86,19.0,reliable,,,,,,,,,,,,,,
2025-10-08,COMP001,,CUST011,,RCV00211,,,73017100.02,,PAID,,,,,,,,2025-10-07,,,,,,,,,2025-09-08,2025-10-08,0.89,0.0,Tirupati Motors,automotive_manufacturing,30.0,LOW,22.0,19.0,3.0,0.86,26.3,reliable,,,,,,,,,,,,,,
2025-02-27,COMP001,,CUST011,,RCV00212,,,57927423.44,,OVERDUE,,,,,,,,,,,,,,,,,2025-01-28,2025-02-27,0.83,0.0,Tirupati Motors,automotive_manufacturing,30.0,LOW,22.0,19.0,3.0,0.86,26.3,reliable,,,,,,,,,,,,,,
2025-12-21,COMP001,,CUST003,,RCV00213,,,39857821.25,,PAID,,,,,,,,2025-12-19,,,,,,,,,2025-12-06,2025-12-21,0.85,0.0,Jayem Automotives,automotive_manufacturing,15.0,LOW,18.0,16.0,2.0,0.89,26.5,reliable,,,,,,,,,,,,,,
2025-10-24,COMP001,,CUST010,,RCV00214,,,25954066.14,,PAID,,,,,,,,2025-10-24,,,,,,,,,2025-08-25,2025-10-24,0.51,0.0,Shivam Autozone,automotive_manufacturing,60.0,HIGH,15.0,8.0,7.0,0.53,18.0,risky,,,,,,,,,,,,,,
2025-03-16,COMP001,,CUST019,,RCV00215,,,48294167.81,,PAID,,,,,,,,2025-03-29,,,,,,,,,2025-01-30,2025-03-16,0.4,35.0,Indian Army (DGOF),automotive_manufacturing,45.0,HIGH,34.0,13.0,21.0,0.38,26.5,risky,,,,,,,,,,,,,,
2025-09-05,COMP001,,CUST019,,RCV00216,,,29400933.71,,OVERDUE,,,,,,,,,,,,,,,,,2025-07-22,2025-09-05,0.37,26.0,Indian Army (DGOF),automotive_manufacturing,45.0,HIGH,34.0,13.0,21.0,0.38,26.5,risky,,,,,,,,,,,,,,
2025-11-15,COMP001,,CUST019,,RCV00217,,,68013362.95,,PAID,,,,,,,,2025-11-12,,,,,,,,,2025-10-01,2025-11-15,0.39,21.0,Indian Army (DGOF),automotive_manufacturing,45.0,HIGH,34.0,13.0,21.0,0.38,26.5,risky,,,,,,,,,,,,,,
2025-05-15,COMP001,,CUST013,,RCV00218,,,54297812.53,,PAID,,,,,,,,2025-05-15,,,,,,,,,2025-04-15,2025-05-15,0.88,0.0,BlueDart Express Ltd,automotive_manufacturing,30.0,LOW,23.0,21.0,2.0,0.91,24.0,reliable,,,,,,,,,,,,,,
2025-09-24,COMP001,,CUST019,,RCV00219,,,32880591.19,,PAID,,,,,,,,2025-09-24,,,,,,,,,2025-08-10,2025-09-24,0.4,16.0,Indian Army (DGOF),automotive_manufacturing,45.0,HIGH,34.0,13.0,21.0,0.38,26.5,risky,,,,,,,,,,,,,,
2025-04-12,COMP001,,CUST018,,RCV00220,,,31489269.41,,PAID,,,,,,,,2025-05-02,,,,,,,,,2025-02-26,2025-04-12,0.81,19.0,Eicher Trucks & Buses (Fleet Div),automotive_manufacturing,45.0,MEDIUM,33.0,25.0,8.0,0.76,22.4,average,,,,,,,,,,,,,,
2025-06-26,COMP001,,CUST011,,RCV00221,,,10767736.28,,PAID,,,,,,,,2025-06-25,,,,,,,,,2025-05-27,2025-06-26,0.87,0.0,Tirupati Motors,automotive_manufacturing,30.0,LOW,22.0,19.0,3.0,0.86,26.3,reliable,,,,,,,,,,,,,,
2025-10-28,COMP001,,CUST003,,RCV00222,,,12868924.24,,PAID,,,,,,,,2025-10-26,,,,,,,,,2025-10-13,2025-10-28,0.84,0.0,Jayem Automotives,automotive_manufacturing,15.0,LOW,18.0,16.0,2.0,0.89,26.5,reliable,,,,,,,,,,,,,,
2025-06-04,COMP001,,CUST015,,RCV00223,,,71101945.44,,PAID,,,,,,,,2025-06-20,,,,,,,,,2025-05-05,2025-06-04,0.83,0.0,TCI Express Ltd,automotive_manufacturing,30.0,MEDIUM,18.0,14.0,4.0,0.78,21.8,average,,,,,,,,,,,,,,
2025-08-20,COMP001,,CUST013,,RCV00224,,,30459020.7,,PAID,,,,,,,,2025-08-20,,,,,,,,,2025-07-21,2025-08-20,0.91,0.0,BlueDart Express Ltd,automotive_manufacturing,30.0,LOW,23.0,21.0,2.0,0.91,24.0,reliable,,,,,,,,,,,,,,
2025-10-27,COMP001,,CUST013,,RCV00225,,,23599716.66,,PAID,,,,,,,,2025-10-25,,,,,,,,,2025-09-27,2025-10-27,0.96,0.0,BlueDart Express Ltd,automotive_manufacturing,30.0,LOW,23.0,21.0,2.0,0.91,24.0,reliable,,,,,,,,,,,,,,
2025-02-08,COMP001,,CUST014,,RCV00226,,,48131737.88,,PAID,,,,,,,,2025-02-08,,,,,,,,,2025-01-09,2025-02-08,0.76,19.0,Rivigo Services Pvt Ltd,automotive_manufacturing,30.0,MEDIUM,21.0,17.0,4.0,0.81,24.5,average,,,,,,,,,,,,,,
2025-10-06,COMP001,,CUST011,,RCV00227,,,6971468.91,,PAID,,,,,,,,2025-10-03,,,,,,,,,2025-09-06,2025-10-06,0.88,34.0,Tirupati Motors,automotive_manufacturing,30.0,LOW,22.0,19.0,3.0,0.86,26.3,reliable,,,,,,,,,,,,,,
2025-11-15,COMP001,,CUST017,,RCV00228,,,46413843.12,,PAID,,,,,,,,2025-11-12,,,,,,,,,2025-10-01,2025-11-15,0.84,0.0,Gati Ltd,automotive_manufacturing,45.0,MEDIUM,25.0,20.0,5.0,0.8,29.6,average,,,,,,,,,,,,,,
2026-01-24,COMP001,,CUST020,,RCV00229,,,34452020.43,,PENDING,,,,,,,,,,,,,,,,,2025-11-25,2026-01-24,0.45,28.0,ONGC Ltd,automotive_manufacturing,60.0,HIGH,28.0,14.0,14.0,0.5,27.7,risky,,,,,,,,,,,,,,
2025-04-22,COMP001,,CUST020,,RCV00230,,,14792069.45,,PAID,,,,,,,,2025-04-19,,,,,,,,,2025-02-21,2025-04-22,0.53,0.0,ONGC Ltd,automotive_manufacturing,60.0,HIGH,28.0,14.0,14.0,0.5,27.7,risky,,,,,,,,,,,,,,
2025-06-23,COMP001,,CUST019,,RCV00231,,,36264949.78,,OVERDUE,,,,,,,,,,,,,,,,,2025-05-09,2025-06-23,0.37,0.0,Indian Army (DGOF),automotive_manufacturing,45.0,HIGH,34.0,13.0,21.0,0.38,26.5,risky,,,,,,,,,,,,,,
2025-04-27,COMP001,,CUST010,,RCV00232,,,37375061.8,,PAID,,,,,,,,2025-04-24,,,,,,,,,2025-02-26,2025-04-27,0.51,0.0,Shivam Autozone,automotive_manufacturing,60.0,HIGH,15.0,8.0,7.0,0.53,18.0,risky,,,,,,,,,,,,,,
2025-08-26,COMP001,,CUST022,,RCV00233,,,56602885.87,,PAID,,,,,,,,2025-08-24,,,,,,,,,2025-07-27,2025-08-26,1.0,0.0,Tata Steel Ltd (Internal),automotive_manufacturing,30.0,LOW,23.0,22.0,1.0,0.96,15.0,reliable,,,,,,,,,,,,,,
2025-07-01,COMP001,,CUST023,,RCV00234,,,65877028.78,,PAID,,,,,,,,2025-06-28,,,,,,,,,2025-06-01,2025-07-01,0.9,0.0,Indian Railways,automotive_manufacturing,30.0,LOW,36.0,31.0,5.0,0.86,23.4,reliable,,,,,,,,,,,,,,
2025-06-06,COMP001,,CUST011,,RCV00235,,,14389118.31,,PAID,,,,,,,,2025-06-04,,,,,,,,,2025-05-07,2025-06-06,0.87,0.0,Tirupati Motors,automotive_manufacturing,30.0,LOW,22.0,19.0,3.0,0.86,26.3,reliable,,,,,,,,,,,,,,
2025-04-12,COMP001,,CUST020,,RCV00236,,,51356220.94,,PAID,,,,,,,,2025-04-09,,,,,,,,,2025-02-11,2025-04-12,0.49,0.0,ONGC Ltd,automotive_manufacturing,60.0,HIGH,28.0,14.0,14.0,0.5,27.7,risky,,,,,,,,,,,,,,
2025-12-15,COMP001,,CUST001,,RCV00237,,,56958808.64,,PAID,,,,,,,,2025-12-13,,,,,,,,,2025-11-30,2025-12-15,0.89,0.0,Concorde Motors,automotive_manufacturing,15.0,LOW,24.0,21.0,3.0,0.88,15.3,reliable,,,,,,,,,,,,,,
2025-12-13,COMP001,,CUST014,,RCV00238,,,75237412.83,,PAID,,,,,,,,2025-12-11,,,,,,,,,2025-11-13,2025-12-13,0.77,0.0,Rivigo Services Pvt Ltd,automotive_manufacturing,30.0,MEDIUM,21.0,17.0,4.0,0.81,24.5,average,,,,,,,,,,,,,,
2025-11-05,COMP001,,CUST017,,RCV00239,,,23982856.33,,PAID,,,,,,,,2025-11-05,,,,,,,,,2025-09-21,2025-11-05,0.79,0.0,Gati Ltd,automotive_manufacturing,45.0,MEDIUM,25.0,20.0,5.0,0.8,29.6,average,,,,,,,,,,,,,,
2025-05-17,COMP001,,CUST013,,RCV00240,,,66705213.46,,PAID,,,,,,,,2025-05-17,,,,,,,,,2025-04-17,2025-05-17,0.95,0.0,BlueDart Express Ltd,automotive_manufacturing,30.0,LOW,23.0,21.0,2.0,0.91,24.0,reliable,,,,,,,,,,,,,,
2025-03-22,COMP001,,CUST018,,RCV00241,,,31686678.94,,PAID,,,,,,,,2025-03-21,,,,,,,,,2025-02-05,2025-03-22,0.72,1.0,Eicher Trucks & Buses (Fleet Div),automotive_manufacturing,45.0,MEDIUM,33.0,25.0,8.0,0.76,22.4,average,,,,,,,,,,,,,,
2025-07-25,COMP001,,CUST017,,RCV00242,,,42608007.7,,PAID,,,,,,,,2025-07-24,,,,,,,,,2025-06-10,2025-07-25,0.81,0.0,Gati Ltd,automotive_manufacturing,45.0,MEDIUM,25.0,20.0,5.0,0.8,29.6,average,,,,,,,,,,,,,,
2025-07-16,COMP001,,CUST004,,RCV00243,,,69783783.78,,OVERDUE,,,,,,,,,,,,,,,,,2025-06-01,2025-07-16,0.67,0.0,Ganganagar Motors,automotive_manufacturing,45.0,MEDIUM,33.0,21.0,12.0,0.64,23.6,average,,,,,,,,,,,,,,
2026-01-13,COMP001,,CUST023,,RCV00244,,,63647399.98,,PENDING,,,,,,,,,,,,,,,,,2025-12-14,2026-01-13,0.87,0.0,Indian Railways,automotive_manufacturing,30.0,LOW,36.0,31.0,5.0,0.86,23.4,reliable,,,,,,,,,,,,,,
2025-11-22,COMP001,,CUST010,,RCV00245,,,20659185.24,,PAID,,,,,,,,2025-11-20,,,,,,,,,2025-09-23,2025-11-22,0.48,0.0,Shivam Autozone,automotive_manufacturing,60.0,HIGH,15.0,8.0,7.0,0.53,18.0,risky,,,,,,,,,,,,,,
2025-11-06,COMP001,,CUST006,,RCV00246,,,54165519.76,,PAID,,,,,,,,2025-11-04,,,,,,,,,2025-09-22,2025-11-06,0.58,0.0,Kiran Motors,automotive_manufacturing,45.0,MEDIUM,34.0,21.0,13.0,0.62,21.6,average,,,,,,,,,,,,,,
2025-09-19,COMP001,,CUST012,,RCV00247,,,39469573.86,,PAID,,,,,,,,2025-09-19,,,,,,,,,2025-09-04,2025-09-19,0.9,0.0,Vinayak Motors,automotive_manufacturing,15.0,LOW,25.0,23.0,2.0,0.92,9.5,reliable,,,,,,,,,,,,,,
2026-01-06,COMP001,,CUST015,,RCV00248,,,3316266.94,,PENDING,,,,,,,,,,,,,,,,,2025-12-07,2026-01-06,0.78,0.0,TCI Express Ltd,automotive_manufacturing,30.0,MEDIUM,18.0,14.0,4.0,0.78,21.8,average,,,,,,,,,,,,,,
2025-10-14,COMP001,,CUST003,,RCV00249,,,26018293.35,,PAID,,,,,,,,2025-10-11,,,,,,,,,2025-09-29,2025-10-14,0.86,0.0,Jayem Automotives,automotive_manufacturing,15.0,LOW,18.0,16.0,2.0,0.89,26.5,reliable,,,,,,,,,,,,,,
2025-10-14,COMP001,,CUST016,,RCV00250,,,17927945.51,,OVERDUE,,,,,,,,,,,,,,,,,2025-08-30,2025-10-14,0.69,0.0,VRL Logistics Ltd,automotive_manufacturing,45.0,MEDIUM,26.0,18.0,8.0,0.69,23.2,average,,,,,,,,,,,,,,
2025-05-06,COMP001,,CUST002,,RCV00251,,,23484744.54,,PAID,,,,,,,,2025-05-03,,,,,,,,,2025-04-06,2025-05-06,0.84,33.0,Pinnacle Motors,automotive_manufacturing,30.0,LOW,36.0,31.0,5.0,0.86,31.4,reliable,,,,,,,,,,,,,,
2026-01-06,COMP001,,CUST015,,RCV00252,,,20821176.03,,PENDING,,,,,,,,,,,,,,,,,2025-12-07,2026-01-06,0.8,24.0,TCI Express Ltd,automotive_manufacturing,30.0,MEDIUM,18.0,14.0,4.0,0.78,21.8,average,,,,,,,,,,,,,,
2025-03-10,COMP001,,CUST015,,RCV00253,,,32787272.34,,PAID,,,,,,,,2025-03-10,,,,,,,,,2025-02-08,2025-03-10,0.81,0.0,TCI Express Ltd,automotive_manufacturing,30.0,MEDIUM,18.0,14.0,4.0,0.78,21.8,average,,,,,,,,,,,,,,
2025-05-21,COMP001,,CUST010,,RCV00254,,,59358879.7,,PAID,,,,,,,,2025-05-21,,,,,,,,,2025-03-22,2025-05-21,0.52,3.0,Shivam Autozone,automotive_manufacturing,60.0,HIGH,15.0,8.0,7.0,0.53,18.0,risky,,,,,,,,,,,,,,
2025-02-20,COMP001,,CUST001,,RCV00255,,,41961522.26,,PAID,,,,,,,,2025-02-18,,,,,,,,,2025-02-05,2025-02-20,0.9,0.0,Concorde Motors,automotive_manufacturing,15.0,LOW,24.0,21.0,3.0,0.88,15.3,reliable,,,,,,,,,,,,,,
2025-06-06,COMP001,,CUST022,,RCV00256,,,69601809.14,,PAID,,,,,,,,2025-06-05,,,,,,,,,2025-05-07,2025-06-06,1.0,0.0,Tata Steel Ltd (Internal),automotive_manufacturing,30.0,LOW,23.0,22.0,1.0,0.96,15.0,reliable,,,,,,,,,,,,,,
2025-10-06,COMP001,,CUST023,,RCV00257,,,18570985.9,,PAID,,,,,,,,2025-10-05,,,,,,,,,2025-09-06,2025-10-06,0.84,0.0,Indian Railways,automotive_manufacturing,30.0,LOW,36.0,31.0,5.0,0.86,23.4,reliable,,,,,,,,,,,,,,
2025-07-14,COMP001,,CUST007,,RCV00258,,,38293128.54,,PAID,,,,,,,,2025-07-14,,,,,,,,,2025-05-30,2025-07-14,0.6,31.0,Prabhu Motors,automotive_manufacturing,45.0,MEDIUM,32.0,19.0,13.0,0.59,23.2,average,,,,,,,,,,,,,,
2025-02-17,COMP001,,CUST012,,RCV00259,,,6695164.57,,PAID,,,,,,,,2025-02-15,,,,,,,,,2025-02-02,2025-02-17,0.91,0.0,Vinayak Motors,automotive_manufacturing,15.0,LOW,25.0,23.0,2.0,0.92,9.5,reliable,,,,,,,,,,,,,,
2025-09-14,COMP001,,CUST010,,RCV00260,,,29185131.8,,OVERDUE,,,,,,,,,,,,,,,,,2025-07-16,2025-09-14,0.58,26.0,Shivam Autozone,automotive_manufacturing,60.0,HIGH,15.0,8.0,7.0,0.53,18.0,risky,,,,,,,,,,,,,,
2025-03-12,COMP001,,CUST008,,RCV00261,,,49749743.14,,PAID,,,,,,,,2025-04-04,,,,,,,,,2025-02-10,2025-03-12,0.74,15.0,Prerana Motors,automotive_manufacturing,30.0,MEDIUM,29.0,20.0,9.0,0.69,23.1,average,,,,,,,,,,,,,,
2025-01-19,COMP001,,CUST021,,RCV00262,,,39838682.04,,PAID,,,,,,,,2025-01-18,,,,,,,,,2025-01-04,2025-01-19,0.85,0.0,NTPC Ltd,automotive_manufacturing,15.0,LOW,21.0,18.0,3.0,0.86,19.0,reliable,,,,,,,,,,,,,,
2025-05-14,COMP001,,CUST007,,RCV00263,,,31042802.7,,PAID,,,,,,,,2025-05-11,,,,,,,,,2025-03-30,2025-05-14,0.62,28.0,Prabhu Motors,automotive_manufacturing,45.0,MEDIUM,32.0,19.0,13.0,0.59,23.2,average,,,,,,,,,,,,,,
2025-08-19,COMP001,,CUST003,,RCV00264,,,6999389.94,,PAID,,,,,,,,2025-08-19,,,,,,,,,2025-08-04,2025-08-19,0.92,0.0,Jayem Automotives,automotive_manufacturing,15.0,LOW,18.0,16.0,2.0,0.89,26.5,reliable,,,,,,,,,,,,,,
2025-03-05,COMP001,,CUST007,,RCV00265,,,39175776.24,,PAID,,,,,,,,2025-03-02,,,,,,,,,2025-01-19,2025-03-05,0.61,18.0,Prabhu Motors,automotive_manufacturing,45.0,MEDIUM,32.0,19.0,13.0,0.59,23.2,average,,,,,,,,,,,,,,
2025-09-16,COMP001,,CUST013,,RCV00266,,,9996071.33,,PAID,,,,,,,,2025-09-16,,,,,,,,,2025-08-17,2025-09-16,0.89,0.0,BlueDart Express Ltd,automotive_manufacturing,30.0,LOW,23.0,21.0,2.0,0.91,24.0,reliable,,,,,,,,,,,,,,
2025-03-26,COMP001,,CUST007,,RCV00267,,,6696688.22,,PAID,,,,,,,,2025-03-26,,,,,,,,,2025-02-09,2025-03-26,0.61,6.0,Prabhu Motors,automotive_manufacturing,45.0,MEDIUM,32.0,19.0,13.0,0.59,23.2,average,,,,,,,,,,,,,,
2025-09-25,COMP001,,CUST011,,RCV00268,,,76790203.54,,PAID,,,,,,,,2025-10-04,,,,,,,,,2025-08-26,2025-09-25,0.86,0.0,Tirupati Motors,automotive_manufacturing,30.0,LOW,22.0,19.0,3.0,0.86,26.3,reliable,,,,,,,,,,,,,,
2025-03-08,COMP001,,CUST022,,RCV00269,,,49607607.1,,PAID,,,,,,,,2025-03-05,,,,,,,,,2025-02-06,2025-03-08,0.94,0.0,Tata Steel Ltd (Internal),automotive_manufacturing,30.0,LOW,23.0,22.0,1.0,0.96,15.0,reliable,,,,,,,,,,,,,,
2025-10-25,COMP001,,CUST017,,RCV00270,,,12920381.77,,PAID,,,,,,,,2025-10-23,,,,,,,,,2025-09-10,2025-10-25,0.85,0.0,Gati Ltd,automotive_manufacturing,45.0,MEDIUM,25.0,20.0,5.0,0.8,29.6,average,,,,,,,,,,,,,,
2025-03-29,COMP001,,CUST021,,RCV00271,,,67828081.12,,PAID,,,,,,,,2025-03-29,,,,,,,,,2025-03-14,2025-03-29,0.87,0.0,NTPC Ltd,automotive_manufacturing,15.0,LOW,21.0,18.0,3.0,0.86,19.0,reliable,,,,,,,,,,,,,,
2025-10-25,COMP001,,CUST025,,RCV00272,,,64015763.59,,PAID,,,,,,,,2025-10-25,,,,,,,,,2025-09-10,2025-10-25,0.59,0.0,Mahindra & Mahindra,automotive_manufacturing,45.0,MEDIUM,34.0,21.0,13.0,0.62,27.8,average,,,,,,,,,,,,,,
2025-07-01,COMP001,,CUST008,,RCV00273,,,57082629.06,,PAID,,,,,,,,2025-06-30,,,,,,,,,2025-06-01,2025-07-01,0.66,0.0,Prerana Motors,automotive_manufacturing,30.0,MEDIUM,29.0,20.0,9.0,0.69,23.1,average,,,,,,,,,,,,,,
2025-07-22,COMP001,,CUST016,,RCV00274,,,45869919.57,,PAID,,,,,,,,2025-07-19,,,,,,,,,2025-06-07,2025-07-22,0.73,0.0,VRL Logistics Ltd,automotive_manufacturing,45.0,MEDIUM,26.0,18.0,8.0,0.69,23.2,average,,,,,,,,,,,,,,
2025-03-03,COMP001,,CUST012,,RCV00275,,,22880783.63,,PAID,,,,,,,,2025-03-09,,,,,,,,,2025-02-16,2025-03-03,0.95,0.0,Vinayak Motors,automotive_manufacturing,15.0,LOW,25.0,23.0,2.0,0.92,9.5,reliable,,,,,,,,,,,,,,
2025-09-24,COMP001,,CUST016,,RCV00276,,,45868029.63,,PAID,,,,,,,,2025-09-24,,,,,,,,,2025-08-10,2025-09-24,0.66,0.0,VRL Logistics Ltd,automotive_manufacturing,45.0,MEDIUM,26.0,18.0,8.0,0.69,23.2,average,,,,,,,,,,,,,,
2025-05-09,COMP001,,CUST001,,RCV00277,,,15354392.79,,PAID,,,,,,,,2025-05-08,,,,,,,,,2025-04-24,2025-05-09,0.86,0.0,Concorde Motors,automotive_manufacturing,15.0,LOW,24.0,21.0,3.0,0.88,15.3,reliable,,,,,,,,,,,,,,
2025-09-24,COMP001,,CUST010,,RCV00278,,,45204359.37,,OVERDUE,,,,,,,,,,,,,,,,,2025-07-26,2025-09-24,0.56,0.0,Shivam Autozone,automotive_manufacturing,60.0,HIGH,15.0,8.0,7.0,0.53,18.0,risky,,,,,,,,,,,,,,
2025-08-24,COMP001,,CUST013,,RCV00279,,,63188798.97,,PAID,,,,,,,,2025-08-23,,,,,,,,,2025-07-25,2025-08-24,0.96,0.0,BlueDart Express Ltd,automotive_manufacturing,30.0,LOW,23.0,21.0,2.0,0.91,24.0,reliable,,,,,,,,,,,,,,
2025-08-06,COMP001,,CUST011,,RCV00280,,,42663093.93,,PAID,,,,,,,,2025-08-04,,,,,,,,,2025-07-07,2025-08-06,0.86,0.0,Tirupati Motors,automotive_manufacturing,30.0,LOW,22.0,19.0,3.0,0.86,26.3,reliable,,,,,,,,,,,,,,
2025-12-12,COMP001,,CUST016,,RCV00281,,,38765585.3,,PAID,,,,,,,,2025-12-11,,,,,,,,,2025-10-28,2025-12-12,0.69,0.0,VRL Logistics Ltd,automotive_manufacturing,45.0,MEDIUM,26.0,18.0,8.0,0.69,23.2,average,,,,,,,,,,,,,,
2025-12-05,COMP001,,CUST024,,RCV00282,,,68373020.11,,OVERDUE,,,,,,,,,,,,,,,,,2025-10-21,2025-12-05,0.85,0.0,Ashok Leyland (Cross-supply),automotive_manufacturing,45.0,MEDIUM,16.0,13.0,3.0,0.81,31.3,average,,,,,,,,,,,,,,
2025-07-13,COMP001,,CUST021,,RCV00283,,,5957010.62,,OVERDUE,,,,,,,,,,,,,,,,,2025-06-28,2025-07-13,0.87,0.0,NTPC Ltd,automotive_manufacturing,15.0,LOW,21.0,18.0,3.0,0.86,19.0,reliable,,,,,,,,,,,,,,
2025-07-06,COMP001,,CUST018,,RCV00284,,,13344800.16,,PAID,,,,,,,,2025-07-03,,,,,,,,,2025-05-22,2025-07-06,0.73,12.0,Eicher Trucks & Buses (Fleet Div),automotive_manufacturing,45.0,MEDIUM,33.0,25.0,8.0,0.76,22.4,average,,,,,,,,,,,,,,
2025-06-04,COMP001,,CUST012,,RCV00285,,,27064362.03,,PAID,,,,,,,,2025-06-02,,,,,,,,,2025-05-20,2025-06-04,0.89,0.0,Vinayak Motors,automotive_manufacturing,15.0,LOW,25.0,23.0,2.0,0.92,9.5,reliable,,,,,,,,,,,,,,
2025-03-26,COMP001,,CUST022,,RCV00286,,,53373358.35,,PAID,,,,,,,,2025-03-26,,,,,,,,,2025-02-24,2025-03-26,0.92,0.0,Tata Steel Ltd (Internal),automotive_manufacturing,30.0,LOW,23.0,22.0,1.0,0.96,15.0,reliable,,,,,,,,,,,,,,
2025-03-03,COMP001,,CUST004,,RCV00287,,,20270503.5,,PAID,,,,,,,,2025-03-01,,,,,,,,,2025-01-17,2025-03-03,0.65,0.0,Ganganagar Motors,automotive_manufacturing,45.0,MEDIUM,33.0,21.0,12.0,0.64,23.6,average,,,,,,,,,,,,,,
2025-08-30,COMP001,,CUST021,,RCV00288,,,29393697.79,,PAID,,,,,,,,2025-08-30,,,,,,,,,2025-08-15,2025-08-30,0.85,0.0,NTPC Ltd,automotive_manufacturing,15.0,LOW,21.0,18.0,3.0,0.86,19.0,reliable,,,,,,,,,,,,,,
2025-04-14,COMP001,,CUST016,,RCV00289,,,35265610.6,,PAID,,,,,,,,2025-05-06,,,,,,,,,2025-02-28,2025-04-14,0.65,0.0,VRL Logistics Ltd,automotive_manufacturing,45.0,MEDIUM,26.0,18.0,8.0,0.69,23.2,average,,,,,,,,,,,,,,
2025-05-20,COMP001,,CUST011,,RCV00290,,,42472425.62,,PAID,,,,,,,,2025-05-17,,,,,,,,,2025-04-20,2025-05-20,0.83,0.0,Tirupati Motors,automotive_manufacturing,30.0,LOW,22.0,19.0,3.0,0.86,26.3,reliable,,,,,,,,,,,,,,
2025-08-26,COMP001,,CUST022,,RCV00291,,,50826205.32,,PAID,,,,,,,,2025-08-25,,,,,,,,,2025-07-27,2025-08-26,0.97,0.0,Tata Steel Ltd (Internal),automotive_manufacturing,30.0,LOW,23.0,22.0,1.0,0.96,15.0,reliable,,,,,,,,,,,,,,
2025-11-18,COMP001,,CUST005,,RCV00292,,,5186969.42,,PAID,,,,,,,,2025-11-18,,,,,,,,,2025-10-19,2025-11-18,0.55,0.0,Bimal Auto Agency,automotive_manufacturing,30.0,MEDIUM,29.0,17.0,12.0,0.59,23.8,average,,,,,,,,,,,,,,
2025-06-20,COMP001,,CUST021,,RCV00293,,,75620855.82,,PAID,,,,,,,,2025-06-18,,,,,,,,,2025-06-05,2025-06-20,0.88,0.0,NTPC Ltd,automotive_manufacturing,15.0,LOW,21.0,18.0,3.0,0.86,19.0,reliable,,,,,,,,,,,,,,
2025-08-29,COMP001,,CUST006,,RCV00294,,,20778670.62,,PAID,,,,,,,,2025-08-26,,,,,,,,,2025-07-15,2025-08-29,0.65,16.0,Kiran Motors,automotive_manufacturing,45.0,MEDIUM,34.0,21.0,13.0,0.62,21.6,average,,,,,,,,,,,,,,
2025-09-17,COMP001,,CUST011,,RCV00295,,,41650041.38,,PAID,,,,,,,,2025-09-16,,,,,,,,,2025-08-18,2025-09-17,0.83,0.0,Tirupati Motors,automotive_manufacturing,30.0,LOW,22.0,19.0,3.0,0.86,26.3,reliable,,,,,,,,,,,,,,
2025-04-04,COMP001,,CUST010,,RCV00296,,,66939971.58,,PAID,,,,,,,,2025-04-03,,,,,,,,,2025-02-03,2025-04-04,0.54,0.0,Shivam Autozone,automotive_manufacturing,60.0,HIGH,15.0,8.0,7.0,0.53,18.0,risky,,,,,,,,,,,,,,
2026-01-15,COMP001,,CUST008,,RCV00297,,,38820107.22,,PENDING,,,,,,,,,,,,,,,,,2025-12-16,2026-01-15,0.68,0.0,Prerana Motors,automotive_manufacturing,30.0,MEDIUM,29.0,20.0,9.0,0.69,23.1,average,,,,,,,,,,,,,,
2025-01-26,COMP001,,CUST001,,RCV00298,,,71572312.14,,PAID,,,,,,,,2025-01-24,,,,,,,,,2025-01-11,2025-01-26,0.84,0.0,Concorde Motors,automotive_manufacturing,15.0,LOW,24.0,21.0,3.0,0.88,15.3,reliable,,,,,,,,,,,,,,
2025-03-05,COMP001,,CUST022,,RCV00299,,,67055526.41,,PAID,,,,,,,,2025-03-02,,,,,,,,,2025-02-03,2025-03-05,0.94,0.0,Tata Steel Ltd (Internal),automotive_manufacturing,30.0,LOW,23.0,22.0,1.0,0.96,15.0,reliable,,,,,,,,,,,,,,
2025-04-26,COMP001,,CUST025,,RCV00300,,,75451023.77,,PAID,,,,,,,,2025-04-24,,,,,,,,,2025-03-12,2025-04-26,0.58,0.0,Mahindra & Mahindra,automotive_manufacturing,45.0,MEDIUM,34.0,21.0,13.0,0.62,27.8,average,,,,,,,,,,,,,,
2025-06-13,COMP001,,CUST024,,RCV00301,,,25122943.82,,PAID,,,,,,,,2025-06-12,,,,,,,,,2025-04-29,2025-06-13,0.86,0.0,Ashok Leyland (Cross-supply),automotive_manufacturing,45.0,MEDIUM,16.0,13.0,3.0,0.81,31.3,average,,,,,,,,,,,,,,
2025-05-11,COMP001,,CUST003,,RCV00302,,,11856934.22,,PAID,,,,,,,,2025-05-09,,,,,,,,,2025-04-26,2025-05-11,0.86,0.0,Jayem Automotives,automotive_manufacturing,15.0,LOW,18.0,16.0,2.0,0.89,26.5,reliable,,,,,,,,,,,,,,
2025-11-23,COMP001,,CUST022,,RCV00303,,,20727435.63,,PAID,,,,,,,,2025-11-21,,,,,,,,,2025-10-24,2025-11-23,0.97,0.0,Tata Steel Ltd (Internal),automotive_manufacturing,30.0,LOW,23.0,22.0,1.0,0.96,15.0,reliable,,,,,,,,,,,,,,
2025-11-04,COMP001,,CUST007,,RCV00304,,,61180986.18,,PAID,,,,,,,,2025-11-04,,,,,,,,,2025-09-20,2025-11-04,0.6,0.0,Prabhu Motors,automotive_manufacturing,45.0,MEDIUM,32.0,19.0,13.0,0.59,23.2,average,,,,,,,,,,,,,,
2025-02-18,COMP001,,CUST005,,RCV00305,,,2132853.37,,PAID,,,,,,,,2025-02-18,,,,,,,,,2025-01-19,2025-02-18,0.6,0.0,Bimal Auto Agency,automotive_manufacturing,30.0,MEDIUM,29.0,17.0,12.0,0.59,23.8,average,,,,,,,,,,,,,,
2025-11-01,COMP001,,CUST003,,RCV00306,,,78710136.39,,PAID,,,,,,,,2025-10-30,,,,,,,,,2025-10-17,2025-11-01,0.86,0.0,Jayem Automotives,automotive_manufacturing,15.0,LOW,18.0,16.0,2.0,0.89,26.5,reliable,,,,,,,,,,,,,,
2025-04-14,COMP001,,CUST013,,RCV00307,,,65814219.24,,PAID,,,,,,,,2025-04-13,,,,,,,,,2025-03-15,2025-04-14,0.87,0.0,BlueDart Express Ltd,automotive_manufacturing,30.0,LOW,23.0,21.0,2.0,0.91,24.0,reliable,,,,,,,,,,,,,,
2025-05-23,COMP001,,CUST023,,RCV00308,,,15207046.12,,PAID,,,,,,,,2025-05-21,,,,,,,,,2025-04-23,2025-05-23,0.81,0.0,Indian Railways,automotive_manufacturing,30.0,LOW,36.0,31.0,5.0,0.86,23.4,reliable,,,,,,,,,,,,,,
2025-12-15,COMP001,,CUST004,,RCV00309,,,35435064.88,,PAID,,,,,,,,2025-12-13,,,,,,,,,2025-10-31,2025-12-15,0.6,0.0,Ganganagar Motors,automotive_manufacturing,45.0,MEDIUM,33.0,21.0,12.0,0.64,23.6,average,,,,,,,,,,,,,,
2025-06-04,COMP001,,CUST016,,RCV00310,,,29811902.77,,PAID,,,,,,,,2025-06-01,,,,,,,,,2025-04-20,2025-06-04,0.64,0.0,VRL Logistics Ltd,automotive_manufacturing,45.0,MEDIUM,26.0,18.0,8.0,0.69,23.2,average,,,,,,,,,,,,,,
2025-10-13,COMP001,,CUST008,,RCV00311,,,79258967.43,,OVERDUE,,,,,,,,,,,,,,,,,2025-09-13,2025-10-13,0.67,0.0,Prerana Motors,automotive_manufacturing,30.0,MEDIUM,29.0,20.0,9.0,0.69,23.1,average,,,,,,,,,,,,,,
2025-12-14,COMP001,,CUST004,,RCV00312,,,67147525.96,,PAID,,,,,,,,2026-01-03,,,,,,,,,2025-10-30,2025-12-14,0.67,0.0,Ganganagar Motors,automotive_manufacturing,45.0,MEDIUM,33.0,21.0,12.0,0.64,23.6,average,,,,,,,,,,,,,,
2025-04-10,COMP001,,CUST019,,RCV00313,,,47893883.36,,PAID,,,,,,,,2025-05-01,,,,,,,,,2025-02-24,2025-04-10,0.35,1.0,Indian Army (DGOF),automotive_manufacturing,45.0,HIGH,34.0,13.0,21.0,0.38,26.5,risky,,,,,,,,,,,,,,
2025-12-19,COMP001,,CUST019,,RCV00314,,,48280589.73,,PAID,,,,,,,,2025-12-18,,,,,,,,,2025-11-04,2025-12-19,0.42,3.0,Indian Army (DGOF),automotive_manufacturing,45.0,HIGH,34.0,13.0,21.0,0.38,26.5,risky,,,,,,,,,,,,,,
2026-02-02,COMP001,,CUST010,,RCV00315,,,38307810.44,,PENDING,,,,,,,,,,,,,,,,,2025-12-04,2026-02-02,0.55,0.0,Shivam Autozone,automotive_manufacturing,60.0,HIGH,15.0,8.0,7.0,0.53,18.0,risky,,,,,,,,,,,,,,
2025-02-18,COMP001,,CUST004,,RCV00316,,,22957251.35,,PAID,,,,,,,,2025-02-16,,,,,,,,,2025-01-04,2025-02-18,0.59,0.0,Ganganagar Motors,automotive_manufacturing,45.0,MEDIUM,33.0,21.0,12.0,0.64,23.6,average,,,,,,,,,,,,,,
2026-01-11,COMP001,,CUST025,,RCV00317,,,6718170.36,,PENDING,,,,,,,,,,,,,,,,,2025-11-27,2026-01-11,0.63,0.0,Mahindra & Mahindra,automotive_manufacturing,45.0,MEDIUM,34.0,21.0,13.0,0.62,27.8,average,,,,,,,,,,,,,,
2025-09-02,COMP001,,CUST009,,RCV00318,,,75217657.69,,PAID,,,,,,,,2025-09-23,,,,,,,,,2025-07-04,2025-09-02,0.31,3.0,Sai Service Pvt Ltd,automotive_manufacturing,60.0,HIGH,15.0,5.0,10.0,0.33,21.6,risky,,,,,,,,,,,,,,
2025-03-06,COMP001,,CUST016,,RCV00319,,,8195784.24,,PAID,,,,,,,,2025-03-04,,,,,,,,,2025-01-20,2025-03-06,0.69,0.0,VRL Logistics Ltd,automotive_manufacturing,45.0,MEDIUM,26.0,18.0,8.0,0.69,23.2,average,,,,,,,,,,,,,,
2025-05-29,COMP001,,CUST013,,RCV00320,,,63745698.77,,PAID,,,,,,,,2025-05-29,,,,,,,,,2025-04-29,2025-05-29,0.93,0.0,BlueDart Express Ltd,automotive_manufacturing,30.0,LOW,23.0,21.0,2.0,0.91,24.0,reliable,,,,,,,,,,,,,,
2025-07-06,COMP001,,CUST009,,RCV00321,,,55080958.66,,OVERDUE,,,,,,,,,,,,,,,,,2025-05-07,2025-07-06,0.35,14.0,Sai Service Pvt Ltd,automotive_manufacturing,60.0,HIGH,15.0,5.0,10.0,0.33,21.6,risky,,,,,,,,,,,,,,
2025-06-23,COMP001,,CUST015,,RCV00322,,,11460930.72,,PAID,,,,,,,,2025-06-20,,,,,,,,,2025-05-24,2025-06-23,0.78,8.0,TCI Express Ltd,automotive_manufacturing,30.0,MEDIUM,18.0,14.0,4.0,0.78,21.8,average,,,,,,,,,,,,,,
2025-05-06,COMP001,,CUST015,,RCV00323,,,26859338.55,,OVERDUE,,,,,,,,,,,,,,,,,2025-04-06,2025-05-06,0.81,0.0,TCI Express Ltd,automotive_manufacturing,30.0,MEDIUM,18.0,14.0,4.0,0.78,21.8,average,,,,,,,,,,,,,,
2025-10-08,COMP001,,CUST022,,RCV00324,,,10795626.05,,PAID,,,,,,,,2025-10-07,,,,,,,,,2025-09-08,2025-10-08,0.97,0.0,Tata Steel Ltd (Internal),automotive_manufacturing,30.0,LOW,23.0,22.0,1.0,0.96,15.0,reliable,,,,,,,,,,,,,,
2025-12-06,COMP001,,CUST016,,RCV00325,,,42851704.64,,PAID,,,,,,,,2025-12-23,,,,,,,,,2025-10-22,2025-12-06,0.65,4.0,VRL Logistics Ltd,automotive_manufacturing,45.0,MEDIUM,26.0,18.0,8.0,0.69,23.2,average,,,,,,,,,,,,,,
2025-03-07,COMP001,,CUST018,,RCV00326,,,18292027.26,,PAID,,,,,,,,2025-03-04,,,,,,,,,2025-01-21,2025-03-07,0.74,0.0,Eicher Trucks & Buses (Fleet Div),automotive_manufacturing,45.0,MEDIUM,33.0,25.0,8.0,0.76,22.4,average,,,,,,,,,,,,,,
2025-06-30,COMP001,,CUST002,,RCV00327,,,32446752.05,,PAID,,,,,,,,2025-06-27,,,,,,,,,2025-05-31,2025-06-30,0.84,0.0,Pinnacle Motors,automotive_manufacturing,30.0,LOW,36.0,31.0,5.0,0.86,31.4,reliable,,,,,,,,,,,,,,
2025-04-16,COMP001,,CUST012,,RCV00328,,,4385008.92,,PAID,,,,,,,,2025-04-16,,,,,,,,,2025-04-01,2025-04-16,0.93,0.0,Vinayak Motors,automotive_manufacturing,15.0,LOW,25.0,23.0,2.0,0.92,9.5,reliable,,,,,,,,,,,,,,
2025-11-09,COMP001,,CUST008,,RCV00329,,,42425360.14,,PAID,,,,,,,,2025-11-06,,,,,,,,,2025-10-10,2025-11-09,0.73,0.0,Prerana Motors,automotive_manufacturing,30.0,MEDIUM,29.0,20.0,9.0,0.69,23.1,average,,,,,,,,,,,,,,
2025-11-29,COMP001,,CUST016,,RCV00330,,,18787653.57,,OVERDUE,,,,,,,,,,,,,,,,,2025-10-15,2025-11-29,0.66,31.0,VRL Logistics Ltd,automotive_manufacturing,45.0,MEDIUM,26.0,18.0,8.0,0.69,23.2,average,,,,,,,,,,,,,,
2025-11-10,COMP001,,CUST013,,RCV00331,,,48842441.79,,PAID,,,,,,,,2025-11-09,,,,,,,,,2025-10-11,2025-11-10,0.87,0.0,BlueDart Express Ltd,automotive_manufacturing,30.0,LOW,23.0,21.0,2.0,0.91,24.0,reliable,,,,,,,,,,,,,,
2025-08-07,COMP001,,CUST014,,RCV00332,,,38284229.76,,PAID,,,,,,,,2025-08-04,,,,,,,,,2025-07-08,2025-08-07,0.84,18.0,Rivigo Services Pvt Ltd,automotive_manufacturing,30.0,MEDIUM,21.0,17.0,4.0,0.81,24.5,average,,,,,,,,,,,,,,
2025-02-17,COMP001,,CUST004,,RCV00333,,,4147402.67,,PAID,,,,,,,,2025-03-12,,,,,,,,,2025-01-03,2025-02-17,0.65,4.0,Ganganagar Motors,automotive_manufacturing,45.0,MEDIUM,33.0,21.0,12.0,0.64,23.6,average,,,,,,,,,,,,,,
2025-09-18,COMP001,,CUST004,,RCV00334,,,18217438.82,,PAID,,,,,,,,2025-09-16,,,,,,,,,2025-08-04,2025-09-18,0.66,0.0,Ganganagar Motors,automotive_manufacturing,45.0,MEDIUM,33.0,21.0,12.0,0.64,23.6,average,,,,,,,,,,,,,,
2025-07-18,COMP001,,CUST004,,RCV00335,,,55063942.08,,PAID,,,,,,,,2025-07-17,,,,,,,,,2025-06-03,2025-07-18,0.65,0.0,Ganganagar Motors,automotive_manufacturing,45.0,MEDIUM,33.0,21.0,12.0,0.64,23.6,average,,,,,,,,,,,,,,
2026-01-25,COMP001,,CUST018,,RCV00336,,,15225315.86,,PENDING,,,,,,,,,,,,,,,,,2025-12-11,2026-01-25,0.78,0.0,Eicher Trucks & Buses (Fleet Div),automotive_manufacturing,45.0,MEDIUM,33.0,25.0,8.0,0.76,22.4,average,,,,,,,,,,,,,,
2025-03-02,COMP001,,CUST008,,RCV00337,,,19373153.0,,PAID,,,,,,,,2025-02-27,,,,,,,,,2025-01-31,2025-03-02,0.69,0.0,Prerana Motors,automotive_manufacturing,30.0,MEDIUM,29.0,20.0,9.0,0.69,23.1,average,,,,,,,,,,,,,,
2025-04-03,COMP001,,CUST017,,RCV00338,,,31684885.01,,PAID,,,,,,,,2025-04-01,,,,,,,,,2025-02-17,2025-04-03,0.76,0.0,Gati Ltd,automotive_manufacturing,45.0,MEDIUM,25.0,20.0,5.0,0.8,29.6,average,,,,,,,,,,,,,,
2025-02-26,COMP001,,CUST006,,RCV00339,,,73217220.65,,PAID,,,,,,,,2025-03-05,,,,,,,,,2025-01-12,2025-02-26,0.61,13.0,Kiran Motors,automotive_manufacturing,45.0,MEDIUM,34.0,21.0,13.0,0.62,21.6,average,,,,,,,,,,,,,,
2025-05-04,COMP001,,CUST007,,RCV00340,,,71064127.47,,PAID,,,,,,,,2025-05-09,,,,,,,,,2025-03-20,2025-05-04,0.63,0.0,Prabhu Motors,automotive_manufacturing,45.0,MEDIUM,32.0,19.0,13.0,0.59,23.2,average,,,,,,,,,,,,,,
2025-06-21,COMP001,,CUST018,,RCV00341,,,20713837.5,,OVERDUE,,,,,,,,,,,,,,,,,2025-05-07,2025-06-21,0.76,0.0,Eicher Trucks & Buses (Fleet Div),automotive_manufacturing,45.0,MEDIUM,33.0,25.0,8.0,0.76,22.4,average,,,,,,,,,,,,,,
2025-04-27,COMP001,,CUST008,,RCV00342,,,61865555.75,,PAID,,,,,,,,2025-04-25,,,,,,,,,2025-03-28,2025-04-27,0.74,0.0,Prerana Motors,automotive_manufacturing,30.0,MEDIUM,29.0,20.0,9.0,0.69,23.1,average,,,,,,,,,,,,,,
2025-10-02,COMP001,,CUST021,,RCV00343,,,37630810.09,,PAID,,,,,,,,2025-09-30,,,,,,,,,2025-09-17,2025-10-02,0.82,0.0,NTPC Ltd,automotive_manufacturing,15.0,LOW,21.0,18.0,3.0,0.86,19.0,reliable,,,,,,,,,,,,,,
2025-04-02,COMP001,,CUST020,,RCV00344,,,73306718.18,,PAID,,,,,,,,2025-04-02,,,,,,,,,2025-02-01,2025-04-02,0.53,3.0,ONGC Ltd,automotive_manufacturing,60.0,HIGH,28.0,14.0,14.0,0.5,27.7,risky,,,,,,,,,,,,,,
2025-12-09,COMP001,,CUST002,,RCV00345,,,36948767.66,,PAID,,,,,,,,2025-12-09,,,,,,,,,2025-11-09,2025-12-09,0.9,0.0,Pinnacle Motors,automotive_manufacturing,30.0,LOW,36.0,31.0,5.0,0.86,31.4,reliable,,,,,,,,,,,,,,
2025-03-23,COMP001,,CUST021,,RCV00346,,,24890184.39,,PAID,,,,,,,,2025-03-20,,,,,,,,,2025-03-08,2025-03-23,0.86,0.0,NTPC Ltd,automotive_manufacturing,15.0,LOW,21.0,18.0,3.0,0.86,19.0,reliable,,,,,,,,,,,,,,
2025-09-23,COMP001,,CUST017,,RCV00347,,,73651485.1,,PAID,,,,,,,,2025-10-10,,,,,,,,,2025-08-09,2025-09-23,0.79,20.0,Gati Ltd,automotive_manufacturing,45.0,MEDIUM,25.0,20.0,5.0,0.8,29.6,average,,,,,,,,,,,,,,
2026-01-14,COMP001,,CUST005,,RCV00348,,,30792205.7,,PENDING,,,,,,,,,,,,,,,,,2025-12-15,2026-01-14,0.6,0.0,Bimal Auto Agency,automotive_manufacturing,30.0,MEDIUM,29.0,17.0,12.0,0.59,23.8,average,,,,,,,,,,,,,,
2025-08-06,COMP001,,CUST010,,RCV00349,,,74051287.64,,PAID,,,,,,,,2025-08-20,,,,,,,,,2025-06-07,2025-08-06,0.54,0.0,Shivam Autozone,automotive_manufacturing,60.0,HIGH,15.0,8.0,7.0,0.53,18.0,risky,,,,,,,,,,,,,,
2025-07-26,COMP001,,CUST012,,RCV00350,,,29653005.87,,PAID,,,,,,,,2025-07-24,,,,,,,,,2025-07-11,2025-07-26,0.94,0.0,Vinayak Motors,automotive_manufacturing,15.0,LOW,25.0,23.0,2.0,0.92,9.5,reliable,,,,,,,,,,,,,,
2025-08-04,COMP001,,CUST024,,RCV00351,,,8853570.01,,PAID,,,,,,,,2025-08-01,,,,,,,,,2025-06-20,2025-08-04,0.85,13.0,Ashok Leyland (Cross-supply),automotive_manufacturing,45.0,MEDIUM,16.0,13.0,3.0,0.81,31.3,average,,,,,,,,,,,,,,
2025-04-05,COMP001,,CUST018,,RCV00352,,,79122505.89,,PAID,,,,,,,,2025-04-03,,,,,,,,,2025-02-19,2025-04-05,0.75,0.0,Eicher Trucks & Buses (Fleet Div),automotive_manufacturing,45.0,MEDIUM,33.0,25.0,8.0,0.76,22.4,average,,,,,,,,,,,,,,
2025-08-08,COMP001,,CUST012,,RCV00353,,,36318888.63,,PAID,,,,,,,,2025-08-05,,,,,,,,,2025-07-24,2025-08-08,0.93,0.0,Vinayak Motors,automotive_manufacturing,15.0,LOW,25.0,23.0,2.0,0.92,9.5,reliable,,,,,,,,,,,,,,
2025-04-19,COMP001,,CUST011,,RCV00354,,,5215974.8,,OVERDUE,,,,,,,,,,,,,,,,,2025-03-20,2025-04-19,0.87,0.0,Tirupati Motors,automotive_manufacturing,30.0,LOW,22.0,19.0,3.0,0.86,26.3,reliable,,,,,,,,,,,,,,
2025-03-04,COMP001,,CUST023,,RCV00355,,,62306730.82,,PAID,,,,,,,,2025-03-12,,,,,,,,,2025-02-02,2025-03-04,0.89,0.0,Indian Railways,automotive_manufacturing,30.0,LOW,36.0,31.0,5.0,0.86,23.4,reliable,,,,,,,,,,,,,,
2025-12-01,COMP001,,CUST012,,RCV00356,,,54743481.66,,PAID,,,,,,,,2025-12-01,,,,,,,,,2025-11-16,2025-12-01,0.93,0.0,Vinayak Motors,automotive_manufacturing,15.0,LOW,25.0,23.0,2.0,0.92,9.5,reliable,,,,,,,,,,,,,,
2025-05-10,COMP001,,CUST006,,RCV00357,,,57410486.2,,PAID,,,,,,,,2025-05-10,,,,,,,,,2025-03-26,2025-05-10,0.63,0.0,Kiran Motors,automotive_manufacturing,45.0,MEDIUM,34.0,21.0,13.0,0.62,21.6,average,,,,,,,,,,,,,,
2025-11-24,COMP001,,CUST019,,RCV00358,,,43932969.26,,PAID,,,,,,,,2025-12-03,,,,,,,,,2025-10-10,2025-11-24,0.4,11.0,Indian Army (DGOF),automotive_manufacturing,45.0,HIGH,34.0,13.0,21.0,0.38,26.5,risky,,,,,,,,,,,,,,
2025-04-27,COMP001,SUP004,,,,OBL00001,,17875657.24,,OVERDUE,Denso India Pvt Ltd,2025-04-27,,,,,,,UTILITY,CRITICAL,0.87,LOW,0.18,30.0,True,11.0,,,,,,,,,,,,,,,UTILITY obligation – Denso India Pvt Ltd,2025-05-27,HIGH,Engine Components,,,,,,,,,,
2025-02-03,COMP001,SUP009,,,,OBL00002,,55385806.77,,PAID,Sundaram-Clayton Ltd,2025-02-03,,,,,,,RENT,MEDIUM,0.6,MEDIUM,0.45,45.0,True,13.5,,,,,,,,,,,,,,,RENT obligation – Sundaram-Clayton Ltd,2025-03-20,CRITICAL,Aluminium Castings,,,,,,,,,,
2025-05-06,COMP001,SUP009,,,,OBL00003,,51402325.62,,PAID,Sundaram-Clayton Ltd,2025-05-06,,,,,,,RAW_MATERIAL,MEDIUM,0.6,MEDIUM,0.45,45.0,True,13.5,,,,,,,,,,,,,,,RAW_MATERIAL obligation – Sundaram-Clayton Ltd,2025-06-20,CRITICAL,Aluminium Castings,,,,,,,,,,
2025-01-07,COMP001,SUP004,,,,OBL00004,,43286245.53,,PAID,Denso India Pvt Ltd,2025-01-07,,,,,,,OTHER,CRITICAL,0.87,LOW,0.18,30.0,True,11.0,,,,,,,,,,,,,,,OTHER obligation – Denso India Pvt Ltd,2025-02-06,CRITICAL,Engine Components,,,,,,,,,,
2025-09-29,COMP001,SUP010,,,,OBL00005,,7429242.4,,PAID,Valeo India Pvt Ltd,2025-09-29,,,,,,,RENT,MEDIUM,0.55,MEDIUM,0.5,60.0,False,0.0,,,,,,,,,,,,,,,RENT obligation – Valeo India Pvt Ltd,2025-11-28,HIGH,Lighting Systems,,,,,,,,,,
2025-08-14,COMP001,SUP004,,,,OBL00006,,13011836.57,,PAID,Denso India Pvt Ltd,2025-08-14,,,,,,,REGULATORY,CRITICAL,0.87,LOW,0.18,30.0,True,11.0,,,,,,,,,,,,,,,REGULATORY obligation – Denso India Pvt Ltd,2025-09-13,HIGH,Engine Components,,,,,,,,,,
2025-10-27,COMP001,SUP006,,,,OBL00007,,56049462.79,,PAID,Apollo Tyres Ltd,2025-10-27,,,,,,,TAX,MEDIUM,0.65,MEDIUM,0.4,45.0,False,0.0,,,,,,,,,,,,,,,TAX obligation – Apollo Tyres Ltd,2025-12-11,CRITICAL,Tyres,,,,,,,,,,
2025-07-25,COMP001,SUP008,,,,OBL00008,,34821581.88,,PAID,Bharat Forge Ltd,2025-07-25,,,,,,,TAX,MEDIUM,0.68,MEDIUM,0.42,45.0,False,0.0,,,,,,,,,,,,,,,TAX obligation – Bharat Forge Ltd,2025-09-08,HIGH,Forged Components,,,,,,,,,,
2025-04-13,COMP001,SUP003,,,,OBL00009,,23009047.23,,OVERDUE,Bosch Ltd,2025-04-13,,,,,,,TAX,CRITICAL,0.91,LOW,0.1,15.0,True,10.5,,,,,,,,,,,,,,,TAX obligation – Bosch Ltd,2025-04-28,CRITICAL,Engine Components,,,,,,,,,,
2025-08-13,COMP001,SUP014,,,,OBL00010,,47754837.45,,OVERDUE,Asian Paints Industrial,2025-08-13,,,,,,,UTILITY,LOW,0.25,HIGH,0.7,45.0,False,0.0,,,,,,,,,,,,,,,UTILITY obligation – Asian Paints Industrial,2025-09-27,HIGH,Paints,,,,,,,,,,
2025-06-02,COMP001,SUP007,,,,OBL00011,,56160898.84,,PAID,Motherson Sumi Systems Ltd,2025-06-02,,,,,,,SALARY,MEDIUM,0.7,MEDIUM,0.38,30.0,True,12.5,,,,,,,,,,,,,,,SALARY obligation – Motherson Sumi Systems Ltd,2025-07-02,CRITICAL,Electrical,,,,,,,,,,
2025-09-16,COMP001,SUP002,,,,OBL00012,,18770758.09,,PAID,JSW Steel Ltd,2025-09-16,,,,,,,SALARY,CRITICAL,0.88,LOW,0.15,30.0,True,12.0,,,,,,,,,,,,,,,SALARY obligation – JSW Steel Ltd,2025-10-16,HIGH,Raw Materials,,,,,,,,,,
2025-10-13,COMP001,SUP005,,,,OBL00013,,38973132.43,,OVERDUE,MRF Ltd,2025-10-13,,,,,,,OTHER,MEDIUM,0.72,MEDIUM,0.35,45.0,True,13.0,,,,,,,,,,,,,,,OTHER obligation – MRF Ltd,2025-11-27,CRITICAL,Tyres,,,,,,,,,,
2025-09-19,COMP001,SUP003,,,,OBL00014,,21615878.5,,PAID,Bosch Ltd,2025-09-19,,,,,,,TAX,CRITICAL,0.91,LOW,0.1,15.0,True,10.5,,,,,,,,,,,,,,,TAX obligation – Bosch Ltd,2025-10-04,CRITICAL,Engine Components,,,,,,,,,,
2025-12-15,COMP001,SUP003,,,,OBL00015,,40061891.54,,PAID,Bosch Ltd,2025-12-15,,,,,,,TAX,CRITICAL,0.91,LOW,0.1,15.0,True,10.5,,,,,,,,,,,,,,,TAX obligation – Bosch Ltd,2025-12-30,CRITICAL,Engine Components,,,,,,,,,,
2025-02-09,COMP001,SUP007,,,,OBL00016,,37802557.31,,PAID,Motherson Sumi Systems Ltd,2025-02-09,,,,,,,SALARY,MEDIUM,0.7,MEDIUM,0.38,30.0,True,12.5,,,,,,,,,,,,,,,SALARY obligation – Motherson Sumi Systems Ltd,2025-03-11,CRITICAL,Electrical,,,,,,,,,,
2025-08-15,COMP001,SUP003,,,,OBL00017,,58178992.62,,PAID,Bosch Ltd,2025-08-15,,,,,,,EMI,CRITICAL,0.91,LOW,0.1,15.0,True,10.5,,,,,,,,,,,,,,,EMI obligation – Bosch Ltd,2025-08-30,CRITICAL,Engine Components,,,,,,,,,,
2025-11-10,COMP001,SUP009,,,,OBL00018,,58832532.27,,OVERDUE,Sundaram-Clayton Ltd,2025-11-10,,,,,,,RAW_MATERIAL,MEDIUM,0.6,MEDIUM,0.45,45.0,True,13.5,,,,,,,,,,,,,,,RAW_MATERIAL obligation – Sundaram-Clayton Ltd,2025-12-25,CRITICAL,Aluminium Castings,,,,,,,,,,
2025-01-08,COMP001,SUP015,,,,OBL00019,,32397098.87,,OVERDUE,Castrol India Ltd,2025-01-08,,,,,,,RENT,LOW,0.22,HIGH,0.72,45.0,False,0.0,,,,,,,,,,,,,,,RENT obligation – Castrol India Ltd,2025-02-22,MEDIUM,Lubricants,,,,,,,,,,
2025-12-16,COMP001,SUP010,,,,OBL00020,,47456963.82,,PENDING,Valeo India Pvt Ltd,2025-12-16,,,,,,,RAW_MATERIAL,MEDIUM,0.55,MEDIUM,0.5,60.0,False,0.0,,,,,,,,,,,,,,,RAW_MATERIAL obligation – Valeo India Pvt Ltd,2026-02-14,MEDIUM,Lighting Systems,,,,,,,,,,
2025-08-08,COMP001,SUP012,,,,OBL00021,,41005965.89,,PAID,Saint-Gobain India,2025-08-08,,,,,,,SALARY,LOW,0.3,HIGH,0.65,60.0,False,0.0,,,,,,,,,,,,,,,SALARY obligation – Saint-Gobain India,2025-10-07,HIGH,Glass,,,,,,,,,,
2025-05-18,COMP001,SUP009,,,,OBL00022,,11176351.5,,OVERDUE,Sundaram-Clayton Ltd,2025-05-18,,,,,,,EMI,MEDIUM,0.6,MEDIUM,0.45,45.0,True,13.5,,,,,,,,,,,,,,,EMI obligation – Sundaram-Clayton Ltd,2025-07-02,HIGH,Aluminium Castings,,,,,,,,,,
2025-01-29,COMP001,SUP009,,,,OBL00023,,51980986.11,,OVERDUE,Sundaram-Clayton Ltd,2025-01-29,,,,,,,REGULATORY,MEDIUM,0.6,MEDIUM,0.45,45.0,True,13.5,,,,,,,,,,,,,,,REGULATORY obligation – Sundaram-Clayton Ltd,2025-03-15,CRITICAL,Aluminium Castings,,,,,,,,,,
2025-06-23,COMP001,SUP009,,,,OBL00024,,10512656.94,,PAID,Sundaram-Clayton Ltd,2025-06-23,,,,,,,SALARY,MEDIUM,0.6,MEDIUM,0.45,45.0,True,13.5,,,,,,,,,,,,,,,SALARY obligation – Sundaram-Clayton Ltd,2025-08-07,HIGH,Aluminium Castings,,,,,,,,,,
2025-07-09,COMP001,SUP015,,,,OBL00025,,23043282.33,,OVERDUE,Castrol India Ltd,2025-07-09,,,,,,,OTHER,LOW,0.22,HIGH,0.72,45.0,False,0.0,,,,,,,,,,,,,,,OTHER obligation – Castrol India Ltd,2025-08-23,MEDIUM,Lubricants,,,,,,,,,,
2025-03-27,COMP001,SUP003,,,,OBL00026,,7915626.46,,PAID,Bosch Ltd,2025-03-27,,,,,,,REGULATORY,CRITICAL,0.91,LOW,0.1,15.0,True,10.5,,,,,,,,,,,,,,,REGULATORY obligation – Bosch Ltd,2025-04-11,HIGH,Engine Components,,,,,,,,,,
2025-10-15,COMP001,SUP010,,,,OBL00027,,25988271.93,,PAID,Valeo India Pvt Ltd,2025-10-15,,,,,,,REGULATORY,MEDIUM,0.55,MEDIUM,0.5,60.0,False,0.0,,,,,,,,,,,,,,,REGULATORY obligation – Valeo India Pvt Ltd,2025-12-14,HIGH,Lighting Systems,,,,,,,,,,
2025-08-26,COMP001,SUP004,,,,OBL00028,,34854005.14,,OVERDUE,Denso India Pvt Ltd,2025-08-26,,,,,,,RENT,CRITICAL,0.87,LOW,0.18,30.0,True,11.0,,,,,,,,,,,,,,,RENT obligation – Denso India Pvt Ltd,2025-09-25,CRITICAL,Engine Components,,,,,,,,,,
2025-06-02,COMP001,SUP002,,,,OBL00029,,17405586.39,,OVERDUE,JSW Steel Ltd,2025-06-02,,,,,,,TAX,CRITICAL,0.88,LOW,0.15,30.0,True,12.0,,,,,,,,,,,,,,,TAX obligation – JSW Steel Ltd,2025-07-02,HIGH,Raw Materials,,,,,,,,,,
2025-10-03,COMP001,SUP005,,,,OBL00030,,37810088.17,,PAID,MRF Ltd,2025-10-03,,,,,,,EMI,MEDIUM,0.72,MEDIUM,0.35,45.0,True,13.0,,,,,,,,,,,,,,,EMI obligation – MRF Ltd,2025-11-17,CRITICAL,Tyres,,,,,,,,,,
2025-11-29,COMP001,SUP012,,,,OBL00031,,20838211.96,,PENDING,Saint-Gobain India,2025-11-29,,,,,,,TAX,LOW,0.3,HIGH,0.65,60.0,False,0.0,,,,,,,,,,,,,,,TAX obligation – Saint-Gobain India,2026-01-28,MEDIUM,Glass,,,,,,,,,,
2025-08-03,COMP001,SUP012,,,,OBL00032,,37867610.5,,PAID,Saint-Gobain India,2025-08-03,,,,,,,OTHER,LOW,0.3,HIGH,0.65,60.0,False,0.0,,,,,,,,,,,,,,,OTHER obligation – Saint-Gobain India,2025-10-02,HIGH,Glass,,,,,,,,,,
2025-07-17,COMP001,SUP005,,,,OBL00033,,12272653.71,,PAID,MRF Ltd,2025-07-17,,,,,,,EMI,MEDIUM,0.72,MEDIUM,0.35,45.0,True,13.0,,,,,,,,,,,,,,,EMI obligation – MRF Ltd,2025-08-31,HIGH,Tyres,,,,,,,,,,
2025-03-13,COMP001,SUP013,,,,OBL00034,,22348723.78,,OVERDUE,3M India Ltd,2025-03-13,,,,,,,REGULATORY,LOW,0.28,HIGH,0.68,60.0,False,0.0,,,,,,,,,,,,,,,REGULATORY obligation – 3M India Ltd,2025-05-12,MEDIUM,Consumables,,,,,,,,,,
2025-08-29,COMP001,SUP008,,,,OBL00035,,20123487.25,,PAID,Bharat Forge Ltd,2025-08-29,,,,,,,OTHER,MEDIUM,0.68,MEDIUM,0.42,45.0,False,0.0,,,,,,,,,,,,,,,OTHER obligation – Bharat Forge Ltd,2025-10-13,HIGH,Forged Components,,,,,,,,,,
2025-06-19,COMP001,SUP006,,,,OBL00036,,43837437.07,,PAID,Apollo Tyres Ltd,2025-06-19,,,,,,,TAX,MEDIUM,0.65,MEDIUM,0.4,45.0,False,0.0,,,,,,,,,,,,,,,TAX obligation – Apollo Tyres Ltd,2025-08-03,CRITICAL,Tyres,,,,,,,,,,
2025-08-16,COMP001,SUP008,,,,OBL00037,,10564107.77,,PAID,Bharat Forge Ltd,2025-08-16,,,,,,,EMI,MEDIUM,0.68,MEDIUM,0.42,45.0,False,0.0,,,,,,,,,,,,,,,EMI obligation – Bharat Forge Ltd,2025-09-30,HIGH,Forged Components,,,,,,,,,,
2025-07-15,COMP001,SUP006,,,,OBL00038,,16497196.76,,PAID,Apollo Tyres Ltd,2025-07-15,,,,,,,UTILITY,MEDIUM,0.65,MEDIUM,0.4,45.0,False,0.0,,,,,,,,,,,,,,,UTILITY obligation – Apollo Tyres Ltd,2025-08-29,HIGH,Tyres,,,,,,,,,,
2025-12-04,COMP001,SUP009,,,,OBL00039,,23337320.56,,PENDING,Sundaram-Clayton Ltd,2025-12-04,,,,,,,RENT,MEDIUM,0.6,MEDIUM,0.45,45.0,True,13.5,,,,,,,,,,,,,,,RENT obligation – Sundaram-Clayton Ltd,2026-01-18,HIGH,Aluminium Castings,,,,,,,,,,
2025-03-21,COMP001,SUP005,,,,OBL00040,,35817057.52,,PAID,MRF Ltd,2025-03-21,,,,,,,UTILITY,MEDIUM,0.72,MEDIUM,0.35,45.0,True,13.0,,,,,,,,,,,,,,,UTILITY obligation – MRF Ltd,2025-05-05,CRITICAL,Tyres,,,,,,,,,,
2025-02-02,COMP001,SUP003,,,,OBL00041,,19667282.54,,PAID,Bosch Ltd,2025-02-02,,,,,,,REGULATORY,CRITICAL,0.91,LOW,0.1,15.0,True,10.5,,,,,,,,,,,,,,,REGULATORY obligation – Bosch Ltd,2025-02-17,CRITICAL,Engine Components,,,,,,,,,,
2025-02-02,COMP001,SUP010,,,,OBL00042,,29328414.41,,PAID,Valeo India Pvt Ltd,2025-02-02,,,,,,,TAX,MEDIUM,0.55,MEDIUM,0.5,60.0,False,0.0,,,,,,,,,,,,,,,TAX obligation – Valeo India Pvt Ltd,2025-04-03,HIGH,Lighting Systems,,,,,,,,,,
2025-08-13,COMP001,SUP011,,,,OBL00043,,7142743.07,,PAID,ZF Commercial Vehicle Control,2025-08-13,,,,,,,RAW_MATERIAL,MEDIUM,0.62,MEDIUM,0.44,60.0,True,14.0,,,,,,,,,,,,,,,RAW_MATERIAL obligation – ZF Commercial Vehicle Control,2025-10-12,HIGH,Brakes,,,,,,,,,,
2025-01-12,COMP001,SUP009,,,,OBL00044,,50253969.78,,PAID,Sundaram-Clayton Ltd,2025-01-12,,,,,,,EMI,MEDIUM,0.6,MEDIUM,0.45,45.0,True,13.5,,,,,,,,,,,,,,,EMI obligation – Sundaram-Clayton Ltd,2025-02-26,CRITICAL,Aluminium Castings,,,,,,,,,,
2025-11-09,COMP001,SUP004,,,,OBL00045,,38178348.76,,PAID,Denso India Pvt Ltd,2025-11-09,,,,,,,REGULATORY,CRITICAL,0.87,LOW,0.18,30.0,True,11.0,,,,,,,,,,,,,,,REGULATORY obligation – Denso India Pvt Ltd,2025-12-09,CRITICAL,Engine Components,,,,,,,,,,
2025-07-10,COMP001,SUP012,,,,OBL00046,,32425274.58,,OVERDUE,Saint-Gobain India,2025-07-10,,,,,,,RAW_MATERIAL,LOW,0.3,HIGH,0.65,60.0,False,0.0,,,,,,,,,,,,,,,RAW_MATERIAL obligation – Saint-Gobain India,2025-09-08,HIGH,Glass,,,,,,,,,,
2025-02-01,COMP001,SUP010,,,,OBL00047,,14041304.61,,OVERDUE,Valeo India Pvt Ltd,2025-02-01,,,,,,,OTHER,MEDIUM,0.55,MEDIUM,0.5,60.0,False,0.0,,,,,,,,,,,,,,,OTHER obligation – Valeo India Pvt Ltd,2025-04-02,HIGH,Lighting Systems,,,,,,,,,,
2025-08-28,COMP001,SUP006,,,,OBL00048,,44395857.24,,PAID,Apollo Tyres Ltd,2025-08-28,,,,,,,REGULATORY,MEDIUM,0.65,MEDIUM,0.4,45.0,False,0.0,,,,,,,,,,,,,,,REGULATORY obligation – Apollo Tyres Ltd,2025-10-12,CRITICAL,Tyres,,,,,,,,,,
2025-06-05,COMP001,SUP010,,,,OBL00049,,7163768.9,,OVERDUE,Valeo India Pvt Ltd,2025-06-05,,,,,,,UTILITY,MEDIUM,0.55,MEDIUM,0.5,60.0,False,0.0,,,,,,,,,,,,,,,UTILITY obligation – Valeo India Pvt Ltd,2025-08-04,HIGH,Lighting Systems,,,,,,,,,,
2025-06-08,COMP001,SUP003,,,,OBL00050,,33916818.62,,OVERDUE,Bosch Ltd,2025-06-08,,,,,,,RAW_MATERIAL,CRITICAL,0.91,LOW,0.1,15.0,True,10.5,,,,,,,,,,,,,,,RAW_MATERIAL obligation – Bosch Ltd,2025-06-23,CRITICAL,Engine Components,,,,,,,,,,
2025-05-15,COMP001,SUP013,,,,OBL00051,,53079554.96,,PAID,3M India Ltd,2025-05-15,,,,,,,RAW_MATERIAL,LOW,0.28,HIGH,0.68,60.0,False,0.0,,,,,,,,,,,,,,,RAW_MATERIAL obligation – 3M India Ltd,2025-07-14,HIGH,Consumables,,,,,,,,,,
2025-05-26,COMP001,SUP015,,,,OBL00052,,48216197.48,,OVERDUE,Castrol India Ltd,2025-05-26,,,,,,,OTHER,LOW,0.22,HIGH,0.72,45.0,False,0.0,,,,,,,,,,,,,,,OTHER obligation – Castrol India Ltd,2025-07-10,HIGH,Lubricants,,,,,,,,,,
2025-05-29,COMP001,SUP006,,,,OBL00053,,32009718.31,,OVERDUE,Apollo Tyres Ltd,2025-05-29,,,,,,,TAX,MEDIUM,0.65,MEDIUM,0.4,45.0,False,0.0,,,,,,,,,,,,,,,TAX obligation – Apollo Tyres Ltd,2025-07-13,HIGH,Tyres,,,,,,,,,,
2025-02-18,COMP001,SUP009,,,,OBL00054,,3780450.06,,PAID,Sundaram-Clayton Ltd,2025-02-18,,,,,,,TAX,MEDIUM,0.6,MEDIUM,0.45,45.0,True,13.5,,,,,,,,,,,,,,,TAX obligation – Sundaram-Clayton Ltd,2025-04-04,HIGH,Aluminium Castings,,,,,,,,,,
2025-04-24,COMP001,SUP013,,,,OBL00055,,28513820.46,,PAID,3M India Ltd,2025-04-24,,,,,,,TAX,LOW,0.28,HIGH,0.68,60.0,False,0.0,,,,,,,,,,,,,,,TAX obligation – 3M India Ltd,2025-06-23,HIGH,Consumables,,,,,,,,,,
2025-10-16,COMP001,SUP002,,,,OBL00056,,58076155.23,,OVERDUE,JSW Steel Ltd,2025-10-16,,,,,,,UTILITY,CRITICAL,0.88,LOW,0.15,30.0,True,12.0,,,,,,,,,,,,,,,UTILITY obligation – JSW Steel Ltd,2025-11-15,CRITICAL,Raw Materials,,,,,,,,,,
2025-05-04,COMP001,SUP009,,,,OBL00057,,58565845.26,,OVERDUE,Sundaram-Clayton Ltd,2025-05-04,,,,,,,REGULATORY,MEDIUM,0.6,MEDIUM,0.45,45.0,True,13.5,,,,,,,,,,,,,,,REGULATORY obligation – Sundaram-Clayton Ltd,2025-06-18,CRITICAL,Aluminium Castings,,,,,,,,,,
2025-03-13,COMP001,SUP004,,,,OBL00058,,7734322.06,,PAID,Denso India Pvt Ltd,2025-03-13,,,,,,,EMI,CRITICAL,0.87,LOW,0.18,30.0,True,11.0,,,,,,,,,,,,,,,EMI obligation – Denso India Pvt Ltd,2025-04-12,HIGH,Engine Components,,,,,,,,,,
2025-02-07,COMP001,SUP011,,,,OBL00059,,41040883.48,,PAID,ZF Commercial Vehicle Control,2025-02-07,,,,,,,EMI,MEDIUM,0.62,MEDIUM,0.44,60.0,True,14.0,,,,,,,,,,,,,,,EMI obligation – ZF Commercial Vehicle Control,2025-04-08,CRITICAL,Brakes,,,,,,,,,,
2025-04-26,COMP001,SUP008,,,,OBL00060,,29913201.01,,OVERDUE,Bharat Forge Ltd,2025-04-26,,,,,,,OTHER,MEDIUM,0.68,MEDIUM,0.42,45.0,False,0.0,,,,,,,,,,,,,,,OTHER obligation – Bharat Forge Ltd,2025-06-10,HIGH,Forged Components,,,,,,,,,,
2025-06-01,COMP001,SUP010,,,,OBL00061,,31009612.64,,PAID,Valeo India Pvt Ltd,2025-06-01,,,,,,,UTILITY,MEDIUM,0.55,MEDIUM,0.5,60.0,False,0.0,,,,,,,,,,,,,,,UTILITY obligation – Valeo India Pvt Ltd,2025-07-31,HIGH,Lighting Systems,,,,,,,,,,
2025-08-13,COMP001,SUP005,,,,OBL00062,,34759861.88,,PAID,MRF Ltd,2025-08-13,,,,,,,TAX,MEDIUM,0.72,MEDIUM,0.35,45.0,True,13.0,,,,,,,,,,,,,,,TAX obligation – MRF Ltd,2025-09-27,CRITICAL,Tyres,,,,,,,,,,
2025-07-12,COMP001,SUP003,,,,OBL00063,,57148200.53,,PAID,Bosch Ltd,2025-07-12,,,,,,,TAX,CRITICAL,0.91,LOW,0.1,15.0,True,10.5,,,,,,,,,,,,,,,TAX obligation – Bosch Ltd,2025-07-27,CRITICAL,Engine Components,,,,,,,,,,
2025-08-18,COMP001,SUP012,,,,OBL00064,,47553325.42,,OVERDUE,Saint-Gobain India,2025-08-18,,,,,,,RAW_MATERIAL,LOW,0.3,HIGH,0.65,60.0,False,0.0,,,,,,,,,,,,,,,RAW_MATERIAL obligation – Saint-Gobain India,2025-10-17,HIGH,Glass,,,,,,,,,,
2025-09-03,COMP001,SUP013,,,,OBL00065,,24711205.9,,PAID,3M India Ltd,2025-09-03,,,,,,,REGULATORY,LOW,0.28,HIGH,0.68,60.0,False,0.0,,,,,,,,,,,,,,,REGULATORY obligation – 3M India Ltd,2025-11-02,MEDIUM,Consumables,,,,,,,,,,
2025-07-30,COMP001,SUP009,,,,OBL00066,,25360644.56,,PAID,Sundaram-Clayton Ltd,2025-07-30,,,,,,,RAW_MATERIAL,MEDIUM,0.6,MEDIUM,0.45,45.0,True,13.5,,,,,,,,,,,,,,,RAW_MATERIAL obligation – Sundaram-Clayton Ltd,2025-09-13,HIGH,Aluminium Castings,,,,,,,,,,
2025-07-30,COMP001,SUP010,,,,OBL00067,,20221944.54,,PAID,Valeo India Pvt Ltd,2025-07-30,,,,,,,RENT,MEDIUM,0.55,MEDIUM,0.5,60.0,False,0.0,,,,,,,,,,,,,,,RENT obligation – Valeo India Pvt Ltd,2025-09-28,HIGH,Lighting Systems,,,,,,,,,,
2025-10-15,COMP001,SUP010,,,,OBL00068,,54222236.07,,OVERDUE,Valeo India Pvt Ltd,2025-10-15,,,,,,,UTILITY,MEDIUM,0.55,MEDIUM,0.5,60.0,False,0.0,,,,,,,,,,,,,,,UTILITY obligation – Valeo India Pvt Ltd,2025-12-14,CRITICAL,Lighting Systems,,,,,,,,,,
2025-09-04,COMP001,SUP012,,,,OBL00069,,40821672.54,,OVERDUE,Saint-Gobain India,2025-09-04,,,,,,,RENT,LOW,0.3,HIGH,0.65,60.0,False,0.0,,,,,,,,,,,,,,,RENT obligation – Saint-Gobain India,2025-11-03,HIGH,Glass,,,,,,,,,,
2025-11-30,COMP001,SUP009,,,,OBL00070,,55476493.03,,PENDING,Sundaram-Clayton Ltd,2025-11-30,,,,,,,UTILITY,MEDIUM,0.6,MEDIUM,0.45,45.0,True,13.5,,,,,,,,,,,,,,,UTILITY obligation – Sundaram-Clayton Ltd,2026-01-14,HIGH,Aluminium Castings,,,,,,,,,,
2025-06-14,COMP001,SUP004,,,,OBL00071,,46186667.44,,OVERDUE,Denso India Pvt Ltd,2025-06-14,,,,,,,OTHER,CRITICAL,0.87,LOW,0.18,30.0,True,11.0,,,,,,,,,,,,,,,OTHER obligation – Denso India Pvt Ltd,2025-07-14,CRITICAL,Engine Components,,,,,,,,,,
2025-10-09,COMP001,SUP002,,,,OBL00072,,51217738.76,,PAID,JSW Steel Ltd,2025-10-09,,,,,,,TAX,CRITICAL,0.88,LOW,0.15,30.0,True,12.0,,,,,,,,,,,,,,,TAX obligation – JSW Steel Ltd,2025-11-08,CRITICAL,Raw Materials,,,,,,,,,,
2025-09-20,COMP001,SUP002,,,,OBL00073,,39944157.8,,PAID,JSW Steel Ltd,2025-09-20,,,,,,,REGULATORY,CRITICAL,0.88,LOW,0.15,30.0,True,12.0,,,,,,,,,,,,,,,REGULATORY obligation – JSW Steel Ltd,2025-10-20,CRITICAL,Raw Materials,,,,,,,,,,
2025-03-28,COMP001,SUP001,,,,OBL00074,,4778392.99,,PAID,Tata Steel Ltd,2025-03-28,,,,,,,UTILITY,CRITICAL,0.93,LOW,0.12,30.0,True,11.5,,,,,,,,,,,,,,,UTILITY obligation – Tata Steel Ltd,2025-04-27,HIGH,Raw Materials,,,,,,,,,,
2025-03-25,COMP001,SUP008,,,,OBL00075,,8619540.73,,OVERDUE,Bharat Forge Ltd,2025-03-25,,,,,,,EMI,MEDIUM,0.68,MEDIUM,0.42,45.0,False,0.0,,,,,,,,,,,,,,,EMI obligation – Bharat Forge Ltd,2025-05-09,HIGH,Forged Components,,,,,,,,,,
2025-09-03,COMP001,SUP010,,,,OBL00076,,16533138.42,,PAID,Valeo India Pvt Ltd,2025-09-03,,,,,,,OTHER,MEDIUM,0.55,MEDIUM,0.5,60.0,False,0.0,,,,,,,,,,,,,,,OTHER obligation – Valeo India Pvt Ltd,2025-11-02,HIGH,Lighting Systems,,,,,,,,,,
2025-03-04,COMP001,SUP004,,,,OBL00077,,31215432.81,,OVERDUE,Denso India Pvt Ltd,2025-03-04,,,,,,,RENT,CRITICAL,0.87,LOW,0.18,30.0,True,11.0,,,,,,,,,,,,,,,RENT obligation – Denso India Pvt Ltd,2025-04-03,CRITICAL,Engine Components,,,,,,,,,,
2025-07-17,COMP001,SUP009,,,,OBL00078,,10777778.6,,PAID,Sundaram-Clayton Ltd,2025-07-17,,,,,,,EMI,MEDIUM,0.6,MEDIUM,0.45,45.0,True,13.5,,,,,,,,,,,,,,,EMI obligation – Sundaram-Clayton Ltd,2025-08-31,HIGH,Aluminium Castings,,,,,,,,,,
2025-05-07,COMP001,SUP010,,,,OBL00079,,8709332.78,,OVERDUE,Valeo India Pvt Ltd,2025-05-07,,,,,,,TAX,MEDIUM,0.55,MEDIUM,0.5,60.0,False,0.0,,,,,,,,,,,,,,,TAX obligation – Valeo India Pvt Ltd,2025-07-06,HIGH,Lighting Systems,,,,,,,,,,
2025-02-16,COMP001,SUP004,,,,OBL00080,,13232461.69,,PAID,Denso India Pvt Ltd,2025-02-16,,,,,,,REGULATORY,CRITICAL,0.87,LOW,0.18,30.0,True,11.0,,,,,,,,,,,,,,,REGULATORY obligation – Denso India Pvt Ltd,2025-03-18,HIGH,Engine Components,,,,,,,,,,
2025-09-03,COMP001,SUP010,,,,OBL00081,,30091931.73,,PAID,Valeo India Pvt Ltd,2025-09-03,,,,,,,SALARY,MEDIUM,0.55,MEDIUM,0.5,60.0,False,0.0,,,,,,,,,,,,,,,SALARY obligation – Valeo India Pvt Ltd,2025-11-02,HIGH,Lighting Systems,,,,,,,,,,
2025-08-21,COMP001,SUP006,,,,OBL00082,,34229540.86,,OVERDUE,Apollo Tyres Ltd,2025-08-21,,,,,,,SALARY,MEDIUM,0.65,MEDIUM,0.4,45.0,False,0.0,,,,,,,,,,,,,,,SALARY obligation – Apollo Tyres Ltd,2025-10-05,HIGH,Tyres,,,,,,,,,,
2025-06-09,COMP001,SUP013,,,,OBL00083,,45431954.18,,PAID,3M India Ltd,2025-06-09,,,,,,,TAX,LOW,0.28,HIGH,0.68,60.0,False,0.0,,,,,,,,,,,,,,,TAX obligation – 3M India Ltd,2025-08-08,HIGH,Consumables,,,,,,,,,,
2025-04-10,COMP001,SUP010,,,,OBL00084,,59994510.78,,PAID,Valeo India Pvt Ltd,2025-04-10,,,,,,,OTHER,MEDIUM,0.55,MEDIUM,0.5,60.0,False,0.0,,,,,,,,,,,,,,,OTHER obligation – Valeo India Pvt Ltd,2025-06-09,CRITICAL,Lighting Systems,,,,,,,,,,
2025-02-20,COMP001,SUP011,,,,OBL00085,,59093580.01,,OVERDUE,ZF Commercial Vehicle Control,2025-02-20,,,,,,,TAX,MEDIUM,0.62,MEDIUM,0.44,60.0,True,14.0,,,,,,,,,,,,,,,TAX obligation – ZF Commercial Vehicle Control,2025-04-21,CRITICAL,Brakes,,,,,,,,,,
2025-04-20,COMP001,SUP010,,,,OBL00086,,12812279.86,,PAID,Valeo India Pvt Ltd,2025-04-20,,,,,,,SALARY,MEDIUM,0.55,MEDIUM,0.5,60.0,False,0.0,,,,,,,,,,,,,,,SALARY obligation – Valeo India Pvt Ltd,2025-06-19,HIGH,Lighting Systems,,,,,,,,,,
2025-10-10,COMP001,SUP010,,,,OBL00087,,51198253.69,,PAID,Valeo India Pvt Ltd,2025-10-10,,,,,,,REGULATORY,MEDIUM,0.55,MEDIUM,0.5,60.0,False,0.0,,,,,,,,,,,,,,,REGULATORY obligation – Valeo India Pvt Ltd,2025-12-09,CRITICAL,Lighting Systems,,,,,,,,,,
2025-08-22,COMP001,SUP013,,,,OBL00088,,30268604.28,,OVERDUE,3M India Ltd,2025-08-22,,,,,,,TAX,LOW,0.28,HIGH,0.68,60.0,False,0.0,,,,,,,,,,,,,,,TAX obligation – 3M India Ltd,2025-10-21,HIGH,Consumables,,,,,,,,,,
2025-09-26,COMP001,SUP006,,,,OBL00089,,11145083.65,,OVERDUE,Apollo Tyres Ltd,2025-09-26,,,,,,,SALARY,MEDIUM,0.65,MEDIUM,0.4,45.0,False,0.0,,,,,,,,,,,,,,,SALARY obligation – Apollo Tyres Ltd,2025-11-10,HIGH,Tyres,,,,,,,,,,
2025-07-15,COMP001,SUP010,,,,OBL00090,,18085743.07,,OVERDUE,Valeo India Pvt Ltd,2025-07-15,,,,,,,OTHER,MEDIUM,0.55,MEDIUM,0.5,60.0,False,0.0,,,,,,,,,,,,,,,OTHER obligation – Valeo India Pvt Ltd,2025-09-13,HIGH,Lighting Systems,,,,,,,,,,
2025-07-14,COMP001,SUP004,,,,OBL00091,,33853846.12,,OVERDUE,Denso India Pvt Ltd,2025-07-14,,,,,,,TAX,CRITICAL,0.87,LOW,0.18,30.0,True,11.0,,,,,,,,,,,,,,,TAX obligation – Denso India Pvt Ltd,2025-08-13,CRITICAL,Engine Components,,,,,,,,,,
2025-01-15,COMP001,SUP004,,,,OBL00092,,47926162.1,,OVERDUE,Denso India Pvt Ltd,2025-01-15,,,,,,,EMI,CRITICAL,0.87,LOW,0.18,30.0,True,11.0,,,,,,,,,,,,,,,EMI obligation – Denso India Pvt Ltd,2025-02-14,CRITICAL,Engine Components,,,,,,,,,,
2025-09-21,COMP001,SUP003,,,,OBL00093,,11618381.71,,PAID,Bosch Ltd,2025-09-21,,,,,,,RENT,CRITICAL,0.91,LOW,0.1,15.0,True,10.5,,,,,,,,,,,,,,,RENT obligation – Bosch Ltd,2025-10-06,HIGH,Engine Components,,,,,,,,,,
2025-10-11,COMP001,SUP012,,,,OBL00094,,26951377.17,,PAID,Saint-Gobain India,2025-10-11,,,,,,,SALARY,LOW,0.3,HIGH,0.65,60.0,False,0.0,,,,,,,,,,,,,,,SALARY obligation – Saint-Gobain India,2025-12-10,HIGH,Glass,,,,,,,,,,
2025-04-04,COMP001,SUP012,,,,OBL00095,,33036633.52,,PAID,Saint-Gobain India,2025-04-04,,,,,,,UTILITY,LOW,0.3,HIGH,0.65,60.0,False,0.0,,,,,,,,,,,,,,,UTILITY obligation – Saint-Gobain India,2025-06-03,HIGH,Glass,,,,,,,,,,
2025-08-30,COMP001,SUP009,,,,OBL00096,,37230896.72,,PAID,Sundaram-Clayton Ltd,2025-08-30,,,,,,,OTHER,MEDIUM,0.6,MEDIUM,0.45,45.0,True,13.5,,,,,,,,,,,,,,,OTHER obligation – Sundaram-Clayton Ltd,2025-10-14,HIGH,Aluminium Castings,,,,,,,,,,
2025-04-07,COMP001,SUP014,,,,OBL00097,,51706169.42,,PAID,Asian Paints Industrial,2025-04-07,,,,,,,RENT,LOW,0.25,HIGH,0.7,45.0,False,0.0,,,,,,,,,,,,,,,RENT obligation – Asian Paints Industrial,2025-05-22,HIGH,Paints,,,,,,,,,,
2025-07-31,COMP001,SUP015,,,,OBL00098,,37833566.97,,PAID,Castrol India Ltd,2025-07-31,,,,,,,UTILITY,LOW,0.22,HIGH,0.72,45.0,False,0.0,,,,,,,,,,,,,,,UTILITY obligation – Castrol India Ltd,2025-09-14,HIGH,Lubricants,,,,,,,,,,
2025-03-08,COMP001,SUP010,,,,OBL00099,,4007692.36,,PAID,Valeo India Pvt Ltd,2025-03-08,,,,,,,RENT,MEDIUM,0.55,MEDIUM,0.5,60.0,False,0.0,,,,,,,,,,,,,,,RENT obligation – Valeo India Pvt Ltd,2025-05-07,MEDIUM,Lighting Systems,,,,,,,,,,
2025-01-10,COMP001,SUP008,,,,OBL00100,,40559878.79,,PAID,Bharat Forge Ltd,2025-01-10,,,,,,,RENT,MEDIUM,0.68,MEDIUM,0.42,45.0,False,0.0,,,,,,,,,,,,,,,RENT obligation – Bharat Forge Ltd,2025-02-24,CRITICAL,Forged Components,,,,,,,,,,
2025-03-16,COMP001,SUP010,,,,OBL00101,,16500309.91,,PAID,Valeo India Pvt Ltd,2025-03-16,,,,,,,SALARY,MEDIUM,0.55,MEDIUM,0.5,60.0,False,0.0,,,,,,,,,,,,,,,SALARY obligation – Valeo India Pvt Ltd,2025-05-15,HIGH,Lighting Systems,,,,,,,,,,
2025-11-12,COMP001,SUP008,,,,OBL00102,,36955313.16,,PAID,Bharat Forge Ltd,2025-11-12,,,,,,,EMI,MEDIUM,0.68,MEDIUM,0.42,45.0,False,0.0,,,,,,,,,,,,,,,EMI obligation – Bharat Forge Ltd,2025-12-27,CRITICAL,Forged Components,,,,,,,,,,
2025-01-13,COMP001,SUP005,,,,OBL00103,,15828855.48,,OVERDUE,MRF Ltd,2025-01-13,,,,,,,RAW_MATERIAL,MEDIUM,0.72,MEDIUM,0.35,45.0,True,13.0,,,,,,,,,,,,,,,RAW_MATERIAL obligation – MRF Ltd,2025-02-27,HIGH,Tyres,,,,,,,,,,
2025-06-03,COMP001,SUP015,,,,OBL00104,,9741055.0,,PAID,Castrol India Ltd,2025-06-03,,,,,,,RENT,LOW,0.22,HIGH,0.72,45.0,False,0.0,,,,,,,,,,,,,,,RENT obligation – Castrol India Ltd,2025-07-18,MEDIUM,Lubricants,,,,,,,,,,
2025-11-23,COMP001,SUP004,,,,OBL00105,,56764832.9,,OVERDUE,Denso India Pvt Ltd,2025-11-23,,,,,,,TAX,CRITICAL,0.87,LOW,0.18,30.0,True,11.0,,,,,,,,,,,,,,,TAX obligation – Denso India Pvt Ltd,2025-12-23,CRITICAL,Engine Components,,,,,,,,,,
2025-09-18,COMP001,SUP002,,,,OBL00106,,49303161.86,,PAID,JSW Steel Ltd,2025-09-18,,,,,,,TAX,CRITICAL,0.88,LOW,0.15,30.0,True,12.0,,,,,,,,,,,,,,,TAX obligation – JSW Steel Ltd,2025-10-18,CRITICAL,Raw Materials,,,,,,,,,,
2025-01-03,COMP001,SUP005,,,,OBL00107,,37517833.87,,OVERDUE,MRF Ltd,2025-01-03,,,,,,,EMI,MEDIUM,0.72,MEDIUM,0.35,45.0,True,13.0,,,,,,,,,,,,,,,EMI obligation – MRF Ltd,2025-02-17,CRITICAL,Tyres,,,,,,,,,,
2025-05-05,COMP001,SUP015,,,,OBL00108,,13668063.43,,PAID,Castrol India Ltd,2025-05-05,,,,,,,OTHER,LOW,0.22,HIGH,0.72,45.0,False,0.0,,,,,,,,,,,,,,,OTHER obligation – Castrol India Ltd,2025-06-19,MEDIUM,Lubricants,,,,,,,,,,
2025-06-12,COMP001,SUP014,,,,OBL00109,,21684832.61,,PAID,Asian Paints Industrial,2025-06-12,,,,,,,REGULATORY,LOW,0.25,HIGH,0.7,45.0,False,0.0,,,,,,,,,,,,,,,REGULATORY obligation – Asian Paints Industrial,2025-07-27,MEDIUM,Paints,,,,,,,,,,
2025-08-31,COMP001,SUP008,,,,OBL00110,,34347600.26,,PAID,Bharat Forge Ltd,2025-08-31,,,,,,,RAW_MATERIAL,MEDIUM,0.68,MEDIUM,0.42,45.0,False,0.0,,,,,,,,,,,,,,,RAW_MATERIAL obligation – Bharat Forge Ltd,2025-10-15,HIGH,Forged Components,,,,,,,,,,
2025-08-05,COMP001,SUP001,,,,OBL00111,,18268819.63,,PAID,Tata Steel Ltd,2025-08-05,,,,,,,REGULATORY,CRITICAL,0.93,LOW,0.12,30.0,True,11.5,,,,,,,,,,,,,,,REGULATORY obligation – Tata Steel Ltd,2025-09-04,CRITICAL,Raw Materials,,,,,,,,,,
2025-04-12,COMP001,SUP005,,,,OBL00112,,36446288.6,,PAID,MRF Ltd,2025-04-12,,,,,,,OTHER,MEDIUM,0.72,MEDIUM,0.35,45.0,True,13.0,,,,,,,,,,,,,,,OTHER obligation – MRF Ltd,2025-05-27,CRITICAL,Tyres,,,,,,,,,,
2025-04-29,COMP001,SUP012,,,,OBL00113,,13539904.62,,PAID,Saint-Gobain India,2025-04-29,,,,,,,RENT,LOW,0.3,HIGH,0.65,60.0,False,0.0,,,,,,,,,,,,,,,RENT obligation – Saint-Gobain India,2025-06-28,MEDIUM,Glass,,,,,,,,,,
2025-11-24,COMP001,SUP002,,,,OBL00114,,50341366.0,,PAID,JSW Steel Ltd,2025-11-24,,,,,,,RENT,CRITICAL,0.88,LOW,0.15,30.0,True,12.0,,,,,,,,,,,,,,,RENT obligation – JSW Steel Ltd,2025-12-24,CRITICAL,Raw Materials,,,,,,,,,,
2025-12-13,COMP001,SUP010,,,,OBL00115,,28258022.07,,PENDING,Valeo India Pvt Ltd,2025-12-13,,,,,,,UTILITY,MEDIUM,0.55,MEDIUM,0.5,60.0,False,0.0,,,,,,,,,,,,,,,UTILITY obligation – Valeo India Pvt Ltd,2026-02-11,MEDIUM,Lighting Systems,,,,,,,,,,
2025-11-08,COMP001,SUP006,,,,OBL00116,,48213058.28,,PAID,Apollo Tyres Ltd,2025-11-08,,,,,,,REGULATORY,MEDIUM,0.65,MEDIUM,0.4,45.0,False,0.0,,,,,,,,,,,,,,,REGULATORY obligation – Apollo Tyres Ltd,2025-12-23,CRITICAL,Tyres,,,,,,,,,,
2025-11-25,COMP001,SUP009,,,,OBL00117,,45364082.47,,PENDING,Sundaram-Clayton Ltd,2025-11-25,,,,,,,REGULATORY,MEDIUM,0.6,MEDIUM,0.45,45.0,True,13.5,,,,,,,,,,,,,,,REGULATORY obligation – Sundaram-Clayton Ltd,2026-01-09,HIGH,Aluminium Castings,,,,,,,,,,
2025-03-17,COMP001,SUP007,,,,OBL00118,,19890219.53,,PAID,Motherson Sumi Systems Ltd,2025-03-17,,,,,,,RENT,MEDIUM,0.7,MEDIUM,0.38,30.0,True,12.5,,,,,,,,,,,,,,,RENT obligation – Motherson Sumi Systems Ltd,2025-04-16,HIGH,Electrical,,,,,,,,,,
2025-03-20,COMP001,SUP012,,,,OBL00119,,17147123.38,,PAID,Saint-Gobain India,2025-03-20,,,,,,,REGULATORY,LOW,0.3,HIGH,0.65,60.0,False,0.0,,,,,,,,,,,,,,,REGULATORY obligation – Saint-Gobain India,2025-05-19,MEDIUM,Glass,,,,,,,,,,
2025-12-03,COMP001,SUP009,,,,OBL00120,,4701351.38,,PENDING,Sundaram-Clayton Ltd,2025-12-03,,,,,,,OTHER,MEDIUM,0.6,MEDIUM,0.45,45.0,True,13.5,,,,,,,,,,,,,,,OTHER obligation – Sundaram-Clayton Ltd,2026-01-17,MEDIUM,Aluminium Castings,,,,,,,,,,
2025-01-10,COMP001,SUP013,,,,OBL00121,,31797930.05,,OVERDUE,3M India Ltd,2025-01-10,,,,,,,OTHER,LOW,0.28,HIGH,0.68,60.0,False,0.0,,,,,,,,,,,,,,,OTHER obligation – 3M India Ltd,2025-03-11,HIGH,Consumables,,,,,,,,,,
2025-05-01,COMP001,SUP010,,,,OBL00122,,45984810.15,,PAID,Valeo India Pvt Ltd,2025-05-01,,,,,,,REGULATORY,MEDIUM,0.55,MEDIUM,0.5,60.0,False,0.0,,,,,,,,,,,,,,,REGULATORY obligation – Valeo India Pvt Ltd,2025-06-30,HIGH,Lighting Systems,,,,,,,,,,
2025-06-05,COMP001,SUP007,,,,OBL00123,,12251289.91,,PAID,Motherson Sumi Systems Ltd,2025-06-05,,,,,,,RAW_MATERIAL,MEDIUM,0.7,MEDIUM,0.38,30.0,True,12.5,,,,,,,,,,,,,,,RAW_MATERIAL obligation – Motherson Sumi Systems Ltd,2025-07-05,HIGH,Electrical,,,,,,,,,,
2025-07-16,COMP001,SUP005,,,,OBL00124,,33811563.99,,OVERDUE,MRF Ltd,2025-07-16,,,,,,,UTILITY,MEDIUM,0.72,MEDIUM,0.35,45.0,True,13.0,,,,,,,,,,,,,,,UTILITY obligation – MRF Ltd,2025-08-30,CRITICAL,Tyres,,,,,,,,,,
2025-02-20,COMP001,SUP002,,,,OBL00125,,12473042.01,,PAID,JSW Steel Ltd,2025-02-20,,,,,,,SALARY,CRITICAL,0.88,LOW,0.15,30.0,True,12.0,,,,,,,,,,,,,,,SALARY obligation – JSW Steel Ltd,2025-03-22,HIGH,Raw Materials,,,,,,,,,,
2025-11-29,COMP001,SUP002,,,,OBL00126,,11683010.52,,PENDING,JSW Steel Ltd,2025-11-29,,,,,,,UTILITY,CRITICAL,0.88,LOW,0.15,30.0,True,12.0,,,,,,,,,,,,,,,UTILITY obligation – JSW Steel Ltd,2025-12-29,HIGH,Raw Materials,,,,,,,,,,
2025-05-13,COMP001,SUP011,,,,OBL00127,,23802403.2,,OVERDUE,ZF Commercial Vehicle Control,2025-05-13,,,,,,,UTILITY,MEDIUM,0.62,MEDIUM,0.44,60.0,True,14.0,,,,,,,,,,,,,,,UTILITY obligation – ZF Commercial Vehicle Control,2025-07-12,HIGH,Brakes,,,,,,,,,,
2025-06-14,COMP001,SUP014,,,,OBL00128,,59855939.91,,PAID,Asian Paints Industrial,2025-06-14,,,,,,,EMI,LOW,0.25,HIGH,0.7,45.0,False,0.0,,,,,,,,,,,,,,,EMI obligation – Asian Paints Industrial,2025-07-29,HIGH,Paints,,,,,,,,,,
2025-10-24,COMP001,SUP013,,,,OBL00129,,27844942.83,,OVERDUE,3M India Ltd,2025-10-24,,,,,,,RENT,LOW,0.28,HIGH,0.68,60.0,False,0.0,,,,,,,,,,,,,,,RENT obligation – 3M India Ltd,2025-12-23,HIGH,Consumables,,,,,,,,,,
2025-02-18,COMP001,SUP003,,,,OBL00130,,8805869.48,,PAID,Bosch Ltd,2025-02-18,,,,,,,EMI,CRITICAL,0.91,LOW,0.1,15.0,True,10.5,,,,,,,,,,,,,,,EMI obligation – Bosch Ltd,2025-03-05,HIGH,Engine Components,,,,,,,,,,
2025-02-25,COMP001,SUP009,,,,OBL00131,,57526572.96,,PAID,Sundaram-Clayton Ltd,2025-02-25,,,,,,,EMI,MEDIUM,0.6,MEDIUM,0.45,45.0,True,13.5,,,,,,,,,,,,,,,EMI obligation – Sundaram-Clayton Ltd,2025-04-11,CRITICAL,Aluminium Castings,,,,,,,,,,
2025-10-25,COMP001,SUP008,,,,OBL00132,,39778159.95,,OVERDUE,Bharat Forge Ltd,2025-10-25,,,,,,,RENT,MEDIUM,0.68,MEDIUM,0.42,45.0,False,0.0,,,,,,,,,,,,,,,RENT obligation – Bharat Forge Ltd,2025-12-09,CRITICAL,Forged Components,,,,,,,,,,
2025-09-24,COMP001,SUP010,,,,OBL00133,,46094880.92,,PAID,Valeo India Pvt Ltd,2025-09-24,,,,,,,REGULATORY,MEDIUM,0.55,MEDIUM,0.5,60.0,False,0.0,,,,,,,,,,,,,,,REGULATORY obligation – Valeo India Pvt Ltd,2025-11-23,CRITICAL,Lighting Systems,,,,,,,,,,
2025-10-13,COMP001,SUP004,,,,OBL00134,,19572614.3,,OVERDUE,Denso India Pvt Ltd,2025-10-13,,,,,,,OTHER,CRITICAL,0.87,LOW,0.18,30.0,True,11.0,,,,,,,,,,,,,,,OTHER obligation – Denso India Pvt Ltd,2025-11-12,HIGH,Engine Components,,,,,,,,,,
2025-01-12,COMP001,SUP005,,,,OBL00135,,18926240.77,,OVERDUE,MRF Ltd,2025-01-12,,,,,,,RENT,MEDIUM,0.72,MEDIUM,0.35,45.0,True,13.0,,,,,,,,,,,,,,,RENT obligation – MRF Ltd,2025-02-26,HIGH,Tyres,,,,,,,,,,
2025-08-18,COMP001,SUP007,,,,OBL00136,,37869920.91,,PAID,Motherson Sumi Systems Ltd,2025-08-18,,,,,,,RAW_MATERIAL,MEDIUM,0.7,MEDIUM,0.38,30.0,True,12.5,,,,,,,,,,,,,,,RAW_MATERIAL obligation – Motherson Sumi Systems Ltd,2025-09-17,CRITICAL,Electrical,,,,,,,,,,
2025-07-28,COMP001,SUP010,,,,OBL00137,,54092703.7,,PAID,Valeo India Pvt Ltd,2025-07-28,,,,,,,RENT,MEDIUM,0.55,MEDIUM,0.5,60.0,False,0.0,,,,,,,,,,,,,,,RENT obligation – Valeo India Pvt Ltd,2025-09-26,CRITICAL,Lighting Systems,,,,,,,,,,
2025-04-18,COMP001,SUP007,,,,OBL00138,,23894504.31,,PAID,Motherson Sumi Systems Ltd,2025-04-18,,,,,,,RENT,MEDIUM,0.7,MEDIUM,0.38,30.0,True,12.5,,,,,,,,,,,,,,,RENT obligation – Motherson Sumi Systems Ltd,2025-05-18,HIGH,Electrical,,,,,,,,,,
2025-09-28,COMP001,SUP002,,,,OBL00139,,49886172.85,,PAID,JSW Steel Ltd,2025-09-28,,,,,,,EMI,CRITICAL,0.88,LOW,0.15,30.0,True,12.0,,,,,,,,,,,,,,,EMI obligation – JSW Steel Ltd,2025-10-28,CRITICAL,Raw Materials,,,,,,,,,,
2025-04-17,COMP001,SUP005,,,,OBL00140,,31647643.88,,PAID,MRF Ltd,2025-04-17,,,,,,,EMI,MEDIUM,0.72,MEDIUM,0.35,45.0,True,13.0,,,,,,,,,,,,,,,EMI obligation – MRF Ltd,2025-06-01,HIGH,Tyres,,,,,,,,,,
2025-06-12,COMP001,SUP014,,,,OBL00141,,59849274.93,,PAID,Asian Paints Industrial,2025-06-12,,,,,,,OTHER,LOW,0.25,HIGH,0.7,45.0,False,0.0,,,,,,,,,,,,,,,OTHER obligation – Asian Paints Industrial,2025-07-27,HIGH,Paints,,,,,,,,,,
2025-01-16,COMP001,SUP013,,,,OBL00142,,53385572.22,,PAID,3M India Ltd,2025-01-16,,,,,,,OTHER,LOW,0.28,HIGH,0.68,60.0,False,0.0,,,,,,,,,,,,,,,OTHER obligation – 3M India Ltd,2025-03-17,HIGH,Consumables,,,,,,,,,,
2025-04-17,COMP001,SUP012,,,,OBL00143,,3186097.46,,PAID,Saint-Gobain India,2025-04-17,,,,,,,UTILITY,LOW,0.3,HIGH,0.65,60.0,False,0.0,,,,,,,,,,,,,,,UTILITY obligation – Saint-Gobain India,2025-06-16,MEDIUM,Glass,,,,,,,,,,
2025-11-13,COMP001,SUP013,,,,OBL00144,,55035278.16,,PENDING,3M India Ltd,2025-11-13,,,,,,,OTHER,LOW,0.28,HIGH,0.68,60.0,False,0.0,,,,,,,,,,,,,,,OTHER obligation – 3M India Ltd,2026-01-12,HIGH,Consumables,,,,,,,,,,
2025-04-05,COMP001,SUP002,,,,OBL00145,,16322814.17,,PAID,JSW Steel Ltd,2025-04-05,,,,,,,TAX,CRITICAL,0.88,LOW,0.15,30.0,True,12.0,,,,,,,,,,,,,,,TAX obligation – JSW Steel Ltd,2025-05-05,HIGH,Raw Materials,,,,,,,,,,
2025-05-30,COMP001,SUP015,,,,OBL00146,,10660241.54,,PAID,Castrol India Ltd,2025-05-30,,,,,,,RAW_MATERIAL,LOW,0.22,HIGH,0.72,45.0,False,0.0,,,,,,,,,,,,,,,RAW_MATERIAL obligation – Castrol India Ltd,2025-07-14,MEDIUM,Lubricants,,,,,,,,,,
2025-01-16,COMP001,SUP010,,,,OBL00147,,12177390.07,,OVERDUE,Valeo India Pvt Ltd,2025-01-16,,,,,,,UTILITY,MEDIUM,0.55,MEDIUM,0.5,60.0,False,0.0,,,,,,,,,,,,,,,UTILITY obligation – Valeo India Pvt Ltd,2025-03-17,HIGH,Lighting Systems,,,,,,,,,,
2025-04-19,COMP001,SUP012,,,,OBL00148,,52241925.52,,OVERDUE,Saint-Gobain India,2025-04-19,,,,,,,RENT,LOW,0.3,HIGH,0.65,60.0,False,0.0,,,,,,,,,,,,,,,RENT obligation – Saint-Gobain India,2025-06-18,HIGH,Glass,,,,,,,,,,
2025-05-01,COMP001,SUP011,,,,OBL00149,,27847143.59,,PAID,ZF Commercial Vehicle Control,2025-05-01,,,,,,,UTILITY,MEDIUM,0.62,MEDIUM,0.44,60.0,True,14.0,,,,,,,,,,,,,,,UTILITY obligation – ZF Commercial Vehicle Control,2025-06-30,HIGH,Brakes,,,,,,,,,,
2025-11-12,COMP001,SUP009,,,,OBL00150,,52088526.31,,PAID,Sundaram-Clayton Ltd,2025-11-12,,,,,,,OTHER,MEDIUM,0.6,MEDIUM,0.45,45.0,True,13.5,,,,,,,,,,,,,,,OTHER obligation – Sundaram-Clayton Ltd,2025-12-27,CRITICAL,Aluminium Castings,,,,,,,,,,
2025-03-05,COMP001,SUP001,,,,OBL00151,,57860667.13,,OVERDUE,Tata Steel Ltd,2025-03-05,,,,,,,UTILITY,CRITICAL,0.93,LOW,0.12,30.0,True,11.5,,,,,,,,,,,,,,,UTILITY obligation – Tata Steel Ltd,2025-04-04,CRITICAL,Raw Materials,,,,,,,,,,
2025-01-15,COMP001,SUP006,,,,OBL00152,,37852297.44,,OVERDUE,Apollo Tyres Ltd,2025-01-15,,,,,,,UTILITY,MEDIUM,0.65,MEDIUM,0.4,45.0,False,0.0,,,,,,,,,,,,,,,UTILITY obligation – Apollo Tyres Ltd,2025-03-01,HIGH,Tyres,,,,,,,,,,
2025-04-19,COMP001,SUP007,,,,OBL00153,,8873178.31,,PAID,Motherson Sumi Systems Ltd,2025-04-19,,,,,,,REGULATORY,MEDIUM,0.7,MEDIUM,0.38,30.0,True,12.5,,,,,,,,,,,,,,,REGULATORY obligation – Motherson Sumi Systems Ltd,2025-05-19,HIGH,Electrical,,,,,,,,,,
2025-03-17,COMP001,SUP004,,,,OBL00154,,23975244.73,,PAID,Denso India Pvt Ltd,2025-03-17,,,,,,,TAX,CRITICAL,0.87,LOW,0.18,30.0,True,11.0,,,,,,,,,,,,,,,TAX obligation – Denso India Pvt Ltd,2025-04-16,CRITICAL,Engine Components,,,,,,,,,,
2025-07-14,COMP001,SUP009,,,,OBL00155,,47130519.54,,PAID,Sundaram-Clayton Ltd,2025-07-14,,,,,,,SALARY,MEDIUM,0.6,MEDIUM,0.45,45.0,True,13.5,,,,,,,,,,,,,,,SALARY obligation – Sundaram-Clayton Ltd,2025-08-28,CRITICAL,Aluminium Castings,,,,,,,,,,
2025-12-09,COMP001,SUP013,,,,OBL00156,,15710412.34,,PENDING,3M India Ltd,2025-12-09,,,,,,,SALARY,LOW,0.28,HIGH,0.68,60.0,False,0.0,,,,,,,,,,,,,,,SALARY obligation – 3M India Ltd,2026-02-07,LOW,Consumables,,,,,,,,,,
2025-10-15,COMP001,SUP015,,,,OBL00157,,21013059.98,,OVERDUE,Castrol India Ltd,2025-10-15,,,,,,,SALARY,LOW,0.22,HIGH,0.72,45.0,False,0.0,,,,,,,,,,,,,,,SALARY obligation – Castrol India Ltd,2025-11-29,MEDIUM,Lubricants,,,,,,,,,,
2025-01-27,COMP001,SUP008,,,,OBL00158,,33207449.01,,OVERDUE,Bharat Forge Ltd,2025-01-27,,,,,,,RAW_MATERIAL,MEDIUM,0.68,MEDIUM,0.42,45.0,False,0.0,,,,,,,,,,,,,,,RAW_MATERIAL obligation – Bharat Forge Ltd,2025-03-13,HIGH,Forged Components,,,,,,,,,,
2025-03-20,COMP001,SUP015,,,,OBL00159,,28852113.32,,PAID,Castrol India Ltd,2025-03-20,,,,,,,RENT,LOW,0.22,HIGH,0.72,45.0,False,0.0,,,,,,,,,,,,,,,RENT obligation – Castrol India Ltd,2025-05-04,MEDIUM,Lubricants,,,,,,,,,,
2025-04-06,COMP001,SUP005,,,,OBL00160,,6406840.85,,PAID,MRF Ltd,2025-04-06,,,,,,,REGULATORY,MEDIUM,0.72,MEDIUM,0.35,45.0,True,13.0,,,,,,,,,,,,,,,REGULATORY obligation – MRF Ltd,2025-05-21,HIGH,Tyres,,,,,,,,,,
2025-06-28,COMP001,SUP006,,,,OBL00161,,14201948.17,,PAID,Apollo Tyres Ltd,2025-06-28,,,,,,,UTILITY,MEDIUM,0.65,MEDIUM,0.4,45.0,False,0.0,,,,,,,,,,,,,,,UTILITY obligation – Apollo Tyres Ltd,2025-08-12,HIGH,Tyres,,,,,,,,,,
2025-10-17,COMP001,SUP011,,,,OBL00162,,17812070.36,,OVERDUE,ZF Commercial Vehicle Control,2025-10-17,,,,,,,SALARY,MEDIUM,0.62,MEDIUM,0.44,60.0,True,14.0,,,,,,,,,,,,,,,SALARY obligation – ZF Commercial Vehicle Control,2025-12-16,HIGH,Brakes,,,,,,,,,,
2025-04-27,COMP001,SUP010,,,,OBL00163,,42532191.01,,OVERDUE,Valeo India Pvt Ltd,2025-04-27,,,,,,,EMI,MEDIUM,0.55,MEDIUM,0.5,60.0,False,0.0,,,,,,,,,,,,,,,EMI obligation – Valeo India Pvt Ltd,2025-06-26,HIGH,Lighting Systems,,,,,,,,,,
2025-12-14,COMP001,SUP009,,,,OBL00164,,41396187.27,,PENDING,Sundaram-Clayton Ltd,2025-12-14,,,,,,,TAX,MEDIUM,0.6,MEDIUM,0.45,45.0,True,13.5,,,,,,,,,,,,,,,TAX obligation – Sundaram-Clayton Ltd,2026-01-28,HIGH,Aluminium Castings,,,,,,,,,,
2025-10-11,COMP001,SUP013,,,,OBL00165,,28632098.21,,OVERDUE,3M India Ltd,2025-10-11,,,,,,,EMI,LOW,0.28,HIGH,0.68,60.0,False,0.0,,,,,,,,,,,,,,,EMI obligation – 3M India Ltd,2025-12-10,HIGH,Consumables,,,,,,,,,,
2025-03-25,COMP001,SUP010,,,,OBL00166,,16886672.91,,OVERDUE,Valeo India Pvt Ltd,2025-03-25,,,,,,,TAX,MEDIUM,0.55,MEDIUM,0.5,60.0,False,0.0,,,,,,,,,,,,,,,TAX obligation – Valeo India Pvt Ltd,2025-05-24,HIGH,Lighting Systems,,,,,,,,,,
2025-08-08,COMP001,SUP003,,,,OBL00167,,56848903.72,,PAID,Bosch Ltd,2025-08-08,,,,,,,SALARY,CRITICAL,0.91,LOW,0.1,15.0,True,10.5,,,,,,,,,,,,,,,SALARY obligation – Bosch Ltd,2025-08-23,CRITICAL,Engine Components,,,,,,,,,,
2025-04-05,COMP001,SUP002,,,,OBL00168,,14396359.21,,OVERDUE,JSW Steel Ltd,2025-04-05,,,,,,,RENT,CRITICAL,0.88,LOW,0.15,30.0,True,12.0,,,,,,,,,,,,,,,RENT obligation – JSW Steel Ltd,2025-05-05,HIGH,Raw Materials,,,,,,,,,,
2025-06-04,COMP001,SUP012,,,,OBL00169,,35531551.92,,OVERDUE,Saint-Gobain India,2025-06-04,,,,,,,RAW_MATERIAL,LOW,0.3,HIGH,0.65,60.0,False,0.0,,,,,,,,,,,,,,,RAW_MATERIAL obligation – Saint-Gobain India,2025-08-03,HIGH,Glass,,,,,,,,,,
2025-11-28,COMP001,SUP005,,,,OBL00170,,42016082.64,,PENDING,MRF Ltd,2025-11-28,,,,,,,SALARY,MEDIUM,0.72,MEDIUM,0.35,45.0,True,13.0,,,,,,,,,,,,,,,SALARY obligation – MRF Ltd,2026-01-12,HIGH,Tyres,,,,,,,,,,
2025-04-07,COMP001,SUP010,,,,OBL00171,,8183923.85,,PAID,Valeo India Pvt Ltd,2025-04-07,,,,,,,REGULATORY,MEDIUM,0.55,MEDIUM,0.5,60.0,False,0.0,,,,,,,,,,,,,,,REGULATORY obligation – Valeo India Pvt Ltd,2025-06-06,HIGH,Lighting Systems,,,,,,,,,,
2025-09-29,COMP001,SUP015,,,,OBL00172,,20987988.13,,PAID,Castrol India Ltd,2025-09-29,,,,,,,RAW_MATERIAL,LOW,0.22,HIGH,0.72,45.0,False,0.0,,,,,,,,,,,,,,,RAW_MATERIAL obligation – Castrol India Ltd,2025-11-13,MEDIUM,Lubricants,,,,,,,,,,
2025-05-02,COMP001,SUP006,,,,OBL00173,,32006309.42,,OVERDUE,Apollo Tyres Ltd,2025-05-02,,,,,,,TAX,MEDIUM,0.65,MEDIUM,0.4,45.0,False,0.0,,,,,,,,,,,,,,,TAX obligation – Apollo Tyres Ltd,2025-06-16,HIGH,Tyres,,,,,,,,,,
2025-07-30,COMP001,SUP009,,,,OBL00174,,56850063.73,,PAID,Sundaram-Clayton Ltd,2025-07-30,,,,,,,OTHER,MEDIUM,0.6,MEDIUM,0.45,45.0,True,13.5,,,,,,,,,,,,,,,OTHER obligation – Sundaram-Clayton Ltd,2025-09-13,CRITICAL,Aluminium Castings,,,,,,,,,,
2025-03-05,COMP001,SUP005,,,,OBL00175,,42798310.79,,PAID,MRF Ltd,2025-03-05,,,,,,,OTHER,MEDIUM,0.72,MEDIUM,0.35,45.0,True,13.0,,,,,,,,,,,,,,,OTHER obligation – MRF Ltd,2025-04-19,CRITICAL,Tyres,,,,,,,,,,
2025-06-22,COMP001,SUP001,,,,OBL00176,,58645838.54,,OVERDUE,Tata Steel Ltd,2025-06-22,,,,,,,UTILITY,CRITICAL,0.93,LOW,0.12,30.0,True,11.5,,,,,,,,,,,,,,,UTILITY obligation – Tata Steel Ltd,2025-07-22,CRITICAL,Raw Materials,,,,,,,,,,
2025-03-04,COMP001,SUP008,,,,OBL00177,,42111436.16,,PAID,Bharat Forge Ltd,2025-03-04,,,,,,,EMI,MEDIUM,0.68,MEDIUM,0.42,45.0,False,0.0,,,,,,,,,,,,,,,EMI obligation – Bharat Forge Ltd,2025-04-18,CRITICAL,Forged Components,,,,,,,,,,
2025-08-28,COMP001,SUP008,,,,OBL00178,,32922044.33,,OVERDUE,Bharat Forge Ltd,2025-08-28,,,,,,,RAW_MATERIAL,MEDIUM,0.68,MEDIUM,0.42,45.0,False,0.0,,,,,,,,,,,,,,,RAW_MATERIAL obligation – Bharat Forge Ltd,2025-10-12,HIGH,Forged Components,,,,,,,,,,
2025-02-25,COMP001,SUP003,,,,OBL00179,,29072974.28,,PAID,Bosch Ltd,2025-02-25,,,,,,,REGULATORY,CRITICAL,0.91,LOW,0.1,15.0,True,10.5,,,,,,,,,,,,,,,REGULATORY obligation – Bosch Ltd,2025-03-12,CRITICAL,Engine Components,,,,,,,,,,
2025-01-10,COMP001,SUP008,,,,OBL00180,,35222851.45,,PAID,Bharat Forge Ltd,2025-01-10,,,,,,,EMI,MEDIUM,0.68,MEDIUM,0.42,45.0,False,0.0,,,,,,,,,,,,,,,EMI obligation – Bharat Forge Ltd,2025-02-24,HIGH,Forged Components,,,,,,,,,,
2025-03-10,COMP001,SUP013,,,,OBL00181,,10238787.77,,PAID,3M India Ltd,2025-03-10,,,,,,,OTHER,LOW,0.28,HIGH,0.68,60.0,False,0.0,,,,,,,,,,,,,,,OTHER obligation – 3M India Ltd,2025-05-09,MEDIUM,Consumables,,,,,,,,,,
2025-11-16,COMP001,SUP008,,,,OBL00182,,5777448.08,,PENDING,Bharat Forge Ltd,2025-11-16,,,,,,,REGULATORY,MEDIUM,0.68,MEDIUM,0.42,45.0,False,0.0,,,,,,,,,,,,,,,REGULATORY obligation – Bharat Forge Ltd,2025-12-31,HIGH,Forged Components,,,,,,,,,,
2025-02-22,COMP001,SUP003,,,,OBL00183,,26677932.37,,OVERDUE,Bosch Ltd,2025-02-22,,,,,,,TAX,CRITICAL,0.91,LOW,0.1,15.0,True,10.5,,,,,,,,,,,,,,,TAX obligation – Bosch Ltd,2025-03-09,CRITICAL,Engine Components,,,,,,,,,,
2025-12-09,COMP001,SUP010,,,,OBL00184,,53835712.28,,PENDING,Valeo India Pvt Ltd,2025-12-09,,,,,,,TAX,MEDIUM,0.55,MEDIUM,0.5,60.0,False,0.0,,,,,,,,,,,,,,,TAX obligation – Valeo India Pvt Ltd,2026-02-07,HIGH,Lighting Systems,,,,,,,,,,
2025-11-16,COMP001,SUP005,,,,OBL00185,,8571811.23,,PAID,MRF Ltd,2025-11-16,,,,,,,REGULATORY,MEDIUM,0.72,MEDIUM,0.35,45.0,True,13.0,,,,,,,,,,,,,,,REGULATORY obligation – MRF Ltd,2025-12-31,HIGH,Tyres,,,,,,,,,,
2025-05-15,COMP001,SUP001,,,,OBL00186,,41638219.31,,OVERDUE,Tata Steel Ltd,2025-05-15,,,,,,,RAW_MATERIAL,CRITICAL,0.93,LOW,0.12,30.0,True,11.5,,,,,,,,,,,,,,,RAW_MATERIAL obligation – Tata Steel Ltd,2025-06-14,CRITICAL,Raw Materials,,,,,,,,,,
2025-10-24,COMP001,SUP005,,,,OBL00187,,40502413.38,,OVERDUE,MRF Ltd,2025-10-24,,,,,,,SALARY,MEDIUM,0.72,MEDIUM,0.35,45.0,True,13.0,,,,,,,,,,,,,,,SALARY obligation – MRF Ltd,2025-12-08,CRITICAL,Tyres,,,,,,,,,,
2025-12-16,COMP001,SUP002,,,,OBL00188,,16740000.03,,PENDING,JSW Steel Ltd,2025-12-16,,,,,,,REGULATORY,CRITICAL,0.88,LOW,0.15,30.0,True,12.0,,,,,,,,,,,,,,,REGULATORY obligation – JSW Steel Ltd,2026-01-15,HIGH,Raw Materials,,,,,,,,,,
2025-03-10,COMP001,SUP011,,,,OBL00189,,52528372.28,,PAID,ZF Commercial Vehicle Control,2025-03-10,,,,,,,EMI,MEDIUM,0.62,MEDIUM,0.44,60.0,True,14.0,,,,,,,,,,,,,,,EMI obligation – ZF Commercial Vehicle Control,2025-05-09,CRITICAL,Brakes,,,,,,,,,,
2025-11-13,COMP001,SUP015,,,,OBL00190,,27917765.88,,PENDING,Castrol India Ltd,2025-11-13,,,,,,,EMI,LOW,0.22,HIGH,0.72,45.0,False,0.0,,,,,,,,,,,,,,,EMI obligation – Castrol India Ltd,2025-12-28,MEDIUM,Lubricants,,,,,,,,,,
2025-04-23,COMP001,SUP015,,,,OBL00191,,21809053.34,,PAID,Castrol India Ltd,2025-04-23,,,,,,,SALARY,LOW,0.22,HIGH,0.72,45.0,False,0.0,,,,,,,,,,,,,,,SALARY obligation – Castrol India Ltd,2025-06-07,MEDIUM,Lubricants,,,,,,,,,,
2025-11-18,COMP001,SUP014,,,,OBL00192,,34022753.46,,PENDING,Asian Paints Industrial,2025-11-18,,,,,,,RENT,LOW,0.25,HIGH,0.7,45.0,False,0.0,,,,,,,,,,,,,,,RENT obligation – Asian Paints Industrial,2026-01-02,HIGH,Paints,,,,,,,,,,
2025-07-28,COMP001,SUP012,,,,OBL00193,,11239397.93,,PAID,Saint-Gobain India,2025-07-28,,,,,,,TAX,LOW,0.3,HIGH,0.65,60.0,False,0.0,,,,,,,,,,,,,,,TAX obligation – Saint-Gobain India,2025-09-26,MEDIUM,Glass,,,,,,,,,,
2025-05-30,COMP001,SUP014,,,,OBL00194,,37694410.46,,PAID,Asian Paints Industrial,2025-05-30,,,,,,,SALARY,LOW,0.25,HIGH,0.7,45.0,False,0.0,,,,,,,,,,,,,,,SALARY obligation – Asian Paints Industrial,2025-07-14,HIGH,Paints,,,,,,,,,,
2025-02-02,COMP001,SUP008,,,,OBL00195,,59963782.79,,OVERDUE,Bharat Forge Ltd,2025-02-02,,,,,,,RENT,MEDIUM,0.68,MEDIUM,0.42,45.0,False,0.0,,,,,,,,,,,,,,,RENT obligation – Bharat Forge Ltd,2025-03-19,CRITICAL,Forged Components,,,,,,,,,,
2025-04-29,COMP001,SUP011,,,,OBL00196,,42149907.83,,PAID,ZF Commercial Vehicle Control,2025-04-29,,,,,,,UTILITY,MEDIUM,0.62,MEDIUM,0.44,60.0,True,14.0,,,,,,,,,,,,,,,UTILITY obligation – ZF Commercial Vehicle Control,2025-06-28,CRITICAL,Brakes,,,,,,,,,,
2025-12-05,COMP001,SUP013,,,,OBL00197,,22624749.24,,PENDING,3M India Ltd,2025-12-05,,,,,,,SALARY,LOW,0.28,HIGH,0.68,60.0,False,0.0,,,,,,,,,,,,,,,SALARY obligation – 3M India Ltd,2026-02-03,MEDIUM,Consumables,,,,,,,,,,
2025-05-15,COMP001,SUP003,,,,OBL00198,,9314430.27,,OVERDUE,Bosch Ltd,2025-05-15,,,,,,,RAW_MATERIAL,CRITICAL,0.91,LOW,0.1,15.0,True,10.5,,,,,,,,,,,,,,,RAW_MATERIAL obligation – Bosch Ltd,2025-05-30,HIGH,Engine Components,,,,,,,,,,
2025-11-04,COMP001,SUP015,,,,OBL00199,,43606945.33,,PAID,Castrol India Ltd,2025-11-04,,,,,,,REGULATORY,LOW,0.22,HIGH,0.72,45.0,False,0.0,,,,,,,,,,,,,,,REGULATORY obligation – Castrol India Ltd,2025-12-19,HIGH,Lubricants,,,,,,,,,,
2025-04-12,COMP001,SUP008,,,,OBL00200,,54472883.35,,PAID,Bharat Forge Ltd,2025-04-12,,,,,,,RENT,MEDIUM,0.68,MEDIUM,0.42,45.0,False,0.0,,,,,,,,,,,,,,,RENT obligation – Bharat Forge Ltd,2025-05-27,CRITICAL,Forged Components,,,,,,,,,,
2025-07-13,COMP001,SUP006,,,,OBL00201,,17149435.05,,PAID,Apollo Tyres Ltd,2025-07-13,,,,,,,RAW_MATERIAL,MEDIUM,0.65,MEDIUM,0.4,45.0,False,0.0,,,,,,,,,,,,,,,RAW_MATERIAL obligation – Apollo Tyres Ltd,2025-08-27,HIGH,Tyres,,,,,,,,,,
2025-01-14,COMP001,SUP001,,,,OBL00202,,25459010.28,,PAID,Tata Steel Ltd,2025-01-14,,,,,,,TAX,CRITICAL,0.93,LOW,0.12,30.0,True,11.5,,,,,,,,,,,,,,,TAX obligation – Tata Steel Ltd,2025-02-13,CRITICAL,Raw Materials,,,,,,,,,,
2025-03-06,COMP001,SUP007,,,,OBL00203,,5820593.76,,OVERDUE,Motherson Sumi Systems Ltd,2025-03-06,,,,,,,UTILITY,MEDIUM,0.7,MEDIUM,0.38,30.0,True,12.5,,,,,,,,,,,,,,,UTILITY obligation – Motherson Sumi Systems Ltd,2025-04-05,HIGH,Electrical,,,,,,,,,,
2025-10-04,COMP001,SUP006,,,,OBL00204,,21774369.38,,PAID,Apollo Tyres Ltd,2025-10-04,,,,,,,OTHER,MEDIUM,0.65,MEDIUM,0.4,45.0,False,0.0,,,,,,,,,,,,,,,OTHER obligation – Apollo Tyres Ltd,2025-11-18,HIGH,Tyres,,,,,,,,,,
2025-07-08,COMP001,SUP002,,,,OBL00205,,30394038.01,,PAID,JSW Steel Ltd,2025-07-08,,,,,,,SALARY,CRITICAL,0.88,LOW,0.15,30.0,True,12.0,,,,,,,,,,,,,,,SALARY obligation – JSW Steel Ltd,2025-08-07,CRITICAL,Raw Materials,,,,,,,,,,
2025-09-01,COMP001,SUP008,,,,OBL00206,,52517630.53,,PAID,Bharat Forge Ltd,2025-09-01,,,,,,,SALARY,MEDIUM,0.68,MEDIUM,0.42,45.0,False,0.0,,,,,,,,,,,,,,,SALARY obligation – Bharat Forge Ltd,2025-10-16,CRITICAL,Forged Components,,,,,,,,,,
2025-08-02,COMP001,SUP015,,,,OBL00207,,42483577.38,,OVERDUE,Castrol India Ltd,2025-08-02,,,,,,,EMI,LOW,0.22,HIGH,0.72,45.0,False,0.0,,,,,,,,,,,,,,,EMI obligation – Castrol India Ltd,2025-09-16,HIGH,Lubricants,,,,,,,,,,
2025-06-12,COMP001,SUP002,,,,OBL00208,,59619048.51,,PAID,JSW Steel Ltd,2025-06-12,,,,,,,TAX,CRITICAL,0.88,LOW,0.15,30.0,True,12.0,,,,,,,,,,,,,,,TAX obligation – JSW Steel Ltd,2025-07-12,CRITICAL,Raw Materials,,,,,,,,,,
2025-02-22,COMP001,SUP001,,,,OBL00209,,37505685.46,,PAID,Tata Steel Ltd,2025-02-22,,,,,,,EMI,CRITICAL,0.93,LOW,0.12,30.0,True,11.5,,,,,,,,,,,,,,,EMI obligation – Tata Steel Ltd,2025-03-24,CRITICAL,Raw Materials,,,,,,,,,,
2025-04-14,COMP001,SUP013,,,,OBL00210,,50486009.13,,OVERDUE,3M India Ltd,2025-04-14,,,,,,,RAW_MATERIAL,LOW,0.28,HIGH,0.68,60.0,False,0.0,,,,,,,,,,,,,,,RAW_MATERIAL obligation – 3M India Ltd,2025-06-13,HIGH,Consumables,,,,,,,,,,
2025-08-01,COMP001,SUP003,,,,OBL00211,,36740928.19,,PAID,Bosch Ltd,2025-08-01,,,,,,,SALARY,CRITICAL,0.91,LOW,0.1,15.0,True,10.5,,,,,,,,,,,,,,,SALARY obligation – Bosch Ltd,2025-08-16,CRITICAL,Engine Components,,,,,,,,,,
2025-12-16,COMP001,SUP005,,,,OBL00212,,7104450.19,,PENDING,MRF Ltd,2025-12-16,,,,,,,SALARY,MEDIUM,0.72,MEDIUM,0.35,45.0,True,13.0,,,,,,,,,,,,,,,SALARY obligation – MRF Ltd,2026-01-30,MEDIUM,Tyres,,,,,,,,,,
2025-06-15,COMP001,SUP012,,,,OBL00213,,43101329.7,,OVERDUE,Saint-Gobain India,2025-06-15,,,,,,,RENT,LOW,0.3,HIGH,0.65,60.0,False,0.0,,,,,,,,,,,,,,,RENT obligation – Saint-Gobain India,2025-08-14,HIGH,Glass,,,,,,,,,,
2025-02-21,COMP001,SUP008,,,,OBL00214,,50060096.45,,PAID,Bharat Forge Ltd,2025-02-21,,,,,,,REGULATORY,MEDIUM,0.68,MEDIUM,0.42,45.0,False,0.0,,,,,,,,,,,,,,,REGULATORY obligation – Bharat Forge Ltd,2025-04-07,CRITICAL,Forged Components,,,,,,,,,,
2025-12-12,COMP001,SUP009,,,,OBL00215,,44305841.99,,PENDING,Sundaram-Clayton Ltd,2025-12-12,,,,,,,SALARY,MEDIUM,0.6,MEDIUM,0.45,45.0,True,13.5,,,,,,,,,,,,,,,SALARY obligation – Sundaram-Clayton Ltd,2026-01-26,HIGH,Aluminium Castings,,,,,,,,,,
2025-07-28,COMP001,SUP005,,,,OBL00216,,34744712.89,,PAID,MRF Ltd,2025-07-28,,,,,,,OTHER,MEDIUM,0.72,MEDIUM,0.35,45.0,True,13.0,,,,,,,,,,,,,,,OTHER obligation – MRF Ltd,2025-09-11,CRITICAL,Tyres,,,,,,,,,,
2025-08-24,COMP001,SUP003,,,,OBL00217,,48019915.06,,PAID,Bosch Ltd,2025-08-24,,,,,,,OTHER,CRITICAL,0.91,LOW,0.1,15.0,True,10.5,,,,,,,,,,,,,,,OTHER obligation – Bosch Ltd,2025-09-08,CRITICAL,Engine Components,,,,,,,,,,
2025-05-18,COMP001,SUP011,,,,OBL00218,,52334750.91,,OVERDUE,ZF Commercial Vehicle Control,2025-05-18,,,,,,,SALARY,MEDIUM,0.62,MEDIUM,0.44,60.0,True,14.0,,,,,,,,,,,,,,,SALARY obligation – ZF Commercial Vehicle Control,2025-07-17,CRITICAL,Brakes,,,,,,,,,,
2025-10-15,COMP001,SUP010,,,,OBL00219,,43172967.25,,PAID,Valeo India Pvt Ltd,2025-10-15,,,,,,,SALARY,MEDIUM,0.55,MEDIUM,0.5,60.0,False,0.0,,,,,,,,,,,,,,,SALARY obligation – Valeo India Pvt Ltd,2025-12-14,HIGH,Lighting Systems,,,,,,,,,,
2025-02-11,COMP001,SUP015,,,,OBL00220,,42980793.5,,PAID,Castrol India Ltd,2025-02-11,,,,,,,REGULATORY,LOW,0.22,HIGH,0.72,45.0,False,0.0,,,,,,,,,,,,,,,REGULATORY obligation – Castrol India Ltd,2025-03-28,HIGH,Lubricants,,,,,,,,,,
2025-08-26,COMP001,SUP007,,,,OBL00221,,46876938.92,,OVERDUE,Motherson Sumi Systems Ltd,2025-08-26,,,,,,,OTHER,MEDIUM,0.7,MEDIUM,0.38,30.0,True,12.5,,,,,,,,,,,,,,,OTHER obligation – Motherson Sumi Systems Ltd,2025-09-25,CRITICAL,Electrical,,,,,,,,,,
2025-11-29,COMP001,SUP005,,,,OBL00222,,44311258.43,,PENDING,MRF Ltd,2025-11-29,,,,,,,OTHER,MEDIUM,0.72,MEDIUM,0.35,45.0,True,13.0,,,,,,,,,,,,,,,OTHER obligation – MRF Ltd,2026-01-13,HIGH,Tyres,,,,,,,,,,
2025-11-08,COMP001,SUP001,,,,OBL00223,,10483279.48,,OVERDUE,Tata Steel Ltd,2025-11-08,,,,,,,TAX,CRITICAL,0.93,LOW,0.12,30.0,True,11.5,,,,,,,,,,,,,,,TAX obligation – Tata Steel Ltd,2025-12-08,HIGH,Raw Materials,,,,,,,,,,
2025-07-13,COMP001,SUP011,,,,OBL00224,,21428227.91,,OVERDUE,ZF Commercial Vehicle Control,2025-07-13,,,,,,,RENT,MEDIUM,0.62,MEDIUM,0.44,60.0,True,14.0,,,,,,,,,,,,,,,RENT obligation – ZF Commercial Vehicle Control,2025-09-11,HIGH,Brakes,,,,,,,,,,
2025-04-28,COMP001,SUP006,,,,OBL00225,,58269382.62,,OVERDUE,Apollo Tyres Ltd,2025-04-28,,,,,,,RENT,MEDIUM,0.65,MEDIUM,0.4,45.0,False,0.0,,,,,,,,,,,,,,,RENT obligation – Apollo Tyres Ltd,2025-06-12,CRITICAL,Tyres,,,,,,,,,,
2025-09-13,COMP001,SUP001,,,,OBL00226,,50095083.89,,PAID,Tata Steel Ltd,2025-09-13,,,,,,,OTHER,CRITICAL,0.93,LOW,0.12,30.0,True,11.5,,,,,,,,,,,,,,,OTHER obligation – Tata Steel Ltd,2025-10-13,CRITICAL,Raw Materials,,,,,,,,,,
2025-10-07,COMP001,SUP002,,,,OBL00227,,36158839.15,,OVERDUE,JSW Steel Ltd,2025-10-07,,,,,,,EMI,CRITICAL,0.88,LOW,0.15,30.0,True,12.0,,,,,,,,,,,,,,,EMI obligation – JSW Steel Ltd,2025-11-06,CRITICAL,Raw Materials,,,,,,,,,,
2025-01-28,COMP001,SUP013,,,,OBL00228,,12368420.76,,OVERDUE,3M India Ltd,2025-01-28,,,,,,,UTILITY,LOW,0.28,HIGH,0.68,60.0,False,0.0,,,,,,,,,,,,,,,UTILITY obligation – 3M India Ltd,2025-03-29,MEDIUM,Consumables,,,,,,,,,,
2025-11-05,COMP001,SUP009,,,,OBL00229,,9019265.19,,OVERDUE,Sundaram-Clayton Ltd,2025-11-05,,,,,,,UTILITY,MEDIUM,0.6,MEDIUM,0.45,45.0,True,13.5,,,,,,,,,,,,,,,UTILITY obligation – Sundaram-Clayton Ltd,2025-12-20,HIGH,Aluminium Castings,,,,,,,,,,
2025-07-03,COMP001,SUP003,,,,OBL00230,,57638313.08,,PAID,Bosch Ltd,2025-07-03,,,,,,,UTILITY,CRITICAL,0.91,LOW,0.1,15.0,True,10.5,,,,,,,,,,,,,,,UTILITY obligation – Bosch Ltd,2025-07-18,CRITICAL,Engine Components,,,,,,,,,,
2025-09-12,COMP001,SUP009,,,,OBL00231,,48598334.95,,PAID,Sundaram-Clayton Ltd,2025-09-12,,,,,,,UTILITY,MEDIUM,0.6,MEDIUM,0.45,45.0,True,13.5,,,,,,,,,,,,,,,UTILITY obligation – Sundaram-Clayton Ltd,2025-10-27,CRITICAL,Aluminium Castings,,,,,,,,,,
2025-11-07,COMP001,SUP011,,,,OBL00232,,5892535.68,,PENDING,ZF Commercial Vehicle Control,2025-11-07,,,,,,,EMI,MEDIUM,0.62,MEDIUM,0.44,60.0,True,14.0,,,,,,,,,,,,,,,EMI obligation – ZF Commercial Vehicle Control,2026-01-06,MEDIUM,Brakes,,,,,,,,,,
2025-03-24,COMP001,SUP004,,,,OBL00233,,43119201.97,,OVERDUE,Denso India Pvt Ltd,2025-03-24,,,,,,,SALARY,CRITICAL,0.87,LOW,0.18,30.0,True,11.0,,,,,,,,,,,,,,,SALARY obligation – Denso India Pvt Ltd,2025-04-23,CRITICAL,Engine Components,,,,,,,,,,
2025-07-30,COMP001,SUP013,,,,OBL00234,,36053719.36,,PAID,3M India Ltd,2025-07-30,,,,,,,OTHER,LOW,0.28,HIGH,0.68,60.0,False,0.0,,,,,,,,,,,,,,,OTHER obligation – 3M India Ltd,2025-09-28,HIGH,Consumables,,,,,,,,,,
2025-02-11,COMP001,SUP002,,,,OBL00235,,18713913.3,,OVERDUE,JSW Steel Ltd,2025-02-11,,,,,,,EMI,CRITICAL,0.88,LOW,0.15,30.0,True,12.0,,,,,,,,,,,,,,,EMI obligation – JSW Steel Ltd,2025-03-13,HIGH,Raw Materials,,,,,,,,,,
2025-02-18,COMP001,SUP008,,,,OBL00236,,19630343.22,,PAID,Bharat Forge Ltd,2025-02-18,,,,,,,EMI,MEDIUM,0.68,MEDIUM,0.42,45.0,False,0.0,,,,,,,,,,,,,,,EMI obligation – Bharat Forge Ltd,2025-04-04,HIGH,Forged Components,,,,,,,,,,
2025-09-25,COMP001,SUP013,,,,OBL00237,,18734751.99,,OVERDUE,3M India Ltd,2025-09-25,,,,,,,SALARY,LOW,0.28,HIGH,0.68,60.0,False,0.0,,,,,,,,,,,,,,,SALARY obligation – 3M India Ltd,2025-11-24,MEDIUM,Consumables,,,,,,,,,,
2025-01-13,COMP001,SUP013,,,,OBL00238,,44411141.13,,PAID,3M India Ltd,2025-01-13,,,,,,,REGULATORY,LOW,0.28,HIGH,0.68,60.0,False,0.0,,,,,,,,,,,,,,,REGULATORY obligation – 3M India Ltd,2025-03-14,HIGH,Consumables,,,,,,,,,,
2025-09-17,COMP001,SUP015,,,,OBL00239,,42976828.57,,PAID,Castrol India Ltd,2025-09-17,,,,,,,SALARY,LOW,0.22,HIGH,0.72,45.0,False,0.0,,,,,,,,,,,,,,,SALARY obligation – Castrol India Ltd,2025-11-01,HIGH,Lubricants,,,,,,,,,,
2025-07-15,COMP001,SUP003,,,,OBL00240,,56440998.78,,PAID,Bosch Ltd,2025-07-15,,,,,,,OTHER,CRITICAL,0.91,LOW,0.1,15.0,True,10.5,,,,,,,,,,,,,,,OTHER obligation – Bosch Ltd,2025-07-30,CRITICAL,Engine Components,,,,,,,,,,
2025-11-22,COMP001,SUP012,,,,OBL00241,,19217922.22,,PENDING,Saint-Gobain India,2025-11-22,,,,,,,UTILITY,LOW,0.3,HIGH,0.65,60.0,False,0.0,,,,,,,,,,,,,,,UTILITY obligation – Saint-Gobain India,2026-01-21,MEDIUM,Glass,,,,,,,,,,
2025-07-05,COMP001,SUP002,,,,OBL00242,,9595618.57,,PAID,JSW Steel Ltd,2025-07-05,,,,,,,SALARY,CRITICAL,0.88,LOW,0.15,30.0,True,12.0,,,,,,,,,,,,,,,SALARY obligation – JSW Steel Ltd,2025-08-04,HIGH,Raw Materials,,,,,,,,,,
2025-05-02,COMP001,SUP015,,,,OBL00243,,49246748.23,,PAID,Castrol India Ltd,2025-05-02,,,,,,,RENT,LOW,0.22,HIGH,0.72,45.0,False,0.0,,,,,,,,,,,,,,,RENT obligation – Castrol India Ltd,2025-06-16,HIGH,Lubricants,,,,,,,,,,
2025-11-16,COMP001,SUP003,,,,OBL00244,,8580198.52,,PAID,Bosch Ltd,2025-11-16,,,,,,,REGULATORY,CRITICAL,0.91,LOW,0.1,15.0,True,10.5,,,,,,,,,,,,,,,REGULATORY obligation – Bosch Ltd,2025-12-01,HIGH,Engine Components,,,,,,,,,,
2025-10-06,COMP001,SUP005,,,,OBL00245,,18023005.77,,OVERDUE,MRF Ltd,2025-10-06,,,,,,,UTILITY,MEDIUM,0.72,MEDIUM,0.35,45.0,True,13.0,,,,,,,,,,,,,,,UTILITY obligation – MRF Ltd,2025-11-20,HIGH,Tyres,,,,,,,,,,
2025-08-26,COMP001,SUP001,,,,OBL00246,,22470197.32,,PAID,Tata Steel Ltd,2025-08-26,,,,,,,UTILITY,CRITICAL,0.93,LOW,0.12,30.0,True,11.5,,,,,,,,,,,,,,,UTILITY obligation – Tata Steel Ltd,2025-09-25,CRITICAL,Raw Materials,,,,,,,,,,
2025-02-06,COMP001,SUP003,,,,OBL00247,,23645172.87,,OVERDUE,Bosch Ltd,2025-02-06,,,,,,,RENT,CRITICAL,0.91,LOW,0.1,15.0,True,10.5,,,,,,,,,,,,,,,RENT obligation – Bosch Ltd,2025-02-21,CRITICAL,Engine Components,,,,,,,,,,
2025-10-04,COMP001,SUP007,,,,OBL00248,,47120678.69,,PAID,Motherson Sumi Systems Ltd,2025-10-04,,,,,,,TAX,MEDIUM,0.7,MEDIUM,0.38,30.0,True,12.5,,,,,,,,,,,,,,,TAX obligation – Motherson Sumi Systems Ltd,2025-11-03,CRITICAL,Electrical,,,,,,,,,,
2025-11-11,COMP001,SUP007,,,,OBL00249,,52272673.33,,OVERDUE,Motherson Sumi Systems Ltd,2025-11-11,,,,,,,EMI,MEDIUM,0.7,MEDIUM,0.38,30.0,True,12.5,,,,,,,,,,,,,,,EMI obligation – Motherson Sumi Systems Ltd,2025-12-11,CRITICAL,Electrical,,,,,,,,,,
2025-05-03,COMP001,SUP014,,,,OBL00250,,7869478.29,,PAID,Asian Paints Industrial,2025-05-03,,,,,,,REGULATORY,LOW,0.25,HIGH,0.7,45.0,False,0.0,,,,,,,,,,,,,,,REGULATORY obligation – Asian Paints Industrial,2025-06-17,MEDIUM,Paints,,,,,,,,,,
2025-11-23,COMP001,SUP006,,,,OBL00251,,35997078.57,,PENDING,Apollo Tyres Ltd,2025-11-23,,,,,,,EMI,MEDIUM,0.65,MEDIUM,0.4,45.0,False,0.0,,,,,,,,,,,,,,,EMI obligation – Apollo Tyres Ltd,2026-01-07,HIGH,Tyres,,,,,,,,,,
2025-11-08,COMP001,SUP003,,,,OBL00252,,42443380.15,,OVERDUE,Bosch Ltd,2025-11-08,,,,,,,UTILITY,CRITICAL,0.91,LOW,0.1,15.0,True,10.5,,,,,,,,,,,,,,,UTILITY obligation – Bosch Ltd,2025-11-23,CRITICAL,Engine Components,,,,,,,,,,
2025-05-22,COMP001,SUP012,,,,OBL00253,,14493590.48,,PAID,Saint-Gobain India,2025-05-22,,,,,,,RENT,LOW,0.3,HIGH,0.65,60.0,False,0.0,,,,,,,,,,,,,,,RENT obligation – Saint-Gobain India,2025-07-21,MEDIUM,Glass,,,,,,,,,,
2025-06-19,COMP001,SUP001,,,,OBL00254,,42653492.74,,PAID,Tata Steel Ltd,2025-06-19,,,,,,,EMI,CRITICAL,0.93,LOW,0.12,30.0,True,11.5,,,,,,,,,,,,,,,EMI obligation – Tata Steel Ltd,2025-07-19,CRITICAL,Raw Materials,,,,,,,,,,
2025-02-08,COMP001,SUP004,,,,OBL00255,,45701903.46,,PAID,Denso India Pvt Ltd,2025-02-08,,,,,,,UTILITY,CRITICAL,0.87,LOW,0.18,30.0,True,11.0,,,,,,,,,,,,,,,UTILITY obligation – Denso India Pvt Ltd,2025-03-10,CRITICAL,Engine Components,,,,,,,,,,
2025-01-01,COMP001,,,,,,TXNBECD3764,14677659.15,,COMPLETED,,,,,,,,,SALES_RECEIPTS,,,,,,,,,,,,,,,,,,,,,,Daily dealership & fleet sales collection,,,,CUSTOMER_PAYMENT,COMPANY,COMP001,,,,,,,
2025-01-01,COMP001,,,,,,TXNBAAE260A,-6335202.08,,COMPLETED,,,,,,,,,OPEX,,,,,,,,,,,,,,,,,,,,,,Daily operating expenses,,,,OPERATING_EXPENSE,COMPANY,COMP001,,,,,,,
2025-01-02,COMP001,,,,,,TXN29B1C3D8,-6920809.05,,COMPLETED,,,,,,,,,OPEX,,,,,,,,,,,,,,,,,,,,,,Daily operating expenses,,,,OPERATING_EXPENSE,COMPANY,COMP001,,,,,,,
2025-01-02,COMP001,,,,,,TXN1D0E256A,9933010.63,,COMPLETED,,,,,,,,,SALES_RECEIPTS,,,,,,,,,,,,,,,,,,,,,,Daily dealership & fleet sales collection,,,,CUSTOMER_PAYMENT,COMPANY,COMP001,,,,,,,
2025-01-03,COMP001,,,,,,TXNEF54C379,20072575.37,,COMPLETED,,,,,,,,,SALES_RECEIPTS,,,,,,,,,,,,,,,,,,,,,,Daily dealership & fleet sales collection,,,,CUSTOMER_PAYMENT,COMPANY,COMP001,,,,,,,
2025-01-03,COMP001,,,,,,TXN9EB80FDB,-8008116.96,,COMPLETED,,,,,,,,,OPEX,,,,,,,,,,,,,,,,,,,,,,Daily operating expenses,,,,OPERATING_EXPENSE,COMPANY,COMP001,,,,,,,
2025-01-04,COMP001,,,,,,TXN1AE1DE0C,2733656.0,,COMPLETED,,,,,,,,,SALES_RECEIPTS,,,,,,,,,,,,,,,,,,,,,,Daily dealership & fleet sales collection,,,,CUSTOMER_PAYMENT,COMPANY,COMP001,,,,,,,
2025-01-04,COMP001,,,,,,TXNDFD28EE3,-611918.73,,COMPLETED,,,,,,,,,OPEX,,,,,,,,,,,,,,,,,,,,,,Daily operating expenses,,,,OPERATING_EXPENSE,COMPANY,COMP001,,,,,,,
2025-01-05,COMP001,,,,,,TXNED36FADD,1400325.88,,COMPLETED,,,,,,,,,SALES_RECEIPTS,,,,,,,,,,,,,,,,,,,,,,Daily dealership & fleet sales collection,,,,CUSTOMER_PAYMENT,COMPANY,COMP001,,,,,,,
2025-01-05,COMP001,,,,,,TXN472C12A1,-1094509.47,,COMPLETED,,,,,,,,,OPEX,,,,,,,,,,,,,,,,,,,,,,Daily operating expenses,,,,OPERATING_EXPENSE,COMPANY,COMP001,,,,,,,
2025-01-06,COMP001,,,,,,TXN0F226690,15844889.37,,COMPLETED,,,,,,,,,SALES_RECEIPTS,,,,,,,,,,,,,,,,,,,,,,Daily dealership & fleet sales collection,,,,CUSTOMER_PAYMENT,COMPANY,COMP001,,,,,,,
2025-01-06,COMP001,,,,,,TXN33A4927A,-6108985.69,,COMPLETED,,,,,,,,,OPEX,,,,,,,,,,,,,,,,,,,,,,Daily operating expenses,,,,OPERATING_EXPENSE,COMPANY,COMP001,,,,,,,
2025-01-07,COMP001,,,,,,TXNDDB0F30B,20461371.58,,COMPLETED,,,,,,,,,SALES_RECEIPTS,,,,,,,,,,,,,,,,,,,,,,Daily dealership & fleet sales collection,,,,CUSTOMER_PAYMENT,COMPANY,COMP001,,,,,,,
2025-01-07,COMP001,,,,,,TXN094AE23B,-4017356.71,,COMPLETED,,,,,,,,,OPEX,,,,,,,,,,,,,,,,,,,,,,Daily operating expenses,,,,OPERATING_EXPENSE,COMPANY,COMP001,,,,,,,
2025-01-08,COMP001,,,,,,TXN11FBC755,-4157276.18,,COMPLETED,,,,,,,,,OPEX,,,,,,,,,,,,,,,,,,,,,,Daily operating expenses,,,,OPERATING_EXPENSE,COMPANY,COMP001,,,,,,,
2025-01-08,COMP001,,,,,,TXN4A10C13A,19266747.48,,COMPLETED,,,,,,,,,SALES_RECEIPTS,,,,,,,,,,,,,,,,,,,,,,Daily dealership & fleet sales collection,,,,CUSTOMER_PAYMENT,COMPANY,COMP001,,,,,,,
2025-01-09,COMP001,,,,,,TXND5C5F87D,16877313.81,,COMPLETED,,,,,,,,,SALES_RECEIPTS,,,,,,,,,,,,,,,,,,,,,,Daily dealership & fleet sales collection,,,,CUSTOMER_PAYMENT,COMPANY,COMP001,,,,,,,
2025-01-09,COMP001,,,,,,TXNF2418619,-8189898.79,,COMPLETED,,,,,,,,,OPEX,,,,,,,,,,,,,,,,,,,,,,Daily operating expenses,,,,OPERATING_EXPENSE,COMPANY,COMP001,,,,,,,
2025-01-10,COMP001,,,,,,TXN8475AE76,24308525.73,,COMPLETED,,,,,,,,,SALES_RECEIPTS,,,,,,,,,,,,,,,,,,,,,,Daily dealership & fleet sales collection,,,,CUSTOMER_PAYMENT,COMPANY,COMP001,,,,,,,
2025-01-10,COMP001,,,,,,TXN72BF174D,-7209882.58,,COMPLETED,,,,,,,,,OPEX,,,,,,,,,,,,,,,,,,,,,,Daily operating expenses,,,,OPERATING_EXPENSE,COMPANY,COMP001,,,,,,,
2025-01-11,COMP001,,,,,,TXNE0E46808,-1136133.97,,COMPLETED,,,,,,,,,OPEX,,,,,,,,,,,,,,,,,,,,,,Daily operating expenses,,,,OPERATING_EXPENSE,COMPANY,COMP001,,,,,,,
2025-01-11,COMP001,,,,,,TXN9D4BCD17,3544813.15,,COMPLETED,,,,,,,,,SALES_RECEIPTS,,,,,,,,,,,,,,,,,,,,,,Daily dealership & fleet sales collection,,,,CUSTOMER_PAYMENT,COMPANY,COMP001,,,,,,,
2025-01-12,COMP001,,,,,,TXN79B5CD55,-1101199.78,,COMPLETED,,,,,,,,,OPEX,,,,,,,,,,,,,,,,,,,,,,Daily operating expenses,,,,OPERATING_EXPENSE,COMPANY,COMP001,,,,,,,
2025-01-12,COMP001,,,,,,TXNC1818E24,1204410.31,,COMPLETED,,,,,,,,,SALES_RECEIPTS,,,,,,,,,,,,,,,,,,,,,,Daily dealership & fleet sales collection,,,,CUSTOMER_PAYMENT,COMPANY,COMP001,,,,,,,
2025-01-13,COMP001,,,,,,TXN46694599,18420810.84,,COMPLETED,,,,,,,,,SALES_RECEIPTS,,,,,,,,,,,,,,,,,,,,,,Daily dealership & fleet sales collection,,,,CUSTOMER_PAYMENT,COMPANY,COMP001,,,,,,,
2025-01-13,COMP001,,,,,,TXN9970408C,-6052614.75,,COMPLETED,,,,,,,,,OPEX,,,,,,,,,,,,,,,,,,,,,,Daily operating expenses,,,,OPERATING_EXPENSE,COMPANY,COMP001,,,,,,,
2025-01-14,COMP001,,,,,,TXNF3A03307,-6076985.82,,COMPLETED,,,,,,,,,OPEX,,,,,,,,,,,,,,,,,,,,,,Daily operating expenses,,,,OPERATING_EXPENSE,COMPANY,COMP001,,,,,,,
2025-01-14,COMP001,,,,,,TXN8B58E980,25028520.56,,COMPLETED,,,,,,,,,SALES_RECEIPTS,,,,,,,,,,,,,,,,,,,,,,Daily dealership & fleet sales collection,,,,CUSTOMER_PAYMENT,COMPANY,COMP001,,,,,,,
2025-01-15,COMP001,,,,,,TXN423C79EA,-5080130.31,,COMPLETED,,,,,,,,,OPEX,,,,,,,,,,,,,,,,,,,,,,Daily operating expenses,,,,OPERATING_EXPENSE,COMPANY,COMP001,,,,,,,
2025-01-15,COMP001,,,,,,TXN970AA59E,13146837.8,,COMPLETED,,,,,,,,,SALES_RECEIPTS,,,,,,,,,,,,,,,,,,,,,,Daily dealership & fleet sales collection,,,,CUSTOMER_PAYMENT,COMPANY,COMP001,,,,,,,
2025-01-16,COMP001,,,,,,TXN2F4B1337,-3091713.65,,COMPLETED,,,,,,,,,OPEX,,,,,,,,,,,,,,,,,,,,,,Daily operating expenses,,,,OPERATING_EXPENSE,COMPANY,COMP001,,,,,,,
2025-01-16,COMP001,,,,,,TXNA052E140,15323931.83,,COMPLETED,,,,,,,,,SALES_RECEIPTS,,,,,,,,,,,,,,,,,,,,,,Daily dealership & fleet sales collection,,,,CUSTOMER_PAYMENT,COMPANY,COMP001,,,,,,,
2025-01-17,COMP001,,,,,,TXN44E192F9,24892988.65,,COMPLETED,,,,,,,,,SALES_RECEIPTS,,,,,,,,,,,,,,,,,,,,,,Daily dealership & fleet sales collection,,,,CUSTOMER_PAYMENT,COMPANY,COMP001,,,,,,,
2025-01-17,COMP001,,,,,,TXN3BCFA0D6,-7700446.63,,COMPLETED,,,,,,,,,OPEX,,,,,,,,,,,,,,,,,,,,,,Daily operating expenses,,,,OPERATING_EXPENSE,COMPANY,COMP001,,,,,,,
2025-01-18,COMP001,,,,,,TXN57179EF7,39838682.04,,COMPLETED,,,,,,,,,RECEIVABLE,,,,,,,,,,,,,,,,,,,,,,Collection from CUST021 – RCV00262,,,,CUSTOMER_PAYMENT,RECEIVABLE,RCV00262,,,,,,,
2025-01-18,COMP001,,,,,,TXNCC3F50BF,3260789.13,,COMPLETED,,,,,,,,,SALES_RECEIPTS,,,,,,,,,,,,,,,,,,,,,,Daily dealership & fleet sales collection,,,,CUSTOMER_PAYMENT,COMPANY,COMP001,,,,,,,
2025-01-18,COMP001,,,,,,TXNC7A5A741,-1920605.43,,COMPLETED,,,,,,,,,OPEX,,,,,,,,,,,,,,,,,,,,,,Daily operating expenses,,,,OPERATING_EXPENSE,COMPANY,COMP001,,,,,,,
2025-01-19,COMP001,,,,,,TXN4B073106,-693618.65,,COMPLETED,,,,,,,,,OPEX,,,,,,,,,,,,,,,,,,,,,,Daily operating expenses,,,,OPERATING_EXPENSE,COMPANY,COMP001,,,,,,,
2025-01-19,COMP001,,,,,,TXNDAF20033,3747510.29,,COMPLETED,,,,,,,,,SALES_RECEIPTS,,,,,,,,,,,,,,,,,,,,,,Daily dealership & fleet sales collection,,,,CUSTOMER_PAYMENT,COMPANY,COMP001,,,,,,,
2025-01-20,COMP001,,,,,,TXN828B16DC,13056662.5,,COMPLETED,,,,,,,,,SALES_RECEIPTS,,,,,,,,,,,,,,,,,,,,,,Daily dealership & fleet sales collection,,,,CUSTOMER_PAYMENT,COMPANY,COMP001,,,,,,,
2025-01-20,COMP001,,,,,,TXN08CCA238,-9426309.86,,COMPLETED,,,,,,,,,OPEX,,,,,,,,,,,,,,,,,,,,,,Daily operating expenses,,,,OPERATING_EXPENSE,COMPANY,COMP001,,,,,,,
2025-01-21,COMP001,,,,,,TXN088D4FB6,-5764781.25,,COMPLETED,,,,,,,,,OPEX,,,,,,,,,,,,,,,,,,,,,,Daily operating expenses,,,,OPERATING_EXPENSE,COMPANY,COMP001,,,,,,,
2025-01-21,COMP001,,,,,,TXN11FEBE14,23998733.76,,COMPLETED,,,,,,,,,SALES_RECEIPTS,,,,,,,,,,,,,,,,,,,,,,Daily dealership & fleet sales collection,,,,CUSTOMER_PAYMENT,COMPANY,COMP001,,,,,,,
2025-01-22,COMP001,,,,,,TXND4654179,16939534.16,,COMPLETED,,,,,,,,,SALES_RECEIPTS,,,,,,,,,,,,,,,,,,,,,,Daily dealership & fleet sales collection,,,,CUSTOMER_PAYMENT,COMPANY,COMP001,,,,,,,
2025-01-22,COMP001,,,,,,TXNFD9779E6,-6587261.09,,COMPLETED,,,,,,,,,OPEX,,,,,,,,,,,,,,,,,,,,,,Daily operating expenses,,,,OPERATING_EXPENSE,COMPANY,COMP001,,,,,,,
2025-01-23,COMP001,,,,,,TXN2D4E4DB7,-6061609.69,,COMPLETED,,,,,,,,,OPEX,,,,,,,,,,,,,,,,,,,,,,Daily operating expenses,,,,OPERATING_EXPENSE,COMPANY,COMP001,,,,,,,
2025-01-23,COMP001,,,,,,TXN3368878F,10583714.7,,COMPLETED,,,,,,,,,SALES_RECEIPTS,,,,,,,,,,,,,,,,,,,,,,Daily dealership & fleet sales collection,,,,CUSTOMER_PAYMENT,COMPANY,COMP001,,,,,,,
2025-01-24,COMP001,,,,,,TXNB3CFE033,-8974671.85,,COMPLETED,,,,,,,,,OPEX,,,,,,,,,,,,,,,,,,,,,,Daily operating expenses,,,,OPERATING_EXPENSE,COMPANY,COMP001,,,,,,,
2025-01-24,COMP001,,,,,,TXNCE0BAC8F,71572312.14,,COMPLETED,,,,,,,,,RECEIVABLE,,,,,,,,,,,,,,,,,,,,,,Collection from CUST001 – RCV00298,,,,CUSTOMER_PAYMENT,RECEIVABLE,RCV00298,,,,,,,
2025-01-24,COMP001,,,,,,TXNB0E086D9,22623782.19,,COMPLETED,,,,,,,,,SALES_RECEIPTS,,,,,,,,,,,,,,,,,,,,,,Daily dealership & fleet sales collection,,,,CUSTOMER_PAYMENT,COMPANY,COMP001,,,,,,,
2025-01-25,COMP001,,,,,,TXN50FA0286,1770617.28,,COMPLETED,,,,,,,,,SALES_RECEIPTS,,,,,,,,,,,,,,,,,,,,,,Daily dealership & fleet sales collection,,,,CUSTOMER_PAYMENT,COMPANY,COMP001,,,,,,,
2025-01-25,COMP001,,,,,,TXN0EACAD8B,-1090536.32,,COMPLETED,,,,,,,,,OPEX,,,,,,,,,,,,,,,,,,,,,,Daily operating expenses,,,,OPERATING_EXPENSE,COMPANY,COMP001,,,,,,,
2025-01-26,COMP001,,,,,,TXN13583B7E,-1733547.63,,COMPLETED,,,,,,,,,OPEX,,,,,,,,,,,,,,,,,,,,,,Daily operating expenses,,,,OPERATING_EXPENSE,COMPANY,COMP001,,,,,,,
2025-01-26,COMP001,,,,,,TXNF2E82078,2235351.39,,COMPLETED,,,,,,,,,SALES_RECEIPTS,,,,,,,,,,,,,,,,,,,,,,Daily dealership & fleet sales collection,,,,CUSTOMER_PAYMENT,COMPANY,COMP001,,,,,,,
2025-01-27,COMP001,,,,,,TXND82B5630,-7760876.89,,COMPLETED,,,,,,,,,OPEX,,,,,,,,,,,,,,,,,,,,,,Daily operating expenses,,,,OPERATING_EXPENSE,COMPANY,COMP001,,,,,,,
2025-01-27,COMP001,,,,,,TXN8FF711DB,18578174.29,,COMPLETED,,,,,,,,,SALES_RECEIPTS,,,,,,,,,,,,,,,,,,,,,,Daily dealership & fleet sales collection,,,,CUSTOMER_PAYMENT,COMPANY,COMP001,,,,,,,
2025-01-28,COMP001,,,,,,TXNA6AE05FD,-12972774.34,,COMPLETED,,,,,,,,,PAYABLE,,,,,,,,,,,,,,,,,,,,,,Payment to SUP003 – INV00309,,,,SUPPLIER_PAYMENT,INVOICE,INV00309,,,,,,,
2025-01-28,COMP001,,,,,,TXN4D60FAB4,-12437466.92,,COMPLETED,,,,,,,,,OPEX,,,,,,,,,,,,,,,,,,,,,,Daily operating expenses,,,,OPERATING_EXPENSE,COMPANY,COMP001,,,,,,,
2025-01-28,COMP001,,,,,,TXN5223685D,18561777.64,,COMPLETED,,,,,,,,,SALES_RECEIPTS,,,,,,,,,,,,,,,,,,,,,,Daily dealership & fleet sales collection,,,,CUSTOMER_PAYMENT,COMPANY,COMP001,,,,,,,
2025-01-29,COMP001,,,,,,TXN97002B65,13165799.13,,COMPLETED,,,,,,,,,SALES_RECEIPTS,,,,,,,,,,,,,,,,,,,,,,Daily dealership & fleet sales collection,,,,CUSTOMER_PAYMENT,COMPANY,COMP001,,,,,,,
2025-01-29,COMP001,,,,,,TXNF13E18B9,-59001510.19,,COMPLETED,,,,,,,,,PAYABLE,,,,,,,,,,,,,,,,,,,,,,Payment to SUP001 – INV00197,,,,SUPPLIER_PAYMENT,INVOICE,INV00197,,,,,,,
2025-01-29,COMP001,,,,,,TXNB1A56465,-8714365.12,,COMPLETED,,,,,,,,,OPEX,,,,,,,,,,,,,,,,,,,,,,Daily operating expenses,,,,OPERATING_EXPENSE,COMPANY,COMP001,,,,,,,
2025-01-30,COMP001,,,,,,TXN1B3A8D4E,8512031.03,,COMPLETED,,,,,,,,,SALES_RECEIPTS,,,,,,,,,,,,,,,,,,,,,,Daily dealership & fleet sales collection,,,,CUSTOMER_PAYMENT,COMPANY,COMP001,,,,,,,
2025-01-30,COMP001,,,,,,TXNF134EA53,-13651846.88,,COMPLETED,,,,,,,,,OPEX,,,,,,,,,,,,,,,,,,,,,,Daily operating expenses,,,,OPERATING_EXPENSE,COMPANY,COMP001,,,,,,,
2025-01-31,COMP001,,,,,,TXN0DCCA55F,-4489932.0,,COMPLETED,,,,,,,,,OPEX,,,,,,,,,,,,,,,,,,,,,,Daily operating expenses,,,,OPERATING_EXPENSE,COMPANY,COMP001,,,,,,,
2025-01-31,COMP001,,,,,,TXNEB8C41EF,16404715.07,,COMPLETED,,,,,,,,,SALES_RECEIPTS,,,,,,,,,,,,,,,,,,,,,,Daily dealership & fleet sales collection,,,,CUSTOMER_PAYMENT,COMPANY,COMP001,,,,,,,
2025-02-01,COMP001,,,,,,TXN439DCD16,-1678377.08,,COMPLETED,,,,,,,,,OPEX,,,,,,,,,,,,,,,,,,,,,,Daily operating expenses,,,,OPERATING_EXPENSE,COMPANY,COMP001,,,,,,,
2025-02-01,COMP001,,,,,,TXNC36B1A80,2718594.43,,COMPLETED,,,,,,,,,SALES_RECEIPTS,,,,,,,,,,,,,,,,,,,,,,Daily dealership & fleet sales collection,,,,CUSTOMER_PAYMENT,COMPANY,COMP001,,,,,,,
2025-02-01,COMP001,,,,,,TXN170DC009,34405804.22,,COMPLETED,,,,,,,,,RECEIVABLE,,,,,,,,,,,,,,,,,,,,,,Collection from CUST013 – RCV00014,,,,CUSTOMER_PAYMENT,RECEIVABLE,RCV00014,,,,,,,
2025-02-02,COMP001,,,,,,TXN04DAA0B1,2319686.66,,COMPLETED,,,,,,,,,SALES_RECEIPTS,,,,,,,,,,,,,,,,,,,,,,Daily dealership & fleet sales collection,,,,CUSTOMER_PAYMENT,COMPANY,COMP001,,,,,,,
2025-02-02,COMP001,,,,,,TXN0BB44D89,-872018.16,,COMPLETED,,,,,,,,,OPEX,,,,,,,,,,,,,,,,,,,,,,Daily operating expenses,,,,OPERATING_EXPENSE,COMPANY,COMP001,,,,,,,
2025-02-02,COMP001,,,,,,TXNCF2DB6E7,-23632960.26,,COMPLETED,,,,,,,,,PAYABLE,,,,,,,,,,,,,,,,,,,,,,Payment to SUP002 – INV00443,,,,SUPPLIER_PAYMENT,INVOICE,INV00443,,,,,,,
2025-02-03,COMP001,,,,,,TXNDD8EF766,24186464.48,,COMPLETED,,,,,,,,,RECEIVABLE,,,,,,,,,,,,,,,,,,,,,,Collection from CUST023 – RCV00015,,,,CUSTOMER_PAYMENT,RECEIVABLE,RCV00015,,,,,,,
2025-02-03,COMP001,,,,,,TXNE3D2A261,-4068721.7,,COMPLETED,,,,,,,,,OPEX,,,,,,,,,,,,,,,,,,,,,,Daily operating expenses,,,,OPERATING_EXPENSE,COMPANY,COMP001,,,,,,,
2025-02-03,COMP001,,,,,,TXN4ECFFD9B,10475074.56,,COMPLETED,,,,,,,,,SALES_RECEIPTS,,,,,,,,,,,,,,,,,,,,,,Daily dealership & fleet sales collection,,,,CUSTOMER_PAYMENT,COMPANY,COMP001,,,,,,,
2025-02-03,COMP001,,,,,,TXN95792EE7,69499378.79,,COMPLETED,,,,,,,,,RECEIVABLE,,,,,,,,,,,,,,,,,,,,,,Collection from CUST013 – RCV00178,,,,CUSTOMER_PAYMENT,RECEIVABLE,RCV00178,,,,,,,
2025-02-04,COMP001,,,,,,TXN2C790E15,19800878.22,,COMPLETED,,,,,,,,,SALES_RECEIPTS,,,,,,,,,,,,,,,,,,,,,,Daily dealership & fleet sales collection,,,,CUSTOMER_PAYMENT,COMPANY,COMP001,,,,,,,
2025-02-04,COMP001,,,,,,TXN6492AB6E,-4773556.82,,COMPLETED,,,,,,,,,OPEX,,,,,,,,,,,,,,,,,,,,,,Daily operating expenses,,,,OPERATING_EXPENSE,COMPANY,COMP001,,,,,,,
2025-02-05,COMP001,,,,,,TXN250D6B53,18279249.5,,COMPLETED,,,,,,,,,SALES_RECEIPTS,,,,,,,,,,,,,,,,,,,,,,Daily dealership & fleet sales collection,,,,CUSTOMER_PAYMENT,COMPANY,COMP001,,,,,,,
2025-02-05,COMP001,,,,,,TXNA2BDBEAC,-4708381.89,,COMPLETED,,,,,,,,,OPEX,,,,,,,,,,,,,,,,,,,,,,Daily operating expenses,,,,OPERATING_EXPENSE,COMPANY,COMP001,,,,,,,
2025-02-06,COMP001,,,,,,TXN5F6A27DF,10091333.19,,COMPLETED,,,,,,,,,SALES_RECEIPTS,,,,,,,,,,,,,,,,,,,,,,Daily dealership & fleet sales collection,,,,CUSTOMER_PAYMENT,COMPANY,COMP001,,,,,,,
2025-02-06,COMP001,,,,,,TXN6559F8F6,-9704618.89,,COMPLETED,,,,,,,,,PAYABLE,,,,,,,,,,,,,,,,,,,,,,Payment to SUP002 – INV00335,,,,SUPPLIER_PAYMENT,INVOICE,INV00335,,,,,,,
2025-02-06,COMP001,,,,,,TXNC0A7DF93,-6789665.5,,COMPLETED,,,,,,,,,OPEX,,,,,,,,,,,,,,,,,,,,,,Daily operating expenses,,,,OPERATING_EXPENSE,COMPANY,COMP001,,,,,,,
2025-02-07,COMP001,,,,,,TXN24ECEE11,-4347703.03,,COMPLETED,,,,,,,,,OPEX,,,,,,,,,,,,,,,,,,,,,,Daily operating expenses,,,,OPERATING_EXPENSE,COMPANY,COMP001,,,,,,,
2025-02-07,COMP001,,,,,,TXNAF764F46,18490951.17,,COMPLETED,,,,,,,,,SALES_RECEIPTS,,,,,,,,,,,,,,,,,,,,,,Daily dealership & fleet sales collection,,,,CUSTOMER_PAYMENT,COMPANY,COMP001,,,,,,,
2025-02-08,COMP001,,,,,,TXN73DE04E5,3920045.21,,COMPLETED,,,,,,,,,SALES_RECEIPTS,,,,,,,,,,,,,,,,,,,,,,Daily dealership & fleet sales collection,,,,CUSTOMER_PAYMENT,COMPANY,COMP001,,,,,,,
2025-02-08,COMP001,,,,,,TXN9C8EB377,-1905446.0,,COMPLETED,,,,,,,,,OPEX,,,,,,,,,,,,,,,,,,,,,,Daily operating expenses,,,,OPERATING_EXPENSE,COMPANY,COMP001,,,,,,,
2025-02-08,COMP001,,,,,,TXN1BAA9613,48131737.88,,COMPLETED,,,,,,,,,RECEIVABLE,,,,,,,,,,,,,,,,,,,,,,Collection from CUST014 – RCV00226,,,,CUSTOMER_PAYMENT,RECEIVABLE,RCV00226,,,,,,,
2025-02-09,COMP001,,,,,,TXNE80D7F24,-1873905.76,,COMPLETED,,,,,,,,,OPEX,,,,,,,,,,,,,,,,,,,,,,Daily operating expenses,,,,OPERATING_EXPENSE,COMPANY,COMP001,,,,,,,
2025-02-09,COMP001,,,,,,TXN3A19D212,-19807644.24,,COMPLETED,,,,,,,,,PAYABLE,,,,,,,,,,,,,,,,,,,,,,Payment to SUP004 – INV00265,,,,SUPPLIER_PAYMENT,INVOICE,INV00265,,,,,,,
2025-02-09,COMP001,,,,,,TXN1BD10342,3365938.83,,COMPLETED,,,,,,,,,SALES_RECEIPTS,,,,,,,,,,,,,,,,,,,,,,Daily dealership & fleet sales collection,,,,CUSTOMER_PAYMENT,COMPANY,COMP001,,,,,,,
2025-02-10,COMP001,,,,,,TXN29D9DB7D,-5347195.4,,COMPLETED,,,,,,,,,OPEX,,,,,,,,,,,,,,,,,,,,,,Daily operating expenses,,,,OPERATING_EXPENSE,COMPANY,COMP001,,,,,,,
2025-02-10,COMP001,,,,,,TXNB132E5AC,9073123.41,,COMPLETED,,,,,,,,,SALES_RECEIPTS,,,,,,,,,,,,,,,,,,,,,,Daily dealership & fleet sales collection,,,,CUSTOMER_PAYMENT,COMPANY,COMP001,,,,,,,
2025-02-11,COMP001,,,,,,TXNA7F58959,31052891.78,,COMPLETED,,,,,,,,,RECEIVABLE,,,,,,,,,,,,,,,,,,,,,,Collection from CUST003 – RCV00158,,,,CUSTOMER_PAYMENT,RECEIVABLE,RCV00158,,,,,,,
2025-02-11,COMP001,,,,,,TXNE7F743D6,-7482298.99,,COMPLETED,,,,,,,,,OPEX,,,,,,,,,,,,,,,,,,,,,,Daily operating expenses,,,,OPERATING_EXPENSE,COMPANY,COMP001,,,,,,,
2025-02-11,COMP001,,,,,,TXNB1A4623F,-56074243.96,,COMPLETED,,,,,,,,,PAYABLE,,,,,,,,,,,,,,,,,,,,,,Payment to SUP001 – INV00426,,,,SUPPLIER_PAYMENT,INVOICE,INV00426,,,,,,,
2025-02-11,COMP001,,,,,,TXN3EFFF2FA,29245719.86,,COMPLETED,,,,,,,,,SALES_RECEIPTS,,,,,,,,,,,,,,,,,,,,,,Daily dealership & fleet sales collection,,,,CUSTOMER_PAYMENT,COMPANY,COMP001,,,,,,,
2025-02-12,COMP001,,,,,,TXNB732C1D7,-3894697.15,,COMPLETED,,,,,,,,,OPEX,,,,,,,,,,,,,,,,,,,,,,Daily operating expenses,,,,OPERATING_EXPENSE,COMPANY,COMP001,,,,,,,
2025-02-12,COMP001,,,,,,TXN2B5A04A6,20617024.26,,COMPLETED,,,,,,,,,SALES_RECEIPTS,,,,,,,,,,,,,,,,,,,,,,Daily dealership & fleet sales collection,,,,CUSTOMER_PAYMENT,COMPANY,COMP001,,,,,,,
2025-02-12,COMP001,,,,,,TXNE69FF50A,-32309796.92,,COMPLETED,,,,,,,,,PAYABLE,,,,,,,,,,,,,,,,,,,,,,Payment to SUP005 – INV00414,,,,SUPPLIER_PAYMENT,INVOICE,INV00414,,,,,,,
2025-02-13,COMP001,,,,,,TXNDEC4411C,-7172598.2,,COMPLETED,,,,,,,,,OPEX,,,,,,,,,,,,,,,,,,,,,,Daily operating expenses,,,,OPERATING_EXPENSE,COMPANY,COMP001,,,,,,,
2025-02-13,COMP001,,,,,,TXNEDCB4B60,16297628.46,,COMPLETED,,,,,,,,,SALES_RECEIPTS,,,,,,,,,,,,,,,,,,,,,,Daily dealership & fleet sales collection,,,,CUSTOMER_PAYMENT,COMPANY,COMP001,,,,,,,
2025-02-14,COMP001,,,,,,TXN1763C5D5,-9214229.01,,COMPLETED,,,,,,,,,PAYABLE,,,,,,,,,,,,,,,,,,,,,,Payment to SUP014 – INV00213,,,,SUPPLIER_PAYMENT,INVOICE,INV00213,,,,,,,
2025-02-14,COMP001,,,,,,TXN96FDA85A,31552125.32,,COMPLETED,,,,,,,,,SALES_RECEIPTS,,,,,,,,,,,,,,,,,,,,,,Daily dealership & fleet sales collection,,,,CUSTOMER_PAYMENT,COMPANY,COMP001,,,,,,,
2025-02-14,COMP001,,,,,,TXN22DF203F,-36684794.95,,COMPLETED,,,,,,,,,PAYABLE,,,,,,,,,,,,,,,,,,,,,,Payment to SUP003 – INV00420,,,,SUPPLIER_PAYMENT,INVOICE,INV00420,,,,,,,
2025-02-14,COMP001,,,,,,TXN6A04E6E0,14917858.7,,COMPLETED,,,,,,,,,RECEIVABLE,,,,,,,,,,,,,,,,,,,,,,Collection from CUST014 – RCV00107,,,,CUSTOMER_PAYMENT,RECEIVABLE,RCV00107,,,,,,,
2025-02-14,COMP001,,,,,,TXN3470C04F,-4157206.51,,COMPLETED,,,,,,,,,OPEX,,,,,,,,,,,,,,,,,,,,,,Daily operating expenses,,,,OPERATING_EXPENSE,COMPANY,COMP001,,,,,,,
2025-02-15,COMP001,,,,,,TXNAE71A4BB,6695164.57,,COMPLETED,,,,,,,,,RECEIVABLE,,,,,,,,,,,,,,,,,,,,,,Collection from CUST012 – RCV00259,,,,CUSTOMER_PAYMENT,RECEIVABLE,RCV00259,,,,,,,
2025-02-15,COMP001,,,,,,TXN9C577739,-5138927.5,,COMPLETED,,,,,,,,,PAYABLE,,,,,,,,,,,,,,,,,,,,,,Payment to SUP007 – INV00371,,,,SUPPLIER_PAYMENT,INVOICE,INV00371,,,,,,,
2025-02-15,COMP001,,,,,,TXN791538E2,39163448.01,,COMPLETED,,,,,,,,,RECEIVABLE,,,,,,,,,,,,,,,,,,,,,,Collection from CUST012 – RCV00147,,,,CUSTOMER_PAYMENT,RECEIVABLE,RCV00147,,,,,,,
2025-02-15,COMP001,,,,,,TXN1272C6E9,-1511649.53,,COMPLETED,,,,,,,,,OPEX,,,,,,,,,,,,,,,,,,,,,,Daily operating expenses,,,,OPERATING_EXPENSE,COMPANY,COMP001,,,,,,,
2025-02-15,COMP001,,,,,,TXN269646EE,2822428.55,,COMPLETED,,,,,,,,,SALES_RECEIPTS,,,,,,,,,,,,,,,,,,,,,,Daily dealership & fleet sales collection,,,,CUSTOMER_PAYMENT,COMPANY,COMP001,,,,,,,
2025-02-16,COMP001,,,,,,TXNA47279C0,-1092648.84,,COMPLETED,,,,,,,,,OPEX,,,,,,,,,,,,,,,,,,,,,,Daily operating expenses,,,,OPERATING_EXPENSE,COMPANY,COMP001,,,,,,,
2025-02-16,COMP001,,,,,,TXN394B5594,22957251.35,,COMPLETED,,,,,,,,,RECEIVABLE,,,,,,,,,,,,,,,,,,,,,,Collection from CUST004 – RCV00316,,,,CUSTOMER_PAYMENT,RECEIVABLE,RCV00316,,,,,,,
2025-02-16,COMP001,,,,,,TXNF92EE968,1980210.31,,COMPLETED,,,,,,,,,SALES_RECEIPTS,,,,,,,,,,,,,,,,,,,,,,Daily dealership & fleet sales collection,,,,CUSTOMER_PAYMENT,COMPANY,COMP001,,,,,,,
2025-02-16,COMP001,,,,,,TXN23AC7A73,17330106.7,,COMPLETED,,,,,,,,,RECEIVABLE,,,,,,,,,,,,,,,,,,,,,,Collection from CUST011 – RCV00016,,,,CUSTOMER_PAYMENT,RECEIVABLE,RCV00016,,,,,,,
2025-02-17,COMP001,,,,,,TXN1C23E34C,-7415509.75,,COMPLETED,,,,,,,,,OPEX,,,,,,,,,,,,,,,,,,,,,,Daily operating expenses,,,,OPERATING_EXPENSE,COMPANY,COMP001,,,,,,,
2025-02-17,COMP001,,,,,,TXN9F9C4D34,16424221.14,,COMPLETED,,,,,,,,,SALES_RECEIPTS,,,,,,,,,,,,,,,,,,,,,,Daily dealership & fleet sales collection,,,,CUSTOMER_PAYMENT,COMPANY,COMP001,,,,,,,
2025-02-18,COMP001,,,,,,TXNF94BB255,-9401627.08,,COMPLETED,,,,,,,,,OPEX,,,,,,,,,,,,,,,,,,,,,,Daily operating expenses,,,,OPERATING_EXPENSE,COMPANY,COMP001,,,,,,,
2025-02-18,COMP001,,,,,,TXN0F1BA5A1,41961522.26,,COMPLETED,,,,,,,,,RECEIVABLE,,,,,,,,,,,,,,,,,,,,,,Collection from CUST001 – RCV00255,,,,CUSTOMER_PAYMENT,RECEIVABLE,RCV00255,,,,,,,
2025-02-18,COMP001,,,,,,TXN05A1228F,2132853.37,,COMPLETED,,,,,,,,,RECEIVABLE,,,,,,,,,,,,,,,,,,,,,,Collection from CUST005 – RCV00305,,,,CUSTOMER_PAYMENT,RECEIVABLE,RCV00305,,,,,,,
2025-02-18,COMP001,,,,,,TXN1CE2B90C,29647674.67,,COMPLETED,,,,,,,,,SALES_RECEIPTS,,,,,,,,,,,,,,,,,,,,,,Daily dealership & fleet sales collection,,,,CUSTOMER_PAYMENT,COMPANY,COMP001,,,,,,,
2025-02-18,COMP001,,,,,,TXN9E953891,48375829.98,,COMPLETED,,,,,,,,,RECEIVABLE,,,,,,,,,,,,,,,,,,,,,,Collection from CUST021 – RCV00196,,,,CUSTOMER_PAYMENT,RECEIVABLE,RCV00196,,,,,,,
2025-02-19,COMP001,,,,,,TXN6DE91158,-9233297.3,,COMPLETED,,,,,,,,,OPEX,,,,,,,,,,,,,,,,,,,,,,Daily operating expenses,,,,OPERATING_EXPENSE,COMPANY,COMP001,,,,,,,
2025-02-19,COMP001,,,,,,TXN8487F21C,4487116.29,,COMPLETED,,,,,,,,,RECEIVABLE,,,,,,,,,,,,,,,,,,,,,,Collection from CUST004 – RCV00128,,,,CUSTOMER_PAYMENT,RECEIVABLE,RCV00128,,,,,,,
2025-02-19,COMP001,,,,,,TXN5107B9BB,17277977.28,,COMPLETED,,,,,,,,,SALES_RECEIPTS,,,,,,,,,,,,,,,,,,,,,,Daily dealership & fleet sales collection,,,,CUSTOMER_PAYMENT,COMPANY,COMP001,,,,,,,
2025-02-20,COMP001,,,,,,TXN442EABFB,-54792408.89,,COMPLETED,,,,,,,,,PAYABLE,,,,,,,,,,,,,,,,,,,,,,Payment to SUP008 – INV00406,,,,SUPPLIER_PAYMENT,INVOICE,INV00406,,,,,,,
2025-02-20,COMP001,,,,,,TXN2F98E9C8,4110408.93,,COMPLETED,,,,,,,,,RECEIVABLE,,,,,,,,,,,,,,,,,,,,,,Collection from CUST012 – RCV00190,,,,CUSTOMER_PAYMENT,RECEIVABLE,RCV00190,,,,,,,
2025-02-20,COMP001,,,,,,TXN5915A658,21208047.95,,COMPLETED,,,,,,,,,SALES_RECEIPTS,,,,,,,,,,,,,,,,,,,,,,Daily dealership & fleet sales collection,,,,CUSTOMER_PAYMENT,COMPANY,COMP001,,,,,,,
2025-02-20,COMP001,,,,,,TXN1E6CBD91,-8307745.99,,COMPLETED,,,,,,,,,OPEX,,,,,,,,,,,,,,,,,,,,,,Daily operating expenses,,,,OPERATING_EXPENSE,COMPANY,COMP001,,,,,,,
2025-02-21,COMP001,,,,,,TXN53BF2048,-16952316.97,,COMPLETED,,,,,,,,,PAYABLE,,,,,,,,,,,,,,,,,,,,,,Payment to SUP003 – INV00164,,,,SUPPLIER_PAYMENT,INVOICE,INV00164,,,,,,,
2025-02-21,COMP001,,,,,,TXNB42B93DB,24103693.44,,COMPLETED,,,,,,,,,SALES_RECEIPTS,,,,,,,,,,,,,,,,,,,,,,Daily dealership & fleet sales collection,,,,CUSTOMER_PAYMENT,COMPANY,COMP001,,,,,,,
2025-02-21,COMP001,,,,,,TXNBBDFFF47,-7370428.99,,COMPLETED,,,,,,,,,OPEX,,,,,,,,,,,,,,,,,,,,,,Daily operating expenses,,,,OPERATING_EXPENSE,COMPANY,COMP001,,,,,,,
2025-02-22,COMP001,,,,,,TXN4C7AE3EC,-1755921.63,,COMPLETED,,,,,,,,,OPEX,,,,,,,,,,,,,,,,,,,,,,Daily operating expenses,,,,OPERATING_EXPENSE,COMPANY,COMP001,,,,,,,
2025-02-22,COMP001,,,,,,TXNF1311554,3655548.88,,COMPLETED,,,,,,,,,SALES_RECEIPTS,,,,,,,,,,,,,,,,,,,,,,Daily dealership & fleet sales collection,,,,CUSTOMER_PAYMENT,COMPANY,COMP001,,,,,,,
2025-02-22,COMP001,,,,,,TXN0E090761,-19153086.91,,COMPLETED,,,,,,,,,PAYABLE,,,,,,,,,,,,,,,,,,,,,,Payment to SUP005 – INV00352,,,,SUPPLIER_PAYMENT,INVOICE,INV00352,,,,,,,
2025-02-23,COMP001,,,,,,TXN242832E6,-1515691.55,,COMPLETED,,,,,,,,,OPEX,,,,,,,,,,,,,,,,,,,,,,Daily operating expenses,,,,OPERATING_EXPENSE,COMPANY,COMP001,,,,,,,
2025-02-23,COMP001,,,,,,TXN21B759CE,3388457.04,,COMPLETED,,,,,,,,,SALES_RECEIPTS,,,,,,,,,,,,,,,,,,,,,,Daily dealership & fleet sales collection,,,,CUSTOMER_PAYMENT,COMPANY,COMP001,,,,,,,
2025-02-24,COMP001,,,,,,TXN2A368562,14452260.91,,COMPLETED,,,,,,,,,SALES_RECEIPTS,,,,,,,,,,,,,,,,,,,,,,Daily dealership & fleet sales collection,,,,CUSTOMER_PAYMENT,COMPANY,COMP001,,,,,,,
2025-02-24,COMP001,,,,,,TXN14C167FA,-9017008.98,,COMPLETED,,,,,,,,,OPEX,,,,,,,,,,,,,,,,,,,,,,Daily operating expenses,,,,OPERATING_EXPENSE,COMPANY,COMP001,,,,,,,
2025-02-25,COMP001,,,,,,TXN6AC32F43,25995506.71,,COMPLETED,,,,,,,,,SALES_RECEIPTS,,,,,,,,,,,,,,,,,,,,,,Daily dealership & fleet sales collection,,,,CUSTOMER_PAYMENT,COMPANY,COMP001,,,,,,,
2025-02-25,COMP001,,,,,,TXNB7A615BE,-7027072.18,,COMPLETED,,,,,,,,,OPEX,,,,,,,,,,,,,,,,,,,,,,Daily operating expenses,,,,OPERATING_EXPENSE,COMPANY,COMP001,,,,,,,
2025-02-26,COMP001,,,,,,TXN95D02F3F,11095893.41,,COMPLETED,,,,,,,,,SALES_RECEIPTS,,,,,,,,,,,,,,,,,,,,,,Daily dealership & fleet sales collection,,,,CUSTOMER_PAYMENT,COMPANY,COMP001,,,,,,,
2025-02-26,COMP001,,,,,,TXN22CDBCB5,-4069771.47,,COMPLETED,,,,,,,,,OPEX,,,,,,,,,,,,,,,,,,,,,,Daily operating expenses,,,,OPERATING_EXPENSE,COMPANY,COMP001,,,,,,,
2025-02-27,COMP001,,,,,,TXN47AB2407,19373153.0,,COMPLETED,,,,,,,,,RECEIVABLE,,,,,,,,,,,,,,,,,,,,,,Collection from CUST008 – RCV00337,,,,CUSTOMER_PAYMENT,RECEIVABLE,RCV00337,,,,,,,
2025-02-27,COMP001,,,,,,TXNE97800F5,-5966101.17,,COMPLETED,,,,,,,,,OPEX,,,,,,,,,,,,,,,,,,,,,,Daily operating expenses,,,,OPERATING_EXPENSE,COMPANY,COMP001,,,,,,,
2025-02-27,COMP001,,,,,,TXN76D99327,14996911.2,,COMPLETED,,,,,,,,,SALES_RECEIPTS,,,,,,,,,,,,,,,,,,,,,,Daily dealership & fleet sales collection,,,,CUSTOMER_PAYMENT,COMPANY,COMP001,,,,,,,
2025-02-27,COMP001,,,,,,TXNCA705989,-30414319.76,,COMPLETED,,,,,,,,,PAYABLE,,,,,,,,,,,,,,,,,,,,,,Payment to SUP004 – INV00239,,,,SUPPLIER_PAYMENT,INVOICE,INV00239,,,,,,,
2025-02-28,COMP001,,,,,,TXN08566FBA,21448712.64,,COMPLETED,,,,,,,,,SALES_RECEIPTS,,,,,,,,,,,,,,,,,,,,,,Daily dealership & fleet sales collection,,,,CUSTOMER_PAYMENT,COMPANY,COMP001,,,,,,,
2025-02-28,COMP001,,,,,,TXND8ECD48D,-10505926.62,,COMPLETED,,,,,,,,,OPEX,,,,,,,,,,,,,,,,,,,,,,Daily operating expenses,,,,OPERATING_EXPENSE,COMPANY,COMP001,,,,,,,
2025-03-01,COMP001,,,,,,TXNFF0AC8A4,20270503.5,,COMPLETED,,,,,,,,,RECEIVABLE,,,,,,,,,,,,,,,,,,,,,,Collection from CUST004 – RCV00287,,,,CUSTOMER_PAYMENT,RECEIVABLE,RCV00287,,,,,,,
2025-03-01,COMP001,,,,,,TXN93BDEA62,-1313334.86,,COMPLETED,,,,,,,,,OPEX,,,,,,,,,,,,,,,,,,,,,,Daily operating expenses,,,,OPERATING_EXPENSE,COMPANY,COMP001,,,,,,,
2025-03-01,COMP001,,,,,,TXN81787937,3162084.11,,COMPLETED,,,,,,,,,SALES_RECEIPTS,,,,,,,,,,,,,,,,,,,,,,Daily dealership & fleet sales collection,,,,CUSTOMER_PAYMENT,COMPANY,COMP001,,,,,,,
2025-03-01,COMP001,,,,,,TXN6C899ECE,-20965891.37,,COMPLETED,,,,,,,,,PAYABLE,,,,,,,,,,,,,,,,,,,,,,Payment to SUP007 – INV00027,,,,SUPPLIER_PAYMENT,INVOICE,INV00027,,,,,,,
2025-03-02,COMP001,,,,,,TXNAC57D0D6,39175776.24,,COMPLETED,,,,,,,,,RECEIVABLE,,,,,,,,,,,,,,,,,,,,,,Collection from CUST007 – RCV00265,,,,CUSTOMER_PAYMENT,RECEIVABLE,RCV00265,,,,,,,
2025-03-02,COMP001,,,,,,TXNA001D2B5,1915325.63,,COMPLETED,,,,,,,,,SALES_RECEIPTS,,,,,,,,,,,,,,,,,,,,,,Daily dealership & fleet sales collection,,,,CUSTOMER_PAYMENT,COMPANY,COMP001,,,,,,,
2025-03-02,COMP001,,,,,,TXN985BA9B7,-54355670.93,,COMPLETED,,,,,,,,,PAYABLE,,,,,,,,,,,,,,,,,,,,,,Payment to SUP013 – INV00301,,,,SUPPLIER_PAYMENT,INVOICE,INV00301,,,,,,,
2025-03-02,COMP001,,,,,,TXN93A270E1,67055526.41,,COMPLETED,,,,,,,,,RECEIVABLE,,,,,,,,,,,,,,,,,,,,,,Collection from CUST022 – RCV00299,,,,CUSTOMER_PAYMENT,RECEIVABLE,RCV00299,,,,,,,
2025-03-02,COMP001,,,,,,TXNECEA8A5A,-600845.04,,COMPLETED,,,,,,,,,OPEX,,,,,,,,,,,,,,,,,,,,,,Daily operating expenses,,,,OPERATING_EXPENSE,COMPANY,COMP001,,,,,,,
2025-03-03,COMP001,,,,,,TXN1FAFDDFC,15326107.14,,COMPLETED,,,,,,,,,SALES_RECEIPTS,,,,,,,,,,,,,,,,,,,,,,Daily dealership & fleet sales collection,,,,CUSTOMER_PAYMENT,COMPANY,COMP001,,,,,,,
2025-03-03,COMP001,,,,,,TXNE4108846,-45784551.05,,COMPLETED,,,,,,,,,PAYABLE,,,,,,,,,,,,,,,,,,,,,,Payment to SUP002 – INV00377,,,,SUPPLIER_PAYMENT,INVOICE,INV00377,,,,,,,
2025-03-03,COMP001,,,,,,TXNCF00F3E6,-8101130.34,,COMPLETED,,,,,,,,,PAYABLE,,,,,,,,,,,,,,,,,,,,,,Payment to SUP004 – INV00083,,,,SUPPLIER_PAYMENT,INVOICE,INV00083,,,,,,,
2025-03-03,COMP001,,,,,,TXN2708552B,-9867067.65,,COMPLETED,,,,,,,,,OPEX,,,,,,,,,,,,,,,,,,,,,,Daily operating expenses,,,,OPERATING_EXPENSE,COMPANY,COMP001,,,,,,,
2025-03-04,COMP001,,,,,,TXN2F8799CB,8195784.24,,COMPLETED,,,,,,,,,RECEIVABLE,,,,,,,,,,,,,,,,,,,,,,Collection from CUST016 – RCV00319,,,,CUSTOMER_PAYMENT,RECEIVABLE,RCV00319,,,,,,,
2025-03-04,COMP001,,,,,,TXN5D6E6FE8,18292027.26,,COMPLETED,,,,,,,,,RECEIVABLE,,,,,,,,,,,,,,,,,,,,,,Collection from CUST018 – RCV00326,,,,CUSTOMER_PAYMENT,RECEIVABLE,RCV00326,,,,,,,
2025-03-04,COMP001,,,,,,TXNE3259DC6,28032300.36,,COMPLETED,,,,,,,,,SALES_RECEIPTS,,,,,,,,,,,,,,,,,,,,,,Daily dealership & fleet sales collection,,,,CUSTOMER_PAYMENT,COMPANY,COMP001,,,,,,,
2025-03-04,COMP001,,,,,,TXN6692DE11,26250276.95,,COMPLETED,,,,,,,,,RECEIVABLE,,,,,,,,,,,,,,,,,,,,,,Collection from CUST020 – RCV00059,,,,CUSTOMER_PAYMENT,RECEIVABLE,RCV00059,,,,,,,
2025-03-04,COMP001,,,,,,TXN33FF8F73,-4131512.55,,COMPLETED,,,,,,,,,OPEX,,,,,,,,,,,,,,,,,,,,,,Daily operating expenses,,,,OPERATING_EXPENSE,COMPANY,COMP001,,,,,,,
2025-03-05,COMP001,,,,,,TXNDB092A93,-4666388.43,,COMPLETED,,,,,,,,,OPEX,,,,,,,,,,,,,,,,,,,,,,Daily operating expenses,,,,OPERATING_EXPENSE,COMPANY,COMP001,,,,,,,
2025-03-05,COMP001,,,,,,TXN2B8E99B9,73217220.65,,COMPLETED,,,,,,,,,RECEIVABLE,,,,,,,,,,,,,,,,,,,,,,Collection from CUST006 – RCV00339,,,,CUSTOMER_PAYMENT,RECEIVABLE,RCV00339,,,,,,,
2025-03-05,COMP001,,,,,,TXN950A04FB,15032699.11,,COMPLETED,,,,,,,,,SALES_RECEIPTS,,,,,,,,,,,,,,,,,,,,,,Daily dealership & fleet sales collection,,,,CUSTOMER_PAYMENT,COMPANY,COMP001,,,,,,,
2025-03-05,COMP001,,,,,,TXN41CA0F81,49607607.1,,COMPLETED,,,,,,,,,RECEIVABLE,,,,,,,,,,,,,,,,,,,,,,Collection from CUST022 – RCV00269,,,,CUSTOMER_PAYMENT,RECEIVABLE,RCV00269,,,,,,,
2025-03-06,COMP001,,,,,,TXN9EF4C053,-4966264.87,,COMPLETED,,,,,,,,,OPEX,,,,,,,,,,,,,,,,,,,,,,Daily operating expenses,,,,OPERATING_EXPENSE,COMPANY,COMP001,,,,,,,
2025-03-06,COMP001,,,,,,TXN32D0F0FA,-39196415.81,,COMPLETED,,,,,,,,,EXCEPTIONAL,,,,,,,,,,,,,,,,,,,,,,Regulatory fine,,,,UNEXPECTED_EXPENSE,COMPANY,COMP001,,,,,,,
2025-03-06,COMP001,,,,,,TXN7F6AD50A,11476891.34,,COMPLETED,,,,,,,,,SALES_RECEIPTS,,,,,,,,,,,,,,,,,,,,,,Daily dealership & fleet sales collection,,,,CUSTOMER_PAYMENT,COMPANY,COMP001,,,,,,,
2025-03-07,COMP001,,,,,,TXN2D8D677C,-9800865.54,,COMPLETED,,,,,,,,,OPEX,,,,,,,,,,,,,,,,,,,,,,Daily operating expenses,,,,OPERATING_EXPENSE,COMPANY,COMP001,,,,,,,
2025-03-07,COMP001,,,,,,TXN41AE66E9,21284842.17,,COMPLETED,,,,,,,,,SALES_RECEIPTS,,,,,,,,,,,,,,,,,,,,,,Daily dealership & fleet sales collection,,,,CUSTOMER_PAYMENT,COMPANY,COMP001,,,,,,,
2025-03-07,COMP001,,,,,,TXNFDD5C3A9,25187691.59,,COMPLETED,,,,,,,,,RECEIVABLE,,,,,,,,,,,,,,,,,,,,,,Collection from CUST022 – RCV00109,,,,CUSTOMER_PAYMENT,RECEIVABLE,RCV00109,,,,,,,
2025-03-07,COMP001,,,,,,TXN9B8899B5,-32466236.25,,COMPLETED,,,,,,,,,PAYABLE,,,,,,,,,,,,,,,,,,,,,,Payment to SUP005 – INV00329,,,,SUPPLIER_PAYMENT,INVOICE,INV00329,,,,,,,
2025-03-08,COMP001,,,,,,TXN309CB11C,-9160209.29,,COMPLETED,,,,,,,,,PAYABLE,,,,,,,,,,,,,,,,,,,,,,Payment to SUP003 – INV00348,,,,SUPPLIER_PAYMENT,INVOICE,INV00348,,,,,,,
2025-03-08,COMP001,,,,,,TXN8337E762,-5772139.02,,COMPLETED,,,,,,,,,PAYABLE,,,,,,,,,,,,,,,,,,,,,,Payment to SUP001 – INV00200,,,,SUPPLIER_PAYMENT,INVOICE,INV00200,,,,,,,
2025-03-08,COMP001,,,,,,TXN0E77057D,2199192.18,,COMPLETED,,,,,,,,,SALES_RECEIPTS,,,,,,,,,,,,,,,,,,,,,,Daily dealership & fleet sales collection,,,,CUSTOMER_PAYMENT,COMPANY,COMP001,,,,,,,
2025-03-08,COMP001,,,,,,TXNF734DC45,-1602414.85,,COMPLETED,,,,,,,,,OPEX,,,,,,,,,,,,,,,,,,,,,,Daily operating expenses,,,,OPERATING_EXPENSE,COMPANY,COMP001,,,,,,,
2025-03-09,COMP001,,,,,,TXND2400AF8,-17145619.92,,COMPLETED,,,,,,,,,PAYABLE,,,,,,,,,,,,,,,,,,,,,,Payment to SUP004 – INV00147,,,,SUPPLIER_PAYMENT,INVOICE,INV00147,,,,,,,
2025-03-09,COMP001,,,,,,TXND87280A1,-23451569.7,,COMPLETED,,,,,,,,,PAYABLE,,,,,,,,,,,,,,,,,,,,,,Payment to SUP004 – INV00429,,,,SUPPLIER_PAYMENT,INVOICE,INV00429,,,,,,,
2025-03-09,COMP001,,,,,,TXN4DD7262E,22880783.63,,COMPLETED,,,,,,,,,RECEIVABLE,,,,,,,,,,,,,,,,,,,,,,Collection from CUST012 – RCV00275,,,,CUSTOMER_PAYMENT,RECEIVABLE,RCV00275,,,,,,,
2025-03-09,COMP001,,,,,,TXNDB86858B,-28709129.31,,COMPLETED,,,,,,,,,PAYABLE,,,,,,,,,,,,,,,,,,,,,,Payment to SUP012 – INV00070,,,,SUPPLIER_PAYMENT,INVOICE,INV00070,,,,,,,
2025-03-09,COMP001,,,,,,TXN43194395,2551300.96,,COMPLETED,,,,,,,,,SALES_RECEIPTS,,,,,,,,,,,,,,,,,,,,,,Daily dealership & fleet sales collection,,,,CUSTOMER_PAYMENT,COMPANY,COMP001,,,,,,,
2025-03-09,COMP001,,,,,,TXN6596F696,-54311340.47,,COMPLETED,,,,,,,,,PAYABLE,,,,,,,,,,,,,,,,,,,,,,Payment to SUP001 – INV00284,,,,SUPPLIER_PAYMENT,INVOICE,INV00284,,,,,,,
2025-03-09,COMP001,,,,,,TXNB5831ACE,-1960884.54,,COMPLETED,,,,,,,,,OPEX,,,,,,,,,,,,,,,,,,,,,,Daily operating expenses,,,,OPERATING_EXPENSE,COMPANY,COMP001,,,,,,,
2025-03-10,COMP001,,,,,,TXN2998BBE3,-7501360.09,,COMPLETED,,,,,,,,,PAYABLE,,,,,,,,,,,,,,,,,,,,,,Payment to SUP002 – INV00114,,,,SUPPLIER_PAYMENT,INVOICE,INV00114,,,,,,,
2025-03-10,COMP001,,,,,,TXN6DCFC61E,-21490334.58,,COMPLETED,,,,,,,,,PAYABLE,,,,,,,,,,,,,,,,,,,,,,Payment to SUP012 – INV00174,,,,SUPPLIER_PAYMENT,INVOICE,INV00174,,,,,,,
2025-03-10,COMP001,,,,,,TXN9BD25277,32787272.34,,COMPLETED,,,,,,,,,RECEIVABLE,,,,,,,,,,,,,,,,,,,,,,Collection from CUST015 – RCV00253,,,,CUSTOMER_PAYMENT,RECEIVABLE,RCV00253,,,,,,,
2025-03-10,COMP001,,,,,,TXN36E5301A,-8582488.2,,COMPLETED,,,,,,,,,OPEX,,,,,,,,,,,,,,,,,,,,,,Daily operating expenses,,,,OPERATING_EXPENSE,COMPANY,COMP001,,,,,,,
2025-03-10,COMP001,,,,,,TXND23F0EB6,14424848.46,,COMPLETED,,,,,,,,,SALES_RECEIPTS,,,,,,,,,,,,,,,,,,,,,,Daily dealership & fleet sales collection,,,,CUSTOMER_PAYMENT,COMPANY,COMP001,,,,,,,
2025-03-11,COMP001,,,,,,TXNE99E8FF5,50537630.38,,COMPLETED,,,,,,,,,RECEIVABLE,,,,,,,,,,,,,,,,,,,,,,Collection from CUST021 – RCV00056,,,,CUSTOMER_PAYMENT,RECEIVABLE,RCV00056,,,,,,,
2025-03-11,COMP001,,,,,,TXNAF7FE79D,-8273884.64,,COMPLETED,,,,,,,,,OPEX,,,,,,,,,,,,,,,,,,,,,,Daily operating expenses,,,,OPERATING_EXPENSE,COMPANY,COMP001,,,,,,,
2025-03-11,COMP001,,,,,,TXN880A0647,17096645.0,,COMPLETED,,,,,,,,,SALES_RECEIPTS,,,,,,,,,,,,,,,,,,,,,,Daily dealership & fleet sales collection,,,,CUSTOMER_PAYMENT,COMPANY,COMP001,,,,,,,
2025-03-11,COMP001,,,,,,TXN8FC47E62,11848311.06,,COMPLETED,,,,,,,,,RECEIVABLE,,,,,,,,,,,,,,,,,,,,,,Collection from CUST001 – RCV00008,,,,CUSTOMER_PAYMENT,RECEIVABLE,RCV00008,,,,,,,
2025-03-12,COMP001,,,,,,TXN655C46FA,-9177328.4,,COMPLETED,,,,,,,,,OPEX,,,,,,,,,,,,,,,,,,,,,,Daily operating expenses,,,,OPERATING_EXPENSE,COMPANY,COMP001,,,,,,,
2025-03-12,COMP001,,,,,,TXNEE6E6909,19022743.39,,COMPLETED,,,,,,,,,SALES_RECEIPTS,,,,,,,,,,,,,,,,,,,,,,Daily dealership & fleet sales collection,,,,CUSTOMER_PAYMENT,COMPANY,COMP001,,,,,,,
2025-03-12,COMP001,,,,,,TXNAB9745F1,62306730.82,,COMPLETED,,,,,,,,,RECEIVABLE,,,,,,,,,,,,,,,,,,,,,,Collection from CUST023 – RCV00355,,,,CUSTOMER_PAYMENT,RECEIVABLE,RCV00355,,,,,,,
2025-03-12,COMP001,,,,,,TXN5D1CFFA2,4147402.67,,COMPLETED,,,,,,,,,RECEIVABLE,,,,,,,,,,,,,,,,,,,,,,Collection from CUST004 – RCV00333,,,,CUSTOMER_PAYMENT,RECEIVABLE,RCV00333,,,,,,,
2025-03-12,COMP001,,,,,,TXN8A66AFCE,3717500.28,,COMPLETED,,,,,,,,,RECEIVABLE,,,,,,,,,,,,,,,,,,,,,,Collection from CUST012 – RCV00179,,,,CUSTOMER_PAYMENT,RECEIVABLE,RCV00179,,,,,,,
2025-03-13,COMP001,,,,,,TXN6B641121,12873451.83,,COMPLETED,,,,,,,,,SALES_RECEIPTS,,,,,,,,,,,,,,,,,,,,,,Daily dealership & fleet sales collection,,,,CUSTOMER_PAYMENT,COMPANY,COMP001,,,,,,,
2025-03-13,COMP001,,,,,,TXNFED6CD30,-4896517.34,,COMPLETED,,,,,,,,,OPEX,,,,,,,,,,,,,,,,,,,,,,Daily operating expenses,,,,OPERATING_EXPENSE,COMPANY,COMP001,,,,,,,
2025-03-13,COMP001,,,,,,TXN0D8A5C73,52685689.76,,COMPLETED,,,,,,,,,RECEIVABLE,,,,,,,,,,,,,,,,,,,,,,Collection from CUST024 – RCV00046,,,,CUSTOMER_PAYMENT,RECEIVABLE,RCV00046,,,,,,,
2025-03-14,COMP001,,,,,,TXN634C69F9,-9594285.01,,COMPLETED,,,,,,,,,OPEX,,,,,,,,,,,,,,,,,,,,,,Daily operating expenses,,,,OPERATING_EXPENSE,COMPANY,COMP001,,,,,,,
2025-03-14,COMP001,,,,,,TXN050F0D01,-15149695.73,,COMPLETED,,,,,,,,,PAYABLE,,,,,,,,,,,,,,,,,,,,,,Payment to SUP007 – INV00167,,,,SUPPLIER_PAYMENT,INVOICE,INV00167,,,,,,,
2025-03-14,COMP001,,,,,,TXNCF975361,31433276.23,,COMPLETED,,,,,,,,,RECEIVABLE,,,,,,,,,,,,,,,,,,,,,,Collection from CUST014 – RCV00095,,,,CUSTOMER_PAYMENT,RECEIVABLE,RCV00095,,,,,,,
2025-03-14,COMP001,,,,,,TXN50A9288F,27209022.8,,COMPLETED,,,,,,,,,SALES_RECEIPTS,,,,,,,,,,,,,,,,,,,,,,Daily dealership & fleet sales collection,,,,CUSTOMER_PAYMENT,COMPANY,COMP001,,,,,,,
2025-03-14,COMP001,,,,,,TXNF378C689,-34242370.49,,COMPLETED,,,,,,,,,PAYABLE,,,,,,,,,,,,,,,,,,,,,,Payment to SUP011 – INV00065,,,,SUPPLIER_PAYMENT,INVOICE,INV00065,,,,,,,
2025-03-15,COMP001,,,,,,TXN1A5611AF,3412985.77,,COMPLETED,,,,,,,,,SALES_RECEIPTS,,,,,,,,,,,,,,,,,,,,,,Daily dealership & fleet sales collection,,,,CUSTOMER_PAYMENT,COMPANY,COMP001,,,,,,,
2025-03-15,COMP001,,,,,,TXN8F048ECD,-47270989.44,,COMPLETED,,,,,,,,,PAYABLE,,,,,,,,,,,,,,,,,,,,,,Payment to SUP004 – INV00051,,,,SUPPLIER_PAYMENT,INVOICE,INV00051,,,,,,,
2025-03-15,COMP001,,,,,,TXN488BAFAA,10744149.37,,COMPLETED,,,,,,,,,RECEIVABLE,,,,,,,,,,,,,,,,,,,,,,Collection from CUST008 – RCV00205,,,,CUSTOMER_PAYMENT,RECEIVABLE,RCV00205,,,,,,,
2025-03-15,COMP001,,,,,,TXNF1F7E54C,-670798.97,,COMPLETED,,,,,,,,,OPEX,,,,,,,,,,,,,,,,,,,,,,Daily operating expenses,,,,OPERATING_EXPENSE,COMPANY,COMP001,,,,,,,
2025-03-15,COMP001,,,,,,TXN7CB560E1,-41445522.24,,COMPLETED,,,,,,,,,PAYABLE,,,,,,,,,,,,,,,,,,,,,,Payment to SUP009 – INV00146,,,,SUPPLIER_PAYMENT,INVOICE,INV00146,,,,,,,
2025-03-16,COMP001,,,,,,TXNA916B6DA,3728836.97,,COMPLETED,,,,,,,,,SALES_RECEIPTS,,,,,,,,,,,,,,,,,,,,,,Daily dealership & fleet sales collection,,,,CUSTOMER_PAYMENT,COMPANY,COMP001,,,,,,,
2025-03-16,COMP001,,,,,,TXN1D73D4F2,-43034507.6,,COMPLETED,,,,,,,,,PAYABLE,,,,,,,,,,,,,,,,,,,,,,Payment to SUP013 – INV00077,,,,SUPPLIER_PAYMENT,INVOICE,INV00077,,,,,,,
2025-03-16,COMP001,,,,,,TXN05BC1403,-1325431.34,,COMPLETED,,,,,,,,,OPEX,,,,,,,,,,,,,,,,,,,,,,Daily operating expenses,,,,OPERATING_EXPENSE,COMPANY,COMP001,,,,,,,
2025-03-16,COMP001,,,,,,TXNA9B19B62,23893536.75,,COMPLETED,,,,,,,,,RECEIVABLE,,,,,,,,,,,,,,,,,,,,,,Collection from CUST008 – RCV00017,,,,CUSTOMER_PAYMENT,RECEIVABLE,RCV00017,,,,,,,
2025-03-17,COMP001,,,,,,TXNE4A9AC67,21253736.15,,COMPLETED,,,,,,,,,SALES_RECEIPTS,,,,,,,,,,,,,,,,,,,,,,Daily dealership & fleet sales collection,,,,CUSTOMER_PAYMENT,COMPANY,COMP001,,,,,,,
2025-03-17,COMP001,,,,,,TXN1C03A81E,-6778283.82,,COMPLETED,,,,,,,,,OPEX,,,,,,,,,,,,,,,,,,,,,,Daily operating expenses,,,,OPERATING_EXPENSE,COMPANY,COMP001,,,,,,,
2025-03-17,COMP001,,,,,,TXN6F9250D9,63474091.63,,COMPLETED,,,,,,,,,RECEIVABLE,,,,,,,,,,,,,,,,,,,,,,Collection from CUST022 – RCV00187,,,,CUSTOMER_PAYMENT,RECEIVABLE,RCV00187,,,,,,,
2025-03-17,COMP001,,,,,,TXNA070C348,25825955.64,,COMPLETED,,,,,,,,,RECEIVABLE,,,,,,,,,,,,,,,,,,,,,,Collection from CUST021 – RCV00091,,,,CUSTOMER_PAYMENT,RECEIVABLE,RCV00091,,,,,,,
2025-03-18,COMP001,,,,,,TXN8CEE2C4F,31665504.56,,COMPLETED,,,,,,,,,SALES_RECEIPTS,,,,,,,,,,,,,,,,,,,,,,Daily dealership & fleet sales collection,,,,CUSTOMER_PAYMENT,COMPANY,COMP001,,,,,,,
2025-03-18,COMP001,,,,,,TXN27EC9C06,-59212941.81,,COMPLETED,,,,,,,,,PAYABLE,,,,,,,,,,,,,,,,,,,,,,Payment to SUP007 – INV00184,,,,SUPPLIER_PAYMENT,INVOICE,INV00184,,,,,,,
2025-03-18,COMP001,,,,,,TXN73AD95AE,22156068.25,,COMPLETED,,,,,,,,,RECEIVABLE,,,,,,,,,,,,,,,,,,,,,,Collection from CUST015 – RCV00004,,,,CUSTOMER_PAYMENT,RECEIVABLE,RCV00004,,,,,,,
2025-03-18,COMP001,,,,,,TXN2A3EADAF,48951493.56,,COMPLETED,,,,,,,,,RECEIVABLE,,,,,,,,,,,,,,,,,,,,,,Collection from CUST009 – RCV00039,,,,CUSTOMER_PAYMENT,RECEIVABLE,RCV00039,,,,,,,
2025-03-18,COMP001,,,,,,TXN0139731A,-4882833.14,,COMPLETED,,,,,,,,,OPEX,,,,,,,,,,,,,,,,,,,,,,Daily operating expenses,,,,OPERATING_EXPENSE,COMPANY,COMP001,,,,,,,
2025-03-19,COMP001,,,,,,TXNE00C61B0,13951530.56,,COMPLETED,,,,,,,,,SALES_RECEIPTS,,,,,,,,,,,,,,,,,,,,,,Daily dealership & fleet sales collection,,,,CUSTOMER_PAYMENT,COMPANY,COMP001,,,,,,,
2025-03-19,COMP001,,,,,,TXNB61F0E6C,-9567557.37,,COMPLETED,,,,,,,,,OPEX,,,,,,,,,,,,,,,,,,,,,,Daily operating expenses,,,,OPERATING_EXPENSE,COMPANY,COMP001,,,,,,,
2025-03-19,COMP001,,,,,,TXNBFF31E2D,-6838697.27,,COMPLETED,,,,,,,,,PAYABLE,,,,,,,,,,,,,,,,,,,,,,Payment to SUP010 – INV00169,,,,SUPPLIER_PAYMENT,INVOICE,INV00169,,,,,,,
2025-03-20,COMP001,,,,,,TXN7AF5333A,-5470563.36,,COMPLETED,,,,,,,,,OPEX,,,,,,,,,,,,,,,,,,,,,,Daily operating expenses,,,,OPERATING_EXPENSE,COMPANY,COMP001,,,,,,,
2025-03-20,COMP001,,,,,,TXN165EBD55,24890184.39,,COMPLETED,,,,,,,,,RECEIVABLE,,,,,,,,,,,,,,,,,,,,,,Collection from CUST021 – RCV00346,,,,CUSTOMER_PAYMENT,RECEIVABLE,RCV00346,,,,,,,
2025-03-20,COMP001,,,,,,TXN04FAB194,14715041.42,,COMPLETED,,,,,,,,,SALES_RECEIPTS,,,,,,,,,,,,,,,,,,,,,,Daily dealership & fleet sales collection,,,,CUSTOMER_PAYMENT,COMPANY,COMP001,,,,,,,
2025-03-21,COMP001,,,,,,TXN7FD400AB,-7394268.0,,COMPLETED,,,,,,,,,OPEX,,,,,,,,,,,,,,,,,,,,,,Daily operating expenses,,,,OPERATING_EXPENSE,COMPANY,COMP001,,,,,,,
2025-03-21,COMP001,,,,,,TXN9370B637,18027270.8,,COMPLETED,,,,,,,,,SALES_RECEIPTS,,,,,,,,,,,,,,,,,,,,,,Daily dealership & fleet sales collection,,,,CUSTOMER_PAYMENT,COMPANY,COMP001,,,,,,,
2025-03-21,COMP001,,,,,,TXN31671633,31686678.94,,COMPLETED,,,,,,,,,RECEIVABLE,,,,,,,,,,,,,,,,,,,,,,Collection from CUST018 – RCV00241,,,,CUSTOMER_PAYMENT,RECEIVABLE,RCV00241,,,,,,,
2025-03-22,COMP001,,,,,,TXN59747D04,1930792.21,,COMPLETED,,,,,,,,,SALES_RECEIPTS,,,,,,,,,,,,,,,,,,,,,,Daily dealership & fleet sales collection,,,,CUSTOMER_PAYMENT,COMPANY,COMP001,,,,,,,
2025-03-22,COMP001,,,,,,TXN186DD5C1,-594526.69,,COMPLETED,,,,,,,,,OPEX,,,,,,,,,,,,,,,,,,,,,,Daily operating expenses,,,,OPERATING_EXPENSE,COMPANY,COMP001,,,,,,,
2025-03-22,COMP001,,,,,,TXN5391AAF7,-37903576.26,,COMPLETED,,,,,,,,,PAYABLE,,,,,,,,,,,,,,,,,,,,,,Payment to SUP011 – INV00300,,,,SUPPLIER_PAYMENT,INVOICE,INV00300,,,,,,,
2025-03-23,COMP001,,,,,,TXN63208EBF,1382938.64,,COMPLETED,,,,,,,,,SALES_RECEIPTS,,,,,,,,,,,,,,,,,,,,,,Daily dealership & fleet sales collection,,,,CUSTOMER_PAYMENT,COMPANY,COMP001,,,,,,,
2025-03-23,COMP001,,,,,,TXN080016A0,-11321119.71,,COMPLETED,,,,,,,,,PAYABLE,,,,,,,,,,,,,,,,,,,,,,Payment to SUP004 – INV00269,,,,SUPPLIER_PAYMENT,INVOICE,INV00269,,,,,,,
2025-03-23,COMP001,,,,,,TXND5A364F9,-1970871.65,,COMPLETED,,,,,,,,,OPEX,,,,,,,,,,,,,,,,,,,,,,Daily operating expenses,,,,OPERATING_EXPENSE,COMPANY,COMP001,,,,,,,
2025-03-23,COMP001,,,,,,TXNE9DCC32D,57708049.14,,COMPLETED,,,,,,,,,RECEIVABLE,,,,,,,,,,,,,,,,,,,,,,Collection from CUST006 – RCV00006,,,,CUSTOMER_PAYMENT,RECEIVABLE,RCV00006,,,,,,,
2025-03-24,COMP001,,,,,,TXNBD9A28B7,60052361.69,,COMPLETED,,,,,,,,,RECEIVABLE,,,,,,,,,,,,,,,,,,,,,,Collection from CUST021 – RCV00063,,,,CUSTOMER_PAYMENT,RECEIVABLE,RCV00063,,,,,,,
2025-03-24,COMP001,,,,,,TXN9800464E,-29939231.53,,COMPLETED,,,,,,,,,PAYABLE,,,,,,,,,,,,,,,,,,,,,,Payment to SUP012 – INV00153,,,,SUPPLIER_PAYMENT,INVOICE,INV00153,,,,,,,
2025-03-24,COMP001,,,,,,TXN4E6153D1,11757510.91,,COMPLETED,,,,,,,,,SALES_RECEIPTS,,,,,,,,,,,,,,,,,,,,,,Daily dealership & fleet sales collection,,,,CUSTOMER_PAYMENT,COMPANY,COMP001,,,,,,,
2025-03-24,COMP001,,,,,,TXN2989DE76,-9211121.15,,COMPLETED,,,,,,,,,OPEX,,,,,,,,,,,,,,,,,,,,,,Daily operating expenses,,,,OPERATING_EXPENSE,COMPANY,COMP001,,,,,,,
2025-03-24,COMP001,,,,,,TXN94333927,-12441264.31,,COMPLETED,,,,,,,,,PAYABLE,,,,,,,,,,,,,,,,,,,,,,Payment to SUP008 – INV00021,,,,SUPPLIER_PAYMENT,INVOICE,INV00021,,,,,,,
2025-03-25,COMP001,,,,,,TXNE2E62175,-36524146.21,,COMPLETED,,,,,,,,,PAYABLE,,,,,,,,,,,,,,,,,,,,,,Payment to SUP003 – INV00003,,,,SUPPLIER_PAYMENT,INVOICE,INV00003,,,,,,,
2025-03-25,COMP001,,,,,,TXNE33B11A7,-8080174.86,,COMPLETED,,,,,,,,,OPEX,,,,,,,,,,,,,,,,,,,,,,Daily operating expenses,,,,OPERATING_EXPENSE,COMPANY,COMP001,,,,,,,
2025-03-25,COMP001,,,,,,TXNCD188FA9,69421954.01,,COMPLETED,,,,,,,,,RECEIVABLE,,,,,,,,,,,,,,,,,,,,,,Collection from CUST012 – RCV00197,,,,CUSTOMER_PAYMENT,RECEIVABLE,RCV00197,,,,,,,
2025-03-25,COMP001,,,,,,TXN34DEA2C9,-23204982.86,,COMPLETED,,,,,,,,,PAYABLE,,,,,,,,,,,,,,,,,,,,,,Payment to SUP006 – INV00116,,,,SUPPLIER_PAYMENT,INVOICE,INV00116,,,,,,,
2025-03-25,COMP001,,,,,,TXN40F4D84D,22521196.77,,COMPLETED,,,,,,,,,SALES_RECEIPTS,,,,,,,,,,,,,,,,,,,,,,Daily dealership & fleet sales collection,,,,CUSTOMER_PAYMENT,COMPANY,COMP001,,,,,,,
2025-03-26,COMP001,,,,,,TXN0EE778D4,16871398.21,,COMPLETED,,,,,,,,,SALES_RECEIPTS,,,,,,,,,,,,,,,,,,,,,,Daily dealership & fleet sales collection,,,,CUSTOMER_PAYMENT,COMPANY,COMP001,,,,,,,
2025-03-26,COMP001,,,,,,TXNA6A50311,55961964.47,,COMPLETED,,,,,,,,,RECEIVABLE,,,,,,,,,,,,,,,,,,,,,,Collection from CUST005 – RCV00122,,,,CUSTOMER_PAYMENT,RECEIVABLE,RCV00122,,,,,,,
2025-03-26,COMP001,,,,,,TXNBF854FF9,-3189154.7,,COMPLETED,,,,,,,,,OPEX,,,,,,,,,,,,,,,,,,,,,,Daily operating expenses,,,,OPERATING_EXPENSE,COMPANY,COMP001,,,,,,,
2025-03-26,COMP001,,,,,,TXN385C5FFA,6696688.22,,COMPLETED,,,,,,,,,RECEIVABLE,,,,,,,,,,,,,,,,,,,,,,Collection from CUST007 – RCV00267,,,,CUSTOMER_PAYMENT,RECEIVABLE,RCV00267,,,,,,,
2025-03-26,COMP001,,,,,,TXN74CAAD0B,-22184789.5,,COMPLETED,,,,,,,,,PAYABLE,,,,,,,,,,,,,,,,,,,,,,Payment to SUP004 – INV00176,,,,SUPPLIER_PAYMENT,INVOICE,INV00176,,,,,,,
2025-03-26,COMP001,,,,,,TXN771480A6,-25182057.86,,COMPLETED,,,,,,,,,PAYABLE,,,,,,,,,,,,,,,,,,,,,,Payment to SUP008 – INV00076,,,,SUPPLIER_PAYMENT,INVOICE,INV00076,,,,,,,
2025-03-26,COMP001,,,,,,TXN99AD300D,53373358.35,,COMPLETED,,,,,,,,,RECEIVABLE,,,,,,,,,,,,,,,,,,,,,,Collection from CUST022 – RCV00286,,,,CUSTOMER_PAYMENT,RECEIVABLE,RCV00286,,,,,,,
2025-03-27,COMP001,,,,,,TXNBCBAC391,61572796.45,,COMPLETED,,,,,,,,,RECEIVABLE,,,,,,,,,,,,,,,,,,,,,,Collection from CUST004 – RCV00151,,,,CUSTOMER_PAYMENT,RECEIVABLE,RCV00151,,,,,,,
2025-03-27,COMP001,,,,,,TXNAF1A6180,-6636561.62,,COMPLETED,,,,,,,,,OPEX,,,,,,,,,,,,,,,,,,,,,,Daily operating expenses,,,,OPERATING_EXPENSE,COMPANY,COMP001,,,,,,,
2025-03-27,COMP001,,,,,,TXN8144D775,10973159.39,,COMPLETED,,,,,,,,,RECEIVABLE,,,,,,,,,,,,,,,,,,,,,,Collection from CUST009 – RCV00010,,,,CUSTOMER_PAYMENT,RECEIVABLE,RCV00010,,,,,,,
2025-03-27,COMP001,,,,,,TXNAA9A0D27,16581025.32,,COMPLETED,,,,,,,,,SALES_RECEIPTS,,,,,,,,,,,,,,,,,,,,,,Daily dealership & fleet sales collection,,,,CUSTOMER_PAYMENT,COMPANY,COMP001,,,,,,,
2025-03-27,COMP001,,,,,,TXNB8B2780D,-41810715.79,,COMPLETED,,,,,,,,,PAYABLE,,,,,,,,,,,,,,,,,,,,,,Payment to SUP003 – INV00449,,,,SUPPLIER_PAYMENT,INVOICE,INV00449,,,,,,,
2025-03-28,COMP001,,,,,,TXN6DDFB11A,26101703.53,,COMPLETED,,,,,,,,,SALES_RECEIPTS,,,,,,,,,,,,,,,,,,,,,,Daily dealership & fleet sales collection,,,,CUSTOMER_PAYMENT,COMPANY,COMP001,,,,,,,
2025-03-28,COMP001,,,,,,TXNA9E0125B,-5414206.72,,COMPLETED,,,,,,,,,OPEX,,,,,,,,,,,,,,,,,,,,,,Daily operating expenses,,,,OPERATING_EXPENSE,COMPANY,COMP001,,,,,,,
2025-03-29,COMP001,,,,,,TXN0B9FF7A6,2147983.91,,COMPLETED,,,,,,,,,SALES_RECEIPTS,,,,,,,,,,,,,,,,,,,,,,Daily dealership & fleet sales collection,,,,CUSTOMER_PAYMENT,COMPANY,COMP001,,,,,,,
2025-03-29,COMP001,,,,,,TXN7F2F1EF5,-1428313.84,,COMPLETED,,,,,,,,,OPEX,,,,,,,,,,,,,,,,,,,,,,Daily operating expenses,,,,OPERATING_EXPENSE,COMPANY,COMP001,,,,,,,
2025-03-29,COMP001,,,,,,TXN49581F6E,67828081.12,,COMPLETED,,,,,,,,,RECEIVABLE,,,,,,,,,,,,,,,,,,,,,,Collection from CUST021 – RCV00271,,,,CUSTOMER_PAYMENT,RECEIVABLE,RCV00271,,,,,,,
2025-03-29,COMP001,,,,,,TXN695F64A2,48294167.81,,COMPLETED,,,,,,,,,RECEIVABLE,,,,,,,,,,,,,,,,,,,,,,Collection from CUST019 – RCV00215,,,,CUSTOMER_PAYMENT,RECEIVABLE,RCV00215,,,,,,,
2025-03-30,COMP001,,,,,,TXNFE29AE84,2808580.78,,COMPLETED,,,,,,,,,SALES_RECEIPTS,,,,,,,,,,,,,,,,,,,,,,Daily dealership & fleet sales collection,,,,CUSTOMER_PAYMENT,COMPANY,COMP001,,,,,,,
2025-03-30,COMP001,,,,,,TXNE63C1580,63592906.76,,COMPLETED,,,,,,,,,RECEIVABLE,,,,,,,,,,,,,,,,,,,,,,Collection from CUST009 – RCV00090,,,,CUSTOMER_PAYMENT,RECEIVABLE,RCV00090,,,,,,,
2025-03-30,COMP001,,,,,,TXN4D91CB96,-1755361.19,,COMPLETED,,,,,,,,,OPEX,,,,,,,,,,,,,,,,,,,,,,Daily operating expenses,,,,OPERATING_EXPENSE,COMPANY,COMP001,,,,,,,
2025-03-31,COMP001,,,,,,TXNDC7AD133,18365220.67,,COMPLETED,,,,,,,,,SALES_RECEIPTS,,,,,,,,,,,,,,,,,,,,,,Daily dealership & fleet sales collection,,,,CUSTOMER_PAYMENT,COMPANY,COMP001,,,,,,,
2025-03-31,COMP001,,,,,,TXN832BD31A,-13737951.88,,COMPLETED,,,,,,,,,OPEX,,,,,,,,,,,,,,,,,,,,,,Daily operating expenses,,,,OPERATING_EXPENSE,COMPANY,COMP001,,,,,,,
2025-03-31,COMP001,,,,,,TXNA86FAC0F,-38636448.2,,COMPLETED,,,,,,,,,PAYABLE,,,,,,,,,,,,,,,,,,,,,,Payment to SUP005 – INV00073,,,,SUPPLIER_PAYMENT,INVOICE,INV00073,,,,,,,
2025-03-31,COMP001,,,,,,TXN66AE3D95,28369615.49,,COMPLETED,,,,,,,,,RECEIVABLE,,,,,,,,,,,,,,,,,,,,,,Collection from CUST004 – RCV00051,,,,CUSTOMER_PAYMENT,RECEIVABLE,RCV00051,,,,,,,
2025-04-01,COMP001,,,,,,TXNBFC01E24,-4300953.3,,COMPLETED,,,,,,,,,OPEX,,,,,,,,,,,,,,,,,,,,,,Daily operating expenses,,,,OPERATING_EXPENSE,COMPANY,COMP001,,,,,,,
2025-04-01,COMP001,,,,,,TXN68564E4E,-13142356.94,,COMPLETED,,,,,,,,,FINANCING,,,,,,,,,,,,,,,,,,,,,,Quarterly interest payment,,,,INTEREST_PAYMENT,FINANCING_OPTION,FIN001,,,,,,,
2025-04-01,COMP001,,,,,,TXN02CE5912,15358927.74,,COMPLETED,,,,,,,,,SALES_RECEIPTS,,,,,,,,,,,,,,,,,,,,,,Daily dealership & fleet sales collection,,,,CUSTOMER_PAYMENT,COMPANY,COMP001,,,,,,,
2025-04-01,COMP001,,,,,,TXNF5558541,31684885.01,,COMPLETED,,,,,,,,,RECEIVABLE,,,,,,,,,,,,,,,,,,,,,,Collection from CUST017 – RCV00338,,,,CUSTOMER_PAYMENT,RECEIVABLE,RCV00338,,,,,,,
2025-04-02,COMP001,,,,,,TXN9F28CF11,73306718.18,,COMPLETED,,,,,,,,,RECEIVABLE,,,,,,,,,,,,,,,,,,,,,,Collection from CUST020 – RCV00344,,,,CUSTOMER_PAYMENT,RECEIVABLE,RCV00344,,,,,,,
2025-04-02,COMP001,,,,,,TXNFFB7A350,10836936.5,,COMPLETED,,,,,,,,,SALES_RECEIPTS,,,,,,,,,,,,,,,,,,,,,,Daily dealership & fleet sales collection,,,,CUSTOMER_PAYMENT,COMPANY,COMP001,,,,,,,
2025-04-02,COMP001,,,,,,TXN1A7EE86D,-4091094.58,,COMPLETED,,,,,,,,,OPEX,,,,,,,,,,,,,,,,,,,,,,Daily operating expenses,,,,OPERATING_EXPENSE,COMPANY,COMP001,,,,,,,
2025-04-03,COMP001,,,,,,TXNF667F7D9,16462866.11,,COMPLETED,,,,,,,,,SALES_RECEIPTS,,,,,,,,,,,,,,,,,,,,,,Daily dealership & fleet sales collection,,,,CUSTOMER_PAYMENT,COMPANY,COMP001,,,,,,,
2025-04-03,COMP001,,,,,,TXNA6E260DD,-4895788.19,,COMPLETED,,,,,,,,,OPEX,,,,,,,,,,,,,,,,,,,,,,Daily operating expenses,,,,OPERATING_EXPENSE,COMPANY,COMP001,,,,,,,
2025-04-03,COMP001,,,,,,TXND3750B26,79122505.89,,COMPLETED,,,,,,,,,RECEIVABLE,,,,,,,,,,,,,,,,,,,,,,Collection from CUST018 – RCV00352,,,,CUSTOMER_PAYMENT,RECEIVABLE,RCV00352,,,,,,,
2025-04-03,COMP001,,,,,,TXNB8AAB80C,66939971.58,,COMPLETED,,,,,,,,,RECEIVABLE,,,,,,,,,,,,,,,,,,,,,,Collection from CUST010 – RCV00296,,,,CUSTOMER_PAYMENT,RECEIVABLE,RCV00296,,,,,,,
2025-04-03,COMP001,,,,,,TXNCFDDCFB1,39151063.5,,COMPLETED,,,,,,,,,RECEIVABLE,,,,,,,,,,,,,,,,,,,,,,Collection from CUST001 – RCV00180,,,,CUSTOMER_PAYMENT,RECEIVABLE,RCV00180,,,,,,,
2025-04-04,COMP001,,,,,,TXN6E88010E,43040986.27,,COMPLETED,,,,,,,,,RECEIVABLE,,,,,,,,,,,,,,,,,,,,,,Collection from CUST025 – RCV00085,,,,CUSTOMER_PAYMENT,RECEIVABLE,RCV00085,,,,,,,
2025-04-04,COMP001,,,,,,TXN50E243CE,-6355151.82,,COMPLETED,,,,,,,,,OPEX,,,,,,,,,,,,,,,,,,,,,,Daily operating expenses,,,,OPERATING_EXPENSE,COMPANY,COMP001,,,,,,,
2025-04-04,COMP001,,,,,,TXNF2A227B6,49749743.14,,COMPLETED,,,,,,,,,RECEIVABLE,,,,,,,,,,,,,,,,,,,,,,Collection from CUST008 – RCV00261,,,,CUSTOMER_PAYMENT,RECEIVABLE,RCV00261,,,,,,,
2025-04-04,COMP001,,,,,,TXNF092C03C,17327197.57,,COMPLETED,,,,,,,,,SALES_RECEIPTS,,,,,,,,,,,,,,,,,,,,,,Daily dealership & fleet sales collection,,,,CUSTOMER_PAYMENT,COMPANY,COMP001,,,,,,,
2025-04-05,COMP001,,,,,,TXN28B0ADA2,1969984.04,,COMPLETED,,,,,,,,,SALES_RECEIPTS,,,,,,,,,,,,,,,,,,,,,,Daily dealership & fleet sales collection,,,,CUSTOMER_PAYMENT,COMPANY,COMP001,,,,,,,
2025-04-05,COMP001,,,,,,TXNB6E79BD8,-53531723.09,,COMPLETED,,,,,,,,,PAYABLE,,,,,,,,,,,,,,,,,,,,,,Payment to SUP004 – INV00320,,,,SUPPLIER_PAYMENT,INVOICE,INV00320,,,,,,,
2025-04-05,COMP001,,,,,,TXN6AE3DD7B,-1806417.03,,COMPLETED,,,,,,,,,OPEX,,,,,,,,,,,,,,,,,,,,,,Daily operating expenses,,,,OPERATING_EXPENSE,COMPANY,COMP001,,,,,,,
2025-04-06,COMP001,,,,,,TXN2AEABF0A,-15301386.68,,COMPLETED,,,,,,,,,PAYABLE,,,,,,,,,,,,,,,,,,,,,,Payment to SUP006 – INV00394,,,,SUPPLIER_PAYMENT,INVOICE,INV00394,,,,,,,
2025-04-06,COMP001,,,,,,TXN71C30D38,-1380865.53,,COMPLETED,,,,,,,,,OPEX,,,,,,,,,,,,,,,,,,,,,,Daily operating expenses,,,,OPERATING_EXPENSE,COMPANY,COMP001,,,,,,,
2025-04-06,COMP001,,,,,,TXNAC9416AA,2460775.05,,COMPLETED,,,,,,,,,SALES_RECEIPTS,,,,,,,,,,,,,,,,,,,,,,Daily dealership & fleet sales collection,,,,CUSTOMER_PAYMENT,COMPANY,COMP001,,,,,,,
2025-04-06,COMP001,,,,,,TXNC7408E51,-19707219.96,,COMPLETED,,,,,,,,,PAYABLE,,,,,,,,,,,,,,,,,,,,,,Payment to SUP002 – INV00212,,,,SUPPLIER_PAYMENT,INVOICE,INV00212,,,,,,,
2025-04-07,COMP001,,,,,,TXN21390BE2,-4071510.52,,COMPLETED,,,,,,,,,OPEX,,,,,,,,,,,,,,,,,,,,,,Daily operating expenses,,,,OPERATING_EXPENSE,COMPANY,COMP001,,,,,,,
2025-04-07,COMP001,,,,,,TXNA64B23F1,19486923.51,,COMPLETED,,,,,,,,,RECEIVABLE,,,,,,,,,,,,,,,,,,,,,,Collection from CUST013 – RCV00195,,,,CUSTOMER_PAYMENT,RECEIVABLE,RCV00195,,,,,,,
2025-04-07,COMP001,,,,,,TXN64FAF2FA,15642605.15,,COMPLETED,,,,,,,,,SALES_RECEIPTS,,,,,,,,,,,,,,,,,,,,,,Daily dealership & fleet sales collection,,,,CUSTOMER_PAYMENT,COMPANY,COMP001,,,,,,,
2025-04-08,COMP001,,,,,,TXNA7821FFA,-7428609.21,,COMPLETED,,,,,,,,,OPEX,,,,,,,,,,,,,,,,,,,,,,Daily operating expenses,,,,OPERATING_EXPENSE,COMPANY,COMP001,,,,,,,
2025-04-08,COMP001,,,,,,TXNC7AFFCFA,18298567.31,,COMPLETED,,,,,,,,,SALES_RECEIPTS,,,,,,,,,,,,,,,,,,,,,,Daily dealership & fleet sales collection,,,,CUSTOMER_PAYMENT,COMPANY,COMP001,,,,,,,
2025-04-08,COMP001,,,,,,TXNBD24EB94,-47120570.17,,COMPLETED,,,,,,,,,PAYABLE,,,,,,,,,,,,,,,,,,,,,,Payment to SUP003 – INV00012,,,,SUPPLIER_PAYMENT,INVOICE,INV00012,,,,,,,
2025-04-09,COMP001,,,,,,TXNC6209BA0,-9127942.27,,COMPLETED,,,,,,,,,OPEX,,,,,,,,,,,,,,,,,,,,,,Daily operating expenses,,,,OPERATING_EXPENSE,COMPANY,COMP001,,,,,,,
2025-04-09,COMP001,,,,,,TXNB3E4E7AE,-43741954.83,,COMPLETED,,,,,,,,,PAYABLE,,,,,,,,,,,,,,,,,,,,,,Payment to SUP005 – INV00342,,,,SUPPLIER_PAYMENT,INVOICE,INV00342,,,,,,,
2025-04-09,COMP001,,,,,,TXN6BD52AE6,-20169572.05,,COMPLETED,,,,,,,,,PAYABLE,,,,,,,,,,,,,,,,,,,,,,Payment to SUP009 – INV00165,,,,SUPPLIER_PAYMENT,INVOICE,INV00165,,,,,,,
2025-04-09,COMP001,,,,,,TXN6CC8E1FE,14699244.18,,COMPLETED,,,,,,,,,SALES_RECEIPTS,,,,,,,,,,,,,,,,,,,,,,Daily dealership & fleet sales collection,,,,CUSTOMER_PAYMENT,COMPANY,COMP001,,,,,,,
2025-04-09,COMP001,,,,,,TXN3B613BF5,51356220.94,,COMPLETED,,,,,,,,,RECEIVABLE,,,,,,,,,,,,,,,,,,,,,,Collection from CUST020 – RCV00236,,,,CUSTOMER_PAYMENT,RECEIVABLE,RCV00236,,,,,,,
2025-04-09,COMP001,,,,,,TXNBB8723E8,-27428039.96,,COMPLETED,,,,,,,,,PAYABLE,,,,,,,,,,,,,,,,,,,,,,Payment to SUP012 – INV00479,,,,SUPPLIER_PAYMENT,INVOICE,INV00479,,,,,,,
2025-04-10,COMP001,,,,,,TXN3BBC854D,-5545142.16,,COMPLETED,,,,,,,,,OPEX,,,,,,,,,,,,,,,,,,,,,,Daily operating expenses,,,,OPERATING_EXPENSE,COMPANY,COMP001,,,,,,,
2025-04-10,COMP001,,,,,,TXNA6D52298,13841178.42,,COMPLETED,,,,,,,,,SALES_RECEIPTS,,,,,,,,,,,,,,,,,,,,,,Daily dealership & fleet sales collection,,,,CUSTOMER_PAYMENT,COMPANY,COMP001,,,,,,,
2025-04-11,COMP001,,,,,,TXNFBE3861E,-3530420.7,,COMPLETED,,,,,,,,,OPEX,,,,,,,,,,,,,,,,,,,,,,Daily operating expenses,,,,OPERATING_EXPENSE,COMPANY,COMP001,,,,,,,
2025-04-11,COMP001,,,,,,TXNCDE42B15,23676383.96,,COMPLETED,,,,,,,,,SALES_RECEIPTS,,,,,,,,,,,,,,,,,,,,,,Daily dealership & fleet sales collection,,,,CUSTOMER_PAYMENT,COMPANY,COMP001,,,,,,,
2025-04-11,COMP001,,,,,,TXN1CEFDE0F,-11949768.6,,COMPLETED,,,,,,,,,PAYABLE,,,,,,,,,,,,,,,,,,,,,,Payment to SUP002 – INV00274,,,,SUPPLIER_PAYMENT,INVOICE,INV00274,,,,,,,
2025-04-12,COMP001,,,,,,TXN9FDFC114,-1261696.99,,COMPLETED,,,,,,,,,OPEX,,,,,,,,,,,,,,,,,,,,,,Daily operating expenses,,,,OPERATING_EXPENSE,COMPANY,COMP001,,,,,,,
2025-04-12,COMP001,,,,,,TXN70386793,61519968.26,,COMPLETED,,,,,,,,,RECEIVABLE,,,,,,,,,,,,,,,,,,,,,,Collection from CUST009 – RCV00029,,,,CUSTOMER_PAYMENT,RECEIVABLE,RCV00029,,,,,,,
2025-04-12,COMP001,,,,,,TXN59B2C920,2071747.78,,COMPLETED,,,,,,,,,SALES_RECEIPTS,,,,,,,,,,,,,,,,,,,,,,Daily dealership & fleet sales collection,,,,CUSTOMER_PAYMENT,COMPANY,COMP001,,,,,,,
2025-04-13,COMP001,,,,,,TXN3B9BC41C,1029954.99,,COMPLETED,,,,,,,,,SALES_RECEIPTS,,,,,,,,,,,,,,,,,,,,,,Daily dealership & fleet sales collection,,,,CUSTOMER_PAYMENT,COMPANY,COMP001,,,,,,,
2025-04-13,COMP001,,,,,,TXN314748B1,-3600999.38,,COMPLETED,,,,,,,,,PAYABLE,,,,,,,,,,,,,,,,,,,,,,Payment to SUP010 – INV00050,,,,SUPPLIER_PAYMENT,INVOICE,INV00050,,,,,,,
2025-04-13,COMP001,,,,,,TXN54231BA1,-31188745.12,,COMPLETED,,,,,,,,,PAYABLE,,,,,,,,,,,,,,,,,,,,,,Payment to SUP011 – INV00267,,,,SUPPLIER_PAYMENT,INVOICE,INV00267,,,,,,,
2025-04-13,COMP001,,,,,,TXND7A1AA61,-1928333.59,,COMPLETED,,,,,,,,,OPEX,,,,,,,,,,,,,,,,,,,,,,Daily operating expenses,,,,OPERATING_EXPENSE,COMPANY,COMP001,,,,,,,
2025-04-13,COMP001,,,,,,TXN170A78F3,65814219.24,,COMPLETED,,,,,,,,,RECEIVABLE,,,,,,,,,,,,,,,,,,,,,,Collection from CUST013 – RCV00307,,,,CUSTOMER_PAYMENT,RECEIVABLE,RCV00307,,,,,,,
2025-04-13,COMP001,,,,,,TXN94804B6F,13144311.74,,COMPLETED,,,,,,,,,RECEIVABLE,,,,,,,,,,,,,,,,,,,,,,Collection from CUST011 – RCV00053,,,,CUSTOMER_PAYMENT,RECEIVABLE,RCV00053,,,,,,,
2025-04-14,COMP001,,,,,,TXNE6A6C490,10108186.73,,COMPLETED,,,,,,,,,SALES_RECEIPTS,,,,,,,,,,,,,,,,,,,,,,Daily dealership & fleet sales collection,,,,CUSTOMER_PAYMENT,COMPANY,COMP001,,,,,,,
2025-04-14,COMP001,,,,,,TXN7D4B47CF,-4632300.11,,COMPLETED,,,,,,,,,OPEX,,,,,,,,,,,,,,,,,,,,,,Daily operating expenses,,,,OPERATING_EXPENSE,COMPANY,COMP001,,,,,,,
2025-04-15,COMP001,,,,,,TXNBB17CD92,-46399359.6,,COMPLETED,,,,,,,,,PAYABLE,,,,,,,,,,,,,,,,,,,,,,Payment to SUP008 – INV00431,,,,SUPPLIER_PAYMENT,INVOICE,INV00431,,,,,,,
2025-04-15,COMP001,,,,,,TXN364544EB,-6099635.94,,COMPLETED,,,,,,,,,OPEX,,,,,,,,,,,,,,,,,,,,,,Daily operating expenses,,,,OPERATING_EXPENSE,COMPANY,COMP001,,,,,,,
2025-04-15,COMP001,,,,,,TXN8D79B365,30785473.46,,COMPLETED,,,,,,,,,SALES_RECEIPTS,,,,,,,,,,,,,,,,,,,,,,Daily dealership & fleet sales collection,,,,CUSTOMER_PAYMENT,COMPANY,COMP001,,,,,,,
2025-04-16,COMP001,,,,,,TXN661B7543,4385008.92,,COMPLETED,,,,,,,,,RECEIVABLE,,,,,,,,,,,,,,,,,,,,,,Collection from CUST012 – RCV00328,,,,CUSTOMER_PAYMENT,RECEIVABLE,RCV00328,,,,,,,
2025-04-16,COMP001,,,,,,TXN08AD5433,-11463836.4,,COMPLETED,,,,,,,,,PAYABLE,,,,,,,,,,,,,,,,,,,,,,Payment to SUP012 – INV00234,,,,SUPPLIER_PAYMENT,INVOICE,INV00234,,,,,,,
2025-04-16,COMP001,,,,,,TXN9537E5DC,17643881.18,,COMPLETED,,,,,,,,,SALES_RECEIPTS,,,,,,,,,,,,,,,,,,,,,,Daily dealership & fleet sales collection,,,,CUSTOMER_PAYMENT,COMPANY,COMP001,,,,,,,
2025-04-16,COMP001,,,,,,TXN0B6E457F,-9209784.35,,COMPLETED,,,,,,,,,OPEX,,,,,,,,,,,,,,,,,,,,,,Daily operating expenses,,,,OPERATING_EXPENSE,COMPANY,COMP001,,,,,,,
2025-04-17,COMP001,,,,,,TXNB4555024,-38581702.56,,COMPLETED,,,,,,,,,PAYABLE,,,,,,,,,,,,,,,,,,,,,,Payment to SUP002 – INV00381,,,,SUPPLIER_PAYMENT,INVOICE,INV00381,,,,,,,
2025-04-17,COMP001,,,,,,TXNC7707977,-31069272.15,,COMPLETED,,,,,,,,,PAYABLE,,,,,,,,,,,,,,,,,,,,,,Payment to SUP005 – INV00014,,,,SUPPLIER_PAYMENT,INVOICE,INV00014,,,,,,,
2025-04-17,COMP001,,,,,,TXN38DA3A47,-7445915.41,,COMPLETED,,,,,,,,,OPEX,,,,,,,,,,,,,,,,,,,,,,Daily operating expenses,,,,OPERATING_EXPENSE,COMPANY,COMP001,,,,,,,
2025-04-17,COMP001,,,,,,TXN954F632A,8607575.32,,COMPLETED,,,,,,,,,SALES_RECEIPTS,,,,,,,,,,,,,,,,,,,,,,Daily dealership & fleet sales collection,,,,CUSTOMER_PAYMENT,COMPANY,COMP001,,,,,,,
2025-04-17,COMP001,,,,,,TXN80C8E2F7,-3049418.23,,COMPLETED,,,,,,,,,PAYABLE,,,,,,,,,,,,,,,,,,,,,,Payment to SUP014 – INV00171,,,,SUPPLIER_PAYMENT,INVOICE,INV00171,,,,,,,
2025-04-18,COMP001,,,,,,TXN43FA3233,-30582012.26,,COMPLETED,,,,,,,,,PAYABLE,,,,,,,,,,,,,,,,,,,,,,Payment to SUP013 – INV00089,,,,SUPPLIER_PAYMENT,INVOICE,INV00089,,,,,,,
2025-04-18,COMP001,,,,,,TXN69201B1E,-6644304.93,,COMPLETED,,,,,,,,,OPEX,,,,,,,,,,,,,,,,,,,,,,Daily operating expenses,,,,OPERATING_EXPENSE,COMPANY,COMP001,,,,,,,
2025-04-18,COMP001,,,,,,TXN6E518C0E,58240244.36,,COMPLETED,,,,,,,,,RECEIVABLE,,,,,,,,,,,,,,,,,,,,,,Collection from CUST021 – RCV00123,,,,CUSTOMER_PAYMENT,RECEIVABLE,RCV00123,,,,,,,
2025-04-18,COMP001,,,,,,TXNB8BBDA99,-9045013.67,,COMPLETED,,,,,,,,,PAYABLE,,,,,,,,,,,,,,,,,,,,,,Payment to SUP013 – INV00382,,,,SUPPLIER_PAYMENT,INVOICE,INV00382,,,,,,,
2025-04-18,COMP001,,,,,,TXN8DD0C471,16106290.1,,COMPLETED,,,,,,,,,SALES_RECEIPTS,,,,,,,,,,,,,,,,,,,,,,Daily dealership & fleet sales collection,,,,CUSTOMER_PAYMENT,COMPANY,COMP001,,,,,,,
2025-04-19,COMP001,,,,,,TXNADBA549E,-1534596.92,,COMPLETED,,,,,,,,,OPEX,,,,,,,,,,,,,,,,,,,,,,Daily operating expenses,,,,OPERATING_EXPENSE,COMPANY,COMP001,,,,,,,
2025-04-19,COMP001,,,,,,TXN86AD1CF2,14792069.45,,COMPLETED,,,,,,,,,RECEIVABLE,,,,,,,,,,,,,,,,,,,,,,Collection from CUST020 – RCV00230,,,,CUSTOMER_PAYMENT,RECEIVABLE,RCV00230,,,,,,,
2025-04-19,COMP001,,,,,,TXN4FD7B3C5,62542143.39,,COMPLETED,,,,,,,,,RECEIVABLE,,,,,,,,,,,,,,,,,,,,,,Collection from CUST007 – RCV00130,,,,CUSTOMER_PAYMENT,RECEIVABLE,RCV00130,,,,,,,
2025-04-19,COMP001,,,,,,TXN684724F1,1119540.38,,COMPLETED,,,,,,,,,SALES_RECEIPTS,,,,,,,,,,,,,,,,,,,,,,Daily dealership & fleet sales collection,,,,CUSTOMER_PAYMENT,COMPANY,COMP001,,,,,,,
2025-04-20,COMP001,,,,,,TXNEE32AEB5,1361204.91,,COMPLETED,,,,,,,,,SALES_RECEIPTS,,,,,,,,,,,,,,,,,,,,,,Daily dealership & fleet sales collection,,,,CUSTOMER_PAYMENT,COMPANY,COMP001,,,,,,,
2025-04-20,COMP001,,,,,,TXNE2662BA0,-1554441.0,,COMPLETED,,,,,,,,,OPEX,,,,,,,,,,,,,,,,,,,,,,Daily operating expenses,,,,OPERATING_EXPENSE,COMPANY,COMP001,,,,,,,
2025-04-20,COMP001,,,,,,TXN50FDDB2A,-52434196.37,,COMPLETED,,,,,,,,,PAYABLE,,,,,,,,,,,,,,,,,,,,,,Payment to SUP010 – INV00339,,,,SUPPLIER_PAYMENT,INVOICE,INV00339,,,,,,,
2025-04-20,COMP001,,,,,,TXNAB15A3CB,-9366595.43,,COMPLETED,,,,,,,,,PAYABLE,,,,,,,,,,,,,,,,,,,,,,Payment to SUP008 – INV00204,,,,SUPPLIER_PAYMENT,INVOICE,INV00204,,,,,,,
2025-04-21,COMP001,,,,,,TXN7232B04D,-3796221.99,,COMPLETED,,,,,,,,,OPEX,,,,,,,,,,,,,,,,,,,,,,Daily operating expenses,,,,OPERATING_EXPENSE,COMPANY,COMP001,,,,,,,
2025-04-21,COMP001,,,,,,TXN6CA6E9A1,10197324.76,,COMPLETED,,,,,,,,,SALES_RECEIPTS,,,,,,,,,,,,,,,,,,,,,,Daily dealership & fleet sales collection,,,,CUSTOMER_PAYMENT,COMPANY,COMP001,,,,,,,
2025-04-21,COMP001,,,,,,TXN021486D4,30983769.7,,COMPLETED,,,,,,,,,RECEIVABLE,,,,,,,,,,,,,,,,,,,,,,Collection from CUST008 – RCV00162,,,,CUSTOMER_PAYMENT,RECEIVABLE,RCV00162,,,,,,,
2025-04-22,COMP001,,,,,,TXNB8E1953A,68332949.81,,COMPLETED,,,,,,,,,RECEIVABLE,,,,,,,,,,,,,,,,,,,,,,Collection from CUST008 – RCV00172,,,,CUSTOMER_PAYMENT,RECEIVABLE,RCV00172,,,,,,,
2025-04-22,COMP001,,,,,,TXN65227F7A,-8052590.11,,COMPLETED,,,,,,,,,OPEX,,,,,,,,,,,,,,,,,,,,,,Daily operating expenses,,,,OPERATING_EXPENSE,COMPANY,COMP001,,,,,,,
2025-04-22,COMP001,,,,,,TXN16BFB864,-53902948.36,,COMPLETED,,,,,,,,,PAYABLE,,,,,,,,,,,,,,,,,,,,,,Payment to SUP006 – INV00418,,,,SUPPLIER_PAYMENT,INVOICE,INV00418,,,,,,,
2025-04-22,COMP001,,,,,,TXN5526FF18,27094166.35,,COMPLETED,,,,,,,,,SALES_RECEIPTS,,,,,,,,,,,,,,,,,,,,,,Daily dealership & fleet sales collection,,,,CUSTOMER_PAYMENT,COMPANY,COMP001,,,,,,,
2025-04-23,COMP001,,,,,,TXNAB0BEEEC,-3577443.15,,COMPLETED,,,,,,,,,OPEX,,,,,,,,,,,,,,,,,,,,,,Daily operating expenses,,,,OPERATING_EXPENSE,COMPANY,COMP001,,,,,,,
2025-04-23,COMP001,,,,,,TXN7A148B0F,-42840483.27,,COMPLETED,,,,,,,,,PAYABLE,,,,,,,,,,,,,,,,,,,,,,Payment to SUP014 – INV00238,,,,SUPPLIER_PAYMENT,INVOICE,INV00238,,,,,,,
2025-04-23,COMP001,,,,,,TXND5AF0241,8540292.38,,COMPLETED,,,,,,,,,SALES_RECEIPTS,,,,,,,,,,,,,,,,,,,,,,Daily dealership & fleet sales collection,,,,CUSTOMER_PAYMENT,COMPANY,COMP001,,,,,,,
2025-04-24,COMP001,,,,,,TXN1BA126B7,75451023.77,,COMPLETED,,,,,,,,,RECEIVABLE,,,,,,,,,,,,,,,,,,,,,,Collection from CUST025 – RCV00300,,,,CUSTOMER_PAYMENT,RECEIVABLE,RCV00300,,,,,,,
2025-04-24,COMP001,,,,,,TXNA99170E5,17809380.33,,COMPLETED,,,,,,,,,SALES_RECEIPTS,,,,,,,,,,,,,,,,,,,,,,Daily dealership & fleet sales collection,,,,CUSTOMER_PAYMENT,COMPANY,COMP001,,,,,,,
2025-04-24,COMP001,,,,,,TXN66122FBB,72602567.21,,COMPLETED,,,,,,,,,RECEIVABLE,,,,,,,,,,,,,,,,,,,,,,Collection from CUST008 – RCV00067,,,,CUSTOMER_PAYMENT,RECEIVABLE,RCV00067,,,,,,,
2025-04-24,COMP001,,,,,,TXND9330F1F,-7425654.95,,COMPLETED,,,,,,,,,OPEX,,,,,,,,,,,,,,,,,,,,,,Daily operating expenses,,,,OPERATING_EXPENSE,COMPANY,COMP001,,,,,,,
2025-04-24,COMP001,,,,,,TXN966A5691,37375061.8,,COMPLETED,,,,,,,,,RECEIVABLE,,,,,,,,,,,,,,,,,,,,,,Collection from CUST010 – RCV00232,,,,CUSTOMER_PAYMENT,RECEIVABLE,RCV00232,,,,,,,
2025-04-25,COMP001,,,,,,TXN822D7CD1,-58874414.83,,COMPLETED,,,,,,,,,PAYABLE,,,,,,,,,,,,,,,,,,,,,,Payment to SUP008 – INV00457,,,,SUPPLIER_PAYMENT,INVOICE,INV00457,,,,,,,
2025-04-25,COMP001,,,,,,TXN5A4774D4,-18030825.07,,COMPLETED,,,,,,,,,PAYABLE,,,,,,,,,,,,,,,,,,,,,,Payment to SUP011 – INV00384,,,,SUPPLIER_PAYMENT,INVOICE,INV00384,,,,,,,
2025-04-25,COMP001,,,,,,TXND0146184,61865555.75,,COMPLETED,,,,,,,,,RECEIVABLE,,,,,,,,,,,,,,,,,,,,,,Collection from CUST008 – RCV00342,,,,CUSTOMER_PAYMENT,RECEIVABLE,RCV00342,,,,,,,
2025-04-25,COMP001,,,,,,TXN65D3BF27,23403671.92,,COMPLETED,,,,,,,,,RECEIVABLE,,,,,,,,,,,,,,,,,,,,,,Collection from CUST010 – RCV00025,,,,CUSTOMER_PAYMENT,RECEIVABLE,RCV00025,,,,,,,
2025-04-25,COMP001,,,,,,TXN47488392,75477601.06,,COMPLETED,,,,,,,,,RECEIVABLE,,,,,,,,,,,,,,,,,,,,,,Collection from CUST001 – RCV00058,,,,CUSTOMER_PAYMENT,RECEIVABLE,RCV00058,,,,,,,
2025-04-25,COMP001,,,,,,TXNDED648F7,22235938.3,,COMPLETED,,,,,,,,,SALES_RECEIPTS,,,,,,,,,,,,,,,,,,,,,,Daily dealership & fleet sales collection,,,,CUSTOMER_PAYMENT,COMPANY,COMP001,,,,,,,
2025-04-25,COMP001,,,,,,TXNEDC6EDCF,-28651573.91,,COMPLETED,,,,,,,,,PAYABLE,,,,,,,,,,,,,,,,,,,,,,Payment to SUP002 – INV00441,,,,SUPPLIER_PAYMENT,INVOICE,INV00441,,,,,,,
2025-04-25,COMP001,,,,,,TXNDAFCEB93,-7805086.28,,COMPLETED,,,,,,,,,OPEX,,,,,,,,,,,,,,,,,,,,,,Daily operating expenses,,,,OPERATING_EXPENSE,COMPANY,COMP001,,,,,,,
2025-04-26,COMP001,,,,,,TXN5DB8AF09,1777603.96,,COMPLETED,,,,,,,,,SALES_RECEIPTS,,,,,,,,,,,,,,,,,,,,,,Daily dealership & fleet sales collection,,,,CUSTOMER_PAYMENT,COMPANY,COMP001,,,,,,,
2025-04-26,COMP001,,,,,,TXNB9EDF37C,-1669159.5,,COMPLETED,,,,,,,,,OPEX,,,,,,,,,,,,,,,,,,,,,,Daily operating expenses,,,,OPERATING_EXPENSE,COMPANY,COMP001,,,,,,,
2025-04-27,COMP001,,,,,,TXNE2A4E4AC,-25024810.43,,COMPLETED,,,,,,,,,PAYABLE,,,,,,,,,,,,,,,,,,,,,,Payment to SUP012 – INV00405,,,,SUPPLIER_PAYMENT,INVOICE,INV00405,,,,,,,
2025-04-27,COMP001,,,,,,TXND45FFCB2,2743809.92,,COMPLETED,,,,,,,,,SALES_RECEIPTS,,,,,,,,,,,,,,,,,,,,,,Daily dealership & fleet sales collection,,,,CUSTOMER_PAYMENT,COMPANY,COMP001,,,,,,,
2025-04-27,COMP001,,,,,,TXNB7BD1750,62077709.57,,COMPLETED,,,,,,,,,RECEIVABLE,,,,,,,,,,,,,,,,,,,,,,Collection from CUST007 – RCV00161,,,,CUSTOMER_PAYMENT,RECEIVABLE,RCV00161,,,,,,,
2025-04-27,COMP001,,,,,,TXN8A35F50A,-1946218.87,,COMPLETED,,,,,,,,,OPEX,,,,,,,,,,,,,,,,,,,,,,Daily operating expenses,,,,OPERATING_EXPENSE,COMPANY,COMP001,,,,,,,
2025-04-28,COMP001,,,,,,TXN0F1945BF,-6349123.43,,COMPLETED,,,,,,,,,PAYABLE,,,,,,,,,,,,,,,,,,,,,,Payment to SUP014 – INV00375,,,,SUPPLIER_PAYMENT,INVOICE,INV00375,,,,,,,
2025-04-28,COMP001,,,,,,TXN5625E973,-14353734.99,,COMPLETED,,,,,,,,,PAYABLE,,,,,,,,,,,,,,,,,,,,,,Payment to SUP010 – INV00344,,,,SUPPLIER_PAYMENT,INVOICE,INV00344,,,,,,,
2025-04-28,COMP001,,,,,,TXN5B5DC541,-4708730.77,,COMPLETED,,,,,,,,,OPEX,,,,,,,,,,,,,,,,,,,,,,Daily operating expenses,,,,OPERATING_EXPENSE,COMPANY,COMP001,,,,,,,
2025-04-28,COMP001,,,,,,TXNDD5C4BF8,19877138.96,,COMPLETED,,,,,,,,,SALES_RECEIPTS,,,,,,,,,,,,,,,,,,,,,,Daily dealership & fleet sales collection,,,,CUSTOMER_PAYMENT,COMPANY,COMP001,,,,,,,
2025-04-29,COMP001,,,,,,TXN3FC812BF,-4046328.24,,COMPLETED,,,,,,,,,OPEX,,,,,,,,,,,,,,,,,,,,,,Daily operating expenses,,,,OPERATING_EXPENSE,COMPANY,COMP001,,,,,,,
2025-04-29,COMP001,,,,,,TXN506C12AF,-29532749.24,,COMPLETED,,,,,,,,,PAYABLE,,,,,,,,,,,,,,,,,,,,,,Payment to SUP010 – INV00421,,,,SUPPLIER_PAYMENT,INVOICE,INV00421,,,,,,,
2025-04-29,COMP001,,,,,,TXN3F7D8D3A,-5660649.9,,COMPLETED,,,,,,,,,PAYABLE,,,,,,,,,,,,,,,,,,,,,,Payment to SUP001 – INV00474,,,,SUPPLIER_PAYMENT,INVOICE,INV00474,,,,,,,
2025-04-29,COMP001,,,,,,TXNFED5E264,-41546564.83,,COMPLETED,,,,,,,,,EXCEPTIONAL,,,,,,,,,,,,,,,,,,,,,,Regulatory fine,,,,UNEXPECTED_EXPENSE,COMPANY,COMP001,,,,,,,
2025-04-29,COMP001,,,,,,TXNBA1A80AF,18591614.26,,COMPLETED,,,,,,,,,SALES_RECEIPTS,,,,,,,,,,,,,,,,,,,,,,Daily dealership & fleet sales collection,,,,CUSTOMER_PAYMENT,COMPANY,COMP001,,,,,,,
2025-04-30,COMP001,,,,,,TXN3AFBE5A6,-10976088.87,,COMPLETED,,,,,,,,,OPEX,,,,,,,,,,,,,,,,,,,,,,Daily operating expenses,,,,OPERATING_EXPENSE,COMPANY,COMP001,,,,,,,
2025-04-30,COMP001,,,,,,TXNEC6CC5E8,47843568.0,,COMPLETED,,,,,,,,,RECEIVABLE,,,,,,,,,,,,,,,,,,,,,,Collection from CUST019 – RCV00207,,,,CUSTOMER_PAYMENT,RECEIVABLE,RCV00207,,,,,,,
2025-04-30,COMP001,,,,,,TXNB413FF84,20214905.77,,COMPLETED,,,,,,,,,SALES_RECEIPTS,,,,,,,,,,,,,,,,,,,,,,Daily dealership & fleet sales collection,,,,CUSTOMER_PAYMENT,COMPANY,COMP001,,,,,,,
2025-05-01,COMP001,,,,,,TXNFFD204CB,9878597.46,,COMPLETED,,,,,,,,,SALES_RECEIPTS,,,,,,,,,,,,,,,,,,,,,,Daily dealership & fleet sales collection,,,,CUSTOMER_PAYMENT,COMPANY,COMP001,,,,,,,
2025-05-01,COMP001,,,,,,TXN007FDBAE,47893883.36,,COMPLETED,,,,,,,,,RECEIVABLE,,,,,,,,,,,,,,,,,,,,,,Collection from CUST019 – RCV00313,,,,CUSTOMER_PAYMENT,RECEIVABLE,RCV00313,,,,,,,
2025-05-01,COMP001,,,,,,TXN4D9E610A,-6826974.81,,COMPLETED,,,,,,,,,OPEX,,,,,,,,,,,,,,,,,,,,,,Daily operating expenses,,,,OPERATING_EXPENSE,COMPANY,COMP001,,,,,,,
2025-05-01,COMP001,,,,,,TXN839237B6,-22664229.38,,COMPLETED,,,,,,,,,PAYABLE,,,,,,,,,,,,,,,,,,,,,,Payment to SUP013 – INV00162,,,,SUPPLIER_PAYMENT,INVOICE,INV00162,,,,,,,
2025-05-02,COMP001,,,,,,TXN979190A6,-8942431.93,,COMPLETED,,,,,,,,,OPEX,,,,,,,,,,,,,,,,,,,,,,Daily operating expenses,,,,OPERATING_EXPENSE,COMPANY,COMP001,,,,,,,
2025-05-02,COMP001,,,,,,TXNA8463782,-50029147.26,,COMPLETED,,,,,,,,,PAYABLE,,,,,,,,,,,,,,,,,,,,,,Payment to SUP012 – INV00007,,,,SUPPLIER_PAYMENT,INVOICE,INV00007,,,,,,,
2025-05-02,COMP001,,,,,,TXN45BF5A34,18050451.63,,COMPLETED,,,,,,,,,SALES_RECEIPTS,,,,,,,,,,,,,,,,,,,,,,Daily dealership & fleet sales collection,,,,CUSTOMER_PAYMENT,COMPANY,COMP001,,,,,,,
2025-05-02,COMP001,,,,,,TXN4F7F3D9F,31489269.41,,COMPLETED,,,,,,,,,RECEIVABLE,,,,,,,,,,,,,,,,,,,,,,Collection from CUST018 – RCV00220,,,,CUSTOMER_PAYMENT,RECEIVABLE,RCV00220,,,,,,,
2025-05-02,COMP001,,,,,,TXN5957EA74,-9772049.29,,COMPLETED,,,,,,,,,PAYABLE,,,,,,,,,,,,,,,,,,,,,,Payment to SUP006 – INV00324,,,,SUPPLIER_PAYMENT,INVOICE,INV00324,,,,,,,
2025-05-03,COMP001,,,,,,TXN8478EAB8,-39850709.23,,COMPLETED,,,,,,,,,PAYABLE,,,,,,,,,,,,,,,,,,,,,,Payment to SUP015 – INV00364,,,,SUPPLIER_PAYMENT,INVOICE,INV00364,,,,,,,
2025-05-03,COMP001,,,,,,TXN236105F1,29555302.85,,COMPLETED,,,,,,,,,RECEIVABLE,,,,,,,,,,,,,,,,,,,,,,Collection from CUST015 – RCV00027,,,,CUSTOMER_PAYMENT,RECEIVABLE,RCV00027,,,,,,,
2025-05-03,COMP001,,,,,,TXN3A0259BF,-788745.0,,COMPLETED,,,,,,,,,OPEX,,,,,,,,,,,,,,,,,,,,,,Daily operating expenses,,,,OPERATING_EXPENSE,COMPANY,COMP001,,,,,,,
2025-05-03,COMP001,,,,,,TXN7C8FC01C,1766837.15,,COMPLETED,,,,,,,,,SALES_RECEIPTS,,,,,,,,,,,,,,,,,,,,,,Daily dealership & fleet sales collection,,,,CUSTOMER_PAYMENT,COMPANY,COMP001,,,,,,,
2025-05-03,COMP001,,,,,,TXN613FD1CA,23484744.54,,COMPLETED,,,,,,,,,RECEIVABLE,,,,,,,,,,,,,,,,,,,,,,Collection from CUST002 – RCV00251,,,,CUSTOMER_PAYMENT,RECEIVABLE,RCV00251,,,,,,,
2025-05-04,COMP001,,,,,,TXNAB9A61E3,3017787.43,,COMPLETED,,,,,,,,,SALES_RECEIPTS,,,,,,,,,,,,,,,,,,,,,,Daily dealership & fleet sales collection,,,,CUSTOMER_PAYMENT,COMPANY,COMP001,,,,,,,
2025-05-04,COMP001,,,,,,TXN97B3D18E,-21158221.35,,COMPLETED,,,,,,,,,PAYABLE,,,,,,,,,,,,,,,,,,,,,,Payment to SUP013 – INV00160,,,,SUPPLIER_PAYMENT,INVOICE,INV00160,,,,,,,
2025-05-04,COMP001,,,,,,TXN3BB160B1,73903188.1,,COMPLETED,,,,,,,,,RECEIVABLE,,,,,,,,,,,,,,,,,,,,,,Collection from CUST005 – RCV00113,,,,CUSTOMER_PAYMENT,RECEIVABLE,RCV00113,,,,,,,
2025-05-04,COMP001,,,,,,TXN6F6E4B19,-23086404.14,,COMPLETED,,,,,,,,,PAYABLE,,,,,,,,,,,,,,,,,,,,,,Payment to SUP015 – INV00330,,,,SUPPLIER_PAYMENT,INVOICE,INV00330,,,,,,,
2025-05-04,COMP001,,,,,,TXND7223C11,-1571583.69,,COMPLETED,,,,,,,,,OPEX,,,,,,,,,,,,,,,,,,,,,,Daily operating expenses,,,,OPERATING_EXPENSE,COMPANY,COMP001,,,,,,,
2025-05-05,COMP001,,,,,,TXN74F01699,-26744604.15,,COMPLETED,,,,,,,,,PAYABLE,,,,,,,,,,,,,,,,,,,,,,Payment to SUP014 – INV00455,,,,SUPPLIER_PAYMENT,INVOICE,INV00455,,,,,,,
2025-05-05,COMP001,,,,,,TXNDE3E2827,-7926830.32,,COMPLETED,,,,,,,,,OPEX,,,,,,,,,,,,,,,,,,,,,,Daily operating expenses,,,,OPERATING_EXPENSE,COMPANY,COMP001,,,,,,,
2025-05-05,COMP001,,,,,,TXN69DCD486,17046274.37,,COMPLETED,,,,,,,,,SALES_RECEIPTS,,,,,,,,,,,,,,,,,,,,,,Daily dealership & fleet sales collection,,,,CUSTOMER_PAYMENT,COMPANY,COMP001,,,,,,,
2025-05-06,COMP001,,,,,,TXN209C2808,-6046468.77,,COMPLETED,,,,,,,,,PAYABLE,,,,,,,,,,,,,,,,,,,,,,Payment to SUP013 – INV00228,,,,SUPPLIER_PAYMENT,INVOICE,INV00228,,,,,,,
2025-05-06,COMP001,,,,,,TXN41FA0E8D,2746088.74,,COMPLETED,,,,,,,,,RECEIVABLE,,,,,,,,,,,,,,,,,,,,,,Collection from CUST002 – RCV00144,,,,CUSTOMER_PAYMENT,RECEIVABLE,RCV00144,,,,,,,
2025-05-06,COMP001,,,,,,TXN9E4AA276,35265610.6,,COMPLETED,,,,,,,,,RECEIVABLE,,,,,,,,,,,,,,,,,,,,,,Collection from CUST016 – RCV00289,,,,CUSTOMER_PAYMENT,RECEIVABLE,RCV00289,,,,,,,
2025-05-06,COMP001,,,,,,TXNF20E7F6F,-6048921.62,,COMPLETED,,,,,,,,,OPEX,,,,,,,,,,,,,,,,,,,,,,Daily operating expenses,,,,OPERATING_EXPENSE,COMPANY,COMP001,,,,,,,
2025-05-06,COMP001,,,,,,TXN3B68DF48,22840741.67,,COMPLETED,,,,,,,,,SALES_RECEIPTS,,,,,,,,,,,,,,,,,,,,,,Daily dealership & fleet sales collection,,,,CUSTOMER_PAYMENT,COMPANY,COMP001,,,,,,,
2025-05-07,COMP001,,,,,,TXN097A923E,-4716206.34,,COMPLETED,,,,,,,,,OPEX,,,,,,,,,,,,,,,,,,,,,,Daily operating expenses,,,,OPERATING_EXPENSE,COMPANY,COMP001,,,,,,,
2025-05-07,COMP001,,,,,,TXN712BF5C9,16317545.43,,COMPLETED,,,,,,,,,SALES_RECEIPTS,,,,,,,,,,,,,,,,,,,,,,Daily dealership & fleet sales collection,,,,CUSTOMER_PAYMENT,COMPANY,COMP001,,,,,,,
2025-05-07,COMP001,,,,,,TXNBE07C5F8,-3344718.31,,COMPLETED,,,,,,,,,PAYABLE,,,,,,,,,,,,,,,,,,,,,,Payment to SUP006 – INV00079,,,,SUPPLIER_PAYMENT,INVOICE,INV00079,,,,,,,
2025-05-07,COMP001,,,,,,TXN9588FF0D,68771752.81,,COMPLETED,,,,,,,,,RECEIVABLE,,,,,,,,,,,,,,,,,,,,,,Collection from CUST021 – RCV00111,,,,CUSTOMER_PAYMENT,RECEIVABLE,RCV00111,,,,,,,
2025-05-07,COMP001,,,,,,TXN38F7A9DC,-59118384.12,,COMPLETED,,,,,,,,,PAYABLE,,,,,,,,,,,,,,,,,,,,,,Payment to SUP007 – INV00205,,,,SUPPLIER_PAYMENT,INVOICE,INV00205,,,,,,,
2025-05-08,COMP001,,,,,,TXN9CB566B1,12093053.36,,COMPLETED,,,,,,,,,SALES_RECEIPTS,,,,,,,,,,,,,,,,,,,,,,Daily dealership & fleet sales collection,,,,CUSTOMER_PAYMENT,COMPANY,COMP001,,,,,,,
2025-05-08,COMP001,,,,,,TXNC95EFF36,44173442.02,,COMPLETED,,,,,,,,,RECEIVABLE,,,,,,,,,,,,,,,,,,,,,,Collection from CUST011 – RCV00064,,,,CUSTOMER_PAYMENT,RECEIVABLE,RCV00064,,,,,,,
2025-05-08,COMP001,,,,,,TXN0A5E2621,15354392.79,,COMPLETED,,,,,,,,,RECEIVABLE,,,,,,,,,,,,,,,,,,,,,,Collection from CUST001 – RCV00277,,,,CUSTOMER_PAYMENT,RECEIVABLE,RCV00277,,,,,,,
2025-05-08,COMP001,,,,,,TXNA2EF46E5,-8509917.53,,COMPLETED,,,,,,,,,OPEX,,,,,,,,,,,,,,,,,,,,,,Daily operating expenses,,,,OPERATING_EXPENSE,COMPANY,COMP001,,,,,,,
2025-05-09,COMP001,,,,,,TXND57E0F94,11856934.22,,COMPLETED,,,,,,,,,RECEIVABLE,,,,,,,,,,,,,,,,,,,,,,Collection from CUST003 – RCV00302,,,,CUSTOMER_PAYMENT,RECEIVABLE,RCV00302,,,,,,,
2025-05-09,COMP001,,,,,,TXN2969D84E,-46969708.86,,COMPLETED,,,,,,,,,PAYABLE,,,,,,,,,,,,,,,,,,,,,,Payment to SUP003 – INV00092,,,,SUPPLIER_PAYMENT,INVOICE,INV00092,,,,,,,
2025-05-09,COMP001,,,,,,TXNB50C27C5,71064127.47,,COMPLETED,,,,,,,,,RECEIVABLE,,,,,,,,,,,,,,,,,,,,,,Collection from CUST007 – RCV00340,,,,CUSTOMER_PAYMENT,RECEIVABLE,RCV00340,,,,,,,
2025-05-09,COMP001,,,,,,TXN6BE9F5EF,-5120073.29,,COMPLETED,,,,,,,,,OPEX,,,,,,,,,,,,,,,,,,,,,,Daily operating expenses,,,,OPERATING_EXPENSE,COMPANY,COMP001,,,,,,,
2025-05-09,COMP001,,,,,,TXN2B730DC7,28574719.66,,COMPLETED,,,,,,,,,SALES_RECEIPTS,,,,,,,,,,,,,,,,,,,,,,Daily dealership & fleet sales collection,,,,CUSTOMER_PAYMENT,COMPANY,COMP001,,,,,,,
2025-05-10,COMP001,,,,,,TXN815A4651,2920108.05,,COMPLETED,,,,,,,,,SALES_RECEIPTS,,,,,,,,,,,,,,,,,,,,,,Daily dealership & fleet sales collection,,,,CUSTOMER_PAYMENT,COMPANY,COMP001,,,,,,,
2025-05-10,COMP001,,,,,,TXN71EEBDF9,-983590.87,,COMPLETED,,,,,,,,,OPEX,,,,,,,,,,,,,,,,,,,,,,Daily operating expenses,,,,OPERATING_EXPENSE,COMPANY,COMP001,,,,,,,
2025-05-10,COMP001,,,,,,TXN0BC6A30C,-48519338.88,,COMPLETED,,,,,,,,,PAYABLE,,,,,,,,,,,,,,,,,,,,,,Payment to SUP005 – INV00196,,,,SUPPLIER_PAYMENT,INVOICE,INV00196,,,,,,,
2025-05-10,COMP001,,,,,,TXN5F44C572,-25682013.21,,COMPLETED,,,,,,,,,PAYABLE,,,,,,,,,,,,,,,,,,,,,,Payment to SUP003 – INV00472,,,,SUPPLIER_PAYMENT,INVOICE,INV00472,,,,,,,
2025-05-10,COMP001,,,,,,TXNCEBD58F4,57410486.2,,COMPLETED,,,,,,,,,RECEIVABLE,,,,,,,,,,,,,,,,,,,,,,Collection from CUST006 – RCV00357,,,,CUSTOMER_PAYMENT,RECEIVABLE,RCV00357,,,,,,,
2025-05-10,COMP001,,,,,,TXND270B452,-45917034.35,,COMPLETED,,,,,,,,,PAYABLE,,,,,,,,,,,,,,,,,,,,,,Payment to SUP005 – INV00045,,,,SUPPLIER_PAYMENT,INVOICE,INV00045,,,,,,,
2025-05-11,COMP001,,,,,,TXN31ED02CA,1892417.64,,COMPLETED,,,,,,,,,SALES_RECEIPTS,,,,,,,,,,,,,,,,,,,,,,Daily dealership & fleet sales collection,,,,CUSTOMER_PAYMENT,COMPANY,COMP001,,,,,,,
2025-05-11,COMP001,,,,,,TXN9E9DA5C2,-645897.18,,COMPLETED,,,,,,,,,OPEX,,,,,,,,,,,,,,,,,,,,,,Daily operating expenses,,,,OPERATING_EXPENSE,COMPANY,COMP001,,,,,,,
2025-05-11,COMP001,,,,,,TXN69C38871,31042802.7,,COMPLETED,,,,,,,,,RECEIVABLE,,,,,,,,,,,,,,,,,,,,,,Collection from CUST007 – RCV00263,,,,CUSTOMER_PAYMENT,RECEIVABLE,RCV00263,,,,,,,
2025-05-12,COMP001,,,,,,TXN8CECBABB,16573304.36,,COMPLETED,,,,,,,,,SALES_RECEIPTS,,,,,,,,,,,,,,,,,,,,,,Daily dealership & fleet sales collection,,,,CUSTOMER_PAYMENT,COMPANY,COMP001,,,,,,,
2025-05-12,COMP001,,,,,,TXN1C51839D,-15257690.11,,COMPLETED,,,,,,,,,PAYABLE,,,,,,,,,,,,,,,,,,,,,,Payment to SUP015 – INV00130,,,,SUPPLIER_PAYMENT,INVOICE,INV00130,,,,,,,
2025-05-12,COMP001,,,,,,TXNF409677D,-10744152.07,,COMPLETED,,,,,,,,,PAYABLE,,,,,,,,,,,,,,,,,,,,,,Payment to SUP011 – INV00350,,,,SUPPLIER_PAYMENT,INVOICE,INV00350,,,,,,,
2025-05-12,COMP001,,,,,,TXNC5771408,-3786190.87,,COMPLETED,,,,,,,,,OPEX,,,,,,,,,,,,,,,,,,,,,,Daily operating expenses,,,,OPERATING_EXPENSE,COMPANY,COMP001,,,,,,,
2025-05-13,COMP001,,,,,,TXN6144CB15,-7099962.85,,COMPLETED,,,,,,,,,OPEX,,,,,,,,,,,,,,,,,,,,,,Daily operating expenses,,,,OPERATING_EXPENSE,COMPANY,COMP001,,,,,,,
2025-05-13,COMP001,,,,,,TXNA0E45FE0,16036169.81,,COMPLETED,,,,,,,,,SALES_RECEIPTS,,,,,,,,,,,,,,,,,,,,,,Daily dealership & fleet sales collection,,,,CUSTOMER_PAYMENT,COMPANY,COMP001,,,,,,,
2025-05-13,COMP001,,,,,,TXN0154B9A2,-5221748.37,,COMPLETED,,,,,,,,,PAYABLE,,,,,,,,,,,,,,,,,,,,,,Payment to SUP001 – INV00093,,,,SUPPLIER_PAYMENT,INVOICE,INV00093,,,,,,,
2025-05-14,COMP001,,,,,,TXNC5DC2AB3,12955242.14,,COMPLETED,,,,,,,,,RECEIVABLE,,,,,,,,,,,,,,,,,,,,,,Collection from CUST017 – RCV00069,,,,CUSTOMER_PAYMENT,RECEIVABLE,RCV00069,,,,,,,
2025-05-14,COMP001,,,,,,TXN04884C29,28445007.54,,COMPLETED,,,,,,,,,RECEIVABLE,,,,,,,,,,,,,,,,,,,,,,Collection from CUST023 – RCV00045,,,,CUSTOMER_PAYMENT,RECEIVABLE,RCV00045,,,,,,,
2025-05-14,COMP001,,,,,,TXND0624508,-4298197.37,,COMPLETED,,,,,,,,,OPEX,,,,,,,,,,,,,,,,,,,,,,Daily operating expenses,,,,OPERATING_EXPENSE,COMPANY,COMP001,,,,,,,
2025-05-14,COMP001,,,,,,TXN5498E416,-57421370.89,,COMPLETED,,,,,,,,,PAYABLE,,,,,,,,,,,,,,,,,,,,,,Payment to SUP004 – INV00469,,,,SUPPLIER_PAYMENT,INVOICE,INV00469,,,,,,,
2025-05-14,COMP001,,,,,,TXNC2531475,21894011.74,,COMPLETED,,,,,,,,,SALES_RECEIPTS,,,,,,,,,,,,,,,,,,,,,,Daily dealership & fleet sales collection,,,,CUSTOMER_PAYMENT,COMPANY,COMP001,,,,,,,
2025-05-15,COMP001,,,,,,TXN7156850C,9716920.24,,COMPLETED,,,,,,,,,SALES_RECEIPTS,,,,,,,,,,,,,,,,,,,,,,Daily dealership & fleet sales collection,,,,CUSTOMER_PAYMENT,COMPANY,COMP001,,,,,,,
2025-05-15,COMP001,,,,,,TXNEDFC578D,-38867845.39,,COMPLETED,,,,,,,,,PAYABLE,,,,,,,,,,,,,,,,,,,,,,Payment to SUP015 – INV00019,,,,SUPPLIER_PAYMENT,INVOICE,INV00019,,,,,,,
2025-05-15,COMP001,,,,,,TXNF13A270D,-9003683.75,,COMPLETED,,,,,,,,,OPEX,,,,,,,,,,,,,,,,,,,,,,Daily operating expenses,,,,OPERATING_EXPENSE,COMPANY,COMP001,,,,,,,
2025-05-15,COMP001,,,,,,TXNB5FD79C5,54297812.53,,COMPLETED,,,,,,,,,RECEIVABLE,,,,,,,,,,,,,,,,,,,,,,Collection from CUST013 – RCV00218,,,,CUSTOMER_PAYMENT,RECEIVABLE,RCV00218,,,,,,,
2025-05-16,COMP001,,,,,,TXN9A3507D4,-28914358.47,,COMPLETED,,,,,,,,,PAYABLE,,,,,,,,,,,,,,,,,,,,,,Payment to SUP008 – INV00088,,,,SUPPLIER_PAYMENT,INVOICE,INV00088,,,,,,,
2025-05-16,COMP001,,,,,,TXNF754C0EB,17217386.21,,COMPLETED,,,,,,,,,SALES_RECEIPTS,,,,,,,,,,,,,,,,,,,,,,Daily dealership & fleet sales collection,,,,CUSTOMER_PAYMENT,COMPANY,COMP001,,,,,,,
2025-05-16,COMP001,,,,,,TXN0C8F73D1,-4209685.38,,COMPLETED,,,,,,,,,OPEX,,,,,,,,,,,,,,,,,,,,,,Daily operating expenses,,,,OPERATING_EXPENSE,COMPANY,COMP001,,,,,,,
2025-05-17,COMP001,,,,,,TXNA85EDBF2,57678686.48,,COMPLETED,,,,,,,,,RECEIVABLE,,,,,,,,,,,,,,,,,,,,,,Collection from CUST011 – RCV00183,,,,CUSTOMER_PAYMENT,RECEIVABLE,RCV00183,,,,,,,
2025-05-17,COMP001,,,,,,TXNE7FFE56B,42472425.62,,COMPLETED,,,,,,,,,RECEIVABLE,,,,,,,,,,,,,,,,,,,,,,Collection from CUST011 – RCV00290,,,,CUSTOMER_PAYMENT,RECEIVABLE,RCV00290,,,,,,,
2025-05-17,COMP001,,,,,,TXNA658BB88,-1444729.51,,COMPLETED,,,,,,,,,OPEX,,,,,,,,,,,,,,,,,,,,,,Daily operating expenses,,,,OPERATING_EXPENSE,COMPANY,COMP001,,,,,,,
2025-05-17,COMP001,,,,,,TXN96D617F9,1809405.51,,COMPLETED,,,,,,,,,SALES_RECEIPTS,,,,,,,,,,,,,,,,,,,,,,Daily dealership & fleet sales collection,,,,CUSTOMER_PAYMENT,COMPANY,COMP001,,,,,,,
2025-05-17,COMP001,,,,,,TXN008B179E,66705213.46,,COMPLETED,,,,,,,,,RECEIVABLE,,,,,,,,,,,,,,,,,,,,,,Collection from CUST013 – RCV00240,,,,CUSTOMER_PAYMENT,RECEIVABLE,RCV00240,,,,,,,
2025-05-18,COMP001,,,,,,TXN6FB10D3E,-45850148.1,,COMPLETED,,,,,,,,,PAYABLE,,,,,,,,,,,,,,,,,,,,,,Payment to SUP005 – INV00044,,,,SUPPLIER_PAYMENT,INVOICE,INV00044,,,,,,,
2025-05-18,COMP001,,,,,,TXN8A1ABF99,3089082.64,,COMPLETED,,,,,,,,,SALES_RECEIPTS,,,,,,,,,,,,,,,,,,,,,,Daily dealership & fleet sales collection,,,,CUSTOMER_PAYMENT,COMPANY,COMP001,,,,,,,
2025-05-18,COMP001,,,,,,TXN6BB6E300,-1433349.14,,COMPLETED,,,,,,,,,OPEX,,,,,,,,,,,,,,,,,,,,,,Daily operating expenses,,,,OPERATING_EXPENSE,COMPANY,COMP001,,,,,,,
2025-05-19,COMP001,,,,,,TXNA322D9EE,16317997.48,,COMPLETED,,,,,,,,,SALES_RECEIPTS,,,,,,,,,,,,,,,,,,,,,,Daily dealership & fleet sales collection,,,,CUSTOMER_PAYMENT,COMPANY,COMP001,,,,,,,
2025-05-19,COMP001,,,,,,TXNE6BB643B,-5061377.95,,COMPLETED,,,,,,,,,OPEX,,,,,,,,,,,,,,,,,,,,,,Daily operating expenses,,,,OPERATING_EXPENSE,COMPANY,COMP001,,,,,,,
2025-05-20,COMP001,,,,,,TXN5450FE06,78738212.54,,COMPLETED,,,,,,,,,RECEIVABLE,,,,,,,,,,,,,,,,,,,,,,Collection from CUST009 – RCV00131,,,,CUSTOMER_PAYMENT,RECEIVABLE,RCV00131,,,,,,,
2025-05-20,COMP001,,,,,,TXN2A18E2F2,23467850.83,,COMPLETED,,,,,,,,,SALES_RECEIPTS,,,,,,,,,,,,,,,,,,,,,,Daily dealership & fleet sales collection,,,,CUSTOMER_PAYMENT,COMPANY,COMP001,,,,,,,
2025-05-20,COMP001,,,,,,TXN10684394,-8614790.45,,COMPLETED,,,,,,,,,OPEX,,,,,,,,,,,,,,,,,,,,,,Daily operating expenses,,,,OPERATING_EXPENSE,COMPANY,COMP001,,,,,,,
2025-05-20,COMP001,,,,,,TXNBBE4F688,-19972961.58,,COMPLETED,,,,,,,,,PAYABLE,,,,,,,,,,,,,,,,,,,,,,Payment to SUP001 – INV00053,,,,SUPPLIER_PAYMENT,INVOICE,INV00053,,,,,,,
2025-05-20,COMP001,,,,,,TXNE91939B4,8844799.42,,COMPLETED,,,,,,,,,RECEIVABLE,,,,,,,,,,,,,,,,,,,,,,Collection from CUST003 – RCV00097,,,,CUSTOMER_PAYMENT,RECEIVABLE,RCV00097,,,,,,,
2025-05-21,COMP001,,,,,,TXN9FFC5260,-4037938.77,,COMPLETED,,,,,,,,,OPEX,,,,,,,,,,,,,,,,,,,,,,Daily operating expenses,,,,OPERATING_EXPENSE,COMPANY,COMP001,,,,,,,
2025-05-21,COMP001,,,,,,TXN5A07AD46,15207046.12,,COMPLETED,,,,,,,,,RECEIVABLE,,,,,,,,,,,,,,,,,,,,,,Collection from CUST023 – RCV00308,,,,CUSTOMER_PAYMENT,RECEIVABLE,RCV00308,,,,,,,
2025-05-21,COMP001,,,,,,TXN3E1D5906,-6438952.86,,COMPLETED,,,,,,,,,PAYABLE,,,,,,,,,,,,,,,,,,,,,,Payment to SUP008 – INV00467,,,,SUPPLIER_PAYMENT,INVOICE,INV00467,,,,,,,
2025-05-21,COMP001,,,,,,TXN714DDF0D,59358879.7,,COMPLETED,,,,,,,,,RECEIVABLE,,,,,,,,,,,,,,,,,,,,,,Collection from CUST010 – RCV00254,,,,CUSTOMER_PAYMENT,RECEIVABLE,RCV00254,,,,,,,
2025-05-21,COMP001,,,,,,TXN282B10BE,21954760.07,,COMPLETED,,,,,,,,,SALES_RECEIPTS,,,,,,,,,,,,,,,,,,,,,,Daily dealership & fleet sales collection,,,,CUSTOMER_PAYMENT,COMPANY,COMP001,,,,,,,
2025-05-22,COMP001,,,,,,TXN83DC22A4,-6415845.44,,COMPLETED,,,,,,,,,OPEX,,,,,,,,,,,,,,,,,,,,,,Daily operating expenses,,,,OPERATING_EXPENSE,COMPANY,COMP001,,,,,,,
2025-05-22,COMP001,,,,,,TXNB74FE377,20237134.1,,COMPLETED,,,,,,,,,SALES_RECEIPTS,,,,,,,,,,,,,,,,,,,,,,Daily dealership & fleet sales collection,,,,CUSTOMER_PAYMENT,COMPANY,COMP001,,,,,,,
2025-05-22,COMP001,,,,,,TXN9E5DE07D,19193295.83,,COMPLETED,,,,,,,,,RECEIVABLE,,,,,,,,,,,,,,,,,,,,,,Collection from CUST017 – RCV00117,,,,CUSTOMER_PAYMENT,RECEIVABLE,RCV00117,,,,,,,
2025-05-23,COMP001,,,,,,TXNCCCF247C,-50760615.05,,COMPLETED,,,,,,,,,PAYABLE,,,,,,,,,,,,,,,,,,,,,,Payment to SUP005 – INV00043,,,,SUPPLIER_PAYMENT,INVOICE,INV00043,,,,,,,
2025-05-23,COMP001,,,,,,TXN3CD1026E,-3764223.22,,COMPLETED,,,,,,,,,OPEX,,,,,,,,,,,,,,,,,,,,,,Daily operating expenses,,,,OPERATING_EXPENSE,COMPANY,COMP001,,,,,,,
2025-05-23,COMP001,,,,,,TXNDDACA05B,-18705927.22,,COMPLETED,,,,,,,,,PAYABLE,,,,,,,,,,,,,,,,,,,,,,Payment to SUP007 – INV00447,,,,SUPPLIER_PAYMENT,INVOICE,INV00447,,,,,,,
2025-05-23,COMP001,,,,,,TXN5202798C,37065735.41,,COMPLETED,,,,,,,,,RECEIVABLE,,,,,,,,,,,,,,,,,,,,,,Collection from CUST021 – RCV00210,,,,CUSTOMER_PAYMENT,RECEIVABLE,RCV00210,,,,,,,
2025-05-23,COMP001,,,,,,TXN934C2525,56405066.04,,COMPLETED,,,,,,,,,RECEIVABLE,,,,,,,,,,,,,,,,,,,,,,Collection from CUST024 – RCV00168,,,,CUSTOMER_PAYMENT,RECEIVABLE,RCV00168,,,,,,,
2025-05-23,COMP001,,,,,,TXN953F843C,22768205.82,,COMPLETED,,,,,,,,,SALES_RECEIPTS,,,,,,,,,,,,,,,,,,,,,,Daily dealership & fleet sales collection,,,,CUSTOMER_PAYMENT,COMPANY,COMP001,,,,,,,
2025-05-24,COMP001,,,,,,TXN24DBC944,2938870.28,,COMPLETED,,,,,,,,,SALES_RECEIPTS,,,,,,,,,,,,,,,,,,,,,,Daily dealership & fleet sales collection,,,,CUSTOMER_PAYMENT,COMPANY,COMP001,,,,,,,
2025-05-24,COMP001,,,,,,TXN6ACA35B2,-974830.48,,COMPLETED,,,,,,,,,OPEX,,,,,,,,,,,,,,,,,,,,,,Daily operating expenses,,,,OPERATING_EXPENSE,COMPANY,COMP001,,,,,,,
2025-05-25,COMP001,,,,,,TXN9A260B79,-42012904.61,,COMPLETED,,,,,,,,,PAYABLE,,,,,,,,,,,,,,,,,,,,,,Payment to SUP011 – INV00383,,,,SUPPLIER_PAYMENT,INVOICE,INV00383,,,,,,,
2025-05-25,COMP001,,,,,,TXNDC5483A5,-1850369.26,,COMPLETED,,,,,,,,,OPEX,,,,,,,,,,,,,,,,,,,,,,Daily operating expenses,,,,OPERATING_EXPENSE,COMPANY,COMP001,,,,,,,
2025-05-25,COMP001,,,,,,TXN1FC81182,2020892.66,,COMPLETED,,,,,,,,,SALES_RECEIPTS,,,,,,,,,,,,,,,,,,,,,,Daily dealership & fleet sales collection,,,,CUSTOMER_PAYMENT,COMPANY,COMP001,,,,,,,
2025-05-25,COMP001,,,,,,TXN7C3BB59A,-35274439.15,,COMPLETED,,,,,,,,,PAYABLE,,,,,,,,,,,,,,,,,,,,,,Payment to SUP004 – INV00137,,,,SUPPLIER_PAYMENT,INVOICE,INV00137,,,,,,,
2025-05-25,COMP001,,,,,,TXNFE947B0F,-34697110.81,,COMPLETED,,,,,,,,,PAYABLE,,,,,,,,,,,,,,,,,,,,,,Payment to SUP008 – INV00266,,,,SUPPLIER_PAYMENT,INVOICE,INV00266,,,,,,,
2025-05-26,COMP001,,,,,,TXNA0E40E21,-8313220.09,,COMPLETED,,,,,,,,,OPEX,,,,,,,,,,,,,,,,,,,,,,Daily operating expenses,,,,OPERATING_EXPENSE,COMPANY,COMP001,,,,,,,
2025-05-26,COMP001,,,,,,TXND4F6744E,-34761151.86,,COMPLETED,,,,,,,,,PAYABLE,,,,,,,,,,,,,,,,,,,,,,Payment to SUP013 – INV00259,,,,SUPPLIER_PAYMENT,INVOICE,INV00259,,,,,,,
2025-05-26,COMP001,,,,,,TXN789890B3,-49445617.01,,COMPLETED,,,,,,,,,PAYABLE,,,,,,,,,,,,,,,,,,,,,,Payment to SUP007 – INV00157,,,,SUPPLIER_PAYMENT,INVOICE,INV00157,,,,,,,
2025-05-26,COMP001,,,,,,TXND2B646E6,19910340.83,,COMPLETED,,,,,,,,,SALES_RECEIPTS,,,,,,,,,,,,,,,,,,,,,,Daily dealership & fleet sales collection,,,,CUSTOMER_PAYMENT,COMPANY,COMP001,,,,,,,
2025-05-27,COMP001,,,,,,TXNF053ED16,-8226146.05,,COMPLETED,,,,,,,,,OPEX,,,,,,,,,,,,,,,,,,,,,,Daily operating expenses,,,,OPERATING_EXPENSE,COMPANY,COMP001,,,,,,,
2025-05-27,COMP001,,,,,,TXN720D54AA,-46623089.99,,COMPLETED,,,,,,,,,PAYABLE,,,,,,,,,,,,,,,,,,,,,,Payment to SUP005 – INV00208,,,,SUPPLIER_PAYMENT,INVOICE,INV00208,,,,,,,
2025-05-27,COMP001,,,,,,TXNE597F9F8,22494596.28,,COMPLETED,,,,,,,,,SALES_RECEIPTS,,,,,,,,,,,,,,,,,,,,,,Daily dealership & fleet sales collection,,,,CUSTOMER_PAYMENT,COMPANY,COMP001,,,,,,,
2025-05-28,COMP001,,,,,,TXN002BCD18,10058756.41,,COMPLETED,,,,,,,,,SALES_RECEIPTS,,,,,,,,,,,,,,,,,,,,,,Daily dealership & fleet sales collection,,,,CUSTOMER_PAYMENT,COMPANY,COMP001,,,,,,,
2025-05-28,COMP001,,,,,,TXNED90433F,-5384424.68,,COMPLETED,,,,,,,,,OPEX,,,,,,,,,,,,,,,,,,,,,,Daily operating expenses,,,,OPERATING_EXPENSE,COMPANY,COMP001,,,,,,,
2025-05-28,COMP001,,,,,,TXNAA9CB4F8,-11290913.28,,COMPLETED,,,,,,,,,PAYABLE,,,,,,,,,,,,,,,,,,,,,,Payment to SUP010 – INV00386,,,,SUPPLIER_PAYMENT,INVOICE,INV00386,,,,,,,
2025-05-29,COMP001,,,,,,TXNEC7953D8,-10110806.52,,COMPLETED,,,,,,,,,OPEX,,,,,,,,,,,,,,,,,,,,,,Daily operating expenses,,,,OPERATING_EXPENSE,COMPANY,COMP001,,,,,,,
2025-05-29,COMP001,,,,,,TXN3C5BD41F,21323236.26,,COMPLETED,,,,,,,,,SALES_RECEIPTS,,,,,,,,,,,,,,,,,,,,,,Daily dealership & fleet sales collection,,,,CUSTOMER_PAYMENT,COMPANY,COMP001,,,,,,,
2025-05-29,COMP001,,,,,,TXNB5368362,-19201374.04,,COMPLETED,,,,,,,,,PAYABLE,,,,,,,,,,,,,,,,,,,,,,Payment to SUP013 – INV00074,,,,SUPPLIER_PAYMENT,INVOICE,INV00074,,,,,,,
2025-05-29,COMP001,,,,,,TXNE2D7FCAB,63745698.77,,COMPLETED,,,,,,,,,RECEIVABLE,,,,,,,,,,,,,,,,,,,,,,Collection from CUST013 – RCV00320,,,,CUSTOMER_PAYMENT,RECEIVABLE,RCV00320,,,,,,,
2025-05-30,COMP001,,,,,,TXN78245A81,28715012.03,,COMPLETED,,,,,,,,,RECEIVABLE,,,,,,,,,,,,,,,,,,,,,,Collection from CUST018 – RCV00030,,,,CUSTOMER_PAYMENT,RECEIVABLE,RCV00030,,,,,,,
2025-05-30,COMP001,,,,,,TXNC046B863,-11389201.13,,COMPLETED,,,,,,,,,OPEX,,,,,,,,,,,,,,,,,,,,,,Daily operating expenses,,,,OPERATING_EXPENSE,COMPANY,COMP001,,,,,,,
2025-05-30,COMP001,,,,,,TXN9697BB59,15832611.58,,COMPLETED,,,,,,,,,RECEIVABLE,,,,,,,,,,,,,,,,,,,,,,Collection from CUST015 – RCV00159,,,,CUSTOMER_PAYMENT,RECEIVABLE,RCV00159,,,,,,,
2025-05-30,COMP001,,,,,,TXN080BB82B,20607843.64,,COMPLETED,,,,,,,,,SALES_RECEIPTS,,,,,,,,,,,,,,,,,,,,,,Daily dealership & fleet sales collection,,,,CUSTOMER_PAYMENT,COMPANY,COMP001,,,,,,,
2025-05-30,COMP001,,,,,,TXN32238FEA,-41062700.77,,COMPLETED,,,,,,,,,PAYABLE,,,,,,,,,,,,,,,,,,,,,,Payment to SUP004 – INV00042,,,,SUPPLIER_PAYMENT,INVOICE,INV00042,,,,,,,
2025-05-31,COMP001,,,,,,TXN4EB597BF,-2388494.83,,COMPLETED,,,,,,,,,OPEX,,,,,,,,,,,,,,,,,,,,,,Daily operating expenses,,,,OPERATING_EXPENSE,COMPANY,COMP001,,,,,,,
2025-05-31,COMP001,,,,,,TXNDA8E935C,2684885.39,,COMPLETED,,,,,,,,,SALES_RECEIPTS,,,,,,,,,,,,,,,,,,,,,,Daily dealership & fleet sales collection,,,,CUSTOMER_PAYMENT,COMPANY,COMP001,,,,,,,
2025-06-01,COMP001,,,,,,TXN517CCC84,-15864788.66,,COMPLETED,,,,,,,,,PAYABLE,,,,,,,,,,,,,,,,,,,,,,Payment to SUP004 – INV00366,,,,SUPPLIER_PAYMENT,INVOICE,INV00366,,,,,,,
2025-06-01,COMP001,,,,,,TXN3C6C0104,-48510195.02,,COMPLETED,,,,,,,,,PAYABLE,,,,,,,,,,,,,,,,,,,,,,Payment to SUP014 – INV00096,,,,SUPPLIER_PAYMENT,INVOICE,INV00096,,,,,,,
2025-06-01,COMP001,,,,,,TXN0AD56B5C,60321485.91,,COMPLETED,,,,,,,,,RECEIVABLE,,,,,,,,,,,,,,,,,,,,,,Collection from CUST025 – RCV00206,,,,CUSTOMER_PAYMENT,RECEIVABLE,RCV00206,,,,,,,
2025-06-01,COMP001,,,,,,TXNE9145AC7,-17914376.92,,COMPLETED,,,,,,,,,PAYABLE,,,,,,,,,,,,,,,,,,,,,,Payment to SUP005 – INV00379,,,,SUPPLIER_PAYMENT,INVOICE,INV00379,,,,,,,
2025-06-01,COMP001,,,,,,TXN250D50F1,-1736581.16,,COMPLETED,,,,,,,,,OPEX,,,,,,,,,,,,,,,,,,,,,,Daily operating expenses,,,,OPERATING_EXPENSE,COMPANY,COMP001,,,,,,,
2025-06-01,COMP001,,,,,,TXN97BB8729,-43697613.1,,COMPLETED,,,,,,,,,PAYABLE,,,,,,,,,,,,,,,,,,,,,,Payment to SUP002 – INV00221,,,,SUPPLIER_PAYMENT,INVOICE,INV00221,,,,,,,
2025-06-01,COMP001,,,,,,TXN3908050B,2963587.9,,COMPLETED,,,,,,,,,SALES_RECEIPTS,,,,,,,,,,,,,,,,,,,,,,Daily dealership & fleet sales collection,,,,CUSTOMER_PAYMENT,COMPANY,COMP001,,,,,,,
2025-06-01,COMP001,,,,,,TXNEB6C0B4F,29811902.77,,COMPLETED,,,,,,,,,RECEIVABLE,,,,,,,,,,,,,,,,,,,,,,Collection from CUST016 – RCV00310,,,,CUSTOMER_PAYMENT,RECEIVABLE,RCV00310,,,,,,,
2025-06-01,COMP001,,,,,,TXN10B67AFE,-14499968.93,,COMPLETED,,,,,,,,,PAYABLE,,,,,,,,,,,,,,,,,,,,,,Payment to SUP013 – INV00119,,,,SUPPLIER_PAYMENT,INVOICE,INV00119,,,,,,,
2025-06-01,COMP001,,,,,,TXND4C300AC,-37350356.53,,COMPLETED,,,,,,,,,PAYABLE,,,,,,,,,,,,,,,,,,,,,,Payment to SUP003 – INV00476,,,,SUPPLIER_PAYMENT,INVOICE,INV00476,,,,,,,
2025-06-01,COMP001,,,,,,TXNA55B44FA,28365733.33,,COMPLETED,,,,,,,,,RECEIVABLE,,,,,,,,,,,,,,,,,,,,,,Collection from CUST013 – RCV00070,,,,CUSTOMER_PAYMENT,RECEIVABLE,RCV00070,,,,,,,
2025-06-02,COMP001,,,,,,TXN601D104D,-10218123.69,,COMPLETED,,,,,,,,,PAYABLE,,,,,,,,,,,,,,,,,,,,,,Payment to SUP011 – INV00434,,,,SUPPLIER_PAYMENT,INVOICE,INV00434,,,,,,,
2025-06-02,COMP001,,,,,,TXNA501E8E6,78982129.07,,COMPLETED,,,,,,,,,RECEIVABLE,,,,,,,,,,,,,,,,,,,,,,Collection from CUST011 – RCV00157,,,,CUSTOMER_PAYMENT,RECEIVABLE,RCV00157,,,,,,,
2025-06-02,COMP001,,,,,,TXNB693CB9B,15451245.86,,COMPLETED,,,,,,,,,SALES_RECEIPTS,,,,,,,,,,,,,,,,,,,,,,Daily dealership & fleet sales collection,,,,CUSTOMER_PAYMENT,COMPANY,COMP001,,,,,,,
2025-06-02,COMP001,,,,,,TXNDA720691,27064362.03,,COMPLETED,,,,,,,,,RECEIVABLE,,,,,,,,,,,,,,,,,,,,,,Collection from CUST012 – RCV00285,,,,CUSTOMER_PAYMENT,RECEIVABLE,RCV00285,,,,,,,
2025-06-02,COMP001,,,,,,TXN3DF7C01A,-4546007.16,,COMPLETED,,,,,,,,,OPEX,,,,,,,,,,,,,,,,,,,,,,Daily operating expenses,,,,OPERATING_EXPENSE,COMPANY,COMP001,,,,,,,
2025-06-03,COMP001,,,,,,TXN2B2A7935,12012579.11,,COMPLETED,,,,,,,,,RECEIVABLE,,,,,,,,,,,,,,,,,,,,,,Collection from CUST001 – RCV00035,,,,CUSTOMER_PAYMENT,RECEIVABLE,RCV00035,,,,,,,
2025-06-03,COMP001,,,,,,TXND5F906DC,30408377.24,,COMPLETED,,,,,,,,,SALES_RECEIPTS,,,,,,,,,,,,,,,,,,,,,,Daily dealership & fleet sales collection,,,,CUSTOMER_PAYMENT,COMPANY,COMP001,,,,,,,
2025-06-03,COMP001,,,,,,TXN79F57AB0,-54827715.33,,COMPLETED,,,,,,,,,PAYABLE,,,,,,,,,,,,,,,,,,,,,,Payment to SUP012 – INV00218,,,,SUPPLIER_PAYMENT,INVOICE,INV00218,,,,,,,
2025-06-03,COMP001,,,,,,TXN056F2A0D,23054265.54,,COMPLETED,,,,,,,,,RECEIVABLE,,,,,,,,,,,,,,,,,,,,,,Collection from CUST021 – RCV00193,,,,CUSTOMER_PAYMENT,RECEIVABLE,RCV00193,,,,,,,
2025-06-03,COMP001,,,,,,TXN3E57F4E1,-5160785.62,,COMPLETED,,,,,,,,,OPEX,,,,,,,,,,,,,,,,,,,,,,Daily operating expenses,,,,OPERATING_EXPENSE,COMPANY,COMP001,,,,,,,
2025-06-04,COMP001,,,,,,TXN1D8ABC68,-26568657.48,,COMPLETED,,,,,,,,,PAYABLE,,,,,,,,,,,,,,,,,,,,,,Payment to SUP004 – INV00480,,,,SUPPLIER_PAYMENT,INVOICE,INV00480,,,,,,,
2025-06-04,COMP001,,,,,,TXN64B671A5,20516222.09,,COMPLETED,,,,,,,,,SALES_RECEIPTS,,,,,,,,,,,,,,,,,,,,,,Daily dealership & fleet sales collection,,,,CUSTOMER_PAYMENT,COMPANY,COMP001,,,,,,,
2025-06-04,COMP001,,,,,,TXN27A0E763,-6858196.92,,COMPLETED,,,,,,,,,OPEX,,,,,,,,,,,,,,,,,,,,,,Daily operating expenses,,,,OPERATING_EXPENSE,COMPANY,COMP001,,,,,,,
2025-06-04,COMP001,,,,,,TXN5D498C35,14389118.31,,COMPLETED,,,,,,,,,RECEIVABLE,,,,,,,,,,,,,,,,,,,,,,Collection from CUST011 – RCV00235,,,,CUSTOMER_PAYMENT,RECEIVABLE,RCV00235,,,,,,,
2025-06-05,COMP001,,,,,,TXND09DA9D7,46826659.17,,COMPLETED,,,,,,,,,RECEIVABLE,,,,,,,,,,,,,,,,,,,,,,Collection from CUST003 – RCV00198,,,,CUSTOMER_PAYMENT,RECEIVABLE,RCV00198,,,,,,,
2025-06-05,COMP001,,,,,,TXND7B0E5F9,-39097656.97,,COMPLETED,,,,,,,,,PAYABLE,,,,,,,,,,,,,,,,,,,,,,Payment to SUP015 – INV00404,,,,SUPPLIER_PAYMENT,INVOICE,INV00404,,,,,,,
2025-06-05,COMP001,,,,,,TXN2C0AF492,-13166187.21,,COMPLETED,,,,,,,,,PAYABLE,,,,,,,,,,,,,,,,,,,,,,Payment to SUP003 – INV00410,,,,SUPPLIER_PAYMENT,INVOICE,INV00410,,,,,,,
2025-06-05,COMP001,,,,,,TXNB474377F,15861203.47,,COMPLETED,,,,,,,,,SALES_RECEIPTS,,,,,,,,,,,,,,,,,,,,,,Daily dealership & fleet sales collection,,,,CUSTOMER_PAYMENT,COMPANY,COMP001,,,,,,,
2025-06-05,COMP001,,,,,,TXNC87F569B,69601809.14,,COMPLETED,,,,,,,,,RECEIVABLE,,,,,,,,,,,,,,,,,,,,,,Collection from CUST022 – RCV00256,,,,CUSTOMER_PAYMENT,RECEIVABLE,RCV00256,,,,,,,
2025-06-05,COMP001,,,,,,TXNB1087D8E,-45235935.9,,COMPLETED,,,,,,,,,PAYABLE,,,,,,,,,,,,,,,,,,,,,,Payment to SUP007 – INV00220,,,,SUPPLIER_PAYMENT,INVOICE,INV00220,,,,,,,
2025-06-05,COMP001,,,,,,TXN7EA7F13B,-4044580.4,,COMPLETED,,,,,,,,,OPEX,,,,,,,,,,,,,,,,,,,,,,Daily operating expenses,,,,OPERATING_EXPENSE,COMPANY,COMP001,,,,,,,
2025-06-06,COMP001,,,,,,TXN2DE37135,-19861367.29,,COMPLETED,,,,,,,,,PAYABLE,,,,,,,,,,,,,,,,,,,,,,Payment to SUP014 – INV00241,,,,SUPPLIER_PAYMENT,INVOICE,INV00241,,,,,,,
2025-06-06,COMP001,,,,,,TXNC7D6D86F,27807093.15,,COMPLETED,,,,,,,,,SALES_RECEIPTS,,,,,,,,,,,,,,,,,,,,,,Daily dealership & fleet sales collection,,,,CUSTOMER_PAYMENT,COMPANY,COMP001,,,,,,,
2025-06-06,COMP001,,,,,,TXN05A648DB,-4160629.01,,COMPLETED,,,,,,,,,OPEX,,,,,,,,,,,,,,,,,,,,,,Daily operating expenses,,,,OPERATING_EXPENSE,COMPANY,COMP001,,,,,,,
2025-06-06,COMP001,,,,,,TXN65FE18EE,-12659738.83,,COMPLETED,,,,,,,,,PAYABLE,,,,,,,,,,,,,,,,,,,,,,Payment to SUP012 – INV00105,,,,SUPPLIER_PAYMENT,INVOICE,INV00105,,,,,,,
2025-06-06,COMP001,,,,,,TXNB234B01B,-48749989.24,,COMPLETED,,,,,,,,,PAYABLE,,,,,,,,,,,,,,,,,,,,,,Payment to SUP004 – INV00254,,,,SUPPLIER_PAYMENT,INVOICE,INV00254,,,,,,,
2025-06-07,COMP001,,,,,,TXN28825A98,3771068.21,,COMPLETED,,,,,,,,,SALES_RECEIPTS,,,,,,,,,,,,,,,,,,,,,,Daily dealership & fleet sales collection,,,,CUSTOMER_PAYMENT,COMPANY,COMP001,,,,,,,
2025-06-07,COMP001,,,,,,TXND9801244,14692309.0,,COMPLETED,,,,,,,,,RECEIVABLE,,,,,,,,,,,,,,,,,,,,,,Collection from CUST019 – RCV00043,,,,CUSTOMER_PAYMENT,RECEIVABLE,RCV00043,,,,,,,
2025-06-07,COMP001,,,,,,TXN280A7C05,-34012388.6,,COMPLETED,,,,,,,,,PAYABLE,,,,,,,,,,,,,,,,,,,,,,Payment to SUP003 – INV00481,,,,SUPPLIER_PAYMENT,INVOICE,INV00481,,,,,,,
2025-06-07,COMP001,,,,,,TXN262FA6A2,-1659201.76,,COMPLETED,,,,,,,,,OPEX,,,,,,,,,,,,,,,,,,,,,,Daily operating expenses,,,,OPERATING_EXPENSE,COMPANY,COMP001,,,,,,,
2025-06-08,COMP001,,,,,,TXNCDD44808,-22681849.41,,COMPLETED,,,,,,,,,PAYABLE,,,,,,,,,,,,,,,,,,,,,,Payment to SUP013 – INV00248,,,,SUPPLIER_PAYMENT,INVOICE,INV00248,,,,,,,
2025-06-08,COMP001,,,,,,TXN058791B8,57303111.3,,COMPLETED,,,,,,,,,RECEIVABLE,,,,,,,,,,,,,,,,,,,,,,Collection from CUST005 – RCV00115,,,,CUSTOMER_PAYMENT,RECEIVABLE,RCV00115,,,,,,,
2025-06-08,COMP001,,,,,,TXN7562C25A,-1320623.78,,COMPLETED,,,,,,,,,OPEX,,,,,,,,,,,,,,,,,,,,,,Daily operating expenses,,,,OPERATING_EXPENSE,COMPANY,COMP001,,,,,,,
2025-06-08,COMP001,,,,,,TXND7A5D5ED,2915427.67,,COMPLETED,,,,,,,,,SALES_RECEIPTS,,,,,,,,,,,,,,,,,,,,,,Daily dealership & fleet sales collection,,,,CUSTOMER_PAYMENT,COMPANY,COMP001,,,,,,,
2025-06-08,COMP001,,,,,,TXN0F26AC35,64984587.65,,COMPLETED,,,,,,,,,RECEIVABLE,,,,,,,,,,,,,,,,,,,,,,Collection from CUST008 – RCV00002,,,,CUSTOMER_PAYMENT,RECEIVABLE,RCV00002,,,,,,,
2025-06-09,COMP001,,,,,,TXN300D1A3E,-5073210.14,,COMPLETED,,,,,,,,,OPEX,,,,,,,,,,,,,,,,,,,,,,Daily operating expenses,,,,OPERATING_EXPENSE,COMPANY,COMP001,,,,,,,
2025-06-09,COMP001,,,,,,TXNA4D61D50,19516680.35,,COMPLETED,,,,,,,,,SALES_RECEIPTS,,,,,,,,,,,,,,,,,,,,,,Daily dealership & fleet sales collection,,,,CUSTOMER_PAYMENT,COMPANY,COMP001,,,,,,,
2025-06-09,COMP001,,,,,,TXN5B40F409,-13353019.27,,COMPLETED,,,,,,,,,PAYABLE,,,,,,,,,,,,,,,,,,,,,,Payment to SUP010 – INV00173,,,,SUPPLIER_PAYMENT,INVOICE,INV00173,,,,,,,
2025-06-09,COMP001,,,,,,TXN2BB4EFBA,-42164561.89,,COMPLETED,,,,,,,,,PAYABLE,,,,,,,,,,,,,,,,,,,,,,Payment to SUP009 – INV00025,,,,SUPPLIER_PAYMENT,INVOICE,INV00025,,,,,,,
2025-06-09,COMP001,,,,,,TXN6ED23619,-12926812.96,,COMPLETED,,,,,,,,,PAYABLE,,,,,,,,,,,,,,,,,,,,,,Payment to SUP009 – INV00017,,,,SUPPLIER_PAYMENT,INVOICE,INV00017,,,,,,,
2025-06-10,COMP001,,,,,,TXNC40284FB,-8292119.8,,COMPLETED,,,,,,,,,OPEX,,,,,,,,,,,,,,,,,,,,,,Daily operating expenses,,,,OPERATING_EXPENSE,COMPANY,COMP001,,,,,,,
2025-06-10,COMP001,,,,,,TXN88CEE04B,-52290221.02,,COMPLETED,,,,,,,,,PAYABLE,,,,,,,,,,,,,,,,,,,,,,Payment to SUP009 – INV00435,,,,SUPPLIER_PAYMENT,INVOICE,INV00435,,,,,,,
2025-06-10,COMP001,,,,,,TXN48374DEC,27314600.18,,COMPLETED,,,,,,,,,SALES_RECEIPTS,,,,,,,,,,,,,,,,,,,,,,Daily dealership & fleet sales collection,,,,CUSTOMER_PAYMENT,COMPANY,COMP001,,,,,,,
2025-06-11,COMP001,,,,,,TXN8174457E,20665377.21,,COMPLETED,,,,,,,,,SALES_RECEIPTS,,,,,,,,,,,,,,,,,,,,,,Daily dealership & fleet sales collection,,,,CUSTOMER_PAYMENT,COMPANY,COMP001,,,,,,,
2025-06-11,COMP001,,,,,,TXN2BCEDF25,-14905740.33,,COMPLETED,,,,,,,,,PAYABLE,,,,,,,,,,,,,,,,,,,,,,Payment to SUP002 – INV00120,,,,SUPPLIER_PAYMENT,INVOICE,INV00120,,,,,,,
2025-06-11,COMP001,,,,,,TXN21D94C8A,-7221261.52,,COMPLETED,,,,,,,,,OPEX,,,,,,,,,,,,,,,,,,,,,,Daily operating expenses,,,,OPERATING_EXPENSE,COMPANY,COMP001,,,,,,,
2025-06-11,COMP001,,,,,,TXN471A23D0,57096239.93,,COMPLETED,,,,,,,,,RECEIVABLE,,,,,,,,,,,,,,,,,,,,,,Collection from CUST011 – RCV00164,,,,CUSTOMER_PAYMENT,RECEIVABLE,RCV00164,,,,,,,
2025-06-12,COMP001,,,,,,TXNCA5E5C7D,-5538653.83,,COMPLETED,,,,,,,,,PAYABLE,,,,,,,,,,,,,,,,,,,,,,Payment to SUP011 – INV00117,,,,SUPPLIER_PAYMENT,INVOICE,INV00117,,,,,,,
2025-06-12,COMP001,,,,,,TXN2C2F3515,-9166213.67,,COMPLETED,,,,,,,,,OPEX,,,,,,,,,,,,,,,,,,,,,,Daily operating expenses,,,,OPERATING_EXPENSE,COMPANY,COMP001,,,,,,,
2025-06-12,COMP001,,,,,,TXN9E40E9C2,25122943.82,,COMPLETED,,,,,,,,,RECEIVABLE,,,,,,,,,,,,,,,,,,,,,,Collection from CUST024 – RCV00301,,,,CUSTOMER_PAYMENT,RECEIVABLE,RCV00301,,,,,,,
2025-06-12,COMP001,,,,,,TXN3E23523C,-6061544.6,,COMPLETED,,,,,,,,,PAYABLE,,,,,,,,,,,,,,,,,,,,,,Payment to SUP004 – INV00103,,,,SUPPLIER_PAYMENT,INVOICE,INV00103,,,,,,,
2025-06-12,COMP001,,,,,,TXN2DA7CBD7,12312642.67,,COMPLETED,,,,,,,,,SALES_RECEIPTS,,,,,,,,,,,,,,,,,,,,,,Daily dealership & fleet sales collection,,,,CUSTOMER_PAYMENT,COMPANY,COMP001,,,,,,,
2025-06-13,COMP001,,,,,,TXNB578E977,-5634329.15,,COMPLETED,,,,,,,,,OPEX,,,,,,,,,,,,,,,,,,,,,,Daily operating expenses,,,,OPERATING_EXPENSE,COMPANY,COMP001,,,,,,,
2025-06-13,COMP001,,,,,,TXN73B9BE06,20786690.24,,COMPLETED,,,,,,,,,SALES_RECEIPTS,,,,,,,,,,,,,,,,,,,,,,Daily dealership & fleet sales collection,,,,CUSTOMER_PAYMENT,COMPANY,COMP001,,,,,,,
2025-06-14,COMP001,,,,,,TXNC4642936,15734498.85,,COMPLETED,,,,,,,,,RECEIVABLE,,,,,,,,,,,,,,,,,,,,,,Collection from CUST013 – RCV00194,,,,CUSTOMER_PAYMENT,RECEIVABLE,RCV00194,,,,,,,
2025-06-14,COMP001,,,,,,TXN24957AF9,74594141.13,,COMPLETED,,,,,,,,,RECEIVABLE,,,,,,,,,,,,,,,,,,,,,,Collection from CUST024 – RCV00100,,,,CUSTOMER_PAYMENT,RECEIVABLE,RCV00100,,,,,,,
2025-06-14,COMP001,,,,,,TXN5369AB2A,-8725523.77,,COMPLETED,,,,,,,,,PAYABLE,,,,,,,,,,,,,,,,,,,,,,Payment to SUP013 – INV00112,,,,SUPPLIER_PAYMENT,INVOICE,INV00112,,,,,,,
2025-06-14,COMP001,,,,,,TXNDF767342,-59230492.6,,COMPLETED,,,,,,,,,PAYABLE,,,,,,,,,,,,,,,,,,,,,,Payment to SUP009 – INV00451,,,,SUPPLIER_PAYMENT,INVOICE,INV00451,,,,,,,
2025-06-14,COMP001,,,,,,TXN0C83D203,-1740202.42,,COMPLETED,,,,,,,,,OPEX,,,,,,,,,,,,,,,,,,,,,,Daily operating expenses,,,,OPERATING_EXPENSE,COMPANY,COMP001,,,,,,,
2025-06-14,COMP001,,,,,,TXN848411A4,2847825.5,,COMPLETED,,,,,,,,,SALES_RECEIPTS,,,,,,,,,,,,,,,,,,,,,,Daily dealership & fleet sales collection,,,,CUSTOMER_PAYMENT,COMPANY,COMP001,,,,,,,
2025-06-15,COMP001,,,,,,TXN238CEF79,-11805059.78,,COMPLETED,,,,,,,,,PAYABLE,,,,,,,,,,,,,,,,,,,,,,Payment to SUP008 – INV00337,,,,SUPPLIER_PAYMENT,INVOICE,INV00337,,,,,,,
2025-06-15,COMP001,,,,,,TXNFDC5583C,1396542.6,,COMPLETED,,,,,,,,,SALES_RECEIPTS,,,,,,,,,,,,,,,,,,,,,,Daily dealership & fleet sales collection,,,,CUSTOMER_PAYMENT,COMPANY,COMP001,,,,,,,
2025-06-15,COMP001,,,,,,TXN7958F1DD,247062699.85,,COMPLETED,,,,,,,,,FINANCING,,,,,,,,,,,,,,,,,,,,,,Loan drawdown from ICICI Bank,,,,LOAN_DRAW,FINANCING_OPTION,FIN003,,,,,,,
2025-06-15,COMP001,,,,,,TXN3223DEA2,-1312428.95,,COMPLETED,,,,,,,,,OPEX,,,,,,,,,,,,,,,,,,,,,,Daily operating expenses,,,,OPERATING_EXPENSE,COMPANY,COMP001,,,,,,,
2025-06-16,COMP001,,,,,,TXN6CAF8A05,15705007.26,,COMPLETED,,,,,,,,,SALES_RECEIPTS,,,,,,,,,,,,,,,,,,,,,,Daily dealership & fleet sales collection,,,,CUSTOMER_PAYMENT,COMPANY,COMP001,,,,,,,
2025-06-16,COMP001,,,,,,TXN0EDE522C,-6192151.11,,COMPLETED,,,,,,,,,OPEX,,,,,,,,,,,,,,,,,,,,,,Daily operating expenses,,,,OPERATING_EXPENSE,COMPANY,COMP001,,,,,,,
2025-06-16,COMP001,,,,,,TXN99080F0D,-16672552.88,,COMPLETED,,,,,,,,,PAYABLE,,,,,,,,,,,,,,,,,,,,,,Payment to SUP009 – INV00226,,,,SUPPLIER_PAYMENT,INVOICE,INV00226,,,,,,,
2025-06-17,COMP001,,,,,,TXN1DE05450,-8463749.12,,COMPLETED,,,,,,,,,OPEX,,,,,,,,,,,,,,,,,,,,,,Daily operating expenses,,,,OPERATING_EXPENSE,COMPANY,COMP001,,,,,,,
2025-06-17,COMP001,,,,,,TXNB018848A,17438775.17,,COMPLETED,,,,,,,,,SALES_RECEIPTS,,,,,,,,,,,,,,,,,,,,,,Daily dealership & fleet sales collection,,,,CUSTOMER_PAYMENT,COMPANY,COMP001,,,,,,,
2025-06-18,COMP001,,,,,,TXN682B08A0,20449586.59,,COMPLETED,,,,,,,,,RECEIVABLE,,,,,,,,,,,,,,,,,,,,,,Collection from CUST015 – RCV00089,,,,CUSTOMER_PAYMENT,RECEIVABLE,RCV00089,,,,,,,
2025-06-18,COMP001,,,,,,TXN8B610621,75620855.82,,COMPLETED,,,,,,,,,RECEIVABLE,,,,,,,,,,,,,,,,,,,,,,Collection from CUST021 – RCV00293,,,,CUSTOMER_PAYMENT,RECEIVABLE,RCV00293,,,,,,,
2025-06-18,COMP001,,,,,,TXND50E803C,-20733261.71,,COMPLETED,,,,,,,,,PAYABLE,,,,,,,,,,,,,,,,,,,,,,Payment to SUP012 – INV00367,,,,SUPPLIER_PAYMENT,INVOICE,INV00367,,,,,,,
2025-06-18,COMP001,,,,,,TXN6975875E,-50187759.65,,COMPLETED,,,,,,,,,PAYABLE,,,,,,,,,,,,,,,,,,,,,,Payment to SUP005 – INV00297,,,,SUPPLIER_PAYMENT,INVOICE,INV00297,,,,,,,
2025-06-18,COMP001,,,,,,TXN2AF8A7DA,14348651.93,,COMPLETED,,,,,,,,,SALES_RECEIPTS,,,,,,,,,,,,,,,,,,,,,,Daily dealership & fleet sales collection,,,,CUSTOMER_PAYMENT,COMPANY,COMP001,,,,,,,
2025-06-18,COMP001,,,,,,TXNE8E3E91F,-6176417.55,,COMPLETED,,,,,,,,,OPEX,,,,,,,,,,,,,,,,,,,,,,Daily operating expenses,,,,OPERATING_EXPENSE,COMPANY,COMP001,,,,,,,
2025-06-19,COMP001,,,,,,TXNECFA1A09,-50997373.5,,COMPLETED,,,,,,,,,PAYABLE,,,,,,,,,,,,,,,,,,,,,,Payment to SUP002 – INV00224,,,,SUPPLIER_PAYMENT,INVOICE,INV00224,,,,,,,
2025-06-19,COMP001,,,,,,TXNB32C42F3,-3036132.08,,COMPLETED,,,,,,,,,OPEX,,,,,,,,,,,,,,,,,,,,,,Daily operating expenses,,,,OPERATING_EXPENSE,COMPANY,COMP001,,,,,,,
2025-06-19,COMP001,,,,,,TXN2FA9E6A7,72358441.88,,COMPLETED,,,,,,,,,RECEIVABLE,,,,,,,,,,,,,,,,,,,,,,Collection from CUST013 – RCV00156,,,,CUSTOMER_PAYMENT,RECEIVABLE,RCV00156,,,,,,,
2025-06-19,COMP001,,,,,,TXN03C95EB1,16715763.08,,COMPLETED,,,,,,,,,SALES_RECEIPTS,,,,,,,,,,,,,,,,,,,,,,Daily dealership & fleet sales collection,,,,CUSTOMER_PAYMENT,COMPANY,COMP001,,,,,,,
2025-06-19,COMP001,,,,,,TXN43A66C98,-57056547.69,,COMPLETED,,,,,,,,,PAYABLE,,,,,,,,,,,,,,,,,,,,,,Payment to SUP011 – INV00427,,,,SUPPLIER_PAYMENT,INVOICE,INV00427,,,,,,,
2025-06-19,COMP001,,,,,,TXNBE98A6F0,-19659479.89,,COMPLETED,,,,,,,,,PAYABLE,,,,,,,,,,,,,,,,,,,,,,Payment to SUP006 – INV00095,,,,SUPPLIER_PAYMENT,INVOICE,INV00095,,,,,,,
2025-06-20,COMP001,,,,,,TXN1E4FFB58,-53031295.7,,COMPLETED,,,,,,,,,PAYABLE,,,,,,,,,,,,,,,,,,,,,,Payment to SUP011 – INV00424,,,,SUPPLIER_PAYMENT,INVOICE,INV00424,,,,,,,
2025-06-20,COMP001,,,,,,TXN25127576,24173761.05,,COMPLETED,,,,,,,,,SALES_RECEIPTS,,,,,,,,,,,,,,,,,,,,,,Daily dealership & fleet sales collection,,,,CUSTOMER_PAYMENT,COMPANY,COMP001,,,,,,,
2025-06-20,COMP001,,,,,,TXN4841873A,29007209.0,,COMPLETED,,,,,,,,,RECEIVABLE,,,,,,,,,,,,,,,,,,,,,,Collection from CUST015 – RCV00186,,,,CUSTOMER_PAYMENT,RECEIVABLE,RCV00186,,,,,,,
2025-06-20,COMP001,,,,,,TXN1F0A598B,-9990257.04,,COMPLETED,,,,,,,,,OPEX,,,,,,,,,,,,,,,,,,,,,,Daily operating expenses,,,,OPERATING_EXPENSE,COMPANY,COMP001,,,,,,,
2025-06-20,COMP001,,,,,,TXN69F7D326,11460930.72,,COMPLETED,,,,,,,,,RECEIVABLE,,,,,,,,,,,,,,,,,,,,,,Collection from CUST015 – RCV00322,,,,CUSTOMER_PAYMENT,RECEIVABLE,RCV00322,,,,,,,
2025-06-20,COMP001,,,,,,TXN9B01563D,71101945.44,,COMPLETED,,,,,,,,,RECEIVABLE,,,,,,,,,,,,,,,,,,,,,,Collection from CUST015 – RCV00223,,,,CUSTOMER_PAYMENT,RECEIVABLE,RCV00223,,,,,,,
2025-06-21,COMP001,,,,,,TXN28F9D993,2155419.39,,COMPLETED,,,,,,,,,SALES_RECEIPTS,,,,,,,,,,,,,,,,,,,,,,Daily dealership & fleet sales collection,,,,CUSTOMER_PAYMENT,COMPANY,COMP001,,,,,,,
2025-06-21,COMP001,,,,,,TXNAF8B77E3,-1743080.47,,COMPLETED,,,,,,,,,OPEX,,,,,,,,,,,,,,,,,,,,,,Daily operating expenses,,,,OPERATING_EXPENSE,COMPANY,COMP001,,,,,,,
2025-06-22,COMP001,,,,,,TXN27E5A711,1957282.59,,COMPLETED,,,,,,,,,SALES_RECEIPTS,,,,,,,,,,,,,,,,,,,,,,Daily dealership & fleet sales collection,,,,CUSTOMER_PAYMENT,COMPANY,COMP001,,,,,,,
2025-06-22,COMP001,,,,,,TXN6D6732BD,-1578655.51,,COMPLETED,,,,,,,,,OPEX,,,,,,,,,,,,,,,,,,,,,,Daily operating expenses,,,,OPERATING_EXPENSE,COMPANY,COMP001,,,,,,,
2025-06-23,COMP001,,,,,,TXN75768381,19431748.71,,COMPLETED,,,,,,,,,SALES_RECEIPTS,,,,,,,,,,,,,,,,,,,,,,Daily dealership & fleet sales collection,,,,CUSTOMER_PAYMENT,COMPANY,COMP001,,,,,,,
2025-06-23,COMP001,,,,,,TXN97EBD182,-9711235.03,,COMPLETED,,,,,,,,,OPEX,,,,,,,,,,,,,,,,,,,,,,Daily operating expenses,,,,OPERATING_EXPENSE,COMPANY,COMP001,,,,,,,
2025-06-24,COMP001,,,,,,TXNEBC1C615,31396457.0,,COMPLETED,,,,,,,,,SALES_RECEIPTS,,,,,,,,,,,,,,,,,,,,,,Daily dealership & fleet sales collection,,,,CUSTOMER_PAYMENT,COMPANY,COMP001,,,,,,,
2025-06-24,COMP001,,,,,,TXN34D2E1A4,-53285675.08,,COMPLETED,,,,,,,,,PAYABLE,,,,,,,,,,,,,,,,,,,,,,Payment to SUP008 – INV00144,,,,SUPPLIER_PAYMENT,INVOICE,INV00144,,,,,,,
2025-06-24,COMP001,,,,,,TXN714C1045,-12215145.37,,COMPLETED,,,,,,,,,PAYABLE,,,,,,,,,,,,,,,,,,,,,,Payment to SUP007 – INV00470,,,,SUPPLIER_PAYMENT,INVOICE,INV00470,,,,,,,
2025-06-24,COMP001,,,,,,TXN46E59AB4,-5777881.58,,COMPLETED,,,,,,,,,OPEX,,,,,,,,,,,,,,,,,,,,,,Daily operating expenses,,,,OPERATING_EXPENSE,COMPANY,COMP001,,,,,,,
2025-06-25,COMP001,,,,,,TXN68F74647,-8813756.77,,COMPLETED,,,,,,,,,OPEX,,,,,,,,,,,,,,,,,,,,,,Daily operating expenses,,,,OPERATING_EXPENSE,COMPANY,COMP001,,,,,,,
2025-06-25,COMP001,,,,,,TXNEEE4A20A,10767736.28,,COMPLETED,,,,,,,,,RECEIVABLE,,,,,,,,,,,,,,,,,,,,,,Collection from CUST011 – RCV00221,,,,CUSTOMER_PAYMENT,RECEIVABLE,RCV00221,,,,,,,
2025-06-25,COMP001,,,,,,TXN6C87EF1D,-52301825.59,,COMPLETED,,,,,,,,,PAYABLE,,,,,,,,,,,,,,,,,,,,,,Payment to SUP015 – INV00257,,,,SUPPLIER_PAYMENT,INVOICE,INV00257,,,,,,,
2025-06-25,COMP001,,,,,,TXND531C076,11046372.59,,COMPLETED,,,,,,,,,SALES_RECEIPTS,,,,,,,,,,,,,,,,,,,,,,Daily dealership & fleet sales collection,,,,CUSTOMER_PAYMENT,COMPANY,COMP001,,,,,,,
2025-06-25,COMP001,,,,,,TXN5B48B945,-55115633.89,,COMPLETED,,,,,,,,,PAYABLE,,,,,,,,,,,,,,,,,,,,,,Payment to SUP014 – INV00138,,,,SUPPLIER_PAYMENT,INVOICE,INV00138,,,,,,,
2025-06-25,COMP001,,,,,,TXNF1899B11,-36787369.29,,COMPLETED,,,,,,,,,PAYABLE,,,,,,,,,,,,,,,,,,,,,,Payment to SUP006 – INV00376,,,,SUPPLIER_PAYMENT,INVOICE,INV00376,,,,,,,
2025-06-26,COMP001,,,,,,TXN10DF644E,-8086128.07,,COMPLETED,,,,,,,,,OPEX,,,,,,,,,,,,,,,,,,,,,,Daily operating expenses,,,,OPERATING_EXPENSE,COMPANY,COMP001,,,,,,,
2025-06-26,COMP001,,,,,,TXN4D8204A6,11802104.41,,COMPLETED,,,,,,,,,RECEIVABLE,,,,,,,,,,,,,,,,,,,,,,Collection from CUST024 – RCV00139,,,,CUSTOMER_PAYMENT,RECEIVABLE,RCV00139,,,,,,,
2025-06-26,COMP001,,,,,,TXNFB3161FB,-53973092.95,,COMPLETED,,,,,,,,,PAYABLE,,,,,,,,,,,,,,,,,,,,,,Payment to SUP014 – INV00236,,,,SUPPLIER_PAYMENT,INVOICE,INV00236,,,,,,,
2025-06-26,COMP001,,,,,,TXN7786B814,15603750.53,,COMPLETED,,,,,,,,,SALES_RECEIPTS,,,,,,,,,,,,,,,,,,,,,,Daily dealership & fleet sales collection,,,,CUSTOMER_PAYMENT,COMPANY,COMP001,,,,,,,
2025-06-27,COMP001,,,,,,TXN6E9C2D70,23436751.63,,COMPLETED,,,,,,,,,SALES_RECEIPTS,,,,,,,,,,,,,,,,,,,,,,Daily dealership & fleet sales collection,,,,CUSTOMER_PAYMENT,COMPANY,COMP001,,,,,,,
2025-06-27,COMP001,,,,,,TXNFBEF2211,32446752.05,,COMPLETED,,,,,,,,,RECEIVABLE,,,,,,,,,,,,,,,,,,,,,,Collection from CUST002 – RCV00327,,,,CUSTOMER_PAYMENT,RECEIVABLE,RCV00327,,,,,,,
2025-06-27,COMP001,,,,,,TXN5A83455E,19548157.43,,COMPLETED,,,,,,,,,RECEIVABLE,,,,,,,,,,,,,,,,,,,,,,Collection from CUST023 – RCV00050,,,,CUSTOMER_PAYMENT,RECEIVABLE,RCV00050,,,,,,,
2025-06-27,COMP001,,,,,,TXNEA2A65BE,75853466.16,,COMPLETED,,,,,,,,,RECEIVABLE,,,,,,,,,,,,,,,,,,,,,,Collection from CUST009 – RCV00094,,,,CUSTOMER_PAYMENT,RECEIVABLE,RCV00094,,,,,,,
2025-06-27,COMP001,,,,,,TXNEF34DD2E,-4869667.22,,COMPLETED,,,,,,,,,OPEX,,,,,,,,,,,,,,,,,,,,,,Daily operating expenses,,,,OPERATING_EXPENSE,COMPANY,COMP001,,,,,,,
2025-06-27,COMP001,,,,,,TXN1B3D4063,48546819.51,,COMPLETED,,,,,,,,,RECEIVABLE,,,,,,,,,,,,,,,,,,,,,,Collection from CUST021 – RCV00083,,,,CUSTOMER_PAYMENT,RECEIVABLE,RCV00083,,,,,,,
2025-06-28,COMP001,,,,,,TXNAABDBC42,-1135493.76,,COMPLETED,,,,,,,,,OPEX,,,,,,,,,,,,,,,,,,,,,,Daily operating expenses,,,,OPERATING_EXPENSE,COMPANY,COMP001,,,,,,,
2025-06-28,COMP001,,,,,,TXNCB04381C,65877028.78,,COMPLETED,,,,,,,,,RECEIVABLE,,,,,,,,,,,,,,,,,,,,,,Collection from CUST023 – RCV00234,,,,CUSTOMER_PAYMENT,RECEIVABLE,RCV00234,,,,,,,
2025-06-28,COMP001,,,,,,TXN0A0A7675,3611918.19,,COMPLETED,,,,,,,,,SALES_RECEIPTS,,,,,,,,,,,,,,,,,,,,,,Daily dealership & fleet sales collection,,,,CUSTOMER_PAYMENT,COMPANY,COMP001,,,,,,,
2025-06-29,COMP001,,,,,,TXN9A707A67,-1846468.53,,COMPLETED,,,,,,,,,OPEX,,,,,,,,,,,,,,,,,,,,,,Daily operating expenses,,,,OPERATING_EXPENSE,COMPANY,COMP001,,,,,,,
2025-06-29,COMP001,,,,,,TXN21D315E1,1467575.34,,COMPLETED,,,,,,,,,SALES_RECEIPTS,,,,,,,,,,,,,,,,,,,,,,Daily dealership & fleet sales collection,,,,CUSTOMER_PAYMENT,COMPANY,COMP001,,,,,,,
2025-06-30,COMP001,,,,,,TXN58DF6BB9,-36835476.8,,COMPLETED,,,,,,,,,PAYABLE,,,,,,,,,,,,,,,,,,,,,,Payment to SUP010 – INV00063,,,,SUPPLIER_PAYMENT,INVOICE,INV00063,,,,,,,
2025-06-30,COMP001,,,,,,TXND6A268CA,57082629.06,,COMPLETED,,,,,,,,,RECEIVABLE,,,,,,,,,,,,,,,,,,,,,,Collection from CUST008 – RCV00273,,,,CUSTOMER_PAYMENT,RECEIVABLE,RCV00273,,,,,,,
2025-06-30,COMP001,,,,,,TXN9998266D,8539075.46,,COMPLETED,,,,,,,,,SALES_RECEIPTS,,,,,,,,,,,,,,,,,,,,,,Daily dealership & fleet sales collection,,,,CUSTOMER_PAYMENT,COMPANY,COMP001,,,,,,,
2025-06-30,COMP001,,,,,,TXN91195DD1,33803178.03,,COMPLETED,,,,,,,,,RECEIVABLE,,,,,,,,,,,,,,,,,,,,,,Collection from CUST017 – RCV00182,,,,CUSTOMER_PAYMENT,RECEIVABLE,RCV00182,,,,,,,
2025-06-30,COMP001,,,,,,TXN3FF1213F,-12875030.16,,COMPLETED,,,,,,,,,FINANCING,,,,,,,,,,,,,,,,,,,,,,Quarterly interest payment,,,,INTEREST_PAYMENT,FINANCING_OPTION,FIN001,,,,,,,
2025-06-30,COMP001,,,,,,TXND4B2B576,-5971986.45,,COMPLETED,,,,,,,,,OPEX,,,,,,,,,,,,,,,,,,,,,,Daily operating expenses,,,,OPERATING_EXPENSE,COMPANY,COMP001,,,,,,,
2025-07-01,COMP001,,,,,,TXN3C7FDF8E,3709463.32,,COMPLETED,,,,,,,,,RECEIVABLE,,,,,,,,,,,,,,,,,,,,,,Collection from CUST016 – RCV00188,,,,CUSTOMER_PAYMENT,RECEIVABLE,RCV00188,,,,,,,
2025-07-01,COMP001,,,,,,TXNF045C56D,-7112504.64,,COMPLETED,,,,,,,,,OPEX,,,,,,,,,,,,,,,,,,,,,,Daily operating expenses,,,,OPERATING_EXPENSE,COMPANY,COMP001,,,,,,,
2025-07-01,COMP001,,,,,,TXN320A8F36,16214404.37,,COMPLETED,,,,,,,,,SALES_RECEIPTS,,,,,,,,,,,,,,,,,,,,,,Daily dealership & fleet sales collection,,,,CUSTOMER_PAYMENT,COMPANY,COMP001,,,,,,,
2025-07-01,COMP001,,,,,,TXN5D363282,-32664679.04,,COMPLETED,,,,,,,,,PAYABLE,,,,,,,,,,,,,,,,,,,,,,Payment to SUP001 – INV00246,,,,SUPPLIER_PAYMENT,INVOICE,INV00246,,,,,,,
2025-07-02,COMP001,,,,,,TXN7839184B,-8298993.25,,COMPLETED,,,,,,,,,PAYABLE,,,,,,,,,,,,,,,,,,,,,,Payment to SUP011 – INV00243,,,,SUPPLIER_PAYMENT,INVOICE,INV00243,,,,,,,
2025-07-02,COMP001,,,,,,TXN1B0E0A4F,15857955.12,,COMPLETED,,,,,,,,,SALES_RECEIPTS,,,,,,,,,,,,,,,,,,,,,,Daily dealership & fleet sales collection,,,,CUSTOMER_PAYMENT,COMPANY,COMP001,,,,,,,
2025-07-02,COMP001,,,,,,TXNA4A815C8,-49130824.51,,COMPLETED,,,,,,,,,PAYABLE,,,,,,,,,,,,,,,,,,,,,,Payment to SUP007 – INV00411,,,,SUPPLIER_PAYMENT,INVOICE,INV00411,,,,,,,
2025-07-02,COMP001,,,,,,TXNAC3BD548,-4782441.12,,COMPLETED,,,,,,,,,OPEX,,,,,,,,,,,,,,,,,,,,,,Daily operating expenses,,,,OPERATING_EXPENSE,COMPANY,COMP001,,,,,,,
2025-07-03,COMP001,,,,,,TXN4CD734D2,11163601.43,,COMPLETED,,,,,,,,,SALES_RECEIPTS,,,,,,,,,,,,,,,,,,,,,,Daily dealership & fleet sales collection,,,,CUSTOMER_PAYMENT,COMPANY,COMP001,,,,,,,
2025-07-03,COMP001,,,,,,TXN2CCDFE7C,6915175.95,,COMPLETED,,,,,,,,,RECEIVABLE,,,,,,,,,,,,,,,,,,,,,,Collection from CUST012 – RCV00009,,,,CUSTOMER_PAYMENT,RECEIVABLE,RCV00009,,,,,,,
2025-07-03,COMP001,,,,,,TXNA02F5AF4,-9128494.1,,COMPLETED,,,,,,,,,OPEX,,,,,,,,,,,,,,,,,,,,,,Daily operating expenses,,,,OPERATING_EXPENSE,COMPANY,COMP001,,,,,,,
2025-07-03,COMP001,,,,,,TXN797F3CB3,13344800.16,,COMPLETED,,,,,,,,,RECEIVABLE,,,,,,,,,,,,,,,,,,,,,,Collection from CUST018 – RCV00284,,,,CUSTOMER_PAYMENT,RECEIVABLE,RCV00284,,,,,,,
2025-07-04,COMP001,,,,,,TXNC1A1109B,-10541347.45,,COMPLETED,,,,,,,,,PAYABLE,,,,,,,,,,,,,,,,,,,,,,Payment to SUP002 – INV00356,,,,SUPPLIER_PAYMENT,INVOICE,INV00356,,,,,,,
2025-07-04,COMP001,,,,,,TXN494492B1,-6130619.04,,COMPLETED,,,,,,,,,PAYABLE,,,,,,,,,,,,,,,,,,,,,,Payment to SUP010 – INV00374,,,,SUPPLIER_PAYMENT,INVOICE,INV00374,,,,,,,
2025-07-04,COMP001,,,,,,TXNDAD7D57F,-4643928.28,,COMPLETED,,,,,,,,,OPEX,,,,,,,,,,,,,,,,,,,,,,Daily operating expenses,,,,OPERATING_EXPENSE,COMPANY,COMP001,,,,,,,
2025-07-04,COMP001,,,,,,TXN48A199E7,31413108.41,,COMPLETED,,,,,,,,,SALES_RECEIPTS,,,,,,,,,,,,,,,,,,,,,,Daily dealership & fleet sales collection,,,,CUSTOMER_PAYMENT,COMPANY,COMP001,,,,,,,
2025-07-04,COMP001,,,,,,TXN575E52C2,-59262688.72,,COMPLETED,,,,,,,,,PAYABLE,,,,,,,,,,,,,,,,,,,,,,Payment to SUP001 – INV00106,,,,SUPPLIER_PAYMENT,INVOICE,INV00106,,,,,,,
2025-07-05,COMP001,,,,,,TXN554C13EC,-1510441.83,,COMPLETED,,,,,,,,,OPEX,,,,,,,,,,,,,,,,,,,,,,Daily operating expenses,,,,OPERATING_EXPENSE,COMPANY,COMP001,,,,,,,
2025-07-05,COMP001,,,,,,TXN843522C2,52183330.49,,COMPLETED,,,,,,,,,RECEIVABLE,,,,,,,,,,,,,,,,,,,,,,Collection from CUST011 – RCV00121,,,,CUSTOMER_PAYMENT,RECEIVABLE,RCV00121,,,,,,,
2025-07-05,COMP001,,,,,,TXN916D97A3,2032022.02,,COMPLETED,,,,,,,,,SALES_RECEIPTS,,,,,,,,,,,,,,,,,,,,,,Daily dealership & fleet sales collection,,,,CUSTOMER_PAYMENT,COMPANY,COMP001,,,,,,,
2025-07-06,COMP001,,,,,,TXN9EB73B2B,26391244.08,,COMPLETED,,,,,,,,,RECEIVABLE,,,,,,,,,,,,,,,,,,,,,,Collection from CUST007 – RCV00057,,,,CUSTOMER_PAYMENT,RECEIVABLE,RCV00057,,,,,,,
2025-07-06,COMP001,,,,,,TXNF7E82675,-22904550.26,,COMPLETED,,,,,,,,,PAYABLE,,,,,,,,,,,,,,,,,,,,,,Payment to SUP012 – INV00178,,,,SUPPLIER_PAYMENT,INVOICE,INV00178,,,,,,,
2025-07-06,COMP001,,,,,,TXNC3725111,16497519.56,,COMPLETED,,,,,,,,,RECEIVABLE,,,,,,,,,,,,,,,,,,,,,,Collection from CUST002 – RCV00072,,,,CUSTOMER_PAYMENT,RECEIVABLE,RCV00072,,,,,,,
2025-07-06,COMP001,,,,,,TXN21D9D08F,2745149.89,,COMPLETED,,,,,,,,,SALES_RECEIPTS,,,,,,,,,,,,,,,,,,,,,,Daily dealership & fleet sales collection,,,,CUSTOMER_PAYMENT,COMPANY,COMP001,,,,,,,
2025-07-06,COMP001,,,,,,TXNC021F8D5,19569685.76,,COMPLETED,,,,,,,,,RECEIVABLE,,,,,,,,,,,,,,,,,,,,,,Collection from CUST014 – RCV00140,,,,CUSTOMER_PAYMENT,RECEIVABLE,RCV00140,,,,,,,
2025-07-06,COMP001,,,,,,TXN71147225,-1765912.11,,COMPLETED,,,,,,,,,OPEX,,,,,,,,,,,,,,,,,,,,,,Daily operating expenses,,,,OPERATING_EXPENSE,COMPANY,COMP001,,,,,,,
2025-07-07,COMP001,,,,,,TXNB536CDF8,-7272370.73,,COMPLETED,,,,,,,,,PAYABLE,,,,,,,,,,,,,,,,,,,,,,Payment to SUP002 – INV00378,,,,SUPPLIER_PAYMENT,INVOICE,INV00378,,,,,,,
2025-07-07,COMP001,,,,,,TXN8C6EEE8F,-8227729.17,,COMPLETED,,,,,,,,,OPEX,,,,,,,,,,,,,,,,,,,,,,Daily operating expenses,,,,OPERATING_EXPENSE,COMPANY,COMP001,,,,,,,
2025-07-07,COMP001,,,,,,TXN5DC3807E,-23856506.74,,COMPLETED,,,,,,,,,PAYABLE,,,,,,,,,,,,,,,,,,,,,,Payment to SUP010 – INV00439,,,,SUPPLIER_PAYMENT,INVOICE,INV00439,,,,,,,
2025-07-07,COMP001,,,,,,TXNB6444A3D,18717276.24,,COMPLETED,,,,,,,,,SALES_RECEIPTS,,,,,,,,,,,,,,,,,,,,,,Daily dealership & fleet sales collection,,,,CUSTOMER_PAYMENT,COMPANY,COMP001,,,,,,,
2025-07-08,COMP001,,,,,,TXN1E069E39,-57069623.87,,COMPLETED,,,,,,,,,PAYABLE,,,,,,,,,,,,,,,,,,,,,,Payment to SUP001 – INV00013,,,,SUPPLIER_PAYMENT,INVOICE,INV00013,,,,,,,
2025-07-08,COMP001,,,,,,TXN4A50E186,52167921.58,,COMPLETED,,,,,,,,,RECEIVABLE,,,,,,,,,,,,,,,,,,,,,,Collection from CUST008 – RCV00191,,,,CUSTOMER_PAYMENT,RECEIVABLE,RCV00191,,,,,,,
2025-07-08,COMP001,,,,,,TXN5CDD81C5,-5269185.48,,COMPLETED,,,,,,,,,OPEX,,,,,,,,,,,,,,,,,,,,,,Daily operating expenses,,,,OPERATING_EXPENSE,COMPANY,COMP001,,,,,,,
2025-07-08,COMP001,,,,,,TXNA6ED655D,23095662.45,,COMPLETED,,,,,,,,,SALES_RECEIPTS,,,,,,,,,,,,,,,,,,,,,,Daily dealership & fleet sales collection,,,,CUSTOMER_PAYMENT,COMPANY,COMP001,,,,,,,
2025-07-08,COMP001,,,,,,TXNDC89640D,51775681.9,,COMPLETED,,,,,,,,,RECEIVABLE,,,,,,,,,,,,,,,,,,,,,,Collection from CUST012 – RCV00166,,,,CUSTOMER_PAYMENT,RECEIVABLE,RCV00166,,,,,,,
2025-07-08,COMP001,,,,,,TXNBFABE604,-25707443.11,,COMPLETED,,,,,,,,,PAYABLE,,,,,,,,,,,,,,,,,,,,,,Payment to SUP015 – INV00039,,,,SUPPLIER_PAYMENT,INVOICE,INV00039,,,,,,,
2025-07-09,COMP001,,,,,,TXNFB2CE8BD,8578883.59,,COMPLETED,,,,,,,,,SALES_RECEIPTS,,,,,,,,,,,,,,,,,,,,,,Daily dealership & fleet sales collection,,,,CUSTOMER_PAYMENT,COMPANY,COMP001,,,,,,,
2025-07-09,COMP001,,,,,,TXNF8F7B3F1,-10608770.95,,COMPLETED,,,,,,,,,PAYABLE,,,,,,,,,,,,,,,,,,,,,,Payment to SUP006 – INV00264,,,,SUPPLIER_PAYMENT,INVOICE,INV00264,,,,,,,
2025-07-09,COMP001,,,,,,TXN0E7D64EF,-8522364.74,,COMPLETED,,,,,,,,,PAYABLE,,,,,,,,,,,,,,,,,,,,,,Payment to SUP011 – INV00219,,,,SUPPLIER_PAYMENT,INVOICE,INV00219,,,,,,,
2025-07-09,COMP001,,,,,,TXN3345BB9C,-5250511.77,,COMPLETED,,,,,,,,,OPEX,,,,,,,,,,,,,,,,,,,,,,Daily operating expenses,,,,OPERATING_EXPENSE,COMPANY,COMP001,,,,,,,
2025-07-10,COMP001,,,,,,TXNEFBA3DDC,23323726.52,,COMPLETED,,,,,,,,,RECEIVABLE,,,,,,,,,,,,,,,,,,,,,,Collection from CUST017 – RCV00068,,,,CUSTOMER_PAYMENT,RECEIVABLE,RCV00068,,,,,,,
2025-07-10,COMP001,,,,,,TXN1E448532,-6529635.1,,COMPLETED,,,,,,,,,OPEX,,,,,,,,,,,,,,,,,,,,,,Daily operating expenses,,,,OPERATING_EXPENSE,COMPANY,COMP001,,,,,,,
2025-07-10,COMP001,,,,,,TXN718B2EAC,16852004.8,,COMPLETED,,,,,,,,,SALES_RECEIPTS,,,,,,,,,,,,,,,,,,,,,,Daily dealership & fleet sales collection,,,,CUSTOMER_PAYMENT,COMPANY,COMP001,,,,,,,
2025-07-11,COMP001,,,,,,TXN5C1FE973,32340132.46,,COMPLETED,,,,,,,,,RECEIVABLE,,,,,,,,,,,,,,,,,,,,,,Collection from CUST011 – RCV00132,,,,CUSTOMER_PAYMENT,RECEIVABLE,RCV00132,,,,,,,
2025-07-11,COMP001,,,,,,TXN93A68F03,10763382.18,,COMPLETED,,,,,,,,,RECEIVABLE,,,,,,,,,,,,,,,,,,,,,,Collection from CUST011 – RCV00209,,,,CUSTOMER_PAYMENT,RECEIVABLE,RCV00209,,,,,,,
2025-07-11,COMP001,,,,,,TXN1E07EFD2,-5899358.58,,COMPLETED,,,,,,,,,OPEX,,,,,,,,,,,,,,,,,,,,,,Daily operating expenses,,,,OPERATING_EXPENSE,COMPANY,COMP001,,,,,,,
2025-07-11,COMP001,,,,,,TXN91A2398A,46308355.26,,COMPLETED,,,,,,,,,RECEIVABLE,,,,,,,,,,,,,,,,,,,,,,Collection from CUST007 – RCV00150,,,,CUSTOMER_PAYMENT,RECEIVABLE,RCV00150,,,,,,,
2025-07-11,COMP001,,,,,,TXN75B1C3F2,18979401.24,,COMPLETED,,,,,,,,,SALES_RECEIPTS,,,,,,,,,,,,,,,,,,,,,,Daily dealership & fleet sales collection,,,,CUSTOMER_PAYMENT,COMPANY,COMP001,,,,,,,
2025-07-12,COMP001,,,,,,TXNA4A91F42,-17093060.62,,COMPLETED,,,,,,,,,PAYABLE,,,,,,,,,,,,,,,,,,,,,,Payment to SUP010 – INV00107,,,,SUPPLIER_PAYMENT,INVOICE,INV00107,,,,,,,
2025-07-12,COMP001,,,,,,TXNC0FD556B,-34206937.4,,COMPLETED,,,,,,,,,PAYABLE,,,,,,,,,,,,,,,,,,,,,,Payment to SUP001 – INV00393,,,,SUPPLIER_PAYMENT,INVOICE,INV00393,,,,,,,
2025-07-12,COMP001,,,,,,TXN491D4394,2222184.14,,COMPLETED,,,,,,,,,SALES_RECEIPTS,,,,,,,,,,,,,,,,,,,,,,Daily dealership & fleet sales collection,,,,CUSTOMER_PAYMENT,COMPANY,COMP001,,,,,,,
2025-07-12,COMP001,,,,,,TXNA48FA51D,-40264157.71,,COMPLETED,,,,,,,,,PAYABLE,,,,,,,,,,,,,,,,,,,,,,Payment to SUP011 – INV00292,,,,SUPPLIER_PAYMENT,INVOICE,INV00292,,,,,,,
2025-07-12,COMP001,,,,,,TXN89A2F678,-44640959.01,,COMPLETED,,,,,,,,,PAYABLE,,,,,,,,,,,,,,,,,,,,,,Payment to SUP008 – INV00278,,,,SUPPLIER_PAYMENT,INVOICE,INV00278,,,,,,,
2025-07-12,COMP001,,,,,,TXN9DBAC2B8,-1383998.39,,COMPLETED,,,,,,,,,OPEX,,,,,,,,,,,,,,,,,,,,,,Daily operating expenses,,,,OPERATING_EXPENSE,COMPANY,COMP001,,,,,,,
2025-07-13,COMP001,,,,,,TXN36DC4BB9,-746561.73,,COMPLETED,,,,,,,,,OPEX,,,,,,,,,,,,,,,,,,,,,,Daily operating expenses,,,,OPERATING_EXPENSE,COMPANY,COMP001,,,,,,,
2025-07-13,COMP001,,,,,,TXND48B52E5,24194088.84,,COMPLETED,,,,,,,,,RECEIVABLE,,,,,,,,,,,,,,,,,,,,,,Collection from CUST017 – RCV00120,,,,CUSTOMER_PAYMENT,RECEIVABLE,RCV00120,,,,,,,
2025-07-13,COMP001,,,,,,TXN806F8FEC,3782081.43,,COMPLETED,,,,,,,,,SALES_RECEIPTS,,,,,,,,,,,,,,,,,,,,,,Daily dealership & fleet sales collection,,,,CUSTOMER_PAYMENT,COMPANY,COMP001,,,,,,,
2025-07-13,COMP001,,,,,,TXN385E9685,-12035453.82,,COMPLETED,,,,,,,,,PAYABLE,,,,,,,,,,,,,,,,,,,,,,Payment to SUP009 – INV00004,,,,SUPPLIER_PAYMENT,INVOICE,INV00004,,,,,,,
2025-07-14,COMP001,,,,,,TXN324BC228,38293128.54,,COMPLETED,,,,,,,,,RECEIVABLE,,,,,,,,,,,,,,,,,,,,,,Collection from CUST007 – RCV00258,,,,CUSTOMER_PAYMENT,RECEIVABLE,RCV00258,,,,,,,
2025-07-14,COMP001,,,,,,TXN1AA07DD7,15676618.63,,COMPLETED,,,,,,,,,SALES_RECEIPTS,,,,,,,,,,,,,,,,,,,,,,Daily dealership & fleet sales collection,,,,CUSTOMER_PAYMENT,COMPANY,COMP001,,,,,,,
2025-07-14,COMP001,,,,,,TXNE2BAEF8D,-9772338.18,,COMPLETED,,,,,,,,,OPEX,,,,,,,,,,,,,,,,,,,,,,Daily operating expenses,,,,OPERATING_EXPENSE,COMPANY,COMP001,,,,,,,
2025-07-14,COMP001,,,,,,TXN05F2F9EC,-51891805.96,,COMPLETED,,,,,,,,,PAYABLE,,,,,,,,,,,,,,,,,,,,,,Payment to SUP006 – INV00270,,,,SUPPLIER_PAYMENT,INVOICE,INV00270,,,,,,,
2025-07-15,COMP001,,,,,,TXN4E4275EC,-9859107.11,,COMPLETED,,,,,,,,,OPEX,,,,,,,,,,,,,,,,,,,,,,Daily operating expenses,,,,OPERATING_EXPENSE,COMPANY,COMP001,,,,,,,
2025-07-15,COMP001,,,,,,TXN1ED93DA2,26001861.95,,COMPLETED,,,,,,,,,SALES_RECEIPTS,,,,,,,,,,,,,,,,,,,,,,Daily dealership & fleet sales collection,,,,CUSTOMER_PAYMENT,COMPANY,COMP001,,,,,,,
2025-07-15,COMP001,,,,,,TXNE11169DB,77310285.94,,COMPLETED,,,,,,,,,RECEIVABLE,,,,,,,,,,,,,,,,,,,,,,Collection from CUST022 – RCV00126,,,,CUSTOMER_PAYMENT,RECEIVABLE,RCV00126,,,,,,,
2025-07-16,COMP001,,,,,,TXNE47FC32D,-6744697.38,,COMPLETED,,,,,,,,,OPEX,,,,,,,,,,,,,,,,,,,,,,Daily operating expenses,,,,OPERATING_EXPENSE,COMPANY,COMP001,,,,,,,
2025-07-16,COMP001,,,,,,TXNEAF8CB53,10393836.18,,COMPLETED,,,,,,,,,SALES_RECEIPTS,,,,,,,,,,,,,,,,,,,,,,Daily dealership & fleet sales collection,,,,CUSTOMER_PAYMENT,COMPANY,COMP001,,,,,,,
2025-07-16,COMP001,,,,,,TXNC846705A,-52639713.58,,COMPLETED,,,,,,,,,PAYABLE,,,,,,,,,,,,,,,,,,,,,,Payment to SUP003 – INV00008,,,,SUPPLIER_PAYMENT,INVOICE,INV00008,,,,,,,
2025-07-16,COMP001,,,,,,TXN6C57BAE0,-4139178.07,,COMPLETED,,,,,,,,,PAYABLE,,,,,,,,,,,,,,,,,,,,,,Payment to SUP003 – INV00422,,,,SUPPLIER_PAYMENT,INVOICE,INV00422,,,,,,,
2025-07-17,COMP001,,,,,,TXN8C055BEC,-39267007.7,,COMPLETED,,,,,,,,,PAYABLE,,,,,,,,,,,,,,,,,,,,,,Payment to SUP003 – INV00203,,,,SUPPLIER_PAYMENT,INVOICE,INV00203,,,,,,,
2025-07-17,COMP001,,,,,,TXN3F90730C,-5630992.29,,COMPLETED,,,,,,,,,OPEX,,,,,,,,,,,,,,,,,,,,,,Daily operating expenses,,,,OPERATING_EXPENSE,COMPANY,COMP001,,,,,,,
2025-07-17,COMP001,,,,,,TXN31925760,-27750119.94,,COMPLETED,,,,,,,,,PAYABLE,,,,,,,,,,,,,,,,,,,,,,Payment to SUP005 – INV00066,,,,SUPPLIER_PAYMENT,INVOICE,INV00066,,,,,,,
2025-07-17,COMP001,,,,,,TXN12970622,-35588666.42,,COMPLETED,,,,,,,,,PAYABLE,,,,,,,,,,,,,,,,,,,,,,Payment to SUP011 – INV00154,,,,SUPPLIER_PAYMENT,INVOICE,INV00154,,,,,,,
2025-07-17,COMP001,,,,,,TXNCDBF2B83,55063942.08,,COMPLETED,,,,,,,,,RECEIVABLE,,,,,,,,,,,,,,,,,,,,,,Collection from CUST004 – RCV00335,,,,CUSTOMER_PAYMENT,RECEIVABLE,RCV00335,,,,,,,
2025-07-17,COMP001,,,,,,TXN69A5BA1B,14701919.81,,COMPLETED,,,,,,,,,SALES_RECEIPTS,,,,,,,,,,,,,,,,,,,,,,Daily dealership & fleet sales collection,,,,CUSTOMER_PAYMENT,COMPANY,COMP001,,,,,,,
2025-07-17,COMP001,,,,,,TXN959EEFBB,64134521.89,,COMPLETED,,,,,,,,,RECEIVABLE,,,,,,,,,,,,,,,,,,,,,,Collection from CUST004 – RCV00040,,,,CUSTOMER_PAYMENT,RECEIVABLE,RCV00040,,,,,,,
2025-07-18,COMP001,,,,,,TXN402DF122,-26068721.99,,COMPLETED,,,,,,,,,PAYABLE,,,,,,,,,,,,,,,,,,,,,,Payment to SUP015 – INV00430,,,,SUPPLIER_PAYMENT,INVOICE,INV00430,,,,,,,
2025-07-18,COMP001,,,,,,TXN79E0545B,-42167735.21,,COMPLETED,,,,,,,,,PAYABLE,,,,,,,,,,,,,,,,,,,,,,Payment to SUP007 – INV00453,,,,SUPPLIER_PAYMENT,INVOICE,INV00453,,,,,,,
2025-07-18,COMP001,,,,,,TXNCD9FB264,-7713196.32,,COMPLETED,,,,,,,,,OPEX,,,,,,,,,,,,,,,,,,,,,,Daily operating expenses,,,,OPERATING_EXPENSE,COMPANY,COMP001,,,,,,,
2025-07-18,COMP001,,,,,,TXNB679967E,-44311823.48,,COMPLETED,,,,,,,,,PAYABLE,,,,,,,,,,,,,,,,,,,,,,Payment to SUP005 – INV00172,,,,SUPPLIER_PAYMENT,INVOICE,INV00172,,,,,,,
2025-07-18,COMP001,,,,,,TXN31E0CB61,26923816.09,,COMPLETED,,,,,,,,,SALES_RECEIPTS,,,,,,,,,,,,,,,,,,,,,,Daily dealership & fleet sales collection,,,,CUSTOMER_PAYMENT,COMPANY,COMP001,,,,,,,
2025-07-18,COMP001,,,,,,TXN44C44279,-50538408.21,,COMPLETED,,,,,,,,,PAYABLE,,,,,,,,,,,,,,,,,,,,,,Payment to SUP009 – INV00058,,,,SUPPLIER_PAYMENT,INVOICE,INV00058,,,,,,,
2025-07-19,COMP001,,,,,,TXN33118B4B,45869919.57,,COMPLETED,,,,,,,,,RECEIVABLE,,,,,,,,,,,,,,,,,,,,,,Collection from CUST016 – RCV00274,,,,CUSTOMER_PAYMENT,RECEIVABLE,RCV00274,,,,,,,
2025-07-19,COMP001,,,,,,TXN24BE098D,1289739.3,,COMPLETED,,,,,,,,,SALES_RECEIPTS,,,,,,,,,,,,,,,,,,,,,,Daily dealership & fleet sales collection,,,,CUSTOMER_PAYMENT,COMPANY,COMP001,,,,,,,
2025-07-19,COMP001,,,,,,TXN7B878F17,-732009.54,,COMPLETED,,,,,,,,,OPEX,,,,,,,,,,,,,,,,,,,,,,Daily operating expenses,,,,OPERATING_EXPENSE,COMPANY,COMP001,,,,,,,
2025-07-20,COMP001,,,,,,TXN1AE13A16,40701274.68,,COMPLETED,,,,,,,,,RECEIVABLE,,,,,,,,,,,,,,,,,,,,,,Collection from CUST001 – RCV00163,,,,CUSTOMER_PAYMENT,RECEIVABLE,RCV00163,,,,,,,
2025-07-20,COMP001,,,,,,TXN69FE27D6,-1550891.22,,COMPLETED,,,,,,,,,OPEX,,,,,,,,,,,,,,,,,,,,,,Daily operating expenses,,,,OPERATING_EXPENSE,COMPANY,COMP001,,,,,,,
2025-07-20,COMP001,,,,,,TXN81C641EA,2617793.2,,COMPLETED,,,,,,,,,SALES_RECEIPTS,,,,,,,,,,,,,,,,,,,,,,Daily dealership & fleet sales collection,,,,CUSTOMER_PAYMENT,COMPANY,COMP001,,,,,,,
2025-07-21,COMP001,,,,,,TXN6AE4F025,-8471011.15,,COMPLETED,,,,,,,,,OPEX,,,,,,,,,,,,,,,,,,,,,,Daily operating expenses,,,,OPERATING_EXPENSE,COMPANY,COMP001,,,,,,,
2025-07-21,COMP001,,,,,,TXNA95C6098,15456798.04,,COMPLETED,,,,,,,,,SALES_RECEIPTS,,,,,,,,,,,,,,,,,,,,,,Daily dealership & fleet sales collection,,,,CUSTOMER_PAYMENT,COMPANY,COMP001,,,,,,,
2025-07-21,COMP001,,,,,,TXND47024E2,-24828369.78,,COMPLETED,,,,,,,,,PAYABLE,,,,,,,,,,,,,,,,,,,,,,Payment to SUP008 – INV00179,,,,SUPPLIER_PAYMENT,INVOICE,INV00179,,,,,,,
2025-07-22,COMP001,,,,,,TXN1BC6533C,-38381645.65,,COMPLETED,,,,,,,,,PAYABLE,,,,,,,,,,,,,,,,,,,,,,Payment to SUP004 – INV00032,,,,SUPPLIER_PAYMENT,INVOICE,INV00032,,,,,,,
2025-07-22,COMP001,,,,,,TXNB41F9356,-5709615.89,,COMPLETED,,,,,,,,,OPEX,,,,,,,,,,,,,,,,,,,,,,Daily operating expenses,,,,OPERATING_EXPENSE,COMPANY,COMP001,,,,,,,
2025-07-22,COMP001,,,,,,TXNB6385CBA,23877408.27,,COMPLETED,,,,,,,,,SALES_RECEIPTS,,,,,,,,,,,,,,,,,,,,,,Daily dealership & fleet sales collection,,,,CUSTOMER_PAYMENT,COMPANY,COMP001,,,,,,,
2025-07-22,COMP001,,,,,,TXN5B2138B8,-49151681.9,,COMPLETED,,,,,,,,,PAYABLE,,,,,,,,,,,,,,,,,,,,,,Payment to SUP015 – INV00140,,,,SUPPLIER_PAYMENT,INVOICE,INV00140,,,,,,,
2025-07-23,COMP001,,,,,,TXN894C071A,-3314231.26,,COMPLETED,,,,,,,,,OPEX,,,,,,,,,,,,,,,,,,,,,,Daily operating expenses,,,,OPERATING_EXPENSE,COMPANY,COMP001,,,,,,,
2025-07-23,COMP001,,,,,,TXN6CDB74D2,10529165.73,,COMPLETED,,,,,,,,,SALES_RECEIPTS,,,,,,,,,,,,,,,,,,,,,,Daily dealership & fleet sales collection,,,,CUSTOMER_PAYMENT,COMPANY,COMP001,,,,,,,
2025-07-23,COMP001,,,,,,TXN5BB1CE3A,-82910741.2,,COMPLETED,,,,,,,,,EXCEPTIONAL,,,,,,,,,,,,,,,,,,,,,,Regulatory fine,,,,UNEXPECTED_EXPENSE,COMPANY,COMP001,,,,,,,
2025-07-23,COMP001,,,,,,TXN7828B1E6,46957391.6,,COMPLETED,,,,,,,,,RECEIVABLE,,,,,,,,,,,,,,,,,,,,,,Collection from CUST020 – RCV00001,,,,CUSTOMER_PAYMENT,RECEIVABLE,RCV00001,,,,,,,
2025-07-23,COMP001,,,,,,TXN6C6545DD,16722758.6,,COMPLETED,,,,,,,,,RECEIVABLE,,,,,,,,,,,,,,,,,,,,,,Collection from CUST001 – RCV00005,,,,CUSTOMER_PAYMENT,RECEIVABLE,RCV00005,,,,,,,
2025-07-24,COMP001,,,,,,TXNF3A32FB4,12958669.86,,COMPLETED,,,,,,,,,SALES_RECEIPTS,,,,,,,,,,,,,,,,,,,,,,Daily dealership & fleet sales collection,,,,CUSTOMER_PAYMENT,COMPANY,COMP001,,,,,,,
2025-07-24,COMP001,,,,,,TXN349D0E9D,42608007.7,,COMPLETED,,,,,,,,,RECEIVABLE,,,,,,,,,,,,,,,,,,,,,,Collection from CUST017 – RCV00242,,,,CUSTOMER_PAYMENT,RECEIVABLE,RCV00242,,,,,,,
2025-07-24,COMP001,,,,,,TXN1ED6B3AD,29653005.87,,COMPLETED,,,,,,,,,RECEIVABLE,,,,,,,,,,,,,,,,,,,,,,Collection from CUST012 – RCV00350,,,,CUSTOMER_PAYMENT,RECEIVABLE,RCV00350,,,,,,,
2025-07-24,COMP001,,,,,,TXN5F5F078F,-6260233.84,,COMPLETED,,,,,,,,,OPEX,,,,,,,,,,,,,,,,,,,,,,Daily operating expenses,,,,OPERATING_EXPENSE,COMPANY,COMP001,,,,,,,
2025-07-25,COMP001,,,,,,TXN2844AED0,28563748.43,,COMPLETED,,,,,,,,,SALES_RECEIPTS,,,,,,,,,,,,,,,,,,,,,,Daily dealership & fleet sales collection,,,,CUSTOMER_PAYMENT,COMPANY,COMP001,,,,,,,
2025-07-25,COMP001,,,,,,TXNEE4C0437,-18102669.41,,COMPLETED,,,,,,,,,PAYABLE,,,,,,,,,,,,,,,,,,,,,,Payment to SUP011 – INV00397,,,,SUPPLIER_PAYMENT,INVOICE,INV00397,,,,,,,
2025-07-25,COMP001,,,,,,TXN18BCEBD2,-5405780.13,,COMPLETED,,,,,,,,,OPEX,,,,,,,,,,,,,,,,,,,,,,Daily operating expenses,,,,OPERATING_EXPENSE,COMPANY,COMP001,,,,,,,
2025-07-26,COMP001,,,,,,TXN258D3421,1933029.34,,COMPLETED,,,,,,,,,SALES_RECEIPTS,,,,,,,,,,,,,,,,,,,,,,Daily dealership & fleet sales collection,,,,CUSTOMER_PAYMENT,COMPANY,COMP001,,,,,,,
2025-07-26,COMP001,,,,,,TXN333DB83A,-14111910.56,,COMPLETED,,,,,,,,,PAYABLE,,,,,,,,,,,,,,,,,,,,,,Payment to SUP009 – INV00150,,,,SUPPLIER_PAYMENT,INVOICE,INV00150,,,,,,,
2025-07-26,COMP001,,,,,,TXN69438454,-1504111.72,,COMPLETED,,,,,,,,,OPEX,,,,,,,,,,,,,,,,,,,,,,Daily operating expenses,,,,OPERATING_EXPENSE,COMPANY,COMP001,,,,,,,
2025-07-26,COMP001,,,,,,TXNA9327494,4647288.25,,COMPLETED,,,,,,,,,RECEIVABLE,,,,,,,,,,,,,,,,,,,,,,Collection from CUST016 – RCV00175,,,,CUSTOMER_PAYMENT,RECEIVABLE,RCV00175,,,,,,,
2025-07-27,COMP001,,,,,,TXN5835E28B,-768000.72,,COMPLETED,,,,,,,,,OPEX,,,,,,,,,,,,,,,,,,,,,,Daily operating expenses,,,,OPERATING_EXPENSE,COMPANY,COMP001,,,,,,,
2025-07-27,COMP001,,,,,,TXN260D7B77,3728351.56,,COMPLETED,,,,,,,,,SALES_RECEIPTS,,,,,,,,,,,,,,,,,,,,,,Daily dealership & fleet sales collection,,,,CUSTOMER_PAYMENT,COMPANY,COMP001,,,,,,,
2025-07-27,COMP001,,,,,,TXN3A6097EB,-37882349.86,,COMPLETED,,,,,,,,,PAYABLE,,,,,,,,,,,,,,,,,,,,,,Payment to SUP006 – INV00225,,,,SUPPLIER_PAYMENT,INVOICE,INV00225,,,,,,,
2025-07-27,COMP001,,,,,,TXN4506D3EA,-50046670.84,,COMPLETED,,,,,,,,,PAYABLE,,,,,,,,,,,,,,,,,,,,,,Payment to SUP002 – INV00249,,,,SUPPLIER_PAYMENT,INVOICE,INV00249,,,,,,,
2025-07-28,COMP001,,,,,,TXN6FDC9943,10203880.78,,COMPLETED,,,,,,,,,SALES_RECEIPTS,,,,,,,,,,,,,,,,,,,,,,Daily dealership & fleet sales collection,,,,CUSTOMER_PAYMENT,COMPANY,COMP001,,,,,,,
2025-07-28,COMP001,,,,,,TXND41A5D23,-7600401.95,,COMPLETED,,,,,,,,,OPEX,,,,,,,,,,,,,,,,,,,,,,Daily operating expenses,,,,OPERATING_EXPENSE,COMPANY,COMP001,,,,,,,
2025-07-28,COMP001,,,,,,TXN57548192,16994671.14,,COMPLETED,,,,,,,,,RECEIVABLE,,,,,,,,,,,,,,,,,,,,,,Collection from CUST008 – RCV00103,,,,CUSTOMER_PAYMENT,RECEIVABLE,RCV00103,,,,,,,
2025-07-28,COMP001,,,,,,TXN6462EB5A,-5020058.62,,COMPLETED,,,,,,,,,PAYABLE,,,,,,,,,,,,,,,,,,,,,,Payment to SUP008 – INV00271,,,,SUPPLIER_PAYMENT,INVOICE,INV00271,,,,,,,
2025-07-29,COMP001,,,,,,TXN9E1AFF60,-6078860.28,,COMPLETED,,,,,,,,,OPEX,,,,,,,,,,,,,,,,,,,,,,Daily operating expenses,,,,OPERATING_EXPENSE,COMPANY,COMP001,,,,,,,
2025-07-29,COMP001,,,,,,TXN2F4AC7AF,-16201189.95,,COMPLETED,,,,,,,,,PAYABLE,,,,,,,,,,,,,,,,,,,,,,Payment to SUP001 – INV00030,,,,SUPPLIER_PAYMENT,INVOICE,INV00030,,,,,,,
2025-07-29,COMP001,,,,,,TXN46526EB1,22495295.88,,COMPLETED,,,,,,,,,SALES_RECEIPTS,,,,,,,,,,,,,,,,,,,,,,Daily dealership & fleet sales collection,,,,CUSTOMER_PAYMENT,COMPANY,COMP001,,,,,,,
2025-07-30,COMP001,,,,,,TXND4BF8139,10438328.57,,COMPLETED,,,,,,,,,RECEIVABLE,,,,,,,,,,,,,,,,,,,,,,Collection from CUST014 – RCV00086,,,,CUSTOMER_PAYMENT,RECEIVABLE,RCV00086,,,,,,,
2025-07-30,COMP001,,,,,,TXN0E8AF9A3,-8793254.51,,COMPLETED,,,,,,,,,OPEX,,,,,,,,,,,,,,,,,,,,,,Daily operating expenses,,,,OPERATING_EXPENSE,COMPANY,COMP001,,,,,,,
2025-07-30,COMP001,,,,,,TXN3EDA17EB,20554711.73,,COMPLETED,,,,,,,,,SALES_RECEIPTS,,,,,,,,,,,,,,,,,,,,,,Daily dealership & fleet sales collection,,,,CUSTOMER_PAYMENT,COMPANY,COMP001,,,,,,,
2025-07-31,COMP001,,,,,,TXN4472520B,-13561560.56,,COMPLETED,,,,,,,,,OPEX,,,,,,,,,,,,,,,,,,,,,,Daily operating expenses,,,,OPERATING_EXPENSE,COMPANY,COMP001,,,,,,,
2025-07-31,COMP001,,,,,,TXN7F595ECC,-29007436.99,,COMPLETED,,,,,,,,,PAYABLE,,,,,,,,,,,,,,,,,,,,,,Payment to SUP006 – INV00482,,,,SUPPLIER_PAYMENT,INVOICE,INV00482,,,,,,,
2025-07-31,COMP001,,,,,,TXNB42CD3BA,11699711.06,,COMPLETED,,,,,,,,,SALES_RECEIPTS,,,,,,,,,,,,,,,,,,,,,,Daily dealership & fleet sales collection,,,,CUSTOMER_PAYMENT,COMPANY,COMP001,,,,,,,
2025-08-01,COMP001,,,,,,TXN162C0B66,51642572.02,,COMPLETED,,,,,,,,,RECEIVABLE,,,,,,,,,,,,,,,,,,,,,,Collection from CUST022 – RCV00177,,,,CUSTOMER_PAYMENT,RECEIVABLE,RCV00177,,,,,,,
2025-08-01,COMP001,,,,,,TXNBD50AD52,-19149019.32,,COMPLETED,,,,,,,,,PAYABLE,,,,,,,,,,,,,,,,,,,,,,Payment to SUP006 – INV00319,,,,SUPPLIER_PAYMENT,INVOICE,INV00319,,,,,,,
2025-08-01,COMP001,,,,,,TXNAB8E4762,-40334192.99,,COMPLETED,,,,,,,,,PAYABLE,,,,,,,,,,,,,,,,,,,,,,Payment to SUP013 – INV00250,,,,SUPPLIER_PAYMENT,INVOICE,INV00250,,,,,,,
2025-08-01,COMP001,,,,,,TXNA1BF30E7,8853570.01,,COMPLETED,,,,,,,,,RECEIVABLE,,,,,,,,,,,,,,,,,,,,,,Collection from CUST024 – RCV00351,,,,CUSTOMER_PAYMENT,RECEIVABLE,RCV00351,,,,,,,
2025-08-01,COMP001,,,,,,TXN71C49625,-8568541.94,,COMPLETED,,,,,,,,,OPEX,,,,,,,,,,,,,,,,,,,,,,Daily operating expenses,,,,OPERATING_EXPENSE,COMPANY,COMP001,,,,,,,
2025-08-01,COMP001,,,,,,TXN2A4E8B05,21032340.93,,COMPLETED,,,,,,,,,SALES_RECEIPTS,,,,,,,,,,,,,,,,,,,,,,Daily dealership & fleet sales collection,,,,CUSTOMER_PAYMENT,COMPANY,COMP001,,,,,,,
2025-08-02,COMP001,,,,,,TXNBAB5CD88,36713034.01,,COMPLETED,,,,,,,,,RECEIVABLE,,,,,,,,,,,,,,,,,,,,,,Collection from CUST022 – RCV00112,,,,CUSTOMER_PAYMENT,RECEIVABLE,RCV00112,,,,,,,
2025-08-02,COMP001,,,,,,TXN3CE0D676,2487603.49,,COMPLETED,,,,,,,,,SALES_RECEIPTS,,,,,,,,,,,,,,,,,,,,,,Daily dealership & fleet sales collection,,,,CUSTOMER_PAYMENT,COMPANY,COMP001,,,,,,,
2025-08-02,COMP001,,,,,,TXN693E10BA,-1911946.99,,COMPLETED,,,,,,,,,OPEX,,,,,,,,,,,,,,,,,,,,,,Daily operating expenses,,,,OPERATING_EXPENSE,COMPANY,COMP001,,,,,,,
2025-08-02,COMP001,,,,,,TXN08BF8A82,-5277715.93,,COMPLETED,,,,,,,,,PAYABLE,,,,,,,,,,,,,,,,,,,,,,Payment to SUP001 – INV00380,,,,SUPPLIER_PAYMENT,INVOICE,INV00380,,,,,,,
2025-08-03,COMP001,,,,,,TXN4E0C9F52,-634429.11,,COMPLETED,,,,,,,,,OPEX,,,,,,,,,,,,,,,,,,,,,,Daily operating expenses,,,,OPERATING_EXPENSE,COMPANY,COMP001,,,,,,,
2025-08-03,COMP001,,,,,,TXNE6A24329,2211478.5,,COMPLETED,,,,,,,,,SALES_RECEIPTS,,,,,,,,,,,,,,,,,,,,,,Daily dealership & fleet sales collection,,,,CUSTOMER_PAYMENT,COMPANY,COMP001,,,,,,,
2025-08-04,COMP001,,,,,,TXN8B1013CA,-47435785.77,,COMPLETED,,,,,,,,,PAYABLE,,,,,,,,,,,,,,,,,,,,,,Payment to SUP009 – INV00347,,,,SUPPLIER_PAYMENT,INVOICE,INV00347,,,,,,,
2025-08-04,COMP001,,,,,,TXNBCA3A435,42663093.93,,COMPLETED,,,,,,,,,RECEIVABLE,,,,,,,,,,,,,,,,,,,,,,Collection from CUST011 – RCV00280,,,,CUSTOMER_PAYMENT,RECEIVABLE,RCV00280,,,,,,,
2025-08-04,COMP001,,,,,,TXN7FA18D99,11747840.19,,COMPLETED,,,,,,,,,SALES_RECEIPTS,,,,,,,,,,,,,,,,,,,,,,Daily dealership & fleet sales collection,,,,CUSTOMER_PAYMENT,COMPANY,COMP001,,,,,,,
2025-08-04,COMP001,,,,,,TXN8A70CE7C,-3812834.0,,COMPLETED,,,,,,,,,PAYABLE,,,,,,,,,,,,,,,,,,,,,,Payment to SUP001 – INV00131,,,,SUPPLIER_PAYMENT,INVOICE,INV00131,,,,,,,
2025-08-04,COMP001,,,,,,TXND6923174,74802744.61,,COMPLETED,,,,,,,,,RECEIVABLE,,,,,,,,,,,,,,,,,,,,,,Collection from CUST017 – RCV00011,,,,CUSTOMER_PAYMENT,RECEIVABLE,RCV00011,,,,,,,
2025-08-04,COMP001,,,,,,TXN20E53F6C,-3447450.48,,COMPLETED,,,,,,,,,OPEX,,,,,,,,,,,,,,,,,,,,,,Daily operating expenses,,,,OPERATING_EXPENSE,COMPANY,COMP001,,,,,,,
2025-08-04,COMP001,,,,,,TXN6C65D050,38284229.76,,COMPLETED,,,,,,,,,RECEIVABLE,,,,,,,,,,,,,,,,,,,,,,Collection from CUST014 – RCV00332,,,,CUSTOMER_PAYMENT,RECEIVABLE,RCV00332,,,,,,,
2025-08-05,COMP001,,,,,,TXN4FA2F992,-4548920.82,,COMPLETED,,,,,,,,,OPEX,,,,,,,,,,,,,,,,,,,,,,Daily operating expenses,,,,OPERATING_EXPENSE,COMPANY,COMP001,,,,,,,
2025-08-05,COMP001,,,,,,TXNDFD023B3,36318888.63,,COMPLETED,,,,,,,,,RECEIVABLE,,,,,,,,,,,,,,,,,,,,,,Collection from CUST012 – RCV00353,,,,CUSTOMER_PAYMENT,RECEIVABLE,RCV00353,,,,,,,
2025-08-05,COMP001,,,,,,TXN9B5E769F,-3523050.71,,COMPLETED,,,,,,,,,PAYABLE,,,,,,,,,,,,,,,,,,,,,,Payment to SUP011 – INV00351,,,,SUPPLIER_PAYMENT,INVOICE,INV00351,,,,,,,
2025-08-05,COMP001,,,,,,TXN44AA93A2,-12874275.97,,COMPLETED,,,,,,,,,PAYABLE,,,,,,,,,,,,,,,,,,,,,,Payment to SUP012 – INV00052,,,,SUPPLIER_PAYMENT,INVOICE,INV00052,,,,,,,
2025-08-05,COMP001,,,,,,TXN6B2233A1,-45529010.63,,COMPLETED,,,,,,,,,PAYABLE,,,,,,,,,,,,,,,,,,,,,,Payment to SUP004 – INV00346,,,,SUPPLIER_PAYMENT,INVOICE,INV00346,,,,,,,
2025-08-05,COMP001,,,,,,TXN001362F4,24681352.65,,COMPLETED,,,,,,,,,SALES_RECEIPTS,,,,,,,,,,,,,,,,,,,,,,Daily dealership & fleet sales collection,,,,CUSTOMER_PAYMENT,COMPANY,COMP001,,,,,,,
2025-08-06,COMP001,,,,,,TXNDB3655A1,-9444957.08,,COMPLETED,,,,,,,,,OPEX,,,,,,,,,,,,,,,,,,,,,,Daily operating expenses,,,,OPERATING_EXPENSE,COMPANY,COMP001,,,,,,,
2025-08-06,COMP001,,,,,,TXN3C661FEF,-54326061.76,,COMPLETED,,,,,,,,,PAYABLE,,,,,,,,,,,,,,,,,,,,,,Payment to SUP008 – INV00372,,,,SUPPLIER_PAYMENT,INVOICE,INV00372,,,,,,,
2025-08-06,COMP001,,,,,,TXNEB4B0458,11594091.08,,COMPLETED,,,,,,,,,SALES_RECEIPTS,,,,,,,,,,,,,,,,,,,,,,Daily dealership & fleet sales collection,,,,CUSTOMER_PAYMENT,COMPANY,COMP001,,,,,,,
2025-08-07,COMP001,,,,,,TXN2ACCA325,41946659.28,,COMPLETED,,,,,,,,,RECEIVABLE,,,,,,,,,,,,,,,,,,,,,,Collection from CUST024 – RCV00208,,,,CUSTOMER_PAYMENT,RECEIVABLE,RCV00208,,,,,,,
2025-08-07,COMP001,,,,,,TXNC6745EE7,-8703968.96,,COMPLETED,,,,,,,,,OPEX,,,,,,,,,,,,,,,,,,,,,,Daily operating expenses,,,,OPERATING_EXPENSE,COMPANY,COMP001,,,,,,,
2025-08-07,COMP001,,,,,,TXNA69C0AED,18681060.06,,COMPLETED,,,,,,,,,SALES_RECEIPTS,,,,,,,,,,,,,,,,,,,,,,Daily dealership & fleet sales collection,,,,CUSTOMER_PAYMENT,COMPANY,COMP001,,,,,,,
2025-08-08,COMP001,,,,,,TXN46E0554A,-38416832.5,,COMPLETED,,,,,,,,,PAYABLE,,,,,,,,,,,,,,,,,,,,,,Payment to SUP005 – INV00036,,,,SUPPLIER_PAYMENT,INVOICE,INV00036,,,,,,,
2025-08-08,COMP001,,,,,,TXN8906D2EE,30852065.49,,COMPLETED,,,,,,,,,SALES_RECEIPTS,,,,,,,,,,,,,,,,,,,,,,Daily dealership & fleet sales collection,,,,CUSTOMER_PAYMENT,COMPANY,COMP001,,,,,,,
2025-08-08,COMP001,,,,,,TXN118E0270,-4326828.27,,COMPLETED,,,,,,,,,OPEX,,,,,,,,,,,,,,,,,,,,,,Daily operating expenses,,,,OPERATING_EXPENSE,COMPANY,COMP001,,,,,,,
2025-08-09,COMP001,,,,,,TXNA8195499,1936745.39,,COMPLETED,,,,,,,,,SALES_RECEIPTS,,,,,,,,,,,,,,,,,,,,,,Daily dealership & fleet sales collection,,,,CUSTOMER_PAYMENT,COMPANY,COMP001,,,,,,,
2025-08-09,COMP001,,,,,,TXND3AE5068,-1834037.68,,COMPLETED,,,,,,,,,OPEX,,,,,,,,,,,,,,,,,,,,,,Daily operating expenses,,,,OPERATING_EXPENSE,COMPANY,COMP001,,,,,,,
2025-08-09,COMP001,,,,,,TXN7A921BC7,-49137402.15,,COMPLETED,,,,,,,,,PAYABLE,,,,,,,,,,,,,,,,,,,,,,Payment to SUP015 – INV00009,,,,SUPPLIER_PAYMENT,INVOICE,INV00009,,,,,,,
2025-08-10,COMP001,,,,,,TXNCE117352,-59124520.0,,COMPLETED,,,,,,,,,PAYABLE,,,,,,,,,,,,,,,,,,,,,,Payment to SUP007 – INV00483,,,,SUPPLIER_PAYMENT,INVOICE,INV00483,,,,,,,
2025-08-10,COMP001,,,,,,TXN9D320CA4,-16565231.22,,COMPLETED,,,,,,,,,PAYABLE,,,,,,,,,,,,,,,,,,,,,,Payment to SUP015 – INV00262,,,,SUPPLIER_PAYMENT,INVOICE,INV00262,,,,,,,
2025-08-10,COMP001,,,,,,TXN28BD0F9A,3822437.18,,COMPLETED,,,,,,,,,SALES_RECEIPTS,,,,,,,,,,,,,,,,,,,,,,Daily dealership & fleet sales collection,,,,CUSTOMER_PAYMENT,COMPANY,COMP001,,,,,,,
2025-08-10,COMP001,,,,,,TXN1F460268,-1542197.07,,COMPLETED,,,,,,,,,OPEX,,,,,,,,,,,,,,,,,,,,,,Daily operating expenses,,,,OPERATING_EXPENSE,COMPANY,COMP001,,,,,,,
2025-08-10,COMP001,,,,,,TXN547E001E,-42289437.85,,COMPLETED,,,,,,,,,PAYABLE,,,,,,,,,,,,,,,,,,,,,,Payment to SUP003 – INV00343,,,,SUPPLIER_PAYMENT,INVOICE,INV00343,,,,,,,
2025-08-10,COMP001,,,,,,TXN2E6064FC,9172927.0,,COMPLETED,,,,,,,,,RECEIVABLE,,,,,,,,,,,,,,,,,,,,,,Collection from CUST001 – RCV00154,,,,CUSTOMER_PAYMENT,RECEIVABLE,RCV00154,,,,,,,
2025-08-10,COMP001,,,,,,TXNDF5A9744,-50605172.45,,COMPLETED,,,,,,,,,PAYABLE,,,,,,,,,,,,,,,,,,,,,,Payment to SUP011 – INV00101,,,,SUPPLIER_PAYMENT,INVOICE,INV00101,,,,,,,
2025-08-11,COMP001,,,,,,TXN893B26B8,-7608037.25,,COMPLETED,,,,,,,,,OPEX,,,,,,,,,,,,,,,,,,,,,,Daily operating expenses,,,,OPERATING_EXPENSE,COMPANY,COMP001,,,,,,,
2025-08-11,COMP001,,,,,,TXN9900BA93,-46045526.75,,COMPLETED,,,,,,,,,PAYABLE,,,,,,,,,,,,,,,,,,,,,,Payment to SUP009 – INV00473,,,,SUPPLIER_PAYMENT,INVOICE,INV00473,,,,,,,
2025-08-11,COMP001,,,,,,TXNA70F735F,-13495785.96,,COMPLETED,,,,,,,,,PAYABLE,,,,,,,,,,,,,,,,,,,,,,Payment to SUP002 – INV00139,,,,SUPPLIER_PAYMENT,INVOICE,INV00139,,,,,,,
2025-08-11,COMP001,,,,,,TXNB69233BB,12588603.94,,COMPLETED,,,,,,,,,SALES_RECEIPTS,,,,,,,,,,,,,,,,,,,,,,Daily dealership & fleet sales collection,,,,CUSTOMER_PAYMENT,COMPANY,COMP001,,,,,,,
2025-08-12,COMP001,,,,,,TXN33AA81D3,9933398.98,,COMPLETED,,,,,,,,,RECEIVABLE,,,,,,,,,,,,,,,,,,,,,,Collection from CUST004 – RCV00071,,,,CUSTOMER_PAYMENT,RECEIVABLE,RCV00071,,,,,,,
2025-08-12,COMP001,,,,,,TXNBB80FB05,-10907101.14,,COMPLETED,,,,,,,,,PAYABLE,,,,,,,,,,,,,,,,,,,,,,Payment to SUP014 – INV00193,,,,SUPPLIER_PAYMENT,INVOICE,INV00193,,,,,,,
2025-08-12,COMP001,,,,,,TXN3B006A24,25915864.98,,COMPLETED,,,,,,,,,SALES_RECEIPTS,,,,,,,,,,,,,,,,,,,,,,Daily dealership & fleet sales collection,,,,CUSTOMER_PAYMENT,COMPANY,COMP001,,,,,,,
2025-08-12,COMP001,,,,,,TXN591C4322,-44742748.6,,COMPLETED,,,,,,,,,PAYABLE,,,,,,,,,,,,,,,,,,,,,,Payment to SUP010 – INV00143,,,,SUPPLIER_PAYMENT,INVOICE,INV00143,,,,,,,
2025-08-12,COMP001,,,,,,TXN92A1C053,-4510153.08,,COMPLETED,,,,,,,,,OPEX,,,,,,,,,,,,,,,,,,,,,,Daily operating expenses,,,,OPERATING_EXPENSE,COMPANY,COMP001,,,,,,,
2025-08-13,COMP001,,,,,,TXNF9176FE7,-6573005.62,,COMPLETED,,,,,,,,,OPEX,,,,,,,,,,,,,,,,,,,,,,Daily operating expenses,,,,OPERATING_EXPENSE,COMPANY,COMP001,,,,,,,
2025-08-13,COMP001,,,,,,TXNB0D4C5C4,14519605.18,,COMPLETED,,,,,,,,,SALES_RECEIPTS,,,,,,,,,,,,,,,,,,,,,,Daily dealership & fleet sales collection,,,,CUSTOMER_PAYMENT,COMPANY,COMP001,,,,,,,
2025-08-13,COMP001,,,,,,TXN349764FD,-35102588.15,,COMPLETED,,,,,,,,,PAYABLE,,,,,,,,,,,,,,,,,,,,,,Payment to SUP015 – INV00398,,,,SUPPLIER_PAYMENT,INVOICE,INV00398,,,,,,,
2025-08-13,COMP001,,,,,,TXNA4E74D79,-28139005.25,,COMPLETED,,,,,,,,,PAYABLE,,,,,,,,,,,,,,,,,,,,,,Payment to SUP013 – INV00313,,,,SUPPLIER_PAYMENT,INVOICE,INV00313,,,,,,,
2025-08-14,COMP001,,,,,,TXN64793793,-48495396.28,,COMPLETED,,,,,,,,,FINANCING,,,,,,,,,,,,,,,,,,,,,,Repayment to State Bank of India,,,,LOAN_REPAYMENT,FINANCING_OPTION,FIN001,,,,,,,
2025-08-14,COMP001,,,,,,TXNCAFE33C4,27426621.47,,COMPLETED,,,,,,,,,RECEIVABLE,,,,,,,,,,,,,,,,,,,,,,Collection from CUST018 – RCV00007,,,,CUSTOMER_PAYMENT,RECEIVABLE,RCV00007,,,,,,,
2025-08-14,COMP001,,,,,,TXND686F046,-47219422.93,,COMPLETED,,,,,,,,,PAYABLE,,,,,,,,,,,,,,,,,,,,,,Payment to SUP015 – INV00069,,,,SUPPLIER_PAYMENT,INVOICE,INV00069,,,,,,,
2025-08-14,COMP001,,,,,,TXNC4532E3E,-3523519.05,,COMPLETED,,,,,,,,,OPEX,,,,,,,,,,,,,,,,,,,,,,Daily operating expenses,,,,OPERATING_EXPENSE,COMPANY,COMP001,,,,,,,
2025-08-14,COMP001,,,,,,TXND24EB8B0,8011009.06,,COMPLETED,,,,,,,,,SALES_RECEIPTS,,,,,,,,,,,,,,,,,,,,,,Daily dealership & fleet sales collection,,,,CUSTOMER_PAYMENT,COMPANY,COMP001,,,,,,,
2025-08-14,COMP001,,,,,,TXN6DB98D3D,-27850283.64,,COMPLETED,,,,,,,,,PAYABLE,,,,,,,,,,,,,,,,,,,,,,Payment to SUP001 – INV00090,,,,SUPPLIER_PAYMENT,INVOICE,INV00090,,,,,,,
2025-08-14,COMP001,,,,,,TXNB95D624D,-44696490.19,,COMPLETED,,,,,,,,,PAYABLE,,,,,,,,,,,,,,,,,,,,,,Payment to SUP011 – INV00080,,,,SUPPLIER_PAYMENT,INVOICE,INV00080,,,,,,,
2025-08-15,COMP001,,,,,,TXN5F085C32,-4611331.81,,COMPLETED,,,,,,,,,OPEX,,,,,,,,,,,,,,,,,,,,,,Daily operating expenses,,,,OPERATING_EXPENSE,COMPANY,COMP001,,,,,,,
2025-08-15,COMP001,,,,,,TXNBC4F11A5,-14577587.04,,COMPLETED,,,,,,,,,PAYABLE,,,,,,,,,,,,,,,,,,,,,,Payment to SUP005 – INV00182,,,,SUPPLIER_PAYMENT,INVOICE,INV00182,,,,,,,
2025-08-15,COMP001,,,,,,TXN70C120AA,24990381.0,,COMPLETED,,,,,,,,,SALES_RECEIPTS,,,,,,,,,,,,,,,,,,,,,,Daily dealership & fleet sales collection,,,,CUSTOMER_PAYMENT,COMPANY,COMP001,,,,,,,
2025-08-16,COMP001,,,,,,TXN758BFD79,35478730.91,,COMPLETED,,,,,,,,,RECEIVABLE,,,,,,,,,,,,,,,,,,,,,,Collection from CUST005 – RCV00173,,,,CUSTOMER_PAYMENT,RECEIVABLE,RCV00173,,,,,,,
2025-08-16,COMP001,,,,,,TXN7B5ADA77,3210847.64,,COMPLETED,,,,,,,,,SALES_RECEIPTS,,,,,,,,,,,,,,,,,,,,,,Daily dealership & fleet sales collection,,,,CUSTOMER_PAYMENT,COMPANY,COMP001,,,,,,,
2025-08-16,COMP001,,,,,,TXNAE4236B8,-40515769.14,,COMPLETED,,,,,,,,,PAYABLE,,,,,,,,,,,,,,,,,,,,,,Payment to SUP010 – INV00198,,,,SUPPLIER_PAYMENT,INVOICE,INV00198,,,,,,,
2025-08-16,COMP001,,,,,,TXN025F26F3,-1414918.39,,COMPLETED,,,,,,,,,OPEX,,,,,,,,,,,,,,,,,,,,,,Daily operating expenses,,,,OPERATING_EXPENSE,COMPANY,COMP001,,,,,,,
2025-08-17,COMP001,,,,,,TXN31206DBC,3711890.44,,COMPLETED,,,,,,,,,SALES_RECEIPTS,,,,,,,,,,,,,,,,,,,,,,Daily dealership & fleet sales collection,,,,CUSTOMER_PAYMENT,COMPANY,COMP001,,,,,,,
2025-08-17,COMP001,,,,,,TXN5E4BD959,17052534.66,,COMPLETED,,,,,,,,,RECEIVABLE,,,,,,,,,,,,,,,,,,,,,,Collection from CUST004 – RCV00201,,,,CUSTOMER_PAYMENT,RECEIVABLE,RCV00201,,,,,,,
2025-08-17,COMP001,,,,,,TXN677D7996,-1489210.9,,COMPLETED,,,,,,,,,OPEX,,,,,,,,,,,,,,,,,,,,,,Daily operating expenses,,,,OPERATING_EXPENSE,COMPANY,COMP001,,,,,,,
2025-08-18,COMP001,,,,,,TXN1AD1D441,-9424588.13,,COMPLETED,,,,,,,,,OPEX,,,,,,,,,,,,,,,,,,,,,,Daily operating expenses,,,,OPERATING_EXPENSE,COMPANY,COMP001,,,,,,,
2025-08-18,COMP001,,,,,,TXN7211D21F,9903496.3,,COMPLETED,,,,,,,,,SALES_RECEIPTS,,,,,,,,,,,,,,,,,,,,,,Daily dealership & fleet sales collection,,,,CUSTOMER_PAYMENT,COMPANY,COMP001,,,,,,,
2025-08-18,COMP001,,,,,,TXN5112FA81,-40252700.65,,COMPLETED,,,,,,,,,PAYABLE,,,,,,,,,,,,,,,,,,,,,,Payment to SUP003 – INV00227,,,,SUPPLIER_PAYMENT,INVOICE,INV00227,,,,,,,
2025-08-19,COMP001,,,,,,TXN785D2EF8,-16894007.97,,COMPLETED,,,,,,,,,PAYABLE,,,,,,,,,,,,,,,,,,,,,,Payment to SUP008 – INV00217,,,,SUPPLIER_PAYMENT,INVOICE,INV00217,,,,,,,
2025-08-19,COMP001,,,,,,TXN317A89FC,-3193241.02,,COMPLETED,,,,,,,,,OPEX,,,,,,,,,,,,,,,,,,,,,,Daily operating expenses,,,,OPERATING_EXPENSE,COMPANY,COMP001,,,,,,,
2025-08-19,COMP001,,,,,,TXN36197F74,30069344.63,,COMPLETED,,,,,,,,,SALES_RECEIPTS,,,,,,,,,,,,,,,,,,,,,,Daily dealership & fleet sales collection,,,,CUSTOMER_PAYMENT,COMPANY,COMP001,,,,,,,
2025-08-19,COMP001,,,,,,TXN40F50450,-34837993.69,,COMPLETED,,,,,,,,,PAYABLE,,,,,,,,,,,,,,,,,,,,,,Payment to SUP001 – INV00211,,,,SUPPLIER_PAYMENT,INVOICE,INV00211,,,,,,,
2025-08-19,COMP001,,,,,,TXN4B73899E,6999389.94,,COMPLETED,,,,,,,,,RECEIVABLE,,,,,,,,,,,,,,,,,,,,,,Collection from CUST003 – RCV00264,,,,CUSTOMER_PAYMENT,RECEIVABLE,RCV00264,,,,,,,
2025-08-19,COMP001,,,,,,TXN89972D89,-7283263.57,,COMPLETED,,,,,,,,,PAYABLE,,,,,,,,,,,,,,,,,,,,,,Payment to SUP014 – INV00288,,,,SUPPLIER_PAYMENT,INVOICE,INV00288,,,,,,,
2025-08-20,COMP001,,,,,,TXN1FCF667D,30459020.7,,COMPLETED,,,,,,,,,RECEIVABLE,,,,,,,,,,,,,,,,,,,,,,Collection from CUST013 – RCV00224,,,,CUSTOMER_PAYMENT,RECEIVABLE,RCV00224,,,,,,,
2025-08-20,COMP001,,,,,,TXN2905CDC9,9244778.15,,COMPLETED,,,,,,,,,SALES_RECEIPTS,,,,,,,,,,,,,,,,,,,,,,Daily dealership & fleet sales collection,,,,CUSTOMER_PAYMENT,COMPANY,COMP001,,,,,,,
2025-08-20,COMP001,,,,,,TXN24AEEC25,74051287.64,,COMPLETED,,,,,,,,,RECEIVABLE,,,,,,,,,,,,,,,,,,,,,,Collection from CUST010 – RCV00349,,,,CUSTOMER_PAYMENT,RECEIVABLE,RCV00349,,,,,,,
2025-08-20,COMP001,,,,,,TXNE5B47BA2,-6318176.83,,COMPLETED,,,,,,,,,OPEX,,,,,,,,,,,,,,,,,,,,,,Daily operating expenses,,,,OPERATING_EXPENSE,COMPANY,COMP001,,,,,,,
2025-08-21,COMP001,,,,,,TXN77780DF9,-41424310.62,,COMPLETED,,,,,,,,,PAYABLE,,,,,,,,,,,,,,,,,,,,,,Payment to SUP010 – INV00100,,,,SUPPLIER_PAYMENT,INVOICE,INV00100,,,,,,,
2025-08-21,COMP001,,,,,,TXNC05A03AE,-5330311.78,,COMPLETED,,,,,,,,,OPEX,,,,,,,,,,,,,,,,,,,,,,Daily operating expenses,,,,OPERATING_EXPENSE,COMPANY,COMP001,,,,,,,
2025-08-21,COMP001,,,,,,TXN20F3D5B9,13125472.14,,COMPLETED,,,,,,,,,SALES_RECEIPTS,,,,,,,,,,,,,,,,,,,,,,Daily dealership & fleet sales collection,,,,CUSTOMER_PAYMENT,COMPANY,COMP001,,,,,,,
2025-08-22,COMP001,,,,,,TXNBF707EBA,20647412.77,,COMPLETED,,,,,,,,,SALES_RECEIPTS,,,,,,,,,,,,,,,,,,,,,,Daily dealership & fleet sales collection,,,,CUSTOMER_PAYMENT,COMPANY,COMP001,,,,,,,
2025-08-22,COMP001,,,,,,TXN6582C14A,-8430219.75,,COMPLETED,,,,,,,,,OPEX,,,,,,,,,,,,,,,,,,,,,,Daily operating expenses,,,,OPERATING_EXPENSE,COMPANY,COMP001,,,,,,,
2025-08-22,COMP001,,,,,,TXN2126E9CE,-33567438.77,,COMPLETED,,,,,,,,,PAYABLE,,,,,,,,,,,,,,,,,,,,,,Payment to SUP014 – INV00075,,,,SUPPLIER_PAYMENT,INVOICE,INV00075,,,,,,,
2025-08-23,COMP001,,,,,,TXN83C186ED,-1672757.09,,COMPLETED,,,,,,,,,OPEX,,,,,,,,,,,,,,,,,,,,,,Daily operating expenses,,,,OPERATING_EXPENSE,COMPANY,COMP001,,,,,,,
2025-08-23,COMP001,,,,,,TXN197B1FB5,63188798.97,,COMPLETED,,,,,,,,,RECEIVABLE,,,,,,,,,,,,,,,,,,,,,,Collection from CUST013 – RCV00279,,,,CUSTOMER_PAYMENT,RECEIVABLE,RCV00279,,,,,,,
2025-08-23,COMP001,,,,,,TXN5A37186B,2050132.13,,COMPLETED,,,,,,,,,SALES_RECEIPTS,,,,,,,,,,,,,,,,,,,,,,Daily dealership & fleet sales collection,,,,CUSTOMER_PAYMENT,COMPANY,COMP001,,,,,,,
2025-08-24,COMP001,,,,,,TXN4C92EC34,56602885.87,,COMPLETED,,,,,,,,,RECEIVABLE,,,,,,,,,,,,,,,,,,,,,,Collection from CUST022 – RCV00233,,,,CUSTOMER_PAYMENT,RECEIVABLE,RCV00233,,,,,,,
2025-08-24,COMP001,,,,,,TXN9AA08B39,-623252.66,,COMPLETED,,,,,,,,,OPEX,,,,,,,,,,,,,,,,,,,,,,Daily operating expenses,,,,OPERATING_EXPENSE,COMPANY,COMP001,,,,,,,
2025-08-24,COMP001,,,,,,TXNC68F8281,3774010.77,,COMPLETED,,,,,,,,,SALES_RECEIPTS,,,,,,,,,,,,,,,,,,,,,,Daily dealership & fleet sales collection,,,,CUSTOMER_PAYMENT,COMPANY,COMP001,,,,,,,
2025-08-24,COMP001,,,,,,TXN5A60055B,20853915.88,,COMPLETED,,,,,,,,,RECEIVABLE,,,,,,,,,,,,,,,,,,,,,,Collection from CUST001 – RCV00171,,,,CUSTOMER_PAYMENT,RECEIVABLE,RCV00171,,,,,,,
2025-08-24,COMP001,,,,,,TXNEFCC3F70,-34770833.25,,COMPLETED,,,,,,,,,PAYABLE,,,,,,,,,,,,,,,,,,,,,,Payment to SUP010 – INV00056,,,,SUPPLIER_PAYMENT,INVOICE,INV00056,,,,,,,
2025-08-24,COMP001,,,,,,TXNDBEFEC40,-5740487.98,,COMPLETED,,,,,,,,,PAYABLE,,,,,,,,,,,,,,,,,,,,,,Payment to SUP012 – INV00464,,,,SUPPLIER_PAYMENT,INVOICE,INV00464,,,,,,,
2025-08-25,COMP001,,,,,,TXN79A8107F,50826205.32,,COMPLETED,,,,,,,,,RECEIVABLE,,,,,,,,,,,,,,,,,,,,,,Collection from CUST022 – RCV00291,,,,CUSTOMER_PAYMENT,RECEIVABLE,RCV00291,,,,,,,
2025-08-25,COMP001,,,,,,TXNE1454AFF,-11560634.11,,COMPLETED,,,,,,,,,PAYABLE,,,,,,,,,,,,,,,,,,,,,,Payment to SUP012 – INV00189,,,,SUPPLIER_PAYMENT,INVOICE,INV00189,,,,,,,
2025-08-25,COMP001,,,,,,TXND52B813D,-5448970.42,,COMPLETED,,,,,,,,,OPEX,,,,,,,,,,,,,,,,,,,,,,Daily operating expenses,,,,OPERATING_EXPENSE,COMPANY,COMP001,,,,,,,
2025-08-25,COMP001,,,,,,TXN4D9BD55F,-40847477.19,,COMPLETED,,,,,,,,,PAYABLE,,,,,,,,,,,,,,,,,,,,,,Payment to SUP014 – INV00015,,,,SUPPLIER_PAYMENT,INVOICE,INV00015,,,,,,,
2025-08-25,COMP001,,,,,,TXND135F10D,15137201.28,,COMPLETED,,,,,,,,,SALES_RECEIPTS,,,,,,,,,,,,,,,,,,,,,,Daily dealership & fleet sales collection,,,,CUSTOMER_PAYMENT,COMPANY,COMP001,,,,,,,
2025-08-25,COMP001,,,,,,TXN7A11BFB8,-9293077.16,,COMPLETED,,,,,,,,,PAYABLE,,,,,,,,,,,,,,,,,,,,,,Payment to SUP004 – INV00235,,,,SUPPLIER_PAYMENT,INVOICE,INV00235,,,,,,,
2025-08-25,COMP001,,,,,,TXN87DCE648,-16962562.82,,COMPLETED,,,,,,,,,PAYABLE,,,,,,,,,,,,,,,,,,,,,,Payment to SUP015 – INV00031,,,,SUPPLIER_PAYMENT,INVOICE,INV00031,,,,,,,
2025-08-26,COMP001,,,,,,TXN0B70F36E,20778670.62,,COMPLETED,,,,,,,,,RECEIVABLE,,,,,,,,,,,,,,,,,,,,,,Collection from CUST006 – RCV00294,,,,CUSTOMER_PAYMENT,RECEIVABLE,RCV00294,,,,,,,
2025-08-26,COMP001,,,,,,TXN84EB5FD6,-4190066.59,,COMPLETED,,,,,,,,,OPEX,,,,,,,,,,,,,,,,,,,,,,Daily operating expenses,,,,OPERATING_EXPENSE,COMPANY,COMP001,,,,,,,
2025-08-26,COMP001,,,,,,TXN455A8E43,19701420.9,,COMPLETED,,,,,,,,,SALES_RECEIPTS,,,,,,,,,,,,,,,,,,,,,,Daily dealership & fleet sales collection,,,,CUSTOMER_PAYMENT,COMPANY,COMP001,,,,,,,
2025-08-26,COMP001,,,,,,TXNC6F3FE60,-35510072.76,,COMPLETED,,,,,,,,,PAYABLE,,,,,,,,,,,,,,,,,,,,,,Payment to SUP010 – INV00305,,,,SUPPLIER_PAYMENT,INVOICE,INV00305,,,,,,,
2025-08-27,COMP001,,,,,,TXNFBEA7E58,18866826.81,,COMPLETED,,,,,,,,,SALES_RECEIPTS,,,,,,,,,,,,,,,,,,,,,,Daily dealership & fleet sales collection,,,,CUSTOMER_PAYMENT,COMPANY,COMP001,,,,,,,
2025-08-27,COMP001,,,,,,TXNAE504620,-40060907.41,,COMPLETED,,,,,,,,,PAYABLE,,,,,,,,,,,,,,,,,,,,,,Payment to SUP006 – INV00148,,,,SUPPLIER_PAYMENT,INVOICE,INV00148,,,,,,,
2025-08-27,COMP001,,,,,,TXN5BFE79C1,-5044474.64,,COMPLETED,,,,,,,,,OPEX,,,,,,,,,,,,,,,,,,,,,,Daily operating expenses,,,,OPERATING_EXPENSE,COMPANY,COMP001,,,,,,,
2025-08-27,COMP001,,,,,,TXN52AE7849,-24239668.61,,COMPLETED,,,,,,,,,PAYABLE,,,,,,,,,,,,,,,,,,,,,,Payment to SUP009 – INV00061,,,,SUPPLIER_PAYMENT,INVOICE,INV00061,,,,,,,
2025-08-27,COMP001,,,,,,TXNBC0F02D5,-44331047.08,,COMPLETED,,,,,,,,,PAYABLE,,,,,,,,,,,,,,,,,,,,,,Payment to SUP005 – INV00444,,,,SUPPLIER_PAYMENT,INVOICE,INV00444,,,,,,,
2025-08-27,COMP001,,,,,,TXNB92B4002,-10672995.8,,COMPLETED,,,,,,,,,PAYABLE,,,,,,,,,,,,,,,,,,,,,,Payment to SUP013 – INV00062,,,,SUPPLIER_PAYMENT,INVOICE,INV00062,,,,,,,
2025-08-28,COMP001,,,,,,TXN4EAD0F27,-12218655.81,,COMPLETED,,,,,,,,,OPEX,,,,,,,,,,,,,,,,,,,,,,Daily operating expenses,,,,OPERATING_EXPENSE,COMPANY,COMP001,,,,,,,
2025-08-28,COMP001,,,,,,TXNCEF7F380,-37173031.88,,COMPLETED,,,,,,,,,PAYABLE,,,,,,,,,,,,,,,,,,,,,,Payment to SUP008 – INV00115,,,,SUPPLIER_PAYMENT,INVOICE,INV00115,,,,,,,
2025-08-28,COMP001,,,,,,TXND888A290,25562665.28,,COMPLETED,,,,,,,,,RECEIVABLE,,,,,,,,,,,,,,,,,,,,,,Collection from CUST020 – RCV00073,,,,CUSTOMER_PAYMENT,RECEIVABLE,RCV00073,,,,,,,
2025-08-28,COMP001,,,,,,TXNE408C175,17838492.73,,COMPLETED,,,,,,,,,SALES_RECEIPTS,,,,,,,,,,,,,,,,,,,,,,Daily dealership & fleet sales collection,,,,CUSTOMER_PAYMENT,COMPANY,COMP001,,,,,,,
2025-08-29,COMP001,,,,,,TXNCCE317C5,-53213449.1,,COMPLETED,,,,,,,,,PAYABLE,,,,,,,,,,,,,,,,,,,,,,Payment to SUP015 – INV00312,,,,SUPPLIER_PAYMENT,INVOICE,INV00312,,,,,,,
2025-08-29,COMP001,,,,,,TXN741FAE8B,-6157066.36,,COMPLETED,,,,,,,,,PAYABLE,,,,,,,,,,,,,,,,,,,,,,Payment to SUP001 – INV00291,,,,SUPPLIER_PAYMENT,INVOICE,INV00291,,,,,,,
2025-08-29,COMP001,,,,,,TXNAB6D0D77,28452486.66,,COMPLETED,,,,,,,,,SALES_RECEIPTS,,,,,,,,,,,,,,,,,,,,,,Daily dealership & fleet sales collection,,,,CUSTOMER_PAYMENT,COMPANY,COMP001,,,,,,,
2025-08-29,COMP001,,,,,,TXN8CB57D46,-12181668.74,,COMPLETED,,,,,,,,,OPEX,,,,,,,,,,,,,,,,,,,,,,Daily operating expenses,,,,OPERATING_EXPENSE,COMPANY,COMP001,,,,,,,
2025-08-29,COMP001,,,,,,TXNFD102119,35912422.39,,COMPLETED,,,,,,,,,RECEIVABLE,,,,,,,,,,,,,,,,,,,,,,Collection from CUST022 – RCV00047,,,,CUSTOMER_PAYMENT,RECEIVABLE,RCV00047,,,,,,,
2025-08-30,COMP001,,,,,,TXN4264FCC6,-46757435.6,,COMPLETED,,,,,,,,,PAYABLE,,,,,,,,,,,,,,,,,,,,,,Payment to SUP015 – INV00034,,,,SUPPLIER_PAYMENT,INVOICE,INV00034,,,,,,,
2025-08-30,COMP001,,,,,,TXN2A680956,-13687929.93,,COMPLETED,,,,,,,,,PAYABLE,,,,,,,,,,,,,,,,,,,,,,Payment to SUP010 – INV00293,,,,SUPPLIER_PAYMENT,INVOICE,INV00293,,,,,,,
2025-08-30,COMP001,,,,,,TXN483EE698,-1073285.75,,COMPLETED,,,,,,,,,OPEX,,,,,,,,,,,,,,,,,,,,,,Daily operating expenses,,,,OPERATING_EXPENSE,COMPANY,COMP001,,,,,,,
2025-08-30,COMP001,,,,,,TXN1C5A45EE,3145495.85,,COMPLETED,,,,,,,,,SALES_RECEIPTS,,,,,,,,,,,,,,,,,,,,,,Daily dealership & fleet sales collection,,,,CUSTOMER_PAYMENT,COMPANY,COMP001,,,,,,,
2025-08-30,COMP001,,,,,,TXN67B19EB3,29393697.79,,COMPLETED,,,,,,,,,RECEIVABLE,,,,,,,,,,,,,,,,,,,,,,Collection from CUST021 – RCV00288,,,,CUSTOMER_PAYMENT,RECEIVABLE,RCV00288,,,,,,,
2025-08-31,COMP001,,,,,,TXN2F101D0C,16117213.35,,COMPLETED,,,,,,,,,RECEIVABLE,,,,,,,,,,,,,,,,,,,,,,Collection from CUST009 – RCV00044,,,,CUSTOMER_PAYMENT,RECEIVABLE,RCV00044,,,,,,,
2025-08-31,COMP001,,,,,,TXN94AD0DCB,-1073800.97,,COMPLETED,,,,,,,,,OPEX,,,,,,,,,,,,,,,,,,,,,,Daily operating expenses,,,,OPERATING_EXPENSE,COMPANY,COMP001,,,,,,,
2025-08-31,COMP001,,,,,,TXN8DF5B3C6,12944768.18,,COMPLETED,,,,,,,,,RECEIVABLE,,,,,,,,,,,,,,,,,,,,,,Collection from CUST008 – RCV00136,,,,CUSTOMER_PAYMENT,RECEIVABLE,RCV00136,,,,,,,
2025-08-31,COMP001,,,,,,TXNDF521FAC,50014381.7,,COMPLETED,,,,,,,,,RECEIVABLE,,,,,,,,,,,,,,,,,,,,,,Collection from CUST018 – RCV00174,,,,CUSTOMER_PAYMENT,RECEIVABLE,RCV00174,,,,,,,
2025-08-31,COMP001,,,,,,TXN03F505A1,1568582.05,,COMPLETED,,,,,,,,,SALES_RECEIPTS,,,,,,,,,,,,,,,,,,,,,,Daily dealership & fleet sales collection,,,,CUSTOMER_PAYMENT,COMPANY,COMP001,,,,,,,
2025-08-31,COMP001,,,,,,TXNE09D121E,-74369684.59,,COMPLETED,,,,,,,,,EXCEPTIONAL,,,,,,,,,,,,,,,,,,,,,,Regulatory fine,,,,UNEXPECTED_EXPENSE,COMPANY,COMP001,,,,,,,
2025-09-01,COMP001,,,,,,TXND2EE813F,-20705555.34,,COMPLETED,,,,,,,,,PAYABLE,,,,,,,,,,,,,,,,,,,,,,Payment to SUP001 – INV00323,,,,SUPPLIER_PAYMENT,INVOICE,INV00323,,,,,,,
2025-09-01,COMP001,,,,,,TXN48546073,11383629.04,,COMPLETED,,,,,,,,,SALES_RECEIPTS,,,,,,,,,,,,,,,,,,,,,,Daily dealership & fleet sales collection,,,,CUSTOMER_PAYMENT,COMPANY,COMP001,,,,,,,
2025-09-01,COMP001,,,,,,TXNA9D7CF44,-4966355.1,,COMPLETED,,,,,,,,,OPEX,,,,,,,,,,,,,,,,,,,,,,Daily operating expenses,,,,OPERATING_EXPENSE,COMPANY,COMP001,,,,,,,
2025-09-02,COMP001,,,,,,TXN47007043,30249439.07,,COMPLETED,,,,,,,,,SALES_RECEIPTS,,,,,,,,,,,,,,,,,,,,,,Daily dealership & fleet sales collection,,,,CUSTOMER_PAYMENT,COMPANY,COMP001,,,,,,,
2025-09-02,COMP001,,,,,,TXN3F389E4D,-34248309.57,,COMPLETED,,,,,,,,,PAYABLE,,,,,,,,,,,,,,,,,,,,,,Payment to SUP006 – INV00283,,,,SUPPLIER_PAYMENT,INVOICE,INV00283,,,,,,,
2025-09-02,COMP001,,,,,,TXND76A5A3C,-53341948.69,,COMPLETED,,,,,,,,,PAYABLE,,,,,,,,,,,,,,,,,,,,,,Payment to SUP004 – INV00041,,,,SUPPLIER_PAYMENT,INVOICE,INV00041,,,,,,,
2025-09-02,COMP001,,,,,,TXND98AA4F4,-5997772.9,,COMPLETED,,,,,,,,,OPEX,,,,,,,,,,,,,,,,,,,,,,Daily operating expenses,,,,OPERATING_EXPENSE,COMPANY,COMP001,,,,,,,
2025-09-03,COMP001,,,,,,TXN13BB758A,-8487399.73,,COMPLETED,,,,,,,,,OPEX,,,,,,,,,,,,,,,,,,,,,,Daily operating expenses,,,,OPERATING_EXPENSE,COMPANY,COMP001,,,,,,,
2025-09-03,COMP001,,,,,,TXN2CEFBC0C,-43568851.38,,COMPLETED,,,,,,,,,PAYABLE,,,,,,,,,,,,,,,,,,,,,,Payment to SUP001 – INV00099,,,,SUPPLIER_PAYMENT,INVOICE,INV00099,,,,,,,
2025-09-03,COMP001,,,,,,TXN7709B9BB,14303865.09,,COMPLETED,,,,,,,,,SALES_RECEIPTS,,,,,,,,,,,,,,,,,,,,,,Daily dealership & fleet sales collection,,,,CUSTOMER_PAYMENT,COMPANY,COMP001,,,,,,,
2025-09-04,COMP001,,,,,,TXN205DEF66,18299208.25,,COMPLETED,,,,,,,,,SALES_RECEIPTS,,,,,,,,,,,,,,,,,,,,,,Daily dealership & fleet sales collection,,,,CUSTOMER_PAYMENT,COMPANY,COMP001,,,,,,,
2025-09-04,COMP001,,,,,,TXNCD866835,-4068150.16,,COMPLETED,,,,,,,,,OPEX,,,,,,,,,,,,,,,,,,,,,,Daily operating expenses,,,,OPERATING_EXPENSE,COMPANY,COMP001,,,,,,,
2025-09-04,COMP001,,,,,,TXN7259B55C,33464025.82,,COMPLETED,,,,,,,,,RECEIVABLE,,,,,,,,,,,,,,,,,,,,,,Collection from CUST017 – RCV00052,,,,CUSTOMER_PAYMENT,RECEIVABLE,RCV00052,,,,,,,
2025-09-05,COMP001,,,,,,TXNC186579A,-4245513.59,,COMPLETED,,,,,,,,,OPEX,,,,,,,,,,,,,,,,,,,,,,Daily operating expenses,,,,OPERATING_EXPENSE,COMPANY,COMP001,,,,,,,
2025-09-05,COMP001,,,,,,TXN144293C5,31056204.98,,COMPLETED,,,,,,,,,SALES_RECEIPTS,,,,,,,,,,,,,,,,,,,,,,Daily dealership & fleet sales collection,,,,CUSTOMER_PAYMENT,COMPANY,COMP001,,,,,,,
2025-09-05,COMP001,,,,,,TXNC5832646,-34840968.68,,COMPLETED,,,,,,,,,PAYABLE,,,,,,,,,,,,,,,,,,,,,,Payment to SUP011 – INV00306,,,,SUPPLIER_PAYMENT,INVOICE,INV00306,,,,,,,
2025-09-06,COMP001,,,,,,TXN72C00E08,2154646.74,,COMPLETED,,,,,,,,,SALES_RECEIPTS,,,,,,,,,,,,,,,,,,,,,,Daily dealership & fleet sales collection,,,,CUSTOMER_PAYMENT,COMPANY,COMP001,,,,,,,
2025-09-06,COMP001,,,,,,TXN7C7846EB,-597631.53,,COMPLETED,,,,,,,,,OPEX,,,,,,,,,,,,,,,,,,,,,,Daily operating expenses,,,,OPERATING_EXPENSE,COMPANY,COMP001,,,,,,,
2025-09-07,COMP001,,,,,,TXN7BF09461,3746127.31,,COMPLETED,,,,,,,,,SALES_RECEIPTS,,,,,,,,,,,,,,,,,,,,,,Daily dealership & fleet sales collection,,,,CUSTOMER_PAYMENT,COMPANY,COMP001,,,,,,,
2025-09-07,COMP001,,,,,,TXN53D5E873,-34620205.16,,COMPLETED,,,,,,,,,PAYABLE,,,,,,,,,,,,,,,,,,,,,,Payment to SUP009 – INV00081,,,,SUPPLIER_PAYMENT,INVOICE,INV00081,,,,,,,
2025-09-07,COMP001,,,,,,TXNF2873328,-22501357.65,,COMPLETED,,,,,,,,,PAYABLE,,,,,,,,,,,,,,,,,,,,,,Payment to SUP003 – INV00353,,,,SUPPLIER_PAYMENT,INVOICE,INV00353,,,,,,,
2025-09-07,COMP001,,,,,,TXN624A144C,-854986.37,,COMPLETED,,,,,,,,,OPEX,,,,,,,,,,,,,,,,,,,,,,Daily operating expenses,,,,OPERATING_EXPENSE,COMPANY,COMP001,,,,,,,
2025-09-07,COMP001,,,,,,TXN7ACD9B15,19045751.67,,COMPLETED,,,,,,,,,RECEIVABLE,,,,,,,,,,,,,,,,,,,,,,Collection from CUST008 – RCV00127,,,,CUSTOMER_PAYMENT,RECEIVABLE,RCV00127,,,,,,,
2025-09-08,COMP001,,,,,,TXN4BD100BB,11816738.22,,COMPLETED,,,,,,,,,SALES_RECEIPTS,,,,,,,,,,,,,,,,,,,,,,Daily dealership & fleet sales collection,,,,CUSTOMER_PAYMENT,COMPANY,COMP001,,,,,,,
2025-09-08,COMP001,,,,,,TXN362A04A2,-23310648.38,,COMPLETED,,,,,,,,,PAYABLE,,,,,,,,,,,,,,,,,,,,,,Payment to SUP010 – INV00222,,,,SUPPLIER_PAYMENT,INVOICE,INV00222,,,,,,,
2025-09-08,COMP001,,,,,,TXNEA4152AB,-42218532.81,,COMPLETED,,,,,,,,,PAYABLE,,,,,,,,,,,,,,,,,,,,,,Payment to SUP008 – INV00273,,,,SUPPLIER_PAYMENT,INVOICE,INV00273,,,,,,,
2025-09-08,COMP001,,,,,,TXNB5E508E9,43403373.29,,COMPLETED,,,,,,,,,RECEIVABLE,,,,,,,,,,,,,,,,,,,,,,Collection from CUST011 – RCV00034,,,,CUSTOMER_PAYMENT,RECEIVABLE,RCV00034,,,,,,,
2025-09-08,COMP001,,,,,,TXN28590122,-4762142.92,,COMPLETED,,,,,,,,,OPEX,,,,,,,,,,,,,,,,,,,,,,Daily operating expenses,,,,OPERATING_EXPENSE,COMPANY,COMP001,,,,,,,
2025-09-08,COMP001,,,,,,TXNCE2DC2BE,60406156.94,,COMPLETED,,,,,,,,,RECEIVABLE,,,,,,,,,,,,,,,,,,,,,,Collection from CUST011 – RCV00176,,,,CUSTOMER_PAYMENT,RECEIVABLE,RCV00176,,,,,,,
2025-09-09,COMP001,,,,,,TXNBC1B5954,23839110.31,,COMPLETED,,,,,,,,,RECEIVABLE,,,,,,,,,,,,,,,,,,,,,,Collection from CUST022 – RCV00106,,,,CUSTOMER_PAYMENT,RECEIVABLE,RCV00106,,,,,,,
2025-09-09,COMP001,,,,,,TXN8E056698,26126479.64,,COMPLETED,,,,,,,,,SALES_RECEIPTS,,,,,,,,,,,,,,,,,,,,,,Daily dealership & fleet sales collection,,,,CUSTOMER_PAYMENT,COMPANY,COMP001,,,,,,,
2025-09-09,COMP001,,,,,,TXNAC980ECB,54878147.72,,COMPLETED,,,,,,,,,RECEIVABLE,,,,,,,,,,,,,,,,,,,,,,Collection from CUST011 – RCV00108,,,,CUSTOMER_PAYMENT,RECEIVABLE,RCV00108,,,,,,,
2025-09-09,COMP001,,,,,,TXN1C68C1AD,32253868.02,,COMPLETED,,,,,,,,,RECEIVABLE,,,,,,,,,,,,,,,,,,,,,,Collection from CUST010 – RCV00036,,,,CUSTOMER_PAYMENT,RECEIVABLE,RCV00036,,,,,,,
2025-09-09,COMP001,,,,,,TXN6B5EFC65,-9620178.46,,COMPLETED,,,,,,,,,OPEX,,,,,,,,,,,,,,,,,,,,,,Daily operating expenses,,,,OPERATING_EXPENSE,COMPANY,COMP001,,,,,,,
2025-09-09,COMP001,,,,,,TXN6F148365,-59959267.91,,COMPLETED,,,,,,,,,PAYABLE,,,,,,,,,,,,,,,,,,,,,,Payment to SUP007 – INV00392,,,,SUPPLIER_PAYMENT,INVOICE,INV00392,,,,,,,
2025-09-10,COMP001,,,,,,TXN1C59554A,15631967.07,,COMPLETED,,,,,,,,,SALES_RECEIPTS,,,,,,,,,,,,,,,,,,,,,,Daily dealership & fleet sales collection,,,,CUSTOMER_PAYMENT,COMPANY,COMP001,,,,,,,
2025-09-10,COMP001,,,,,,TXNEA5DF231,-13818086.85,,COMPLETED,,,,,,,,,PAYABLE,,,,,,,,,,,,,,,,,,,,,,Payment to SUP005 – INV00216,,,,SUPPLIER_PAYMENT,INVOICE,INV00216,,,,,,,
2025-09-10,COMP001,,,,,,TXNB9DEA691,-7492515.35,,COMPLETED,,,,,,,,,OPEX,,,,,,,,,,,,,,,,,,,,,,Daily operating expenses,,,,OPERATING_EXPENSE,COMPANY,COMP001,,,,,,,
2025-09-10,COMP001,,,,,,TXN03813EAA,-49455952.95,,COMPLETED,,,,,,,,,PAYABLE,,,,,,,,,,,,,,,,,,,,,,Payment to SUP012 – INV00415,,,,SUPPLIER_PAYMENT,INVOICE,INV00415,,,,,,,
2025-09-11,COMP001,,,,,,TXN6D566F3E,-12758403.4,,COMPLETED,,,,,,,,,PAYABLE,,,,,,,,,,,,,,,,,,,,,,Payment to SUP002 – INV00298,,,,SUPPLIER_PAYMENT,INVOICE,INV00298,,,,,,,
2025-09-11,COMP001,,,,,,TXN0DF0CE98,-3019094.34,,COMPLETED,,,,,,,,,OPEX,,,,,,,,,,,,,,,,,,,,,,Daily operating expenses,,,,OPERATING_EXPENSE,COMPANY,COMP001,,,,,,,
2025-09-11,COMP001,,,,,,TXN4A3C1860,20261072.73,,COMPLETED,,,,,,,,,SALES_RECEIPTS,,,,,,,,,,,,,,,,,,,,,,Daily dealership & fleet sales collection,,,,CUSTOMER_PAYMENT,COMPANY,COMP001,,,,,,,
2025-09-11,COMP001,,,,,,TXN7171B492,65855180.99,,COMPLETED,,,,,,,,,RECEIVABLE,,,,,,,,,,,,,,,,,,,,,,Collection from CUST010 – RCV00098,,,,CUSTOMER_PAYMENT,RECEIVABLE,RCV00098,,,,,,,
2025-09-12,COMP001,,,,,,TXN4E5A0F8B,31258199.51,,COMPLETED,,,,,,,,,SALES_RECEIPTS,,,,,,,,,,,,,,,,,,,,,,Daily dealership & fleet sales collection,,,,CUSTOMER_PAYMENT,COMPANY,COMP001,,,,,,,
2025-09-12,COMP001,,,,,,TXN1080B212,-7670343.02,,COMPLETED,,,,,,,,,OPEX,,,,,,,,,,,,,,,,,,,,,,Daily operating expenses,,,,OPERATING_EXPENSE,COMPANY,COMP001,,,,,,,
2025-09-13,COMP001,,,,,,TXN9EC99228,-1886171.08,,COMPLETED,,,,,,,,,OPEX,,,,,,,,,,,,,,,,,,,,,,Daily operating expenses,,,,OPERATING_EXPENSE,COMPANY,COMP001,,,,,,,
2025-09-13,COMP001,,,,,,TXNFFA5DF7F,-18887407.96,,COMPLETED,,,,,,,,,PAYABLE,,,,,,,,,,,,,,,,,,,,,,Payment to SUP013 – INV00333,,,,SUPPLIER_PAYMENT,INVOICE,INV00333,,,,,,,
2025-09-13,COMP001,,,,,,TXNAA419AA9,-8280986.34,,COMPLETED,,,,,,,,,PAYABLE,,,,,,,,,,,,,,,,,,,,,,Payment to SUP014 – INV00318,,,,SUPPLIER_PAYMENT,INVOICE,INV00318,,,,,,,
2025-09-13,COMP001,,,,,,TXN43358EEE,3710559.07,,COMPLETED,,,,,,,,,SALES_RECEIPTS,,,,,,,,,,,,,,,,,,,,,,Daily dealership & fleet sales collection,,,,CUSTOMER_PAYMENT,COMPANY,COMP001,,,,,,,
2025-09-14,COMP001,,,,,,TXNE716A167,-856341.03,,COMPLETED,,,,,,,,,OPEX,,,,,,,,,,,,,,,,,,,,,,Daily operating expenses,,,,OPERATING_EXPENSE,COMPANY,COMP001,,,,,,,
2025-09-14,COMP001,,,,,,TXNDDC678D6,67979238.45,,COMPLETED,,,,,,,,,RECEIVABLE,,,,,,,,,,,,,,,,,,,,,,Collection from CUST001 – RCV00066,,,,CUSTOMER_PAYMENT,RECEIVABLE,RCV00066,,,,,,,
2025-09-14,COMP001,,,,,,TXNBF096250,3086924.07,,COMPLETED,,,,,,,,,SALES_RECEIPTS,,,,,,,,,,,,,,,,,,,,,,Daily dealership & fleet sales collection,,,,CUSTOMER_PAYMENT,COMPANY,COMP001,,,,,,,
2025-09-15,COMP001,,,,,,TXN263366E1,-5063659.16,,COMPLETED,,,,,,,,,OPEX,,,,,,,,,,,,,,,,,,,,,,Daily operating expenses,,,,OPERATING_EXPENSE,COMPANY,COMP001,,,,,,,
2025-09-15,COMP001,,,,,,TXN2167D0E9,12817674.45,,COMPLETED,,,,,,,,,SALES_RECEIPTS,,,,,,,,,,,,,,,,,,,,,,Daily dealership & fleet sales collection,,,,CUSTOMER_PAYMENT,COMPANY,COMP001,,,,,,,
2025-09-16,COMP001,,,,,,TXN579FF24F,9996071.33,,COMPLETED,,,,,,,,,RECEIVABLE,,,,,,,,,,,,,,,,,,,,,,Collection from CUST013 – RCV00266,,,,CUSTOMER_PAYMENT,RECEIVABLE,RCV00266,,,,,,,
2025-09-16,COMP001,,,,,,TXNBF26F088,-29941666.32,,COMPLETED,,,,,,,,,PAYABLE,,,,,,,,,,,,,,,,,,,,,,Payment to SUP003 – INV00194,,,,SUPPLIER_PAYMENT,INVOICE,INV00194,,,,,,,
2025-09-16,COMP001,,,,,,TXN7431D005,78726947.47,,COMPLETED,,,,,,,,,RECEIVABLE,,,,,,,,,,,,,,,,,,,,,,Collection from CUST002 – RCV00003,,,,CUSTOMER_PAYMENT,RECEIVABLE,RCV00003,,,,,,,
2025-09-16,COMP001,,,,,,TXN7C13FB69,-4433867.0,,COMPLETED,,,,,,,,,PAYABLE,,,,,,,,,,,,,,,,,,,,,,Payment to SUP014 – INV00230,,,,SUPPLIER_PAYMENT,INVOICE,INV00230,,,,,,,
2025-09-16,COMP001,,,,,,TXN2140F257,-4783942.12,,COMPLETED,,,,,,,,,OPEX,,,,,,,,,,,,,,,,,,,,,,Daily operating expenses,,,,OPERATING_EXPENSE,COMPANY,COMP001,,,,,,,
2025-09-16,COMP001,,,,,,TXN0CD53E7B,18217438.82,,COMPLETED,,,,,,,,,RECEIVABLE,,,,,,,,,,,,,,,,,,,,,,Collection from CUST004 – RCV00334,,,,CUSTOMER_PAYMENT,RECEIVABLE,RCV00334,,,,,,,
2025-09-16,COMP001,,,,,,TXN91205A2E,-11074337.92,,COMPLETED,,,,,,,,,PAYABLE,,,,,,,,,,,,,,,,,,,,,,Payment to SUP015 – INV00401,,,,SUPPLIER_PAYMENT,INVOICE,INV00401,,,,,,,
2025-09-16,COMP001,,,,,,TXN97BDCD41,-31287086.76,,COMPLETED,,,,,,,,,PAYABLE,,,,,,,,,,,,,,,,,,,,,,Payment to SUP001 – INV00332,,,,SUPPLIER_PAYMENT,INVOICE,INV00332,,,,,,,
2025-09-16,COMP001,,,,,,TXN4D1DA722,26976988.04,,COMPLETED,,,,,,,,,SALES_RECEIPTS,,,,,,,,,,,,,,,,,,,,,,Daily dealership & fleet sales collection,,,,CUSTOMER_PAYMENT,COMPANY,COMP001,,,,,,,
2025-09-16,COMP001,,,,,,TXN362630F8,41650041.38,,COMPLETED,,,,,,,,,RECEIVABLE,,,,,,,,,,,,,,,,,,,,,,Collection from CUST011 – RCV00295,,,,CUSTOMER_PAYMENT,RECEIVABLE,RCV00295,,,,,,,
2025-09-17,COMP001,,,,,,TXNEC972AAD,-15137166.71,,COMPLETED,,,,,,,,,PAYABLE,,,,,,,,,,,,,,,,,,,,,,Payment to SUP007 – INV00199,,,,SUPPLIER_PAYMENT,INVOICE,INV00199,,,,,,,
2025-09-17,COMP001,,,,,,TXNFACCECDD,14502272.8,,COMPLETED,,,,,,,,,SALES_RECEIPTS,,,,,,,,,,,,,,,,,,,,,,Daily dealership & fleet sales collection,,,,CUSTOMER_PAYMENT,COMPANY,COMP001,,,,,,,
2025-09-17,COMP001,,,,,,TXN8CC7F999,-40814430.41,,COMPLETED,,,,,,,,,PAYABLE,,,,,,,,,,,,,,,,,,,,,,Payment to SUP013 – INV00477,,,,SUPPLIER_PAYMENT,INVOICE,INV00477,,,,,,,
2025-09-17,COMP001,,,,,,TXN6ECBD3D6,-7718868.76,,COMPLETED,,,,,,,,,OPEX,,,,,,,,,,,,,,,,,,,,,,Daily operating expenses,,,,OPERATING_EXPENSE,COMPANY,COMP001,,,,,,,
2025-09-17,COMP001,,,,,,TXN1BFE69C3,-52051069.66,,COMPLETED,,,,,,,,,PAYABLE,,,,,,,,,,,,,,,,,,,,,,Payment to SUP011 – INV00294,,,,SUPPLIER_PAYMENT,INVOICE,INV00294,,,,,,,
2025-09-18,COMP001,,,,,,TXN1CF2FA5C,52979552.92,,COMPLETED,,,,,,,,,RECEIVABLE,,,,,,,,,,,,,,,,,,,,,,Collection from CUST005 – RCV00142,,,,CUSTOMER_PAYMENT,RECEIVABLE,RCV00142,,,,,,,
2025-09-18,COMP001,,,,,,TXNA56AA3BD,-4839153.69,,COMPLETED,,,,,,,,,OPEX,,,,,,,,,,,,,,,,,,,,,,Daily operating expenses,,,,OPERATING_EXPENSE,COMPANY,COMP001,,,,,,,
2025-09-18,COMP001,,,,,,TXN0CA6A67B,16881513.0,,COMPLETED,,,,,,,,,SALES_RECEIPTS,,,,,,,,,,,,,,,,,,,,,,Daily dealership & fleet sales collection,,,,CUSTOMER_PAYMENT,COMPANY,COMP001,,,,,,,
2025-09-19,COMP001,,,,,,TXN0A0B8D20,-6695405.62,,COMPLETED,,,,,,,,,OPEX,,,,,,,,,,,,,,,,,,,,,,Daily operating expenses,,,,OPERATING_EXPENSE,COMPANY,COMP001,,,,,,,
2025-09-19,COMP001,,,,,,TXN2DFDD8E3,39469573.86,,COMPLETED,,,,,,,,,RECEIVABLE,,,,,,,,,,,,,,,,,,,,,,Collection from CUST012 – RCV00247,,,,CUSTOMER_PAYMENT,RECEIVABLE,RCV00247,,,,,,,
2025-09-19,COMP001,,,,,,TXN007507CB,27534830.77,,COMPLETED,,,,,,,,,SALES_RECEIPTS,,,,,,,,,,,,,,,,,,,,,,Daily dealership & fleet sales collection,,,,CUSTOMER_PAYMENT,COMPANY,COMP001,,,,,,,
2025-09-19,COMP001,,,,,,TXNAFC115D1,-14664296.0,,COMPLETED,,,,,,,,,PAYABLE,,,,,,,,,,,,,,,,,,,,,,Payment to SUP008 – INV00340,,,,SUPPLIER_PAYMENT,INVOICE,INV00340,,,,,,,
2025-09-20,COMP001,,,,,,TXN4B871CAC,-1950117.25,,COMPLETED,,,,,,,,,OPEX,,,,,,,,,,,,,,,,,,,,,,Daily operating expenses,,,,OPERATING_EXPENSE,COMPANY,COMP001,,,,,,,
2025-09-20,COMP001,,,,,,TXN0D442C41,3393578.84,,COMPLETED,,,,,,,,,SALES_RECEIPTS,,,,,,,,,,,,,,,,,,,,,,Daily dealership & fleet sales collection,,,,CUSTOMER_PAYMENT,COMPANY,COMP001,,,,,,,
2025-09-21,COMP001,,,,,,TXN99605BA6,3353474.52,,COMPLETED,,,,,,,,,SALES_RECEIPTS,,,,,,,,,,,,,,,,,,,,,,Daily dealership & fleet sales collection,,,,CUSTOMER_PAYMENT,COMPANY,COMP001,,,,,,,
2025-09-21,COMP001,,,,,,TXN29F06556,-1051823.59,,COMPLETED,,,,,,,,,OPEX,,,,,,,,,,,,,,,,,,,,,,Daily operating expenses,,,,OPERATING_EXPENSE,COMPANY,COMP001,,,,,,,
2025-09-22,COMP001,,,,,,TXN95D0F4AC,-53379126.99,,COMPLETED,,,,,,,,,PAYABLE,,,,,,,,,,,,,,,,,,,,,,Payment to SUP006 – INV00334,,,,SUPPLIER_PAYMENT,INVOICE,INV00334,,,,,,,
2025-09-22,COMP001,,,,,,TXNBC1C157F,-25309766.19,,COMPLETED,,,,,,,,,PAYABLE,,,,,,,,,,,,,,,,,,,,,,Payment to SUP010 – INV00232,,,,SUPPLIER_PAYMENT,INVOICE,INV00232,,,,,,,
2025-09-22,COMP001,,,,,,TXN4AB561FB,-6333856.42,,COMPLETED,,,,,,,,,OPEX,,,,,,,,,,,,,,,,,,,,,,Daily operating expenses,,,,OPERATING_EXPENSE,COMPANY,COMP001,,,,,,,
2025-09-22,COMP001,,,,,,TXNFC14F617,9973794.66,,COMPLETED,,,,,,,,,SALES_RECEIPTS,,,,,,,,,,,,,,,,,,,,,,Daily dealership & fleet sales collection,,,,CUSTOMER_PAYMENT,COMPANY,COMP001,,,,,,,
2025-09-23,COMP001,,,,,,TXNBF33E462,-9217211.71,,COMPLETED,,,,,,,,,OPEX,,,,,,,,,,,,,,,,,,,,,,Daily operating expenses,,,,OPERATING_EXPENSE,COMPANY,COMP001,,,,,,,
2025-09-23,COMP001,,,,,,TXN1182ACE9,45081442.16,,COMPLETED,,,,,,,,,RECEIVABLE,,,,,,,,,,,,,,,,,,,,,,Collection from CUST015 – RCV00023,,,,CUSTOMER_PAYMENT,RECEIVABLE,RCV00023,,,,,,,
2025-09-23,COMP001,,,,,,TXND84BA646,27760388.16,,COMPLETED,,,,,,,,,SALES_RECEIPTS,,,,,,,,,,,,,,,,,,,,,,Daily dealership & fleet sales collection,,,,CUSTOMER_PAYMENT,COMPANY,COMP001,,,,,,,
2025-09-23,COMP001,,,,,,TXN60FF413A,-32820970.4,,COMPLETED,,,,,,,,,PAYABLE,,,,,,,,,,,,,,,,,,,,,,Payment to SUP004 – INV00001,,,,SUPPLIER_PAYMENT,INVOICE,INV00001,,,,,,,
2025-09-23,COMP001,,,,,,TXN9178A209,75217657.69,,COMPLETED,,,,,,,,,RECEIVABLE,,,,,,,,,,,,,,,,,,,,,,Collection from CUST009 – RCV00318,,,,CUSTOMER_PAYMENT,RECEIVABLE,RCV00318,,,,,,,
2025-09-23,COMP001,,,,,,TXN3F183D64,29701783.53,,COMPLETED,,,,,,,,,RECEIVABLE,,,,,,,,,,,,,,,,,,,,,,Collection from CUST014 – RCV00076,,,,CUSTOMER_PAYMENT,RECEIVABLE,RCV00076,,,,,,,
2025-09-24,COMP001,,,,,,TXN43A3F2B2,17273127.26,,COMPLETED,,,,,,,,,SALES_RECEIPTS,,,,,,,,,,,,,,,,,,,,,,Daily dealership & fleet sales collection,,,,CUSTOMER_PAYMENT,COMPANY,COMP001,,,,,,,
2025-09-24,COMP001,,,,,,TXNF0F09EF6,-8882679.34,,COMPLETED,,,,,,,,,PAYABLE,,,,,,,,,,,,,,,,,,,,,,Payment to SUP003 – INV00428,,,,SUPPLIER_PAYMENT,INVOICE,INV00428,,,,,,,
2025-09-24,COMP001,,,,,,TXND632D7F2,45868029.63,,COMPLETED,,,,,,,,,RECEIVABLE,,,,,,,,,,,,,,,,,,,,,,Collection from CUST016 – RCV00276,,,,CUSTOMER_PAYMENT,RECEIVABLE,RCV00276,,,,,,,
2025-09-24,COMP001,,,,,,TXN25725001,32880591.19,,COMPLETED,,,,,,,,,RECEIVABLE,,,,,,,,,,,,,,,,,,,,,,Collection from CUST019 – RCV00219,,,,CUSTOMER_PAYMENT,RECEIVABLE,RCV00219,,,,,,,
2025-09-24,COMP001,,,,,,TXNF1E11D0A,-42169554.55,,COMPLETED,,,,,,,,,PAYABLE,,,,,,,,,,,,,,,,,,,,,,Payment to SUP006 – INV00233,,,,SUPPLIER_PAYMENT,INVOICE,INV00233,,,,,,,
2025-09-24,COMP001,,,,,,TXN7EFC81AB,-5210056.03,,COMPLETED,,,,,,,,,OPEX,,,,,,,,,,,,,,,,,,,,,,Daily operating expenses,,,,OPERATING_EXPENSE,COMPANY,COMP001,,,,,,,
2025-09-25,COMP001,,,,,,TXN7C5415B7,15791072.66,,COMPLETED,,,,,,,,,SALES_RECEIPTS,,,,,,,,,,,,,,,,,,,,,,Daily dealership & fleet sales collection,,,,CUSTOMER_PAYMENT,COMPANY,COMP001,,,,,,,
2025-09-25,COMP001,,,,,,TXN5E72031E,-3186010.33,,COMPLETED,,,,,,,,,OPEX,,,,,,,,,,,,,,,,,,,,,,Daily operating expenses,,,,OPERATING_EXPENSE,COMPANY,COMP001,,,,,,,
2025-09-26,COMP001,,,,,,TXN519578FD,-4756996.81,,COMPLETED,,,,,,,,,OPEX,,,,,,,,,,,,,,,,,,,,,,Daily operating expenses,,,,OPERATING_EXPENSE,COMPANY,COMP001,,,,,,,
2025-09-26,COMP001,,,,,,TXNE9BBE2DE,-57681582.35,,COMPLETED,,,,,,,,,PAYABLE,,,,,,,,,,,,,,,,,,,,,,Payment to SUP012 – INV00084,,,,SUPPLIER_PAYMENT,INVOICE,INV00084,,,,,,,
2025-09-26,COMP001,,,,,,TXN01D02E78,-57567663.92,,COMPLETED,,,,,,,,,PAYABLE,,,,,,,,,,,,,,,,,,,,,,Payment to SUP006 – INV00263,,,,SUPPLIER_PAYMENT,INVOICE,INV00263,,,,,,,
2025-09-26,COMP001,,,,,,TXN3675AC1F,-3841663.74,,COMPLETED,,,,,,,,,PAYABLE,,,,,,,,,,,,,,,,,,,,,,Payment to SUP005 – INV00113,,,,SUPPLIER_PAYMENT,INVOICE,INV00113,,,,,,,
2025-09-26,COMP001,,,,,,TXNA216495B,31158656.64,,COMPLETED,,,,,,,,,SALES_RECEIPTS,,,,,,,,,,,,,,,,,,,,,,Daily dealership & fleet sales collection,,,,CUSTOMER_PAYMENT,COMPANY,COMP001,,,,,,,
2025-09-26,COMP001,,,,,,TXN1D29805B,-50100294.58,,COMPLETED,,,,,,,,,PAYABLE,,,,,,,,,,,,,,,,,,,,,,Payment to SUP012 – INV00362,,,,SUPPLIER_PAYMENT,INVOICE,INV00362,,,,,,,
2025-09-27,COMP001,,,,,,TXNC205C219,20638266.62,,COMPLETED,,,,,,,,,RECEIVABLE,,,,,,,,,,,,,,,,,,,,,,Collection from CUST020 – RCV00192,,,,CUSTOMER_PAYMENT,RECEIVABLE,RCV00192,,,,,,,
2025-09-27,COMP001,,,,,,TXN0860900C,-1086341.38,,COMPLETED,,,,,,,,,OPEX,,,,,,,,,,,,,,,,,,,,,,Daily operating expenses,,,,OPERATING_EXPENSE,COMPANY,COMP001,,,,,,,
2025-09-27,COMP001,,,,,,TXN5FD73430,-39645345.71,,COMPLETED,,,,,,,,,PAYABLE,,,,,,,,,,,,,,,,,,,,,,Payment to SUP003 – INV00010,,,,SUPPLIER_PAYMENT,INVOICE,INV00010,,,,,,,
2025-09-27,COMP001,,,,,,TXN7FDD5513,-3492159.19,,COMPLETED,,,,,,,,,PAYABLE,,,,,,,,,,,,,,,,,,,,,,Payment to SUP014 – INV00255,,,,SUPPLIER_PAYMENT,INVOICE,INV00255,,,,,,,
2025-09-27,COMP001,,,,,,TXN7FDA951D,1242002.19,,COMPLETED,,,,,,,,,SALES_RECEIPTS,,,,,,,,,,,,,,,,,,,,,,Daily dealership & fleet sales collection,,,,CUSTOMER_PAYMENT,COMPANY,COMP001,,,,,,,
2025-09-28,COMP001,,,,,,TXNB75A28C3,42882370.21,,COMPLETED,,,,,,,,,RECEIVABLE,,,,,,,,,,,,,,,,,,,,,,Collection from CUST010 – RCV00084,,,,CUSTOMER_PAYMENT,RECEIVABLE,RCV00084,,,,,,,
2025-09-28,COMP001,,,,,,TXN5A889106,1707027.21,,COMPLETED,,,,,,,,,SALES_RECEIPTS,,,,,,,,,,,,,,,,,,,,,,Daily dealership & fleet sales collection,,,,CUSTOMER_PAYMENT,COMPANY,COMP001,,,,,,,
2025-09-28,COMP001,,,,,,TXN8F055FDA,-14532480.46,,COMPLETED,,,,,,,,,FINANCING,,,,,,,,,,,,,,,,,,,,,,Quarterly interest payment,,,,INTEREST_PAYMENT,FINANCING_OPTION,FIN001,,,,,,,
2025-09-28,COMP001,,,,,,TXNC8DC8563,-1993683.69,,COMPLETED,,,,,,,,,OPEX,,,,,,,,,,,,,,,,,,,,,,Daily operating expenses,,,,OPERATING_EXPENSE,COMPANY,COMP001,,,,,,,
2025-09-29,COMP001,,,,,,TXN120171A4,-19445433.02,,COMPLETED,,,,,,,,,PAYABLE,,,,,,,,,,,,,,,,,,,,,,Payment to SUP007 – INV00252,,,,SUPPLIER_PAYMENT,INVOICE,INV00252,,,,,,,
2025-09-29,COMP001,,,,,,TXNAAC115CF,12556824.61,,COMPLETED,,,,,,,,,SALES_RECEIPTS,,,,,,,,,,,,,,,,,,,,,,Daily dealership & fleet sales collection,,,,CUSTOMER_PAYMENT,COMPANY,COMP001,,,,,,,
2025-09-29,COMP001,,,,,,TXN3EF31498,-33675048.95,,COMPLETED,,,,,,,,,PAYABLE,,,,,,,,,,,,,,,,,,,,,,Payment to SUP007 – INV00315,,,,SUPPLIER_PAYMENT,INVOICE,INV00315,,,,,,,
2025-09-29,COMP001,,,,,,TXNDE775D5E,-27271686.0,,COMPLETED,,,,,,,,,PAYABLE,,,,,,,,,,,,,,,,,,,,,,Payment to SUP008 – INV00038,,,,SUPPLIER_PAYMENT,INVOICE,INV00038,,,,,,,
2025-09-29,COMP001,,,,,,TXN074414BD,-4520749.0,,COMPLETED,,,,,,,,,OPEX,,,,,,,,,,,,,,,,,,,,,,Daily operating expenses,,,,OPERATING_EXPENSE,COMPANY,COMP001,,,,,,,
2025-09-30,COMP001,,,,,,TXN10A37571,-7786933.68,,COMPLETED,,,,,,,,,PAYABLE,,,,,,,,,,,,,,,,,,,,,,Payment to SUP001 – INV00244,,,,SUPPLIER_PAYMENT,INVOICE,INV00244,,,,,,,
2025-09-30,COMP001,,,,,,TXN765B1AD1,25663336.12,,COMPLETED,,,,,,,,,SALES_RECEIPTS,,,,,,,,,,,,,,,,,,,,,,Daily dealership & fleet sales collection,,,,CUSTOMER_PAYMENT,COMPANY,COMP001,,,,,,,
2025-09-30,COMP001,,,,,,TXND5AE3E47,-34685592.3,,COMPLETED,,,,,,,,,FINANCING,,,,,,,,,,,,,,,,,,,,,,Repayment to ICICI Bank,,,,LOAN_REPAYMENT,FINANCING_OPTION,FIN003,,,,,,,
2025-09-30,COMP001,,,,,,TXN2E1AC62A,-10970217.3,,COMPLETED,,,,,,,,,OPEX,,,,,,,,,,,,,,,,,,,,,,Daily operating expenses,,,,OPERATING_EXPENSE,COMPANY,COMP001,,,,,,,
2025-09-30,COMP001,,,,,,TXN90F88DA2,37630810.09,,COMPLETED,,,,,,,,,RECEIVABLE,,,,,,,,,,,,,,,,,,,,,,Collection from CUST021 – RCV00343,,,,CUSTOMER_PAYMENT,RECEIVABLE,RCV00343,,,,,,,
2025-10-01,COMP001,,,,,,TXNFA587D0D,-17380113.34,,COMPLETED,,,,,,,,,PAYABLE,,,,,,,,,,,,,,,,,,,,,,Payment to SUP014 – INV00047,,,,SUPPLIER_PAYMENT,INVOICE,INV00047,,,,,,,
2025-10-01,COMP001,,,,,,TXN68BF3067,-7199293.73,,COMPLETED,,,,,,,,,OPEX,,,,,,,,,,,,,,,,,,,,,,Daily operating expenses,,,,OPERATING_EXPENSE,COMPANY,COMP001,,,,,,,
2025-10-01,COMP001,,,,,,TXN4590EBC6,17260704.39,,COMPLETED,,,,,,,,,SALES_RECEIPTS,,,,,,,,,,,,,,,,,,,,,,Daily dealership & fleet sales collection,,,,CUSTOMER_PAYMENT,COMPANY,COMP001,,,,,,,
2025-10-02,COMP001,,,,,,TXNF0558A86,-51449229.97,,COMPLETED,,,,,,,,,PAYABLE,,,,,,,,,,,,,,,,,,,,,,Payment to SUP001 – INV00462,,,,SUPPLIER_PAYMENT,INVOICE,INV00462,,,,,,,
2025-10-02,COMP001,,,,,,TXNDE4DDB31,-9908539.63,,COMPLETED,,,,,,,,,OPEX,,,,,,,,,,,,,,,,,,,,,,Daily operating expenses,,,,OPERATING_EXPENSE,COMPANY,COMP001,,,,,,,
2025-10-02,COMP001,,,,,,TXNCDBF37B6,9231188.09,,COMPLETED,,,,,,,,,SALES_RECEIPTS,,,,,,,,,,,,,,,,,,,,,,Daily dealership & fleet sales collection,,,,CUSTOMER_PAYMENT,COMPANY,COMP001,,,,,,,
2025-10-03,COMP001,,,,,,TXN73ED064C,-40120095.59,,COMPLETED,,,,,,,,,PAYABLE,,,,,,,,,,,,,,,,,,,,,,Payment to SUP004 – INV00067,,,,SUPPLIER_PAYMENT,INVOICE,INV00067,,,,,,,
2025-10-03,COMP001,,,,,,TXNAC49C589,25719298.46,,COMPLETED,,,,,,,,,SALES_RECEIPTS,,,,,,,,,,,,,,,,,,,,,,Daily dealership & fleet sales collection,,,,CUSTOMER_PAYMENT,COMPANY,COMP001,,,,,,,
2025-10-03,COMP001,,,,,,TXN37FA1482,6971468.91,,COMPLETED,,,,,,,,,RECEIVABLE,,,,,,,,,,,,,,,,,,,,,,Collection from CUST011 – RCV00227,,,,CUSTOMER_PAYMENT,RECEIVABLE,RCV00227,,,,,,,
2025-10-03,COMP001,,,,,,TXN4027B9C6,-7613264.21,,COMPLETED,,,,,,,,,OPEX,,,,,,,,,,,,,,,,,,,,,,Daily operating expenses,,,,OPERATING_EXPENSE,COMPANY,COMP001,,,,,,,
2025-10-03,COMP001,,,,,,TXN12D731E2,78205941.45,,COMPLETED,,,,,,,,,RECEIVABLE,,,,,,,,,,,,,,,,,,,,,,Collection from CUST019 – RCV00189,,,,CUSTOMER_PAYMENT,RECEIVABLE,RCV00189,,,,,,,
2025-10-04,COMP001,,,,,,TXNB2911896,-58531351.73,,COMPLETED,,,,,,,,,PAYABLE,,,,,,,,,,,,,,,,,,,,,,Payment to SUP008 – INV00369,,,,SUPPLIER_PAYMENT,INVOICE,INV00369,,,,,,,
2025-10-04,COMP001,,,,,,TXN1A80E423,-1361259.73,,COMPLETED,,,,,,,,,OPEX,,,,,,,,,,,,,,,,,,,,,,Daily operating expenses,,,,OPERATING_EXPENSE,COMPANY,COMP001,,,,,,,
2025-10-04,COMP001,,,,,,TXN11E5C26B,3986930.39,,COMPLETED,,,,,,,,,SALES_RECEIPTS,,,,,,,,,,,,,,,,,,,,,,Daily dealership & fleet sales collection,,,,CUSTOMER_PAYMENT,COMPANY,COMP001,,,,,,,
2025-10-04,COMP001,,,,,,TXN3AF2B426,76790203.54,,COMPLETED,,,,,,,,,RECEIVABLE,,,,,,,,,,,,,,,,,,,,,,Collection from CUST011 – RCV00268,,,,CUSTOMER_PAYMENT,RECEIVABLE,RCV00268,,,,,,,
2025-10-05,COMP001,,,,,,TXN937A2619,3132224.21,,COMPLETED,,,,,,,,,SALES_RECEIPTS,,,,,,,,,,,,,,,,,,,,,,Daily dealership & fleet sales collection,,,,CUSTOMER_PAYMENT,COMPANY,COMP001,,,,,,,
2025-10-05,COMP001,,,,,,TXNE7080EC6,-947904.46,,COMPLETED,,,,,,,,,OPEX,,,,,,,,,,,,,,,,,,,,,,Daily operating expenses,,,,OPERATING_EXPENSE,COMPANY,COMP001,,,,,,,
2025-10-05,COMP001,,,,,,TXN6D9F4BC6,18570985.9,,COMPLETED,,,,,,,,,RECEIVABLE,,,,,,,,,,,,,,,,,,,,,,Collection from CUST023 – RCV00257,,,,CUSTOMER_PAYMENT,RECEIVABLE,RCV00257,,,,,,,
2025-10-05,COMP001,,,,,,TXN4C41D88A,-12794703.71,,COMPLETED,,,,,,,,,PAYABLE,,,,,,,,,,,,,,,,,,,,,,Payment to SUP002 – INV00005,,,,SUPPLIER_PAYMENT,INVOICE,INV00005,,,,,,,
2025-10-05,COMP001,,,,,,TXN51CE1833,74476274.28,,COMPLETED,,,,,,,,,RECEIVABLE,,,,,,,,,,,,,,,,,,,,,,Collection from CUST007 – RCV00077,,,,CUSTOMER_PAYMENT,RECEIVABLE,RCV00077,,,,,,,
2025-10-06,COMP001,,,,,,TXN420989F5,-6116142.82,,COMPLETED,,,,,,,,,OPEX,,,,,,,,,,,,,,,,,,,,,,Daily operating expenses,,,,OPERATING_EXPENSE,COMPANY,COMP001,,,,,,,
2025-10-06,COMP001,,,,,,TXN1CE5ECE8,-38175261.29,,COMPLETED,,,,,,,,,PAYABLE,,,,,,,,,,,,,,,,,,,,,,Payment to SUP002 – INV00456,,,,SUPPLIER_PAYMENT,INVOICE,INV00456,,,,,,,
2025-10-06,COMP001,,,,,,TXN7337AC10,17036053.98,,COMPLETED,,,,,,,,,SALES_RECEIPTS,,,,,,,,,,,,,,,,,,,,,,Daily dealership & fleet sales collection,,,,CUSTOMER_PAYMENT,COMPANY,COMP001,,,,,,,
2025-10-07,COMP001,,,,,,TXN5E6B882D,-47544705.26,,COMPLETED,,,,,,,,,PAYABLE,,,,,,,,,,,,,,,,,,,,,,Payment to SUP010 – INV00206,,,,SUPPLIER_PAYMENT,INVOICE,INV00206,,,,,,,
2025-10-07,COMP001,,,,,,TXN5BC0E86F,73017100.02,,COMPLETED,,,,,,,,,RECEIVABLE,,,,,,,,,,,,,,,,,,,,,,Collection from CUST011 – RCV00211,,,,CUSTOMER_PAYMENT,RECEIVABLE,RCV00211,,,,,,,
2025-10-07,COMP001,,,,,,TXN0B1507DF,10795626.05,,COMPLETED,,,,,,,,,RECEIVABLE,,,,,,,,,,,,,,,,,,,,,,Collection from CUST022 – RCV00324,,,,CUSTOMER_PAYMENT,RECEIVABLE,RCV00324,,,,,,,
2025-10-07,COMP001,,,,,,TXNE19D933F,-5573451.78,,COMPLETED,,,,,,,,,OPEX,,,,,,,,,,,,,,,,,,,,,,Daily operating expenses,,,,OPERATING_EXPENSE,COMPANY,COMP001,,,,,,,
2025-10-07,COMP001,,,,,,TXN7EEB6E2D,23889304.82,,COMPLETED,,,,,,,,,SALES_RECEIPTS,,,,,,,,,,,,,,,,,,,,,,Daily dealership & fleet sales collection,,,,CUSTOMER_PAYMENT,COMPANY,COMP001,,,,,,,
2025-10-08,COMP001,,,,,,TXN7CD47030,10235369.24,,COMPLETED,,,,,,,,,SALES_RECEIPTS,,,,,,,,,,,,,,,,,,,,,,Daily dealership & fleet sales collection,,,,CUSTOMER_PAYMENT,COMPANY,COMP001,,,,,,,
2025-10-08,COMP001,,,,,,TXN9580DFD6,-7434592.57,,COMPLETED,,,,,,,,,OPEX,,,,,,,,,,,,,,,,,,,,,,Daily operating expenses,,,,OPERATING_EXPENSE,COMPANY,COMP001,,,,,,,
2025-10-09,COMP001,,,,,,TXNF4F7CED6,20451941.91,,COMPLETED,,,,,,,,,SALES_RECEIPTS,,,,,,,,,,,,,,,,,,,,,,Daily dealership & fleet sales collection,,,,CUSTOMER_PAYMENT,COMPANY,COMP001,,,,,,,
2025-10-09,COMP001,,,,,,TXN485E5555,-3228483.29,,COMPLETED,,,,,,,,,OPEX,,,,,,,,,,,,,,,,,,,,,,Daily operating expenses,,,,OPERATING_EXPENSE,COMPANY,COMP001,,,,,,,
2025-10-10,COMP001,,,,,,TXNBD81294D,21679100.06,,COMPLETED,,,,,,,,,SALES_RECEIPTS,,,,,,,,,,,,,,,,,,,,,,Daily dealership & fleet sales collection,,,,CUSTOMER_PAYMENT,COMPANY,COMP001,,,,,,,
2025-10-10,COMP001,,,,,,TXN1A1F4B6D,-8853720.0,,COMPLETED,,,,,,,,,OPEX,,,,,,,,,,,,,,,,,,,,,,Daily operating expenses,,,,OPERATING_EXPENSE,COMPANY,COMP001,,,,,,,
2025-10-10,COMP001,,,,,,TXNA6F4072D,73651485.1,,COMPLETED,,,,,,,,,RECEIVABLE,,,,,,,,,,,,,,,,,,,,,,Collection from CUST017 – RCV00347,,,,CUSTOMER_PAYMENT,RECEIVABLE,RCV00347,,,,,,,
2025-10-10,COMP001,,,,,,TXNF483D11B,-49071133.15,,COMPLETED,,,,,,,,,PAYABLE,,,,,,,,,,,,,,,,,,,,,,Payment to SUP006 – INV00158,,,,SUPPLIER_PAYMENT,INVOICE,INV00158,,,,,,,
2025-10-10,COMP001,,,,,,TXNAD4F960D,-56016883.69,,COMPLETED,,,,,,,,,PAYABLE,,,,,,,,,,,,,,,,,,,,,,Payment to SUP008 – INV00461,,,,SUPPLIER_PAYMENT,INVOICE,INV00461,,,,,,,
2025-10-10,COMP001,,,,,,TXN04168E67,-42435799.12,,COMPLETED,,,,,,,,,PAYABLE,,,,,,,,,,,,,,,,,,,,,,Payment to SUP001 – INV00279,,,,SUPPLIER_PAYMENT,INVOICE,INV00279,,,,,,,
2025-10-11,COMP001,,,,,,TXNF16FAD65,2894782.91,,COMPLETED,,,,,,,,,SALES_RECEIPTS,,,,,,,,,,,,,,,,,,,,,,Daily dealership & fleet sales collection,,,,CUSTOMER_PAYMENT,COMPANY,COMP001,,,,,,,
2025-10-11,COMP001,,,,,,TXN5091D343,-55158720.89,,COMPLETED,,,,,,,,,PAYABLE,,,,,,,,,,,,,,,,,,,,,,Payment to SUP001 – INV00402,,,,SUPPLIER_PAYMENT,INVOICE,INV00402,,,,,,,
2025-10-11,COMP001,,,,,,TXNFCCB38FC,26018293.35,,COMPLETED,,,,,,,,,RECEIVABLE,,,,,,,,,,,,,,,,,,,,,,Collection from CUST003 – RCV00249,,,,CUSTOMER_PAYMENT,RECEIVABLE,RCV00249,,,,,,,
2025-10-11,COMP001,,,,,,TXN2B9938FA,-1083961.2,,COMPLETED,,,,,,,,,OPEX,,,,,,,,,,,,,,,,,,,,,,Daily operating expenses,,,,OPERATING_EXPENSE,COMPANY,COMP001,,,,,,,
2025-10-12,COMP001,,,,,,TXNF8C2E107,-1692562.01,,COMPLETED,,,,,,,,,OPEX,,,,,,,,,,,,,,,,,,,,,,Daily operating expenses,,,,OPERATING_EXPENSE,COMPANY,COMP001,,,,,,,
2025-10-12,COMP001,,,,,,TXN09ECDC0B,2046195.16,,COMPLETED,,,,,,,,,SALES_RECEIPTS,,,,,,,,,,,,,,,,,,,,,,Daily dealership & fleet sales collection,,,,CUSTOMER_PAYMENT,COMPANY,COMP001,,,,,,,
2025-10-12,COMP001,,,,,,TXN3972FC3A,-43112053.76,,COMPLETED,,,,,,,,,PAYABLE,,,,,,,,,,,,,,,,,,,,,,Payment to SUP005 – INV00437,,,,SUPPLIER_PAYMENT,INVOICE,INV00437,,,,,,,
2025-10-13,COMP001,,,,,,TXN4DFCDB9D,27248561.03,,COMPLETED,,,,,,,,,RECEIVABLE,,,,,,,,,,,,,,,,,,,,,,Collection from CUST022 – RCV00102,,,,CUSTOMER_PAYMENT,RECEIVABLE,RCV00102,,,,,,,
2025-10-13,COMP001,,,,,,TXN13AC8A46,14740224.97,,COMPLETED,,,,,,,,,SALES_RECEIPTS,,,,,,,,,,,,,,,,,,,,,,Daily dealership & fleet sales collection,,,,CUSTOMER_PAYMENT,COMPANY,COMP001,,,,,,,
2025-10-13,COMP001,,,,,,TXN9066241F,-55932202.74,,COMPLETED,,,,,,,,,PAYABLE,,,,,,,,,,,,,,,,,,,,,,Payment to SUP004 – INV00141,,,,SUPPLIER_PAYMENT,INVOICE,INV00141,,,,,,,
2025-10-13,COMP001,,,,,,TXNF870E31A,-7234997.23,,COMPLETED,,,,,,,,,OPEX,,,,,,,,,,,,,,,,,,,,,,Daily operating expenses,,,,OPERATING_EXPENSE,COMPANY,COMP001,,,,,,,
2025-10-13,COMP001,,,,,,TXNCD2955A9,-13024326.86,,COMPLETED,,,,,,,,,PAYABLE,,,,,,,,,,,,,,,,,,,,,,Payment to SUP012 – INV00170,,,,SUPPLIER_PAYMENT,INVOICE,INV00170,,,,,,,
2025-10-13,COMP001,,,,,,TXN21E8CCD2,-25295955.07,,COMPLETED,,,,,,,,,PAYABLE,,,,,,,,,,,,,,,,,,,,,,Payment to SUP005 – INV00046,,,,SUPPLIER_PAYMENT,INVOICE,INV00046,,,,,,,
2025-10-13,COMP001,,,,,,TXN1100E18D,-28474262.63,,COMPLETED,,,,,,,,,PAYABLE,,,,,,,,,,,,,,,,,,,,,,Payment to SUP012 – INV00223,,,,SUPPLIER_PAYMENT,INVOICE,INV00223,,,,,,,
2025-10-14,COMP001,,,,,,TXN90A6BDDB,-47549832.46,,COMPLETED,,,,,,,,,PAYABLE,,,,,,,,,,,,,,,,,,,,,,Payment to SUP004 – INV00242,,,,SUPPLIER_PAYMENT,INVOICE,INV00242,,,,,,,
2025-10-14,COMP001,,,,,,TXN5BF1910A,-5805099.52,,COMPLETED,,,,,,,,,OPEX,,,,,,,,,,,,,,,,,,,,,,Daily operating expenses,,,,OPERATING_EXPENSE,COMPANY,COMP001,,,,,,,
2025-10-14,COMP001,,,,,,TXN701C1BCB,30232865.44,,COMPLETED,,,,,,,,,SALES_RECEIPTS,,,,,,,,,,,,,,,,,,,,,,Daily dealership & fleet sales collection,,,,CUSTOMER_PAYMENT,COMPANY,COMP001,,,,,,,
2025-10-15,COMP001,,,,,,TXN000F7AC8,-54001688.96,,COMPLETED,,,,,,,,,PAYABLE,,,,,,,,,,,,,,,,,,,,,,Payment to SUP014 – INV00450,,,,SUPPLIER_PAYMENT,INVOICE,INV00450,,,,,,,
2025-10-15,COMP001,,,,,,TXN50D8B071,-7839458.52,,COMPLETED,,,,,,,,,OPEX,,,,,,,,,,,,,,,,,,,,,,Daily operating expenses,,,,OPERATING_EXPENSE,COMPANY,COMP001,,,,,,,
2025-10-15,COMP001,,,,,,TXNF7122B25,13046570.86,,COMPLETED,,,,,,,,,SALES_RECEIPTS,,,,,,,,,,,,,,,,,,,,,,Daily dealership & fleet sales collection,,,,CUSTOMER_PAYMENT,COMPANY,COMP001,,,,,,,
2025-10-15,COMP001,,,,,,TXNB9FCB832,-28711482.45,,COMPLETED,,,,,,,,,PAYABLE,,,,,,,,,,,,,,,,,,,,,,Payment to SUP013 – INV00365,,,,SUPPLIER_PAYMENT,INVOICE,INV00365,,,,,,,
2025-10-16,COMP001,,,,,,TXN31DA7015,-3641783.62,,COMPLETED,,,,,,,,,OPEX,,,,,,,,,,,,,,,,,,,,,,Daily operating expenses,,,,OPERATING_EXPENSE,COMPANY,COMP001,,,,,,,
2025-10-16,COMP001,,,,,,TXND739AC8A,-32630588.22,,COMPLETED,,,,,,,,,PAYABLE,,,,,,,,,,,,,,,,,,,,,,Payment to SUP004 – INV00145,,,,SUPPLIER_PAYMENT,INVOICE,INV00145,,,,,,,
2025-10-16,COMP001,,,,,,TXN5E0E80F4,20830055.43,,COMPLETED,,,,,,,,,SALES_RECEIPTS,,,,,,,,,,,,,,,,,,,,,,Daily dealership & fleet sales collection,,,,CUSTOMER_PAYMENT,COMPANY,COMP001,,,,,,,
2025-10-16,COMP001,,,,,,TXN62BE2016,-9643910.39,,COMPLETED,,,,,,,,,PAYABLE,,,,,,,,,,,,,,,,,,,,,,Payment to SUP006 – INV00287,,,,SUPPLIER_PAYMENT,INVOICE,INV00287,,,,,,,
2025-10-16,COMP001,,,,,,TXNAAF322D9,67565084.51,,COMPLETED,,,,,,,,,RECEIVABLE,,,,,,,,,,,,,,,,,,,,,,Collection from CUST018 – RCV00078,,,,CUSTOMER_PAYMENT,RECEIVABLE,RCV00078,,,,,,,
2025-10-17,COMP001,,,,,,TXNBB3F220C,-7856896.53,,COMPLETED,,,,,,,,,OPEX,,,,,,,,,,,,,,,,,,,,,,Daily operating expenses,,,,OPERATING_EXPENSE,COMPANY,COMP001,,,,,,,
2025-10-17,COMP001,,,,,,TXN1FEC093D,21719860.93,,COMPLETED,,,,,,,,,SALES_RECEIPTS,,,,,,,,,,,,,,,,,,,,,,Daily dealership & fleet sales collection,,,,CUSTOMER_PAYMENT,COMPANY,COMP001,,,,,,,
2025-10-18,COMP001,,,,,,TXN5C27B8DD,39655326.7,,COMPLETED,,,,,,,,,RECEIVABLE,,,,,,,,,,,,,,,,,,,,,,Collection from CUST012 – RCV00037,,,,CUSTOMER_PAYMENT,RECEIVABLE,RCV00037,,,,,,,
2025-10-18,COMP001,,,,,,TXN3A914782,-1789261.99,,COMPLETED,,,,,,,,,OPEX,,,,,,,,,,,,,,,,,,,,,,Daily operating expenses,,,,OPERATING_EXPENSE,COMPANY,COMP001,,,,,,,
2025-10-18,COMP001,,,,,,TXNE1EF5D29,-14417488.81,,COMPLETED,,,,,,,,,PAYABLE,,,,,,,,,,,,,,,,,,,,,,Payment to SUP013 – INV00310,,,,SUPPLIER_PAYMENT,INVOICE,INV00310,,,,,,,
2025-10-18,COMP001,,,,,,TXNF153BA75,1709376.74,,COMPLETED,,,,,,,,,SALES_RECEIPTS,,,,,,,,,,,,,,,,,,,,,,Daily dealership & fleet sales collection,,,,CUSTOMER_PAYMENT,COMPANY,COMP001,,,,,,,
2025-10-19,COMP001,,,,,,TXNA0FD33DA,-1370184.91,,COMPLETED,,,,,,,,,OPEX,,,,,,,,,,,,,,,,,,,,,,Daily operating expenses,,,,OPERATING_EXPENSE,COMPANY,COMP001,,,,,,,
2025-10-19,COMP001,,,,,,TXNFC331909,29625023.49,,COMPLETED,,,,,,,,,RECEIVABLE,,,,,,,,,,,,,,,,,,,,,,Collection from CUST023 – RCV00199,,,,CUSTOMER_PAYMENT,RECEIVABLE,RCV00199,,,,,,,
2025-10-19,COMP001,,,,,,TXN3BD96135,-4699102.99,,COMPLETED,,,,,,,,,PAYABLE,,,,,,,,,,,,,,,,,,,,,,Payment to SUP008 – INV00373,,,,SUPPLIER_PAYMENT,INVOICE,INV00373,,,,,,,
2025-10-19,COMP001,,,,,,TXN6460D4B4,-27688979.44,,COMPLETED,,,,,,,,,PAYABLE,,,,,,,,,,,,,,,,,,,,,,Payment to SUP015 – INV00336,,,,SUPPLIER_PAYMENT,INVOICE,INV00336,,,,,,,
2025-10-19,COMP001,,,,,,TXN34C4F705,2308985.26,,COMPLETED,,,,,,,,,SALES_RECEIPTS,,,,,,,,,,,,,,,,,,,,,,Daily dealership & fleet sales collection,,,,CUSTOMER_PAYMENT,COMPANY,COMP001,,,,,,,
2025-10-20,COMP001,,,,,,TXNFA924F05,-51219082.72,,COMPLETED,,,,,,,,,PAYABLE,,,,,,,,,,,,,,,,,,,,,,Payment to SUP007 – INV00132,,,,SUPPLIER_PAYMENT,INVOICE,INV00132,,,,,,,
2025-10-20,COMP001,,,,,,TXN55750823,-24914661.1,,COMPLETED,,,,,,,,,PAYABLE,,,,,,,,,,,,,,,,,,,,,,Payment to SUP006 – INV00109,,,,SUPPLIER_PAYMENT,INVOICE,INV00109,,,,,,,
2025-10-20,COMP001,,,,,,TXN79AD5065,-11942035.75,,COMPLETED,,,,,,,,,PAYABLE,,,,,,,,,,,,,,,,,,,,,,Payment to SUP007 – INV00361,,,,SUPPLIER_PAYMENT,INVOICE,INV00361,,,,,,,
2025-10-20,COMP001,,,,,,TXN77AFCE90,-6078813.22,,COMPLETED,,,,,,,,,OPEX,,,,,,,,,,,,,,,,,,,,,,Daily operating expenses,,,,OPERATING_EXPENSE,COMPANY,COMP001,,,,,,,
2025-10-20,COMP001,,,,,,TXNDAD2F688,-54310506.14,,COMPLETED,,,,,,,,,PAYABLE,,,,,,,,,,,,,,,,,,,,,,Payment to SUP015 – INV00302,,,,SUPPLIER_PAYMENT,INVOICE,INV00302,,,,,,,
2025-10-20,COMP001,,,,,,TXNBF9DCAB8,17837871.41,,COMPLETED,,,,,,,,,SALES_RECEIPTS,,,,,,,,,,,,,,,,,,,,,,Daily dealership & fleet sales collection,,,,CUSTOMER_PAYMENT,COMPANY,COMP001,,,,,,,
2025-10-21,COMP001,,,,,,TXN5A35D809,56882007.59,,COMPLETED,,,,,,,,,RECEIVABLE,,,,,,,,,,,,,,,,,,,,,,Collection from CUST019 – RCV00028,,,,CUSTOMER_PAYMENT,RECEIVABLE,RCV00028,,,,,,,
2025-10-21,COMP001,,,,,,TXN78ACDC14,22141328.32,,COMPLETED,,,,,,,,,SALES_RECEIPTS,,,,,,,,,,,,,,,,,,,,,,Daily dealership & fleet sales collection,,,,CUSTOMER_PAYMENT,COMPANY,COMP001,,,,,,,
2025-10-21,COMP001,,,,,,TXNF7C0B8F2,-7786015.92,,COMPLETED,,,,,,,,,OPEX,,,,,,,,,,,,,,,,,,,,,,Daily operating expenses,,,,OPERATING_EXPENSE,COMPANY,COMP001,,,,,,,
2025-10-22,COMP001,,,,,,TXN42CA8CDA,11511893.74,,COMPLETED,,,,,,,,,SALES_RECEIPTS,,,,,,,,,,,,,,,,,,,,,,Daily dealership & fleet sales collection,,,,CUSTOMER_PAYMENT,COMPANY,COMP001,,,,,,,
2025-10-22,COMP001,,,,,,TXN1543F96A,-6975656.69,,COMPLETED,,,,,,,,,OPEX,,,,,,,,,,,,,,,,,,,,,,Daily operating expenses,,,,OPERATING_EXPENSE,COMPANY,COMP001,,,,,,,
2025-10-22,COMP001,,,,,,TXNC9C017C6,59065295.14,,COMPLETED,,,,,,,,,RECEIVABLE,,,,,,,,,,,,,,,,,,,,,,Collection from CUST008 – RCV00203,,,,CUSTOMER_PAYMENT,RECEIVABLE,RCV00203,,,,,,,
2025-10-23,COMP001,,,,,,TXN2D914DA9,-8157089.33,,COMPLETED,,,,,,,,,OPEX,,,,,,,,,,,,,,,,,,,,,,Daily operating expenses,,,,OPERATING_EXPENSE,COMPANY,COMP001,,,,,,,
2025-10-23,COMP001,,,,,,TXN52F0CB54,-30402516.87,,COMPLETED,,,,,,,,,PAYABLE,,,,,,,,,,,,,,,,,,,,,,Payment to SUP008 – INV00419,,,,SUPPLIER_PAYMENT,INVOICE,INV00419,,,,,,,
2025-10-23,COMP001,,,,,,TXN94B6ABC9,-44036807.24,,COMPLETED,,,,,,,,,PAYABLE,,,,,,,,,,,,,,,,,,,,,,Payment to SUP009 – INV00385,,,,SUPPLIER_PAYMENT,INVOICE,INV00385,,,,,,,
2025-10-23,COMP001,,,,,,TXN68C807FE,-25059669.39,,COMPLETED,,,,,,,,,PAYABLE,,,,,,,,,,,,,,,,,,,,,,Payment to SUP001 – INV00400,,,,SUPPLIER_PAYMENT,INVOICE,INV00400,,,,,,,
2025-10-23,COMP001,,,,,,TXN9BBCF4F5,12920381.77,,COMPLETED,,,,,,,,,RECEIVABLE,,,,,,,,,,,,,,,,,,,,,,Collection from CUST017 – RCV00270,,,,CUSTOMER_PAYMENT,RECEIVABLE,RCV00270,,,,,,,
2025-10-23,COMP001,,,,,,TXN0248E2C4,14592221.44,,COMPLETED,,,,,,,,,SALES_RECEIPTS,,,,,,,,,,,,,,,,,,,,,,Daily dealership & fleet sales collection,,,,CUSTOMER_PAYMENT,COMPANY,COMP001,,,,,,,
2025-10-24,COMP001,,,,,,TXN837ADB60,-8123600.5,,COMPLETED,,,,,,,,,OPEX,,,,,,,,,,,,,,,,,,,,,,Daily operating expenses,,,,OPERATING_EXPENSE,COMPANY,COMP001,,,,,,,
2025-10-24,COMP001,,,,,,TXN97C32581,30486763.16,,COMPLETED,,,,,,,,,SALES_RECEIPTS,,,,,,,,,,,,,,,,,,,,,,Daily dealership & fleet sales collection,,,,CUSTOMER_PAYMENT,COMPANY,COMP001,,,,,,,
2025-10-24,COMP001,,,,,,TXN7C770CB1,25954066.14,,COMPLETED,,,,,,,,,RECEIVABLE,,,,,,,,,,,,,,,,,,,,,,Collection from CUST010 – RCV00214,,,,CUSTOMER_PAYMENT,RECEIVABLE,RCV00214,,,,,,,
2025-10-24,COMP001,,,,,,TXNB41A614D,28362221.48,,COMPLETED,,,,,,,,,RECEIVABLE,,,,,,,,,,,,,,,,,,,,,,Collection from CUST002 – RCV00042,,,,CUSTOMER_PAYMENT,RECEIVABLE,RCV00042,,,,,,,
2025-10-25,COMP001,,,,,,TXN8319F704,64015763.59,,COMPLETED,,,,,,,,,RECEIVABLE,,,,,,,,,,,,,,,,,,,,,,Collection from CUST025 – RCV00272,,,,CUSTOMER_PAYMENT,RECEIVABLE,RCV00272,,,,,,,
2025-10-25,COMP001,,,,,,TXN2CD89F31,2014516.39,,COMPLETED,,,,,,,,,SALES_RECEIPTS,,,,,,,,,,,,,,,,,,,,,,Daily dealership & fleet sales collection,,,,CUSTOMER_PAYMENT,COMPANY,COMP001,,,,,,,
2025-10-25,COMP001,,,,,,TXNB66777B9,-966347.14,,COMPLETED,,,,,,,,,OPEX,,,,,,,,,,,,,,,,,,,,,,Daily operating expenses,,,,OPERATING_EXPENSE,COMPANY,COMP001,,,,,,,
2025-10-25,COMP001,,,,,,TXN2BCE457C,23599716.66,,COMPLETED,,,,,,,,,RECEIVABLE,,,,,,,,,,,,,,,,,,,,,,Collection from CUST013 – RCV00225,,,,CUSTOMER_PAYMENT,RECEIVABLE,RCV00225,,,,,,,
2025-10-26,COMP001,,,,,,TXNCAF9DB78,2162005.51,,COMPLETED,,,,,,,,,SALES_RECEIPTS,,,,,,,,,,,,,,,,,,,,,,Daily dealership & fleet sales collection,,,,CUSTOMER_PAYMENT,COMPANY,COMP001,,,,,,,
2025-10-26,COMP001,,,,,,TXN870FB650,-795259.59,,COMPLETED,,,,,,,,,OPEX,,,,,,,,,,,,,,,,,,,,,,Daily operating expenses,,,,OPERATING_EXPENSE,COMPANY,COMP001,,,,,,,
2025-10-26,COMP001,,,,,,TXND6891C03,-17228630.64,,COMPLETED,,,,,,,,,PAYABLE,,,,,,,,,,,,,,,,,,,,,,Payment to SUP006 – INV00478,,,,SUPPLIER_PAYMENT,INVOICE,INV00478,,,,,,,
2025-10-26,COMP001,,,,,,TXN5007A379,12868924.24,,COMPLETED,,,,,,,,,RECEIVABLE,,,,,,,,,,,,,,,,,,,,,,Collection from CUST003 – RCV00222,,,,CUSTOMER_PAYMENT,RECEIVABLE,RCV00222,,,,,,,
2025-10-27,COMP001,,,,,,TXND7D8565F,9455507.56,,COMPLETED,,,,,,,,,SALES_RECEIPTS,,,,,,,,,,,,,,,,,,,,,,Daily dealership & fleet sales collection,,,,CUSTOMER_PAYMENT,COMPANY,COMP001,,,,,,,
2025-10-27,COMP001,,,,,,TXN6B7BF0CA,-6453623.73,,COMPLETED,,,,,,,,,OPEX,,,,,,,,,,,,,,,,,,,,,,Daily operating expenses,,,,OPERATING_EXPENSE,COMPANY,COMP001,,,,,,,
2025-10-28,COMP001,,,,,,TXNE05AB462,18173634.71,,COMPLETED,,,,,,,,,SALES_RECEIPTS,,,,,,,,,,,,,,,,,,,,,,Daily dealership & fleet sales collection,,,,CUSTOMER_PAYMENT,COMPANY,COMP001,,,,,,,
2025-10-28,COMP001,,,,,,TXN6AFADEAF,77779910.23,,COMPLETED,,,,,,,,,FINANCING,,,,,,,,,,,,,,,,,,,,,,Loan drawdown from Tata Capital Financial Svc,,,,LOAN_DRAW,FINANCING_OPTION,FIN005,,,,,,,
2025-10-28,COMP001,,,,,,TXN3A75E3E6,-59820417.88,,COMPLETED,,,,,,,,,PAYABLE,,,,,,,,,,,,,,,,,,,,,,Payment to SUP010 – INV00391,,,,SUPPLIER_PAYMENT,INVOICE,INV00391,,,,,,,
2025-10-28,COMP001,,,,,,TXN09C8CB19,-6527005.65,,COMPLETED,,,,,,,,,OPEX,,,,,,,,,,,,,,,,,,,,,,Daily operating expenses,,,,OPERATING_EXPENSE,COMPANY,COMP001,,,,,,,
2025-10-29,COMP001,,,,,,TXN3C4BE4CC,-56710986.15,,COMPLETED,,,,,,,,,PAYABLE,,,,,,,,,,,,,,,,,,,,,,Payment to SUP008 – INV00210,,,,SUPPLIER_PAYMENT,INVOICE,INV00210,,,,,,,
2025-10-29,COMP001,,,,,,TXN84A112BE,10272140.26,,COMPLETED,,,,,,,,,SALES_RECEIPTS,,,,,,,,,,,,,,,,,,,,,,Daily dealership & fleet sales collection,,,,CUSTOMER_PAYMENT,COMPANY,COMP001,,,,,,,
2025-10-29,COMP001,,,,,,TXN17C3D21B,-7360801.05,,COMPLETED,,,,,,,,,OPEX,,,,,,,,,,,,,,,,,,,,,,Daily operating expenses,,,,OPERATING_EXPENSE,COMPANY,COMP001,,,,,,,
2025-10-30,COMP001,,,,,,TXN56301101,-11475730.72,,COMPLETED,,,,,,,,,OPEX,,,,,,,,,,,,,,,,,,,,,,Daily operating expenses,,,,OPERATING_EXPENSE,COMPANY,COMP001,,,,,,,
2025-10-30,COMP001,,,,,,TXN18E7D8EF,65192638.74,,COMPLETED,,,,,,,,,RECEIVABLE,,,,,,,,,,,,,,,,,,,,,,Collection from CUST022 – RCV00024,,,,CUSTOMER_PAYMENT,RECEIVABLE,RCV00024,,,,,,,
2025-10-30,COMP001,,,,,,TXN7EF050FB,-12113087.75,,COMPLETED,,,,,,,,,PAYABLE,,,,,,,,,,,,,,,,,,,,,,Payment to SUP006 – INV00022,,,,SUPPLIER_PAYMENT,INVOICE,INV00022,,,,,,,
2025-10-30,COMP001,,,,,,TXN8C3EB48B,78710136.39,,COMPLETED,,,,,,,,,RECEIVABLE,,,,,,,,,,,,,,,,,,,,,,Collection from CUST003 – RCV00306,,,,CUSTOMER_PAYMENT,RECEIVABLE,RCV00306,,,,,,,
2025-10-30,COMP001,,,,,,TXN78F870F8,12564677.76,,COMPLETED,,,,,,,,,SALES_RECEIPTS,,,,,,,,,,,,,,,,,,,,,,Daily dealership & fleet sales collection,,,,CUSTOMER_PAYMENT,COMPANY,COMP001,,,,,,,
2025-10-31,COMP001,,,,,,TXN1583C149,-12377542.51,,COMPLETED,,,,,,,,,OPEX,,,,,,,,,,,,,,,,,,,,,,Daily operating expenses,,,,OPERATING_EXPENSE,COMPANY,COMP001,,,,,,,
2025-10-31,COMP001,,,,,,TXN67418861,36013000.03,,COMPLETED,,,,,,,,,RECEIVABLE,,,,,,,,,,,,,,,,,,,,,,Collection from CUST018 – RCV00074,,,,CUSTOMER_PAYMENT,RECEIVABLE,RCV00074,,,,,,,
2025-10-31,COMP001,,,,,,TXN6ADF30E3,50192456.36,,COMPLETED,,,,,,,,,RECEIVABLE,,,,,,,,,,,,,,,,,,,,,,Collection from CUST009 – RCV00129,,,,CUSTOMER_PAYMENT,RECEIVABLE,RCV00129,,,,,,,
2025-10-31,COMP001,,,,,,TXN90E0F392,21087713.5,,COMPLETED,,,,,,,,,SALES_RECEIPTS,,,,,,,,,,,,,,,,,,,,,,Daily dealership & fleet sales collection,,,,CUSTOMER_PAYMENT,COMPANY,COMP001,,,,,,,
2025-11-01,COMP001,,,,,,TXNCBB69D82,3159826.15,,COMPLETED,,,,,,,,,SALES_RECEIPTS,,,,,,,,,,,,,,,,,,,,,,Daily dealership & fleet sales collection,,,,CUSTOMER_PAYMENT,COMPANY,COMP001,,,,,,,
2025-11-01,COMP001,,,,,,TXN40B8C74C,-723492.53,,COMPLETED,,,,,,,,,OPEX,,,,,,,,,,,,,,,,,,,,,,Daily operating expenses,,,,OPERATING_EXPENSE,COMPANY,COMP001,,,,,,,
2025-11-01,COMP001,,,,,,TXN4A2BDA93,-54662962.52,,COMPLETED,,,,,,,,,PAYABLE,,,,,,,,,,,,,,,,,,,,,,Payment to SUP015 – INV00214,,,,SUPPLIER_PAYMENT,INVOICE,INV00214,,,,,,,
2025-11-02,COMP001,,,,,,TXND34897C4,1517870.45,,COMPLETED,,,,,,,,,SALES_RECEIPTS,,,,,,,,,,,,,,,,,,,,,,Daily dealership & fleet sales collection,,,,CUSTOMER_PAYMENT,COMPANY,COMP001,,,,,,,
2025-11-02,COMP001,,,,,,TXN8694683C,-22892784.05,,COMPLETED,,,,,,,,,PAYABLE,,,,,,,,,,,,,,,,,,,,,,Payment to SUP011 – INV00127,,,,SUPPLIER_PAYMENT,INVOICE,INV00127,,,,,,,
2025-11-02,COMP001,,,,,,TXNCD49764D,-1661977.39,,COMPLETED,,,,,,,,,OPEX,,,,,,,,,,,,,,,,,,,,,,Daily operating expenses,,,,OPERATING_EXPENSE,COMPANY,COMP001,,,,,,,
2025-11-03,COMP001,,,,,,TXNCD58C3BA,-42812191.69,,COMPLETED,,,,,,,,,PAYABLE,,,,,,,,,,,,,,,,,,,,,,Payment to SUP012 – INV00180,,,,SUPPLIER_PAYMENT,INVOICE,INV00180,,,,,,,
2025-11-03,COMP001,,,,,,TXN442EF671,-7184420.42,,COMPLETED,,,,,,,,,OPEX,,,,,,,,,,,,,,,,,,,,,,Daily operating expenses,,,,OPERATING_EXPENSE,COMPANY,COMP001,,,,,,,
2025-11-03,COMP001,,,,,,TXN3CE58456,-10338834.65,,COMPLETED,,,,,,,,,PAYABLE,,,,,,,,,,,,,,,,,,,,,,Payment to SUP006 – INV00048,,,,SUPPLIER_PAYMENT,INVOICE,INV00048,,,,,,,
2025-11-03,COMP001,,,,,,TXN878DA83C,14978409.1,,COMPLETED,,,,,,,,,SALES_RECEIPTS,,,,,,,,,,,,,,,,,,,,,,Daily dealership & fleet sales collection,,,,CUSTOMER_PAYMENT,COMPANY,COMP001,,,,,,,
2025-11-04,COMP001,,,,,,TXN6C254D2C,54165519.76,,COMPLETED,,,,,,,,,RECEIVABLE,,,,,,,,,,,,,,,,,,,,,,Collection from CUST006 – RCV00246,,,,CUSTOMER_PAYMENT,RECEIVABLE,RCV00246,,,,,,,
2025-11-04,COMP001,,,,,,TXNB45BBF70,25304938.09,,COMPLETED,,,,,,,,,SALES_RECEIPTS,,,,,,,,,,,,,,,,,,,,,,Daily dealership & fleet sales collection,,,,CUSTOMER_PAYMENT,COMPANY,COMP001,,,,,,,
2025-11-04,COMP001,,,,,,TXNA8B1EDBB,-5508074.84,,COMPLETED,,,,,,,,,OPEX,,,,,,,,,,,,,,,,,,,,,,Daily operating expenses,,,,OPERATING_EXPENSE,COMPANY,COMP001,,,,,,,
2025-11-04,COMP001,,,,,,TXN00DC92F4,61180986.18,,COMPLETED,,,,,,,,,RECEIVABLE,,,,,,,,,,,,,,,,,,,,,,Collection from CUST007 – RCV00304,,,,CUSTOMER_PAYMENT,RECEIVABLE,RCV00304,,,,,,,
2025-11-04,COMP001,,,,,,TXNC8DB0001,-8355520.7,,COMPLETED,,,,,,,,,PAYABLE,,,,,,,,,,,,,,,,,,,,,,Payment to SUP003 – INV00018,,,,SUPPLIER_PAYMENT,INVOICE,INV00018,,,,,,,
2025-11-05,COMP001,,,,,,TXNB9F03E01,23982856.33,,COMPLETED,,,,,,,,,RECEIVABLE,,,,,,,,,,,,,,,,,,,,,,Collection from CUST017 – RCV00239,,,,CUSTOMER_PAYMENT,RECEIVABLE,RCV00239,,,,,,,
2025-11-05,COMP001,,,,,,TXNC74CBE08,-22333814.42,,COMPLETED,,,,,,,,,PAYABLE,,,,,,,,,,,,,,,,,,,,,,Payment to SUP005 – INV00468,,,,SUPPLIER_PAYMENT,INVOICE,INV00468,,,,,,,
2025-11-05,COMP001,,,,,,TXN86CD4643,-7135007.99,,COMPLETED,,,,,,,,,OPEX,,,,,,,,,,,,,,,,,,,,,,Daily operating expenses,,,,OPERATING_EXPENSE,COMPANY,COMP001,,,,,,,
2025-11-05,COMP001,,,,,,TXNE0F46029,17274161.5,,COMPLETED,,,,,,,,,SALES_RECEIPTS,,,,,,,,,,,,,,,,,,,,,,Daily dealership & fleet sales collection,,,,CUSTOMER_PAYMENT,COMPANY,COMP001,,,,,,,
2025-11-06,COMP001,,,,,,TXN76D7AD94,-38564840.99,,COMPLETED,,,,,,,,,PAYABLE,,,,,,,,,,,,,,,,,,,,,,Payment to SUP003 – INV00295,,,,SUPPLIER_PAYMENT,INVOICE,INV00295,,,,,,,
2025-11-06,COMP001,,,,,,TXN59FE181E,-7291384.61,,COMPLETED,,,,,,,,,OPEX,,,,,,,,,,,,,,,,,,,,,,Daily operating expenses,,,,OPERATING_EXPENSE,COMPANY,COMP001,,,,,,,
2025-11-06,COMP001,,,,,,TXND1B96922,42425360.14,,COMPLETED,,,,,,,,,RECEIVABLE,,,,,,,,,,,,,,,,,,,,,,Collection from CUST008 – RCV00329,,,,CUSTOMER_PAYMENT,RECEIVABLE,RCV00329,,,,,,,
2025-11-06,COMP001,,,,,,TXNF095080F,9817161.53,,COMPLETED,,,,,,,,,SALES_RECEIPTS,,,,,,,,,,,,,,,,,,,,,,Daily dealership & fleet sales collection,,,,CUSTOMER_PAYMENT,COMPANY,COMP001,,,,,,,
2025-11-07,COMP001,,,,,,TXN4697A1DF,22931279.15,,COMPLETED,,,,,,,,,SALES_RECEIPTS,,,,,,,,,,,,,,,,,,,,,,Daily dealership & fleet sales collection,,,,CUSTOMER_PAYMENT,COMPANY,COMP001,,,,,,,
2025-11-07,COMP001,,,,,,TXNE1C01972,-4544438.94,,COMPLETED,,,,,,,,,OPEX,,,,,,,,,,,,,,,,,,,,,,Daily operating expenses,,,,OPERATING_EXPENSE,COMPANY,COMP001,,,,,,,
2025-11-07,COMP001,,,,,,TXNCAFC528B,-14937912.1,,COMPLETED,,,,,,,,,PAYABLE,,,,,,,,,,,,,,,,,,,,,,Payment to SUP009 – INV00358,,,,SUPPLIER_PAYMENT,INVOICE,INV00358,,,,,,,
2025-11-08,COMP001,,,,,,TXN468C2DEF,-1637780.98,,COMPLETED,,,,,,,,,OPEX,,,,,,,,,,,,,,,,,,,,,,Daily operating expenses,,,,OPERATING_EXPENSE,COMPANY,COMP001,,,,,,,
2025-11-08,COMP001,,,,,,TXNE3816F3C,3283103.2,,COMPLETED,,,,,,,,,SALES_RECEIPTS,,,,,,,,,,,,,,,,,,,,,,Daily dealership & fleet sales collection,,,,CUSTOMER_PAYMENT,COMPANY,COMP001,,,,,,,
2025-11-08,COMP001,,,,,,TXND55E1817,-27796321.66,,COMPLETED,,,,,,,,,PAYABLE,,,,,,,,,,,,,,,,,,,,,,Payment to SUP004 – INV00049,,,,SUPPLIER_PAYMENT,INVOICE,INV00049,,,,,,,
2025-11-08,COMP001,,,,,,TXN9614FE63,22967717.18,,COMPLETED,,,,,,,,,RECEIVABLE,,,,,,,,,,,,,,,,,,,,,,Collection from CUST012 – RCV00152,,,,CUSTOMER_PAYMENT,RECEIVABLE,RCV00152,,,,,,,
2025-11-09,COMP001,,,,,,TXN59CB9C20,-1937975.11,,COMPLETED,,,,,,,,,OPEX,,,,,,,,,,,,,,,,,,,,,,Daily operating expenses,,,,OPERATING_EXPENSE,COMPANY,COMP001,,,,,,,
2025-11-09,COMP001,,,,,,TXN8E664B85,-59748587.5,,COMPLETED,,,,,,,,,PAYABLE,,,,,,,,,,,,,,,,,,,,,,Payment to SUP007 – INV00412,,,,SUPPLIER_PAYMENT,INVOICE,INV00412,,,,,,,
2025-11-09,COMP001,,,,,,TXNA67011C1,-13955924.63,,COMPLETED,,,,,,,,,PAYABLE,,,,,,,,,,,,,,,,,,,,,,Payment to SUP004 – INV00188,,,,SUPPLIER_PAYMENT,INVOICE,INV00188,,,,,,,
2025-11-09,COMP001,,,,,,TXN3730B535,-16143863.98,,COMPLETED,,,,,,,,,PAYABLE,,,,,,,,,,,,,,,,,,,,,,Payment to SUP012 – INV00370,,,,SUPPLIER_PAYMENT,INVOICE,INV00370,,,,,,,
2025-11-09,COMP001,,,,,,TXN0D9AA0BB,48842441.79,,COMPLETED,,,,,,,,,RECEIVABLE,,,,,,,,,,,,,,,,,,,,,,Collection from CUST013 – RCV00331,,,,CUSTOMER_PAYMENT,RECEIVABLE,RCV00331,,,,,,,
2025-11-09,COMP001,,,,,,TXN13380FF0,3601323.01,,COMPLETED,,,,,,,,,SALES_RECEIPTS,,,,,,,,,,,,,,,,,,,,,,Daily dealership & fleet sales collection,,,,CUSTOMER_PAYMENT,COMPANY,COMP001,,,,,,,
2025-11-10,COMP001,,,,,,TXN9F59F014,9188516.77,,COMPLETED,,,,,,,,,SALES_RECEIPTS,,,,,,,,,,,,,,,,,,,,,,Daily dealership & fleet sales collection,,,,CUSTOMER_PAYMENT,COMPANY,COMP001,,,,,,,
2025-11-10,COMP001,,,,,,TXN8AC0D2C3,-6921293.99,,COMPLETED,,,,,,,,,OPEX,,,,,,,,,,,,,,,,,,,,,,Daily operating expenses,,,,OPERATING_EXPENSE,COMPANY,COMP001,,,,,,,
2025-11-11,COMP001,,,,,,TXN1055D279,-8092343.51,,COMPLETED,,,,,,,,,OPEX,,,,,,,,,,,,,,,,,,,,,,Daily operating expenses,,,,OPERATING_EXPENSE,COMPANY,COMP001,,,,,,,
2025-11-11,COMP001,,,,,,TXN04F2D1D7,-3172555.0,,COMPLETED,,,,,,,,,PAYABLE,,,,,,,,,,,,,,,,,,,,,,Payment to SUP015 – INV00327,,,,SUPPLIER_PAYMENT,INVOICE,INV00327,,,,,,,
2025-11-11,COMP001,,,,,,TXNFE3A8528,23718827.18,,COMPLETED,,,,,,,,,SALES_RECEIPTS,,,,,,,,,,,,,,,,,,,,,,Daily dealership & fleet sales collection,,,,CUSTOMER_PAYMENT,COMPANY,COMP001,,,,,,,
2025-11-12,COMP001,,,,,,TXN94C7CAEF,17159475.95,,COMPLETED,,,,,,,,,SALES_RECEIPTS,,,,,,,,,,,,,,,,,,,,,,Daily dealership & fleet sales collection,,,,CUSTOMER_PAYMENT,COMPANY,COMP001,,,,,,,
2025-11-12,COMP001,,,,,,TXN44B71C14,-9924271.13,,COMPLETED,,,,,,,,,OPEX,,,,,,,,,,,,,,,,,,,,,,Daily operating expenses,,,,OPERATING_EXPENSE,COMPANY,COMP001,,,,,,,
2025-11-12,COMP001,,,,,,TXNBB7F201F,46413843.12,,COMPLETED,,,,,,,,,RECEIVABLE,,,,,,,,,,,,,,,,,,,,,,Collection from CUST017 – RCV00228,,,,CUSTOMER_PAYMENT,RECEIVABLE,RCV00228,,,,,,,
2025-11-12,COMP001,,,,,,TXNE25428AA,68013362.95,,COMPLETED,,,,,,,,,RECEIVABLE,,,,,,,,,,,,,,,,,,,,,,Collection from CUST019 – RCV00217,,,,CUSTOMER_PAYMENT,RECEIVABLE,RCV00217,,,,,,,
2025-11-13,COMP001,,,,,,TXNE1CFB416,-5792437.47,,COMPLETED,,,,,,,,,OPEX,,,,,,,,,,,,,,,,,,,,,,Daily operating expenses,,,,OPERATING_EXPENSE,COMPANY,COMP001,,,,,,,
2025-11-13,COMP001,,,,,,TXN8328D8F9,-11754884.54,,COMPLETED,,,,,,,,,PAYABLE,,,,,,,,,,,,,,,,,,,,,,Payment to SUP008 – INV00155,,,,SUPPLIER_PAYMENT,INVOICE,INV00155,,,,,,,
2025-11-13,COMP001,,,,,,TXNEB780B02,11906069.57,,COMPLETED,,,,,,,,,SALES_RECEIPTS,,,,,,,,,,,,,,,,,,,,,,Daily dealership & fleet sales collection,,,,CUSTOMER_PAYMENT,COMPANY,COMP001,,,,,,,
2025-11-13,COMP001,,,,,,TXN41A202A6,-16878072.34,,COMPLETED,,,,,,,,,PAYABLE,,,,,,,,,,,,,,,,,,,,,,Payment to SUP005 – INV00035,,,,SUPPLIER_PAYMENT,INVOICE,INV00035,,,,,,,
2025-11-14,COMP001,,,,,,TXND0B56435,-11592591.68,,COMPLETED,,,,,,,,,PAYABLE,,,,,,,,,,,,,,,,,,,,,,Payment to SUP004 – INV00016,,,,SUPPLIER_PAYMENT,INVOICE,INV00016,,,,,,,
2025-11-14,COMP001,,,,,,TXN283BF270,28910046.87,,COMPLETED,,,,,,,,,SALES_RECEIPTS,,,,,,,,,,,,,,,,,,,,,,Daily dealership & fleet sales collection,,,,CUSTOMER_PAYMENT,COMPANY,COMP001,,,,,,,
2025-11-14,COMP001,,,,,,TXNA8FC1466,-9138125.19,,COMPLETED,,,,,,,,,PAYABLE,,,,,,,,,,,,,,,,,,,,,,Payment to SUP015 – INV00317,,,,SUPPLIER_PAYMENT,INVOICE,INV00317,,,,,,,
2025-11-14,COMP001,,,,,,TXNE859900D,-4500047.5,,COMPLETED,,,,,,,,,OPEX,,,,,,,,,,,,,,,,,,,,,,Daily operating expenses,,,,OPERATING_EXPENSE,COMPANY,COMP001,,,,,,,
2025-11-15,COMP001,,,,,,TXNA9B5300A,9784107.31,,COMPLETED,,,,,,,,,RECEIVABLE,,,,,,,,,,,,,,,,,,,,,,Collection from CUST024 – RCV00054,,,,CUSTOMER_PAYMENT,RECEIVABLE,RCV00054,,,,,,,
2025-11-15,COMP001,,,,,,TXN9A5273BE,1088469.71,,COMPLETED,,,,,,,,,SALES_RECEIPTS,,,,,,,,,,,,,,,,,,,,,,Daily dealership & fleet sales collection,,,,CUSTOMER_PAYMENT,COMPANY,COMP001,,,,,,,
2025-11-15,COMP001,,,,,,TXNAE5CDE67,-569504.97,,COMPLETED,,,,,,,,,OPEX,,,,,,,,,,,,,,,,,,,,,,Daily operating expenses,,,,OPERATING_EXPENSE,COMPANY,COMP001,,,,,,,
2025-11-16,COMP001,,,,,,TXN2FBF4647,-8868624.11,,COMPLETED,,,,,,,,,PAYABLE,,,,,,,,,,,,,,,,,,,,,,Payment to SUP013 – INV00133,,,,SUPPLIER_PAYMENT,INVOICE,INV00133,,,,,,,
2025-11-16,COMP001,,,,,,TXN18DFA53C,-20737969.59,,COMPLETED,,,,,,,,,PAYABLE,,,,,,,,,,,,,,,,,,,,,,Payment to SUP011 – INV00440,,,,SUPPLIER_PAYMENT,INVOICE,INV00440,,,,,,,
2025-11-16,COMP001,,,,,,TXN0F2C178E,-24636891.68,,COMPLETED,,,,,,,,,PAYABLE,,,,,,,,,,,,,,,,,,,,,,Payment to SUP014 – INV00258,,,,SUPPLIER_PAYMENT,INVOICE,INV00258,,,,,,,
2025-11-16,COMP001,,,,,,TXN0266A0D0,-1508278.46,,COMPLETED,,,,,,,,,OPEX,,,,,,,,,,,,,,,,,,,,,,Daily operating expenses,,,,OPERATING_EXPENSE,COMPANY,COMP001,,,,,,,
2025-11-16,COMP001,,,,,,TXN25389F37,3884038.23,,COMPLETED,,,,,,,,,SALES_RECEIPTS,,,,,,,,,,,,,,,,,,,,,,Daily dealership & fleet sales collection,,,,CUSTOMER_PAYMENT,COMPANY,COMP001,,,,,,,
2025-11-17,COMP001,,,,,,TXN901DDD00,-38143020.93,,COMPLETED,,,,,,,,,PAYABLE,,,,,,,,,,,,,,,,,,,,,,Payment to SUP008 – INV00054,,,,SUPPLIER_PAYMENT,INVOICE,INV00054,,,,,,,
2025-11-17,COMP001,,,,,,TXND8670F9E,16565345.16,,COMPLETED,,,,,,,,,SALES_RECEIPTS,,,,,,,,,,,,,,,,,,,,,,Daily dealership & fleet sales collection,,,,CUSTOMER_PAYMENT,COMPANY,COMP001,,,,,,,
2025-11-17,COMP001,,,,,,TXN47C8A243,-6175105.75,,COMPLETED,,,,,,,,,OPEX,,,,,,,,,,,,,,,,,,,,,,Daily operating expenses,,,,OPERATING_EXPENSE,COMPANY,COMP001,,,,,,,
2025-11-17,COMP001,,,,,,TXN1266BC06,79218146.62,,COMPLETED,,,,,,,,,RECEIVABLE,,,,,,,,,,,,,,,,,,,,,,Collection from CUST021 – RCV00075,,,,CUSTOMER_PAYMENT,RECEIVABLE,RCV00075,,,,,,,
2025-11-18,COMP001,,,,,,TXN8DF58DDC,5186969.42,,COMPLETED,,,,,,,,,RECEIVABLE,,,,,,,,,,,,,,,,,,,,,,Collection from CUST005 – RCV00292,,,,CUSTOMER_PAYMENT,RECEIVABLE,RCV00292,,,,,,,
2025-11-18,COMP001,,,,,,TXN7C208336,-44240335.43,,COMPLETED,,,,,,,,,PAYABLE,,,,,,,,,,,,,,,,,,,,,,Payment to SUP014 – INV00321,,,,SUPPLIER_PAYMENT,INVOICE,INV00321,,,,,,,
2025-11-18,COMP001,,,,,,TXN60FA2D7E,17804076.86,,COMPLETED,,,,,,,,,SALES_RECEIPTS,,,,,,,,,,,,,,,,,,,,,,Daily dealership & fleet sales collection,,,,CUSTOMER_PAYMENT,COMPANY,COMP001,,,,,,,
2025-11-18,COMP001,,,,,,TXN73BD3BFE,-7414022.53,,COMPLETED,,,,,,,,,OPEX,,,,,,,,,,,,,,,,,,,,,,Daily operating expenses,,,,OPERATING_EXPENSE,COMPANY,COMP001,,,,,,,
2025-11-19,COMP001,,,,,,TXN9EC09C8B,8069682.28,,COMPLETED,,,,,,,,,SALES_RECEIPTS,,,,,,,,,,,,,,,,,,,,,,Daily dealership & fleet sales collection,,,,CUSTOMER_PAYMENT,COMPANY,COMP001,,,,,,,
2025-11-19,COMP001,,,,,,TXN2D0D5CCE,-33327953.58,,COMPLETED,,,,,,,,,PAYABLE,,,,,,,,,,,,,,,,,,,,,,Payment to SUP012 – INV00268,,,,SUPPLIER_PAYMENT,INVOICE,INV00268,,,,,,,
2025-11-19,COMP001,,,,,,TXN745B4ADB,-33227923.52,,COMPLETED,,,,,,,,,PAYABLE,,,,,,,,,,,,,,,,,,,,,,Payment to SUP001 – INV00028,,,,SUPPLIER_PAYMENT,INVOICE,INV00028,,,,,,,
2025-11-19,COMP001,,,,,,TXN898B7AF6,-9327996.96,,COMPLETED,,,,,,,,,OPEX,,,,,,,,,,,,,,,,,,,,,,Daily operating expenses,,,,OPERATING_EXPENSE,COMPANY,COMP001,,,,,,,
2025-11-20,COMP001,,,,,,TXNBECEBF26,-19566017.2,,COMPLETED,,,,,,,,,PAYABLE,,,,,,,,,,,,,,,,,,,,,,Payment to SUP007 – INV00359,,,,SUPPLIER_PAYMENT,INVOICE,INV00359,,,,,,,
2025-11-20,COMP001,,,,,,TXN76763EC2,-16200364.13,,COMPLETED,,,,,,,,,PAYABLE,,,,,,,,,,,,,,,,,,,,,,Payment to SUP008 – INV00186,,,,SUPPLIER_PAYMENT,INVOICE,INV00186,,,,,,,
2025-11-20,COMP001,,,,,,TXNE5B480FF,20659185.24,,COMPLETED,,,,,,,,,RECEIVABLE,,,,,,,,,,,,,,,,,,,,,,Collection from CUST010 – RCV00245,,,,CUSTOMER_PAYMENT,RECEIVABLE,RCV00245,,,,,,,
2025-11-20,COMP001,,,,,,TXN1F86CF72,-6042390.91,,COMPLETED,,,,,,,,,OPEX,,,,,,,,,,,,,,,,,,,,,,Daily operating expenses,,,,OPERATING_EXPENSE,COMPANY,COMP001,,,,,,,
2025-11-20,COMP001,,,,,,TXN2DF05BC5,10865539.01,,COMPLETED,,,,,,,,,SALES_RECEIPTS,,,,,,,,,,,,,,,,,,,,,,Daily dealership & fleet sales collection,,,,CUSTOMER_PAYMENT,COMPANY,COMP001,,,,,,,
2025-11-20,COMP001,,,,,,TXN19C711A5,-25990384.77,,COMPLETED,,,,,,,,,PAYABLE,,,,,,,,,,,,,,,,,,,,,,Payment to SUP002 – INV00192,,,,SUPPLIER_PAYMENT,INVOICE,INV00192,,,,,,,
2025-11-21,COMP001,,,,,,TXNE51EE21D,-6861916.9,,COMPLETED,,,,,,,,,OPEX,,,,,,,,,,,,,,,,,,,,,,Daily operating expenses,,,,OPERATING_EXPENSE,COMPANY,COMP001,,,,,,,
2025-11-21,COMP001,,,,,,TXNDD0621D7,-14152507.26,,COMPLETED,,,,,,,,,PAYABLE,,,,,,,,,,,,,,,,,,,,,,Payment to SUP001 – INV00399,,,,SUPPLIER_PAYMENT,INVOICE,INV00399,,,,,,,
2025-11-21,COMP001,,,,,,TXNDD23E9E9,27305691.07,,COMPLETED,,,,,,,,,SALES_RECEIPTS,,,,,,,,,,,,,,,,,,,,,,Daily dealership & fleet sales collection,,,,CUSTOMER_PAYMENT,COMPANY,COMP001,,,,,,,
2025-11-21,COMP001,,,,,,TXNE71EFEA8,20727435.63,,COMPLETED,,,,,,,,,RECEIVABLE,,,,,,,,,,,,,,,,,,,,,,Collection from CUST022 – RCV00303,,,,CUSTOMER_PAYMENT,RECEIVABLE,RCV00303,,,,,,,
2025-11-21,COMP001,,,,,,TXN4672AC3C,-27489949.4,,COMPLETED,,,,,,,,,PAYABLE,,,,,,,,,,,,,,,,,,,,,,Payment to SUP015 – INV00091,,,,SUPPLIER_PAYMENT,INVOICE,INV00091,,,,,,,
2025-11-22,COMP001,,,,,,TXN1EC9D6E2,1128084.07,,COMPLETED,,,,,,,,,SALES_RECEIPTS,,,,,,,,,,,,,,,,,,,,,,Daily dealership & fleet sales collection,,,,CUSTOMER_PAYMENT,COMPANY,COMP001,,,,,,,
2025-11-22,COMP001,,,,,,TXN5B1B740E,52132706.68,,COMPLETED,,,,,,,,,RECEIVABLE,,,,,,,,,,,,,,,,,,,,,,Collection from CUST006 – RCV00093,,,,CUSTOMER_PAYMENT,RECEIVABLE,RCV00093,,,,,,,
2025-11-22,COMP001,,,,,,TXN87AB391C,-1663910.95,,COMPLETED,,,,,,,,,OPEX,,,,,,,,,,,,,,,,,,,,,,Daily operating expenses,,,,OPERATING_EXPENSE,COMPANY,COMP001,,,,,,,
2025-11-23,COMP001,,,,,,TXN7BC64EBD,1546893.14,,COMPLETED,,,,,,,,,SALES_RECEIPTS,,,,,,,,,,,,,,,,,,,,,,Daily dealership & fleet sales collection,,,,CUSTOMER_PAYMENT,COMPANY,COMP001,,,,,,,
2025-11-23,COMP001,,,,,,TXN60B8E4C8,-1947131.68,,COMPLETED,,,,,,,,,OPEX,,,,,,,,,,,,,,,,,,,,,,Daily operating expenses,,,,OPERATING_EXPENSE,COMPANY,COMP001,,,,,,,
2025-11-24,COMP001,,,,,,TXN29A6F698,-7728861.68,,COMPLETED,,,,,,,,,OPEX,,,,,,,,,,,,,,,,,,,,,,Daily operating expenses,,,,OPERATING_EXPENSE,COMPANY,COMP001,,,,,,,
2025-11-24,COMP001,,,,,,TXN3AFAFF34,8613690.86,,COMPLETED,,,,,,,,,SALES_RECEIPTS,,,,,,,,,,,,,,,,,,,,,,Daily dealership & fleet sales collection,,,,CUSTOMER_PAYMENT,COMPANY,COMP001,,,,,,,
2025-11-24,COMP001,,,,,,TXNDD248944,31946719.87,,COMPLETED,,,,,,,,,RECEIVABLE,,,,,,,,,,,,,,,,,,,,,,Collection from CUST001 – RCV00155,,,,CUSTOMER_PAYMENT,RECEIVABLE,RCV00155,,,,,,,
2025-11-25,COMP001,,,,,,TXN52D252ED,-29085572.26,,COMPLETED,,,,,,,,,PAYABLE,,,,,,,,,,,,,,,,,,,,,,Payment to SUP014 – INV00072,,,,SUPPLIER_PAYMENT,INVOICE,INV00072,,,,,,,
2025-11-25,COMP001,,,,,,TXN0AED2C82,-5185393.71,,COMPLETED,,,,,,,,,OPEX,,,,,,,,,,,,,,,,,,,,,,Daily operating expenses,,,,OPERATING_EXPENSE,COMPANY,COMP001,,,,,,,
2025-11-25,COMP001,,,,,,TXN3F13F964,17906137.84,,COMPLETED,,,,,,,,,SALES_RECEIPTS,,,,,,,,,,,,,,,,,,,,,,Daily dealership & fleet sales collection,,,,CUSTOMER_PAYMENT,COMPANY,COMP001,,,,,,,
2025-11-25,COMP001,,,,,,TXN1A6955C2,56037931.37,,COMPLETED,,,,,,,,,RECEIVABLE,,,,,,,,,,,,,,,,,,,,,,Collection from CUST013 – RCV00145,,,,CUSTOMER_PAYMENT,RECEIVABLE,RCV00145,,,,,,,
2025-11-25,COMP001,,,,,,TXN22ED7BAA,-26730437.15,,COMPLETED,,,,,,,,,PAYABLE,,,,,,,,,,,,,,,,,,,,,,Payment to SUP005 – INV00118,,,,SUPPLIER_PAYMENT,INVOICE,INV00118,,,,,,,
2025-11-26,COMP001,,,,,,TXN9B501B8E,35338026.66,,COMPLETED,,,,,,,,,RECEIVABLE,,,,,,,,,,,,,,,,,,,,,,Collection from CUST014 – RCV00104,,,,CUSTOMER_PAYMENT,RECEIVABLE,RCV00104,,,,,,,
2025-11-26,COMP001,,,,,,TXN5E7AFB71,-6217073.94,,COMPLETED,,,,,,,,,OPEX,,,,,,,,,,,,,,,,,,,,,,Daily operating expenses,,,,OPERATING_EXPENSE,COMPANY,COMP001,,,,,,,
2025-11-26,COMP001,,,,,,TXN39F725F2,11151661.27,,COMPLETED,,,,,,,,,SALES_RECEIPTS,,,,,,,,,,,,,,,,,,,,,,Daily dealership & fleet sales collection,,,,CUSTOMER_PAYMENT,COMPANY,COMP001,,,,,,,
2025-11-27,COMP001,,,,,,TXN9CA5D147,14204009.14,,COMPLETED,,,,,,,,,SALES_RECEIPTS,,,,,,,,,,,,,,,,,,,,,,Daily dealership & fleet sales collection,,,,CUSTOMER_PAYMENT,COMPANY,COMP001,,,,,,,
2025-11-27,COMP001,,,,,,TXNA4559A66,-9033136.16,,COMPLETED,,,,,,,,,OPEX,,,,,,,,,,,,,,,,,,,,,,Daily operating expenses,,,,OPERATING_EXPENSE,COMPANY,COMP001,,,,,,,
2025-11-28,COMP001,,,,,,TXN4FB31C22,36572600.13,,COMPLETED,,,,,,,,,RECEIVABLE,,,,,,,,,,,,,,,,,,,,,,Collection from CUST011 – RCV00133,,,,CUSTOMER_PAYMENT,RECEIVABLE,RCV00133,,,,,,,
2025-11-28,COMP001,,,,,,TXNE4887AF8,-4435481.12,,COMPLETED,,,,,,,,,OPEX,,,,,,,,,,,,,,,,,,,,,,Daily operating expenses,,,,OPERATING_EXPENSE,COMPANY,COMP001,,,,,,,
2025-11-28,COMP001,,,,,,TXN2E16A2EF,-47703168.7,,COMPLETED,,,,,,,,,PAYABLE,,,,,,,,,,,,,,,,,,,,,,Payment to SUP004 – INV00471,,,,SUPPLIER_PAYMENT,INVOICE,INV00471,,,,,,,
2025-11-28,COMP001,,,,,,TXNE48A4D9D,36276840.61,,COMPLETED,,,,,,,,,RECEIVABLE,,,,,,,,,,,,,,,,,,,,,,Collection from CUST022 – RCV00200,,,,CUSTOMER_PAYMENT,RECEIVABLE,RCV00200,,,,,,,
2025-11-28,COMP001,,,,,,TXNBD2BB603,20249784.96,,COMPLETED,,,,,,,,,SALES_RECEIPTS,,,,,,,,,,,,,,,,,,,,,,Daily dealership & fleet sales collection,,,,CUSTOMER_PAYMENT,COMPANY,COMP001,,,,,,,
2025-11-29,COMP001,,,,,,TXN4A5715F3,-2255796.35,,COMPLETED,,,,,,,,,OPEX,,,,,,,,,,,,,,,,,,,,,,Daily operating expenses,,,,OPERATING_EXPENSE,COMPANY,COMP001,,,,,,,
2025-11-29,COMP001,,,,,,TXN07438467,77786235.87,,COMPLETED,,,,,,,,,RECEIVABLE,,,,,,,,,,,,,,,,,,,,,,Collection from CUST005 – RCV00118,,,,CUSTOMER_PAYMENT,RECEIVABLE,RCV00118,,,,,,,
2025-11-29,COMP001,,,,,,TXN68BBD8FF,2277328.3,,COMPLETED,,,,,,,,,SALES_RECEIPTS,,,,,,,,,,,,,,,,,,,,,,Daily dealership & fleet sales collection,,,,CUSTOMER_PAYMENT,COMPANY,COMP001,,,,,,,
2025-11-29,COMP001,,,,,,TXNE4B4B26C,-29870082.52,,COMPLETED,,,,,,,,,PAYABLE,,,,,,,,,,,,,,,,,,,,,,Payment to SUP015 – INV00395,,,,SUPPLIER_PAYMENT,INVOICE,INV00395,,,,,,,
2025-11-30,COMP001,,,,,,TXN526C3B08,-933088.06,,COMPLETED,,,,,,,,,OPEX,,,,,,,,,,,,,,,,,,,,,,Daily operating expenses,,,,OPERATING_EXPENSE,COMPANY,COMP001,,,,,,,
2025-11-30,COMP001,,,,,,TXN5FC71F6A,27872238.71,,COMPLETED,,,,,,,,,RECEIVABLE,,,,,,,,,,,,,,,,,,,,,,Collection from CUST021 – RCV00167,,,,CUSTOMER_PAYMENT,RECEIVABLE,RCV00167,,,,,,,
2025-11-30,COMP001,,,,,,TXN002581BA,1982915.99,,COMPLETED,,,,,,,,,SALES_RECEIPTS,,,,,,,,,,,,,,,,,,,,,,Daily dealership & fleet sales collection,,,,CUSTOMER_PAYMENT,COMPANY,COMP001,,,,,,,
2025-11-30,COMP001,,,,,,TXN1345D5A6,72814026.58,,COMPLETED,,,,,,,,,RECEIVABLE,,,,,,,,,,,,,,,,,,,,,,Collection from CUST021 – RCV00062,,,,CUSTOMER_PAYMENT,RECEIVABLE,RCV00062,,,,,,,
2025-12-01,COMP001,,,,,,TXNF18371E2,54743481.66,,COMPLETED,,,,,,,,,RECEIVABLE,,,,,,,,,,,,,,,,,,,,,,Collection from CUST012 – RCV00356,,,,CUSTOMER_PAYMENT,RECEIVABLE,RCV00356,,,,,,,
2025-12-01,COMP001,,,,,,TXNC450B40F,-5500066.74,,COMPLETED,,,,,,,,,OPEX,,,,,,,,,,,,,,,,,,,,,,Daily operating expenses,,,,OPERATING_EXPENSE,COMPANY,COMP001,,,,,,,
2025-12-01,COMP001,,,,,,TXN62933AF4,16958545.73,,COMPLETED,,,,,,,,,SALES_RECEIPTS,,,,,,,,,,,,,,,,,,,,,,Daily dealership & fleet sales collection,,,,CUSTOMER_PAYMENT,COMPANY,COMP001,,,,,,,
2025-12-02,COMP001,,,,,,TXN5C229E8E,21811363.68,,COMPLETED,,,,,,,,,SALES_RECEIPTS,,,,,,,,,,,,,,,,,,,,,,Daily dealership & fleet sales collection,,,,CUSTOMER_PAYMENT,COMPANY,COMP001,,,,,,,
2025-12-02,COMP001,,,,,,TXN82EDE597,5708399.44,,COMPLETED,,,,,,,,,RECEIVABLE,,,,,,,,,,,,,,,,,,,,,,Collection from CUST008 – RCV00087,,,,CUSTOMER_PAYMENT,RECEIVABLE,RCV00087,,,,,,,
2025-12-02,COMP001,,,,,,TXNC743CC80,-9207615.53,,COMPLETED,,,,,,,,,OPEX,,,,,,,,,,,,,,,,,,,,,,Daily operating expenses,,,,OPERATING_EXPENSE,COMPANY,COMP001,,,,,,,
2025-12-02,COMP001,,,,,,TXN070C30FA,-16921859.41,,COMPLETED,,,,,,,,,PAYABLE,,,,,,,,,,,,,,,,,,,,,,Payment to SUP009 – INV00433,,,,SUPPLIER_PAYMENT,INVOICE,INV00433,,,,,,,
2025-12-03,COMP001,,,,,,TXN5E036510,43932969.26,,COMPLETED,,,,,,,,,RECEIVABLE,,,,,,,,,,,,,,,,,,,,,,Collection from CUST019 – RCV00358,,,,CUSTOMER_PAYMENT,RECEIVABLE,RCV00358,,,,,,,
2025-12-03,COMP001,,,,,,TXN66FB0F8E,11450590.75,,COMPLETED,,,,,,,,,RECEIVABLE,,,,,,,,,,,,,,,,,,,,,,Collection from CUST011 – RCV00105,,,,CUSTOMER_PAYMENT,RECEIVABLE,RCV00105,,,,,,,
2025-12-03,COMP001,,,,,,TXNE653D51A,-6390755.09,,COMPLETED,,,,,,,,,OPEX,,,,,,,,,,,,,,,,,,,,,,Daily operating expenses,,,,OPERATING_EXPENSE,COMPANY,COMP001,,,,,,,
2025-12-03,COMP001,,,,,,TXN0047A446,20284400.61,,COMPLETED,,,,,,,,,SALES_RECEIPTS,,,,,,,,,,,,,,,,,,,,,,Daily dealership & fleet sales collection,,,,CUSTOMER_PAYMENT,COMPANY,COMP001,,,,,,,
2025-12-03,COMP001,,,,,,TXN22D384C5,-36383609.38,,COMPLETED,,,,,,,,,PAYABLE,,,,,,,,,,,,,,,,,,,,,,Payment to SUP011 – INV00168,,,,SUPPLIER_PAYMENT,INVOICE,INV00168,,,,,,,
2025-12-03,COMP001,,,,,,TXN62C4BC40,76781338.38,,COMPLETED,,,,,,,,,RECEIVABLE,,,,,,,,,,,,,,,,,,,,,,Collection from CUST024 – RCV00048,,,,CUSTOMER_PAYMENT,RECEIVABLE,RCV00048,,,,,,,
2025-12-03,COMP001,,,,,,TXN728336EF,-42022669.81,,COMPLETED,,,,,,,,,PAYABLE,,,,,,,,,,,,,,,,,,,,,,Payment to SUP010 – INV00185,,,,SUPPLIER_PAYMENT,INVOICE,INV00185,,,,,,,
2025-12-04,COMP001,,,,,,TXNEF1FDBF0,21814893.32,,COMPLETED,,,,,,,,,SALES_RECEIPTS,,,,,,,,,,,,,,,,,,,,,,Daily dealership & fleet sales collection,,,,CUSTOMER_PAYMENT,COMPANY,COMP001,,,,,,,
2025-12-04,COMP001,,,,,,TXN3C86C892,-12104819.62,,COMPLETED,,,,,,,,,PAYABLE,,,,,,,,,,,,,,,,,,,,,,Payment to SUP002 – INV00308,,,,SUPPLIER_PAYMENT,INVOICE,INV00308,,,,,,,
2025-12-04,COMP001,,,,,,TXN08545817,-4863067.7,,COMPLETED,,,,,,,,,OPEX,,,,,,,,,,,,,,,,,,,,,,Daily operating expenses,,,,OPERATING_EXPENSE,COMPANY,COMP001,,,,,,,
2025-12-05,COMP001,,,,,,TXNFA6DC74E,29495856.1,,COMPLETED,,,,,,,,,SALES_RECEIPTS,,,,,,,,,,,,,,,,,,,,,,Daily dealership & fleet sales collection,,,,CUSTOMER_PAYMENT,COMPANY,COMP001,,,,,,,
2025-12-05,COMP001,,,,,,TXN6E58AE31,-5197381.38,,COMPLETED,,,,,,,,,OPEX,,,,,,,,,,,,,,,,,,,,,,Daily operating expenses,,,,OPERATING_EXPENSE,COMPANY,COMP001,,,,,,,
2025-12-06,COMP001,,,,,,TXN0DA66516,3883457.45,,COMPLETED,,,,,,,,,SALES_RECEIPTS,,,,,,,,,,,,,,,,,,,,,,Daily dealership & fleet sales collection,,,,CUSTOMER_PAYMENT,COMPANY,COMP001,,,,,,,
2025-12-06,COMP001,,,,,,TXN13465C21,-30357762.39,,COMPLETED,,,,,,,,,PAYABLE,,,,,,,,,,,,,,,,,,,,,,Payment to SUP004 – INV00458,,,,SUPPLIER_PAYMENT,INVOICE,INV00458,,,,,,,
2025-12-06,COMP001,,,,,,TXN2D8EC604,-1077762.71,,COMPLETED,,,,,,,,,OPEX,,,,,,,,,,,,,,,,,,,,,,Daily operating expenses,,,,OPERATING_EXPENSE,COMPANY,COMP001,,,,,,,
2025-12-07,COMP001,,,,,,TXNB165251C,-1652219.33,,COMPLETED,,,,,,,,,OPEX,,,,,,,,,,,,,,,,,,,,,,Daily operating expenses,,,,OPERATING_EXPENSE,COMPANY,COMP001,,,,,,,
2025-12-07,COMP001,,,,,,TXN67899904,-19848338.16,,COMPLETED,,,,,,,,,PAYABLE,,,,,,,,,,,,,,,,,,,,,,Payment to SUP012 – INV00059,,,,SUPPLIER_PAYMENT,INVOICE,INV00059,,,,,,,
2025-12-07,COMP001,,,,,,TXNE689671B,-55258226.55,,COMPLETED,,,,,,,,,PAYABLE,,,,,,,,,,,,,,,,,,,,,,Payment to SUP006 – INV00396,,,,SUPPLIER_PAYMENT,INVOICE,INV00396,,,,,,,
2025-12-07,COMP001,,,,,,TXN6B8EB821,2641995.46,,COMPLETED,,,,,,,,,SALES_RECEIPTS,,,,,,,,,,,,,,,,,,,,,,Daily dealership & fleet sales collection,,,,CUSTOMER_PAYMENT,COMPANY,COMP001,,,,,,,
2025-12-07,COMP001,,,,,,TXN4423EE81,23323857.07,,COMPLETED,,,,,,,,,RECEIVABLE,,,,,,,,,,,,,,,,,,,,,,Collection from CUST023 – RCV00170,,,,CUSTOMER_PAYMENT,RECEIVABLE,RCV00170,,,,,,,
2025-12-08,COMP001,,,,,,TXNA86E037B,-6578319.53,,COMPLETED,,,,,,,,,OPEX,,,,,,,,,,,,,,,,,,,,,,Daily operating expenses,,,,OPERATING_EXPENSE,COMPANY,COMP001,,,,,,,
2025-12-08,COMP001,,,,,,TXN5F2F1BA6,-43407158.61,,COMPLETED,,,,,,,,,PAYABLE,,,,,,,,,,,,,,,,,,,,,,Payment to SUP011 – INV00260,,,,SUPPLIER_PAYMENT,INVOICE,INV00260,,,,,,,
2025-12-08,COMP001,,,,,,TXN9156D07E,9292024.67,,COMPLETED,,,,,,,,,SALES_RECEIPTS,,,,,,,,,,,,,,,,,,,,,,Daily dealership & fleet sales collection,,,,CUSTOMER_PAYMENT,COMPANY,COMP001,,,,,,,
2025-12-09,COMP001,,,,,,TXN3C70A90F,23247295.95,,COMPLETED,,,,,,,,,SALES_RECEIPTS,,,,,,,,,,,,,,,,,,,,,,Daily dealership & fleet sales collection,,,,CUSTOMER_PAYMENT,COMPANY,COMP001,,,,,,,
2025-12-09,COMP001,,,,,,TXN3A8C5CAD,-8313535.39,,COMPLETED,,,,,,,,,OPEX,,,,,,,,,,,,,,,,,,,,,,Daily operating expenses,,,,OPERATING_EXPENSE,COMPANY,COMP001,,,,,,,
2025-12-09,COMP001,,,,,,TXN8E477782,36948767.66,,COMPLETED,,,,,,,,,RECEIVABLE,,,,,,,,,,,,,,,,,,,,,,Collection from CUST002 – RCV00345,,,,CUSTOMER_PAYMENT,RECEIVABLE,RCV00345,,,,,,,
2025-12-09,COMP001,,,,,,TXN500D1E5A,-14495537.69,,COMPLETED,,,,,,,,,PAYABLE,,,,,,,,,,,,,,,,,,,,,,Payment to SUP007 – INV00023,,,,SUPPLIER_PAYMENT,INVOICE,INV00023,,,,,,,
2025-12-10,COMP001,,,,,,TXN5A3DB342,-9755522.69,,COMPLETED,,,,,,,,,OPEX,,,,,,,,,,,,,,,,,,,,,,Daily operating expenses,,,,OPERATING_EXPENSE,COMPANY,COMP001,,,,,,,
2025-12-10,COMP001,,,,,,TXN6A6B9CFE,-27717060.92,,COMPLETED,,,,,,,,,PAYABLE,,,,,,,,,,,,,,,,,,,,,,Payment to SUP005 – INV00277,,,,SUPPLIER_PAYMENT,INVOICE,INV00277,,,,,,,
2025-12-10,COMP001,,,,,,TXN016C788E,19921771.66,,COMPLETED,,,,,,,,,SALES_RECEIPTS,,,,,,,,,,,,,,,,,,,,,,Daily dealership & fleet sales collection,,,,CUSTOMER_PAYMENT,COMPANY,COMP001,,,,,,,
2025-12-10,COMP001,,,,,,TXN9BAD7DE2,47083477.8,,COMPLETED,,,,,,,,,RECEIVABLE,,,,,,,,,,,,,,,,,,,,,,Collection from CUST010 – RCV00013,,,,CUSTOMER_PAYMENT,RECEIVABLE,RCV00013,,,,,,,
2025-12-10,COMP001,,,,,,TXN5F2091E8,-45391163.71,,COMPLETED,,,,,,,,,PAYABLE,,,,,,,,,,,,,,,,,,,,,,Payment to SUP001 – INV00037,,,,SUPPLIER_PAYMENT,INVOICE,INV00037,,,,,,,
2025-12-11,COMP001,,,,,,TXNA233B8F5,14845108.89,,COMPLETED,,,,,,,,,RECEIVABLE,,,,,,,,,,,,,,,,,,,,,,Collection from CUST003 – RCV00012,,,,CUSTOMER_PAYMENT,RECEIVABLE,RCV00012,,,,,,,
2025-12-11,COMP001,,,,,,TXN8673554F,16656234.7,,COMPLETED,,,,,,,,,SALES_RECEIPTS,,,,,,,,,,,,,,,,,,,,,,Daily dealership & fleet sales collection,,,,CUSTOMER_PAYMENT,COMPANY,COMP001,,,,,,,
2025-12-11,COMP001,,,,,,TXN397EB729,38765585.3,,COMPLETED,,,,,,,,,RECEIVABLE,,,,,,,,,,,,,,,,,,,,,,Collection from CUST016 – RCV00281,,,,CUSTOMER_PAYMENT,RECEIVABLE,RCV00281,,,,,,,
2025-12-11,COMP001,,,,,,TXN1AF6F1F8,-3099395.87,,COMPLETED,,,,,,,,,OPEX,,,,,,,,,,,,,,,,,,,,,,Daily operating expenses,,,,OPERATING_EXPENSE,COMPANY,COMP001,,,,,,,
2025-12-11,COMP001,,,,,,TXN6EDD76E1,75237412.83,,COMPLETED,,,,,,,,,RECEIVABLE,,,,,,,,,,,,,,,,,,,,,,Collection from CUST014 – RCV00238,,,,CUSTOMER_PAYMENT,RECEIVABLE,RCV00238,,,,,,,
2025-12-11,COMP001,,,,,,TXN2EE1EBBF,-52793606.64,,COMPLETED,,,,,,,,,PAYABLE,,,,,,,,,,,,,,,,,,,,,,Payment to SUP006 – INV00465,,,,SUPPLIER_PAYMENT,INVOICE,INV00465,,,,,,,
2025-12-12,COMP001,,,,,,TXN56BCCA27,17562848.22,,COMPLETED,,,,,,,,,SALES_RECEIPTS,,,,,,,,,,,,,,,,,,,,,,Daily dealership & fleet sales collection,,,,CUSTOMER_PAYMENT,COMPANY,COMP001,,,,,,,
2025-12-12,COMP001,,,,,,TXN4C6665F2,-3412503.98,,COMPLETED,,,,,,,,,PAYABLE,,,,,,,,,,,,,,,,,,,,,,Payment to SUP003 – INV00104,,,,SUPPLIER_PAYMENT,INVOICE,INV00104,,,,,,,
2025-12-12,COMP001,,,,,,TXND2B617F2,-8089561.93,,COMPLETED,,,,,,,,,OPEX,,,,,,,,,,,,,,,,,,,,,,Daily operating expenses,,,,OPERATING_EXPENSE,COMPANY,COMP001,,,,,,,
2025-12-13,COMP001,,,,,,TXN8FEC6E16,-1606260.78,,COMPLETED,,,,,,,,,OPEX,,,,,,,,,,,,,,,,,,,,,,Daily operating expenses,,,,OPERATING_EXPENSE,COMPANY,COMP001,,,,,,,
2025-12-13,COMP001,,,,,,TXN19AAB6CA,-7851856.43,,COMPLETED,,,,,,,,,PAYABLE,,,,,,,,,,,,,,,,,,,,,,Payment to SUP006 – INV00040,,,,SUPPLIER_PAYMENT,INVOICE,INV00040,,,,,,,
2025-12-13,COMP001,,,,,,TXN90435F45,56958808.64,,COMPLETED,,,,,,,,,RECEIVABLE,,,,,,,,,,,,,,,,,,,,,,Collection from CUST001 – RCV00237,,,,CUSTOMER_PAYMENT,RECEIVABLE,RCV00237,,,,,,,
2025-12-13,COMP001,,,,,,TXNAE43A383,1601126.1,,COMPLETED,,,,,,,,,SALES_RECEIPTS,,,,,,,,,,,,,,,,,,,,,,Daily dealership & fleet sales collection,,,,CUSTOMER_PAYMENT,COMPANY,COMP001,,,,,,,
2025-12-13,COMP001,,,,,,TXN7960B610,35435064.88,,COMPLETED,,,,,,,,,RECEIVABLE,,,,,,,,,,,,,,,,,,,,,,Collection from CUST004 – RCV00309,,,,CUSTOMER_PAYMENT,RECEIVABLE,RCV00309,,,,,,,
2025-12-13,COMP001,,,,,,TXN39B4E91B,-6424534.92,,COMPLETED,,,,,,,,,PAYABLE,,,,,,,,,,,,,,,,,,,,,,Payment to SUP012 – INV00328,,,,SUPPLIER_PAYMENT,INVOICE,INV00328,,,,,,,
2025-12-14,COMP001,,,,,,TXN44286200,1007845.94,,COMPLETED,,,,,,,,,SALES_RECEIPTS,,,,,,,,,,,,,,,,,,,,,,Daily dealership & fleet sales collection,,,,CUSTOMER_PAYMENT,COMPANY,COMP001,,,,,,,
2025-12-14,COMP001,,,,,,TXN61757112,-1589399.86,,COMPLETED,,,,,,,,,OPEX,,,,,,,,,,,,,,,,,,,,,,Daily operating expenses,,,,OPERATING_EXPENSE,COMPANY,COMP001,,,,,,,
2025-12-15,COMP001,,,,,,TXN262CCE50,-34701476.05,,COMPLETED,,,,,,,,,PAYABLE,,,,,,,,,,,,,,,,,,,,,,Payment to SUP003 – INV00086,,,,SUPPLIER_PAYMENT,INVOICE,INV00086,,,,,,,
2025-12-15,COMP001,,,,,,TXN2E115086,14473892.15,,COMPLETED,,,,,,,,,SALES_RECEIPTS,,,,,,,,,,,,,,,,,,,,,,Daily dealership & fleet sales collection,,,,CUSTOMER_PAYMENT,COMPANY,COMP001,,,,,,,
2025-12-15,COMP001,,,,,,TXNAEC1A598,-4990565.28,,COMPLETED,,,,,,,,,OPEX,,,,,,,,,,,,,,,,,,,,,,Daily operating expenses,,,,OPERATING_EXPENSE,COMPANY,COMP001,,,,,,,
2025-12-16,COMP001,,,,,,TXN42E1E3CA,-5995044.89,,COMPLETED,,,,,,,,,OPEX,,,,,,,,,,,,,,,,,,,,,,Daily operating expenses,,,,OPERATING_EXPENSE,COMPANY,COMP001,,,,,,,
2025-12-16,COMP001,,,,,,TXNC2ED7EEB,-56763705.74,,COMPLETED,,,,,,,,,PAYABLE,,,,,,,,,,,,,,,,,,,,,,Payment to SUP012 – INV00055,,,,SUPPLIER_PAYMENT,INVOICE,INV00055,,,,,,,
2025-12-16,COMP001,,,,,,TXN18534A83,16997982.43,,COMPLETED,,,,,,,,,SALES_RECEIPTS,,,,,,,,,,,,,,,,,,,,,,Daily dealership & fleet sales collection,,,,CUSTOMER_PAYMENT,COMPANY,COMP001,,,,,,,
2025-12-17,COMP001,,,,,,TXN55D0C9F5,70555775.67,,COMPLETED,,,,,,,,,RECEIVABLE,,,,,,,,,,,,,,,,,,,,,,Collection from CUST017 – RCV00038,,,,CUSTOMER_PAYMENT,RECEIVABLE,RCV00038,,,,,,,
2025-12-17,COMP001,,,,,,TXNA24729C7,-7783190.74,,COMPLETED,,,,,,,,,PAYABLE,,,,,,,,,,,,,,,,,,,,,,Payment to SUP014 – INV00108,,,,SUPPLIER_PAYMENT,INVOICE,INV00108,,,,,,,
2025-12-17,COMP001,,,,,,TXNF7F4EB67,-5978315.31,,COMPLETED,,,,,,,,,PAYABLE,,,,,,,,,,,,,,,,,,,,,,Payment to SUP006 – INV00126,,,,SUPPLIER_PAYMENT,INVOICE,INV00126,,,,,,,
2025-12-17,COMP001,,,,,,TXN7013F874,-3607339.33,,COMPLETED,,,,,,,,,OPEX,,,,,,,,,,,,,,,,,,,,,,Daily operating expenses,,,,OPERATING_EXPENSE,COMPANY,COMP001,,,,,,,
2025-12-17,COMP001,,,,,,TXN1E33B0C6,-12897482.72,,COMPLETED,,,,,,,,,PAYABLE,,,,,,,,,,,,,,,,,,,,,,Payment to SUP013 – INV00006,,,,SUPPLIER_PAYMENT,INVOICE,INV00006,,,,,,,
2025-12-17,COMP001,,,,,,TXN08AD04BF,14500526.8,,COMPLETED,,,,,,,,,SALES_RECEIPTS,,,,,,,,,,,,,,,,,,,,,,Daily dealership & fleet sales collection,,,,CUSTOMER_PAYMENT,COMPANY,COMP001,,,,,,,
2025-12-18,COMP001,,,,,,TXNA83906D9,-49401958.53,,COMPLETED,,,,,,,,,PAYABLE,,,,,,,,,,,,,,,,,,,,,,Payment to SUP012 – INV00229,,,,SUPPLIER_PAYMENT,INVOICE,INV00229,,,,,,,
2025-12-18,COMP001,,,,,,TXN87908E50,-15819348.77,,COMPLETED,,,,,,,,,PAYABLE,,,,,,,,,,,,,,,,,,,,,,Payment to SUP008 – INV00448,,,,SUPPLIER_PAYMENT,INVOICE,INV00448,,,,,,,
2025-12-18,COMP001,,,,,,TXN5539BF62,10029119.89,,COMPLETED,,,,,,,,,SALES_RECEIPTS,,,,,,,,,,,,,,,,,,,,,,Daily dealership & fleet sales collection,,,,CUSTOMER_PAYMENT,COMPANY,COMP001,,,,,,,
2025-12-18,COMP001,,,,,,TXN7807A6E4,48280589.73,,COMPLETED,,,,,,,,,RECEIVABLE,,,,,,,,,,,,,,,,,,,,,,Collection from CUST019 – RCV00314,,,,CUSTOMER_PAYMENT,RECEIVABLE,RCV00314,,,,,,,
2025-12-18,COMP001,,,,,,TXN3E2A726F,-8792308.81,,COMPLETED,,,,,,,,,OPEX,,,,,,,,,,,,,,,,,,,,,,Daily operating expenses,,,,OPERATING_EXPENSE,COMPANY,COMP001,,,,,,,
2025-12-18,COMP001,,,,,,TXN2FA0C78A,57823785.43,,COMPLETED,,,,,,,,,RECEIVABLE,,,,,,,,,,,,,,,,,,,,,,Collection from CUST017 – RCV00185,,,,CUSTOMER_PAYMENT,RECEIVABLE,RCV00185,,,,,,,
2025-12-19,COMP001,,,,,,TXNFD5B742C,-6219820.89,,COMPLETED,,,,,,,,,OPEX,,,,,,,,,,,,,,,,,,,,,,Daily operating expenses,,,,OPERATING_EXPENSE,COMPANY,COMP001,,,,,,,
2025-12-19,COMP001,,,,,,TXNC60B3BE2,61570641.27,,COMPLETED,,,,,,,,,RECEIVABLE,,,,,,,,,,,,,,,,,,,,,,Collection from CUST002 – RCV00110,,,,CUSTOMER_PAYMENT,RECEIVABLE,RCV00110,,,,,,,
2025-12-19,COMP001,,,,,,TXN8F7CEF3B,39857821.25,,COMPLETED,,,,,,,,,RECEIVABLE,,,,,,,,,,,,,,,,,,,,,,Collection from CUST003 – RCV00213,,,,CUSTOMER_PAYMENT,RECEIVABLE,RCV00213,,,,,,,
2025-12-19,COMP001,,,,,,TXND53A6A2E,22228379.1,,COMPLETED,,,,,,,,,SALES_RECEIPTS,,,,,,,,,,,,,,,,,,,,,,Daily dealership & fleet sales collection,,,,CUSTOMER_PAYMENT,COMPANY,COMP001,,,,,,,
2025-12-19,COMP001,,,,,,TXN32CD5905,-29831214.31,,COMPLETED,,,,,,,,,PAYABLE,,,,,,,,,,,,,,,,,,,,,,Payment to SUP002 – INV00085,,,,SUPPLIER_PAYMENT,INVOICE,INV00085,,,,,,,
2025-12-19,COMP001,,,,,,TXN3A4C3EA2,-32101382.1,,COMPLETED,,,,,,,,,PAYABLE,,,,,,,,,,,,,,,,,,,,,,Payment to SUP011 – INV00326,,,,SUPPLIER_PAYMENT,INVOICE,INV00326,,,,,,,
2025-12-20,COMP001,,,,,,TXNF8213AB7,-835546.88,,COMPLETED,,,,,,,,,OPEX,,,,,,,,,,,,,,,,,,,,,,Daily operating expenses,,,,OPERATING_EXPENSE,COMPANY,COMP001,,,,,,,
2025-12-20,COMP001,,,,,,TXN80243237,3513112.89,,COMPLETED,,,,,,,,,SALES_RECEIPTS,,,,,,,,,,,,,,,,,,,,,,Daily dealership & fleet sales collection,,,,CUSTOMER_PAYMENT,COMPANY,COMP001,,,,,,,
2025-12-21,COMP001,,,,,,TXN19E24D70,1218105.32,,COMPLETED,,,,,,,,,SALES_RECEIPTS,,,,,,,,,,,,,,,,,,,,,,Daily dealership & fleet sales collection,,,,CUSTOMER_PAYMENT,COMPANY,COMP001,,,,,,,
2025-12-21,COMP001,,,,,,TXN458E6000,-624323.81,,COMPLETED,,,,,,,,,OPEX,,,,,,,,,,,,,,,,,,,,,,Daily operating expenses,,,,OPERATING_EXPENSE,COMPANY,COMP001,,,,,,,
2025-12-21,COMP001,,,,,,TXN10EDF84F,37278636.88,,COMPLETED,,,,,,,,,RECEIVABLE,,,,,,,,,,,,,,,,,,,,,,Collection from CUST003 – RCV00099,,,,CUSTOMER_PAYMENT,RECEIVABLE,RCV00099,,,,,,,
2025-12-21,COMP001,,,,,,TXN531A8662,42380848.78,,COMPLETED,,,,,,,,,RECEIVABLE,,,,,,,,,,,,,,,,,,,,,,Collection from CUST022 – RCV00092,,,,CUSTOMER_PAYMENT,RECEIVABLE,RCV00092,,,,,,,
2025-12-21,COMP001,,,,,,TXN4DAE2305,78587565.59,,COMPLETED,,,,,,,,,RECEIVABLE,,,,,,,,,,,,,,,,,,,,,,Collection from CUST009 – RCV00119,,,,CUSTOMER_PAYMENT,RECEIVABLE,RCV00119,,,,,,,
2025-12-22,COMP001,,,,,,TXN5BEDB46E,-6966562.25,,COMPLETED,,,,,,,,,PAYABLE,,,,,,,,,,,,,,,,,,,,,,Payment to SUP002 – INV00124,,,,SUPPLIER_PAYMENT,INVOICE,INV00124,,,,,,,
2025-12-22,COMP001,,,,,,TXND33EDE71,-6931817.16,,COMPLETED,,,,,,,,,OPEX,,,,,,,,,,,,,,,,,,,,,,Daily operating expenses,,,,OPERATING_EXPENSE,COMPANY,COMP001,,,,,,,
2025-12-22,COMP001,,,,,,TXN28284050,16351205.87,,COMPLETED,,,,,,,,,SALES_RECEIPTS,,,,,,,,,,,,,,,,,,,,,,Daily dealership & fleet sales collection,,,,CUSTOMER_PAYMENT,COMPANY,COMP001,,,,,,,
2025-12-23,COMP001,,,,,,TXN0810C918,42851704.64,,COMPLETED,,,,,,,,,RECEIVABLE,,,,,,,,,,,,,,,,,,,,,,Collection from CUST016 – RCV00325,,,,CUSTOMER_PAYMENT,RECEIVABLE,RCV00325,,,,,,,
2025-12-23,COMP001,,,,,,TXN386FEACF,-8167693.44,,COMPLETED,,,,,,,,,OPEX,,,,,,,,,,,,,,,,,,,,,,Daily operating expenses,,,,OPERATING_EXPENSE,COMPANY,COMP001,,,,,,,
2025-12-23,COMP001,,,,,,TXNB2E18440,44015633.64,,COMPLETED,,,,,,,,,RECEIVABLE,,,,,,,,,,,,,,,,,,,,,,Collection from CUST025 – RCV00148,,,,CUSTOMER_PAYMENT,RECEIVABLE,RCV00148,,,,,,,
2025-12-23,COMP001,,,,,,TXNA9C2E3A5,19137227.21,,COMPLETED,,,,,,,,,SALES_RECEIPTS,,,,,,,,,,,,,,,,,,,,,,Daily dealership & fleet sales collection,,,,CUSTOMER_PAYMENT,COMPANY,COMP001,,,,,,,
2025-12-23,COMP001,,,,,,TXNBEF3ADC7,-53005991.6,,COMPLETED,,,,,,,,,PAYABLE,,,,,,,,,,,,,,,,,,,,,,Payment to SUP013 – INV00134,,,,SUPPLIER_PAYMENT,INVOICE,INV00134,,,,,,,
2025-12-24,COMP001,,,,,,TXN4784E071,-3288232.01,,COMPLETED,,,,,,,,,OPEX,,,,,,,,,,,,,,,,,,,,,,Daily operating expenses,,,,OPERATING_EXPENSE,COMPANY,COMP001,,,,,,,
2025-12-24,COMP001,,,,,,TXN133870DD,-54270624.05,,COMPLETED,,,,,,,,,PAYABLE,,,,,,,,,,,,,,,,,,,,,,Payment to SUP008 – INV00156,,,,SUPPLIER_PAYMENT,INVOICE,INV00156,,,,,,,
2025-12-24,COMP001,,,,,,TXN79DD942D,20204443.27,,COMPLETED,,,,,,,,,SALES_RECEIPTS,,,,,,,,,,,,,,,,,,,,,,Daily dealership & fleet sales collection,,,,CUSTOMER_PAYMENT,COMPANY,COMP001,,,,,,,
2025-12-25,COMP001,,,,,,TXNE73169E8,-5058499.1,,COMPLETED,,,,,,,,,OPEX,,,,,,,,,,,,,,,,,,,,,,Daily operating expenses,,,,OPERATING_EXPENSE,COMPANY,COMP001,,,,,,,
2025-12-25,COMP001,,,,,,TXNB23E18F5,13865970.01,,COMPLETED,,,,,,,,,SALES_RECEIPTS,,,,,,,,,,,,,,,,,,,,,,Daily dealership & fleet sales collection,,,,CUSTOMER_PAYMENT,COMPANY,COMP001,,,,,,,
2025-12-26,COMP001,,,,,,TXN2DD45FF4,-8702087.5,,COMPLETED,,,,,,,,,OPEX,,,,,,,,,,,,,,,,,,,,,,Daily operating expenses,,,,OPERATING_EXPENSE,COMPANY,COMP001,,,,,,,
2025-12-26,COMP001,,,,,,TXNE2780696,20193093.68,,COMPLETED,,,,,,,,,SALES_RECEIPTS,,,,,,,,,,,,,,,,,,,,,,Daily dealership & fleet sales collection,,,,CUSTOMER_PAYMENT,COMPANY,COMP001,,,,,,,
2025-12-27,COMP001,,,,,,TXN2CCD1AF5,-10567277.66,,COMPLETED,,,,,,,,,FINANCING,,,,,,,,,,,,,,,,,,,,,,Quarterly interest payment,,,,INTEREST_PAYMENT,FINANCING_OPTION,FIN001,,,,,,,
2025-12-27,COMP001,,,,,,TXN1B8F8341,-1623269.63,,COMPLETED,,,,,,,,,OPEX,,,,,,,,,,,,,,,,,,,,,,Daily operating expenses,,,,OPERATING_EXPENSE,COMPANY,COMP001,,,,,,,
2025-12-27,COMP001,,,,,,TXNFA9C838B,-37004053.16,,COMPLETED,,,,,,,,,PAYABLE,,,,,,,,,,,,,,,,,,,,,,Payment to SUP010 – INV00135,,,,SUPPLIER_PAYMENT,INVOICE,INV00135,,,,,,,
2025-12-27,COMP001,,,,,,TXNF499F726,29151993.47,,COMPLETED,,,,,,,,,RECEIVABLE,,,,,,,,,,,,,,,,,,,,,,Collection from CUST014 – RCV00031,,,,CUSTOMER_PAYMENT,RECEIVABLE,RCV00031,,,,,,,
2025-12-27,COMP001,,,,,,TXN7A543416,3424860.53,,COMPLETED,,,,,,,,,SALES_RECEIPTS,,,,,,,,,,,,,,,,,,,,,,Daily dealership & fleet sales collection,,,,CUSTOMER_PAYMENT,COMPANY,COMP001,,,,,,,
2025-12-28,COMP001,,,,,,TXND3DB2C02,39689517.8,,COMPLETED,,,,,,,,,RECEIVABLE,,,,,,,,,,,,,,,,,,,,,,Collection from CUST003 – RCV00088,,,,CUSTOMER_PAYMENT,RECEIVABLE,RCV00088,,,,,,,
2025-12-28,COMP001,,,,,,TXN5B890F23,-2446204.14,,COMPLETED,,,,,,,,,OPEX,,,,,,,,,,,,,,,,,,,,,,Daily operating expenses,,,,OPERATING_EXPENSE,COMPANY,COMP001,,,,,,,
2025-12-28,COMP001,,,,,,TXN465573B7,3760441.66,,COMPLETED,,,,,,,,,SALES_RECEIPTS,,,,,,,,,,,,,,,,,,,,,,Daily dealership & fleet sales collection,,,,CUSTOMER_PAYMENT,COMPANY,COMP001,,,,,,,
2025-12-29,COMP001,,,,,,TXN86A0547D,21843906.88,,COMPLETED,,,,,,,,,SALES_RECEIPTS,,,,,,,,,,,,,,,,,,,,,,Daily dealership & fleet sales collection,,,,CUSTOMER_PAYMENT,COMPANY,COMP001,,,,,,,
2025-12-29,COMP001,,,,,,TXN0F4E365D,75004637.69,,COMPLETED,,,,,,,,,RECEIVABLE,,,,,,,,,,,,,,,,,,,,,,Collection from CUST025 – RCV00060,,,,CUSTOMER_PAYMENT,RECEIVABLE,RCV00060,,,,,,,
2025-12-29,COMP001,,,,,,TXN06B40B99,-8218017.87,,COMPLETED,,,,,,,,,OPEX,,,,,,,,,,,,,,,,,,,,,,Daily operating expenses,,,,OPERATING_EXPENSE,COMPANY,COMP001,,,,,,,
2025-12-30,COMP001,,,,,,TXN2CB19017,18299882.81,,COMPLETED,,,,,,,,,SALES_RECEIPTS,,,,,,,,,,,,,,,,,,,,,,Daily dealership & fleet sales collection,,,,CUSTOMER_PAYMENT,COMPANY,COMP001,,,,,,,
2025-12-30,COMP001,,,,,,TXNCF7E8447,-5523727.8,,COMPLETED,,,,,,,,,OPEX,,,,,,,,,,,,,,,,,,,,,,Daily operating expenses,,,,OPERATING_EXPENSE,COMPANY,COMP001,,,,,,,
2025-12-30,COMP001,,,,,,TXNF9EC6FB6,-13399327.05,,COMPLETED,,,,,,,,,PAYABLE,,,,,,,,,,,,,,,,,,,,,,Payment to SUP002 – INV00215,,,,SUPPLIER_PAYMENT,INVOICE,INV00215,,,,,,,
2025-12-31,COMP001,,,,,,TXN0915E5A6,11028230.5,,COMPLETED,,,,,,,,,SALES_RECEIPTS,,,,,,,,,,,,,,,,,,,,,,Daily dealership & fleet sales collection,,,,CUSTOMER_PAYMENT,COMPANY,COMP001,,,,,,,
2025-12-31,COMP001,,,,,,TXNCFB29840,-9907687.18,,COMPLETED,,,,,,,,,OPEX,,,,,,,,,,,,,,,,,,,,,,Daily operating expenses,,,,OPERATING_EXPENSE,COMPANY,COMP001,,,,,,,
2025-12-31,COMP001,,,,,,TXN5A0927B5,8978713.65,,COMPLETED,,,,,,,,,RECEIVABLE,,,,,,,,,,,,,,,,,,,,,,Collection from CUST023 – RCV00125,,,,CUSTOMER_PAYMENT,RECEIVABLE,RCV00125,,,,,,,
2025-12-31,COMP001,,,,,,TXNEDEA40FA,-47910878.63,,COMPLETED,,,,,,,,,PAYABLE,,,,,,,,,,,,,,,,,,,,,,Payment to SUP006 – INV00151,,,,SUPPLIER_PAYMENT,INVOICE,INV00151,,,,,,,
2025-12-31,COMP001,,,,,,TXNF6F17F41,-10802978.53,,COMPLETED,,,,,,,,,PAYABLE,,,,,,,,,,,,,,,,,,,,,,Payment to SUP011 – INV00442,,,,SUPPLIER_PAYMENT,INVOICE,INV00442,,,,,,,
2026-01-03,COMP001,,,,,,TXNB19F551B,67147525.96,,COMPLETED,,,,,,,,,RECEIVABLE,,,,,,,,,,,,,,,,,,,,,,Collection from CUST004 – RCV00312,,,,CUSTOMER_PAYMENT,RECEIVABLE,RCV00312,,,,,,,
2026-01-06,COMP001,,,,,,TXNFB1DDF0D,-14502261.58,,COMPLETED,,,,,,,,,PAYABLE,,,,,,,,,,,,,,,,,,,,,,Payment to SUP015 – INV00338,,,,SUPPLIER_PAYMENT,INVOICE,INV00338,,,,,,,
2026-01-07,COMP001,,,,,,TXN7D206827,65206449.94,,COMPLETED,,,,,,,,,RECEIVABLE,,,,,,,,,,,,,,,,,,,,,,Collection from CUST017 – RCV00135,,,,CUSTOMER_PAYMENT,RECEIVABLE,RCV00135,,,,,,,
2025-01-01,COMP001,,,,,,,,488342457.07,,,,,,,,,,,,,,,,,,,,,,,,,,,,,,,,,,,,,,,CASH001,480000000.0,14677659.15,6335202.08,438342457.07,50000000.0,438342457.07
2025-01-02,COMP001,,,,,,,,491354658.65,,,,,,,,,,,,,,,,,,,,,,,,,,,,,,,,,,,,,,,CASH001,488342457.07,9933010.63,6920809.05,441354658.65,50000000.0,441354658.65
2025-01-03,COMP001,,,,,,,,503419117.06,,,,,,,,,,,,,,,,,,,,,,,,,,,,,,,,,,,,,,,CASH001,491354658.65,20072575.37,8008116.96,453419117.06,50000000.0,453419117.06
2025-01-04,COMP001,,,,,,,,505540854.33,,,,,,,,,,,,,,,,,,,,,,,,,,,,,,,,,,,,,,,CASH001,503419117.06,2733656.0,611918.73,455540854.33,50000000.0,455540854.33
2025-01-05,COMP001,,,,,,,,505846670.74,,,,,,,,,,,,,,,,,,,,,,,,,,,,,,,,,,,,,,,CASH001,505540854.33,1400325.88,1094509.47,455846670.74,50000000.0,455846670.74
2025-01-06,COMP001,,,,,,,,515582574.42,,,,,,,,,,,,,,,,,,,,,,,,,,,,,,,,,,,,,,,CASH001,505846670.74,15844889.37,6108985.69,465582574.42,50000000.0,465582574.42
2025-01-07,COMP001,,,,,,,,532026589.29,,,,,,,,,,,,,,,,,,,,,,,,,,,,,,,,,,,,,,,CASH001,515582574.42,20461371.58,4017356.71,482026589.29,50000000.0,482026589.29
2025-01-08,COMP001,,,,,,,,547136060.59,,,,,,,,,,,,,,,,,,,,,,,,,,,,,,,,,,,,,,,CASH001,532026589.29,19266747.48,4157276.18,497136060.59,50000000.0,497136060.59
2025-01-09,COMP001,,,,,,,,555823475.61,,,,,,,,,,,,,,,,,,,,,,,,,,,,,,,,,,,,,,,CASH001,547136060.59,16877313.81,8189898.79,505823475.61,50000000.0,505823475.61
2025-01-10,COMP001,,,,,,,,572922118.76,,,,,,,,,,,,,,,,,,,,,,,,,,,,,,,,,,,,,,,CASH001,555823475.61,24308525.73,7209882.58,522922118.76,50000000.0,522922118.76
2025-01-11,COMP001,,,,,,,,575330797.94,,,,,,,,,,,,,,,,,,,,,,,,,,,,,,,,,,,,,,,CASH001,572922118.76,3544813.15,1136133.97,525330797.94,50000000.0,525330797.94
2025-01-12,COMP001,,,,,,,,575434008.47,,,,,,,,,,,,,,,,,,,,,,,,,,,,,,,,,,,,,,,CASH001,575330797.94,1204410.31,1101199.78,525434008.47,50000000.0,525434008.47
2025-01-13,COMP001,,,,,,,,587802204.56,,,,,,,,,,,,,,,,,,,,,,,,,,,,,,,,,,,,,,,CASH001,575434008.47,18420810.84,6052614.75,537802204.56,50000000.0,537802204.56
2025-01-14,COMP001,,,,,,,,606753739.3,,,,,,,,,,,,,,,,,,,,,,,,,,,,,,,,,,,,,,,CASH001,587802204.56,25028520.56,6076985.82,556753739.3,50000000.0,556753739.3
2025-01-15,COMP001,,,,,,,,614820446.79,,,,,,,,,,,,,,,,,,,,,,,,,,,,,,,,,,,,,,,CASH001,606753739.3,13146837.8,5080130.31,564820446.79,50000000.0,564820446.79
2025-01-16,COMP001,,,,,,,,627052664.97,,,,,,,,,,,,,,,,,,,,,,,,,,,,,,,,,,,,,,,CASH001,614820446.79,15323931.83,3091713.65,577052664.97,50000000.0,577052664.97
2025-01-17,COMP001,,,,,,,,644245206.99,,,,,,,,,,,,,,,,,,,,,,,,,,,,,,,,,,,,,,,CASH001,627052664.97,24892988.65,7700446.63,594245206.99,50000000.0,594245206.99
2025-01-18,COMP001,,,,,,,,685424072.73,,,,,,,,,,,,,,,,,,,,,,,,,,,,,,,,,,,,,,,CASH001,644245206.99,43099471.17,1920605.43,635424072.73,50000000.0,635424072.73
2025-01-19,COMP001,,,,,,,,688477964.37,,,,,,,,,,,,,,,,,,,,,,,,,,,,,,,,,,,,,,,CASH001,685424072.73,3747510.29,693618.65,638477964.37,50000000.0,638477964.37
2025-01-20,COMP001,,,,,,,,692108317.01,,,,,,,,,,,,,,,,,,,,,,,,,,,,,,,,,,,,,,,CASH001,688477964.37,13056662.5,9426309.86,642108317.01,50000000.0,642108317.01
2025-01-21,COMP001,,,,,,,,710342269.52,,,,,,,,,,,,,,,,,,,,,,,,,,,,,,,,,,,,,,,CASH001,692108317.01,23998733.76,5764781.25,660342269.52,50000000.0,660342269.52
2025-01-22,COMP001,,,,,,,,720694542.59,,,,,,,,,,,,,,,,,,,,,,,,,,,,,,,,,,,,,,,CASH001,710342269.52,16939534.16,6587261.09,670694542.59,50000000.0,670694542.59
2025-01-23,COMP001,,,,,,,,725216647.6,,,,,,,,,,,,,,,,,,,,,,,,,,,,,,,,,,,,,,,CASH001,720694542.59,10583714.7,6061609.69,675216647.6,50000000.0,675216647.6
2025-01-24,COMP001,,,,,,,,810438070.08,,,,,,,,,,,,,,,,,,,,,,,,,,,,,,,,,,,,,,,CASH001,725216647.6,94196094.33,8974671.85,760438070.08,50000000.0,760438070.08
2025-01-25,COMP001,,,,,,,,811118151.04,,,,,,,,,,,,,,,,,,,,,,,,,,,,,,,,,,,,,,,CASH001,810438070.08,1770617.28,1090536.32,761118151.04,50000000.0,761118151.04
2025-01-26,COMP001,,,,,,,,811619954.8,,,,,,,,,,,,,,,,,,,,,,,,,,,,,,,,,,,,,,,CASH001,811118151.04,2235351.39,1733547.63,761619954.8,50000000.0,761619954.8
2025-01-27,COMP001,,,,,,,,822437252.2,,,,,,,,,,,,,,,,,,,,,,,,,,,,,,,,,,,,,,,CASH001,811619954.8,18578174.29,7760876.89,772437252.2,50000000.0,772437252.2
2025-01-28,COMP001,,,,,,,,815588788.58,,,,,,,,,,,,,,,,,,,,,,,,,,,,,,,,,,,,,,,CASH001,822437252.2,18561777.64,25410241.26,765588788.58,50000000.0,765588788.58
2025-01-29,COMP001,,,,,,,,761038712.4,,,,,,,,,,,,,,,,,,,,,,,,,,,,,,,,,,,,,,,CASH001,815588788.58,13165799.13,67715875.31,711038712.4,50000000.0,711038712.4
2025-01-30,COMP001,,,,,,,,755898896.55,,,,,,,,,,,,,,,,,,,,,,,,,,,,,,,,,,,,,,,CASH001,761038712.4,8512031.03,13651846.88,705898896.55,50000000.0,705898896.55
2025-01-31,COMP001,,,,,,,,767813679.62,,,,,,,,,,,,,,,,,,,,,,,,,,,,,,,,,,,,,,,CASH001,755898896.55,16404715.07,4489932.0,717813679.62,50000000.0,717813679.62
2025-02-01,COMP001,,,,,,,,803259701.19,,,,,,,,,,,,,,,,,,,,,,,,,,,,,,,,,,,,,,,CASH001,767813679.62,37124398.65,1678377.08,753259701.19,50000000.0,753259701.19
2025-02-02,COMP001,,,,,,,,781074409.43,,,,,,,,,,,,,,,,,,,,,,,,,,,,,,,,,,,,,,,CASH001,803259701.19,2319686.66,24504978.42,731074409.43,50000000.0,731074409.43
2025-02-03,COMP001,,,,,,,,881166605.56,,,,,,,,,,,,,,,,,,,,,,,,,,,,,,,,,,,,,,,CASH001,781074409.43,104160917.83,4068721.7,831166605.56,50000000.0,831166605.56
2025-02-04,COMP001,,,,,,,,896193926.96,,,,,,,,,,,,,,,,,,,,,,,,,,,,,,,,,,,,,,,CASH001,881166605.56,19800878.22,4773556.82,846193926.96,50000000.0,846193926.96
2025-02-05,COMP001,,,,,,,,909764794.57,,,,,,,,,,,,,,,,,,,,,,,,,,,,,,,,,,,,,,,CASH001,896193926.96,18279249.5,4708381.89,859764794.57,50000000.0,859764794.57
2025-02-06,COMP001,,,,,,,,903361843.37,,,,,,,,,,,,,,,,,,,,,,,,,,,,,,,,,,,,,,,CASH001,909764794.57,10091333.19,16494284.39,853361843.37,50000000.0,853361843.37
2025-02-07,COMP001,,,,,,,,917505091.51,,,,,,,,,,,,,,,,,,,,,,,,,,,,,,,,,,,,,,,CASH001,903361843.37,18490951.17,4347703.03,867505091.51,50000000.0,867505091.51
2025-02-08,COMP001,,,,,,,,967651428.6,,,,,,,,,,,,,,,,,,,,,,,,,,,,,,,,,,,,,,,CASH001,917505091.51,52051783.09,1905446.0,917651428.6,50000000.0,917651428.6
2025-02-09,COMP001,,,,,,,,949335817.43,,,,,,,,,,,,,,,,,,,,,,,,,,,,,,,,,,,,,,,CASH001,967651428.6,3365938.83,21681550.0,899335817.43,50000000.0,899335817.43
2025-02-10,COMP001,,,,,,,,953061745.44,,,,,,,,,,,,,,,,,,,,,,,,,,,,,,,,,,,,,,,CASH001,949335817.43,9073123.41,5347195.4,903061745.44,50000000.0,903061745.44
2025-02-11,COMP001,,,,,,,,949803814.13,,,,,,,,,,,,,,,,,,,,,,,,,,,,,,,,,,,,,,,CASH001,953061745.44,60298611.64,63556542.95,899803814.13,50000000.0,899803814.13
2025-02-12,COMP001,,,,,,,,934216344.32,,,,,,,,,,,,,,,,,,,,,,,,,,,,,,,,,,,,,,,CASH001,949803814.13,20617024.26,36204494.07,884216344.32,50000000.0,884216344.32
2025-02-13,COMP001,,,,,,,,943341374.58,,,,,,,,,,,,,,,,,,,,,,,,,,,,,,,,,,,,,,,CASH001,934216344.32,16297628.46,7172598.2,893341374.58,50000000.0,893341374.58
2025-02-14,COMP001,,,,,,,,939755128.13,,,,,,,,,,,,,,,,,,,,,,,,,,,,,,,,,,,,,,,CASH001,943341374.58,46469984.02,50056230.47,889755128.13,50000000.0,889755128.13
2025-02-15,COMP001,,,,,,,,981785592.23,,,,,,,,,,,,,,,,,,,,,,,,,,,,,,,,,,,,,,,CASH001,939755128.13,48681041.13,6650577.03,931785592.23,50000000.0,931785592.23
2025-02-16,COMP001,,,,,,,,1022960511.75,,,,,,,,,,,,,,,,,,,,,,,,,,,,,,,,,,,,,,,CASH001,981785592.23,42267568.36,1092648.84,972960511.75,50000000.0,972960511.75
2025-02-17,COMP001,,,,,,,,1031969223.14,,,,,,,,,,,,,,,,,,,,,,,,,,,,,,,,,,,,,,,CASH001,1022960511.75,16424221.14,7415509.75,981969223.14,50000000.0,981969223.14
2025-02-18,COMP001,,,,,,,,1144685476.34,,,,,,,,,,,,,,,,,,,,,,,,,,,,,,,,,,,,,,,CASH001,1031969223.14,122117880.28,9401627.08,1094685476.34,50000000.0,1094685476.34
2025-02-19,COMP001,,,,,,,,1157217272.61,,,,,,,,,,,,,,,,,,,,,,,,,,,,,,,,,,,,,,,CASH001,1144685476.34,21765093.57,9233297.3,1107217272.61,50000000.0,1107217272.61
2025-02-20,COMP001,,,,,,,,1119435574.61,,,,,,,,,,,,,,,,,,,,,,,,,,,,,,,,,,,,,,,CASH001,1157217272.61,25318456.88,63100154.88,1069435574.61,50000000.0,1069435574.61
2025-02-21,COMP001,,,,,,,,1119216522.09,,,,,,,,,,,,,,,,,,,,,,,,,,,,,,,,,,,,,,,CASH001,1119435574.61,24103693.44,24322745.96,1069216522.09,50000000.0,1069216522.09
2025-02-22,COMP001,,,,,,,,1101963062.43,,,,,,,,,,,,,,,,,,,,,,,,,,,,,,,,,,,,,,,CASH001,1119216522.09,3655548.88,20909008.54,1051963062.43,50000000.0,1051963062.43
2025-02-23,COMP001,,,,,,,,1103835827.92,,,,,,,,,,,,,,,,,,,,,,,,,,,,,,,,,,,,,,,CASH001,1101963062.43,3388457.04,1515691.55,1053835827.92,50000000.0,1053835827.92
2025-02-24,COMP001,,,,,,,,1109271079.85,,,,,,,,,,,,,,,,,,,,,,,,,,,,,,,,,,,,,,,CASH001,1103835827.92,14452260.91,9017008.98,1059271079.85,50000000.0,1059271079.85
2025-02-25,COMP001,,,,,,,,1128239514.38,,,,,,,,,,,,,,,,,,,,,,,,,,,,,,,,,,,,,,,CASH001,1109271079.85,25995506.71,7027072.18,1078239514.38,50000000.0,1078239514.38
2025-02-26,COMP001,,,,,,,,1135265636.32,,,,,,,,,,,,,,,,,,,,,,,,,,,,,,,,,,,,,,,CASH001,1128239514.38,11095893.41,4069771.47,1085265636.32,50000000.0,1085265636.32
2025-02-27,COMP001,,,,,,,,1133255279.59,,,,,,,,,,,,,,,,,,,,,,,,,,,,,,,,,,,,,,,CASH001,1135265636.32,34370064.2,36380420.93,1083255279.59,50000000.0,1083255279.59
2025-02-28,COMP001,,,,,,,,1144198065.61,,,,,,,,,,,,,,,,,,,,,,,,,,,,,,,,,,,,,,,CASH001,1133255279.59,21448712.64,10505926.62,1094198065.61,50000000.0,1094198065.61
2025-03-01,COMP001,,,,,,,,1145351426.99,,,,,,,,,,,,,,,,,,,,,,,,,,,,,,,,,,,,,,,CASH001,1144198065.61,23432587.61,22279226.23,1095351426.99,50000000.0,1095351426.99
2025-03-02,COMP001,,,,,,,,1198541539.3,,,,,,,,,,,,,,,,,,,,,,,,,,,,,,,,,,,,,,,CASH001,1145351426.99,108146628.28,54956515.97,1148541539.3,50000000.0,1148541539.3
2025-03-03,COMP001,,,,,,,,1150114897.4,,,,,,,,,,,,,,,,,,,,,,,,,,,,,,,,,,,,,,,CASH001,1198541539.3,15326107.14,63752749.04,1100114897.4,50000000.0,1100114897.4
2025-03-04,COMP001,,,,,,,,1226753773.66,,,,,,,,,,,,,,,,,,,,,,,,,,,,,,,,,,,,,,,CASH001,1150114897.4,80770388.81,4131512.55,1176753773.66,50000000.0,1176753773.66
2025-03-05,COMP001,,,,,,,,1359944912.09,,,,,,,,,,,,,,,,,,,,,,,,,,,,,,,,,,,,,,,CASH001,1226753773.66,137857526.86,4666388.43,1309944912.09,50000000.0,1309944912.09
2025-03-06,COMP001,,,,,,,,1327259122.75,,,,,,,,,,,,,,,,,,,,,,,,,,,,,,,,,,,,,,,CASH001,1359944912.09,11476891.34,44162680.68,1277259122.75,50000000.0,1277259122.75
2025-03-07,COMP001,,,,,,,,1331464554.72,,,,,,,,,,,,,,,,,,,,,,,,,,,,,,,,,,,,,,,CASH001,1327259122.75,46472533.76,42267101.79,1281464554.72,50000000.0,1281464554.72
2025-03-08,COMP001,,,,,,,,1317128983.74,,,,,,,,,,,,,,,,,,,,,,,,,,,,,,,,,,,,,,,CASH001,1331464554.72,2199192.18,16534763.16,1267128983.74,50000000.0,1267128983.74
2025-03-09,COMP001,,,,,,,,1216982524.39,,,,,,,,,,,,,,,,,,,,,,,,,,,,,,,,,,,,,,,CASH001,1317128983.74,25432084.59,125578543.94,1166982524.39,50000000.0,1166982524.39
2025-03-10,COMP001,,,,,,,,1226620462.32,,,,,,,,,,,,,,,,,,,,,,,,,,,,,,,,,,,,,,,CASH001,1216982524.39,47212120.8,37574182.87,1176620462.32,50000000.0,1176620462.32
2025-03-11,COMP001,,,,,,,,1297829164.12,,,,,,,,,,,,,,,,,,,,,,,,,,,,,,,,,,,,,,,CASH001,1226620462.32,79482586.44,8273884.64,1247829164.12,50000000.0,1247829164.12
2025-03-12,COMP001,,,,,,,,1377846212.88,,,,,,,,,,,,,,,,,,,,,,,,,,,,,,,,,,,,,,,CASH001,1297829164.12,89194377.16,9177328.4,1327846212.88,50000000.0,1327846212.88
2025-03-13,COMP001,,,,,,,,1438508837.13,,,,,,,,,,,,,,,,,,,,,,,,,,,,,,,,,,,,,,,CASH001,1377846212.88,65559141.59,4896517.34,1388508837.13,50000000.0,1388508837.13
2025-03-14,COMP001,,,,,,,,1438164784.93,,,,,,,,,,,,,,,,,,,,,,,,,,,,,,,,,,,,,,,CASH001,1438508837.13,58642299.03,58986351.23,1388164784.93,50000000.0,1388164784.93
2025-03-15,COMP001,,,,,,,,1362934609.42,,,,,,,,,,,,,,,,,,,,,,,,,,,,,,,,,,,,,,,CASH001,1438164784.93,14157135.14,89387310.65,1312934609.42,50000000.0,1312934609.42
2025-03-16,COMP001,,,,,,,,1346197044.2,,,,,,,,,,,,,,,,,,,,,,,,,,,,,,,,,,,,,,,CASH001,1362934609.42,27622373.72,44359938.94,1296197044.2,50000000.0,1296197044.2
2025-03-17,COMP001,,,,,,,,1449972543.8,,,,,,,,,,,,,,,,,,,,,,,,,,,,,,,,,,,,,,,CASH001,1346197044.2,110553783.42,6778283.82,1399972543.8,50000000.0,1399972543.8
2025-03-18,COMP001,,,,,,,,1488649835.22,,,,,,,,,,,,,,,,,,,,,,,,,,,,,,,,,,,,,,,CASH001,1449972543.8,102773066.37,64095774.95,1438649835.22,50000000.0,1438649835.22
2025-03-19,COMP001,,,,,,,,1486195111.14,,,,,,,,,,,,,,,,,,,,,,,,,,,,,,,,,,,,,,,CASH001,1488649835.22,13951530.56,16406254.64,1436195111.14,50000000.0,1436195111.14
2025-03-20,COMP001,,,,,,,,1520329773.59,,,,,,,,,,,,,,,,,,,,,,,,,,,,,,,,,,,,,,,CASH001,1486195111.14,39605225.81,5470563.36,1470329773.59,50000000.0,1470329773.59
2025-03-21,COMP001,,,,,,,,1562649455.33,,,,,,,,,,,,,,,,,,,,,,,,,,,,,,,,,,,,,,,CASH001,1520329773.59,49713949.74,7394268.0,1512649455.33,50000000.0,1512649455.33
2025-03-22,COMP001,,,,,,,,1526082144.59,,,,,,,,,,,,,,,,,,,,,,,,,,,,,,,,,,,,,,,CASH001,1562649455.33,1930792.21,38498102.95,1476082144.59,50000000.0,1476082144.59
2025-03-23,COMP001,,,,,,,,1571881141.01,,,,,,,,,,,,,,,,,,,,,,,,,,,,,,,,,,,,,,,CASH001,1526082144.59,59090987.78,13291991.36,1521881141.01,50000000.0,1521881141.01
2025-03-24,COMP001,,,,,,,,1592099396.62,,,,,,,,,,,,,,,,,,,,,,,,,,,,,,,,,,,,,,,CASH001,1571881141.01,71809872.6,51591616.99,1542099396.62,50000000.0,1542099396.62
2025-03-25,COMP001,,,,,,,,1616233243.47,,,,,,,,,,,,,,,,,,,,,,,,,,,,,,,,,,,,,,,CASH001,1592099396.62,91943150.78,67809303.93,1566233243.47,50000000.0,1566233243.47
2025-03-26,COMP001,,,,,,,,1698580650.66,,,,,,,,,,,,,,,,,,,,,,,,,,,,,,,,,,,,,,,CASH001,1616233243.47,132903409.25,50556002.06,1648580650.66,50000000.0,1648580650.66
2025-03-27,COMP001,,,,,,,,1739260354.41,,,,,,,,,,,,,,,,,,,,,,,,,,,,,,,,,,,,,,,CASH001,1698580650.66,89126981.16,48447277.41,1689260354.41,50000000.0,1689260354.41
2025-03-28,COMP001,,,,,,,,1759947851.22,,,,,,,,,,,,,,,,,,,,,,,,,,,,,,,,,,,,,,,CASH001,1739260354.41,26101703.53,5414206.72,1709947851.22,50000000.0,1709947851.22
2025-03-29,COMP001,,,,,,,,1876789770.22,,,,,,,,,,,,,,,,,,,,,,,,,,,,,,,,,,,,,,,CASH001,1759947851.22,118270232.84,1428313.84,1826789770.22,50000000.0,1826789770.22
2025-03-30,COMP001,,,,,,,,1941435896.57,,,,,,,,,,,,,,,,,,,,,,,,,,,,,,,,,,,,,,,CASH001,1876789770.22,66401487.54,1755361.19,1891435896.57,50000000.0,1891435896.57
2025-03-31,COMP001,,,,,,,,1935796332.65,,,,,,,,,,,,,,,,,,,,,,,,,,,,,,,,,,,,,,,CASH001,1941435896.57,46734836.16,52374400.08,1885796332.65,50000000.0,1885796332.65
2025-04-01,COMP001,,,,,,,,1965396835.16,,,,,,,,,,,,,,,,,,,,,,,,,,,,,,,,,,,,,,,CASH001,1935796332.65,47043812.75,17443310.24,1915396835.16,50000000.0,1915396835.16
2025-04-02,COMP001,,,,,,,,2045449395.26,,,,,,,,,,,,,,,,,,,,,,,,,,,,,,,,,,,,,,,CASH001,1965396835.16,84143654.68,4091094.58,1995449395.26,50000000.0,1995449395.26
2025-04-03,COMP001,,,,,,,,2242230014.15,,,,,,,,,,,,,,,,,,,,,,,,,,,,,,,,,,,,,,,CASH001,2045449395.26,201676407.08,4895788.19,2192230014.15,50000000.0,2192230014.15
2025-04-04,COMP001,,,,,,,,2345992789.31,,,,,,,,,,,,,,,,,,,,,,,,,,,,,,,,,,,,,,,CASH001,2242230014.15,110117926.98,6355151.82,2295992789.31,50000000.0,2295992789.31
2025-04-05,COMP001,,,,,,,,2292624633.23,,,,,,,,,,,,,,,,,,,,,,,,,,,,,,,,,,,,,,,CASH001,2345992789.31,1969984.04,55338140.12,2242624633.23,50000000.0,2242624633.23
2025-04-06,COMP001,,,,,,,,2258695936.11,,,,,,,,,,,,,,,,,,,,,,,,,,,,,,,,,,,,,,,CASH001,2292624633.23,2460775.05,36389472.17,2208695936.11,50000000.0,2208695936.11
2025-04-07,COMP001,,,,,,,,2289753954.25,,,,,,,,,,,,,,,,,,,,,,,,,,,,,,,,,,,,,,,CASH001,2258695936.11,35129528.66,4071510.52,2239753954.25,50000000.0,2239753954.25
2025-04-08,COMP001,,,,,,,,2253503342.18,,,,,,,,,,,,,,,,,,,,,,,,,,,,,,,,,,,,,,,CASH001,2289753954.25,18298567.31,54549179.38,2203503342.18,50000000.0,2203503342.18
2025-04-09,COMP001,,,,,,,,2219091298.19,,,,,,,,,,,,,,,,,,,,,,,,,,,,,,,,,,,,,,,CASH001,2253503342.18,66055465.12,100467509.11,2169091298.19,50000000.0,2169091298.19
2025-04-10,COMP001,,,,,,,,2227387334.45,,,,,,,,,,,,,,,,,,,,,,,,,,,,,,,,,,,,,,,CASH001,2219091298.19,13841178.42,5545142.16,2177387334.45,50000000.0,2177387334.45
2025-04-11,COMP001,,,,,,,,2235583529.11,,,,,,,,,,,,,,,,,,,,,,,,,,,,,,,,,,,,,,,CASH001,2227387334.45,23676383.96,15480189.3,2185583529.11,50000000.0,2185583529.11
2025-04-12,COMP001,,,,,,,,2297913548.16,,,,,,,,,,,,,,,,,,,,,,,,,,,,,,,,,,,,,,,CASH001,2235583529.11,63591716.04,1261696.99,2247913548.16,50000000.0,2247913548.16
2025-04-13,COMP001,,,,,,,,2341183956.04,,,,,,,,,,,,,,,,,,,,,,,,,,,,,,,,,,,,,,,CASH001,2297913548.16,79988485.97,36718078.09,2291183956.04,50000000.0,2291183956.04
2025-04-14,COMP001,,,,,,,,2346659842.66,,,,,,,,,,,,,,,,,,,,,,,,,,,,,,,,,,,,,,,CASH001,2341183956.04,10108186.73,4632300.11,2296659842.66,50000000.0,2296659842.66
2025-04-15,COMP001,,,,,,,,2324946320.58,,,,,,,,,,,,,,,,,,,,,,,,,,,,,,,,,,,,,,,CASH001,2346659842.66,30785473.46,52498995.54,2274946320.58,50000000.0,2274946320.58
2025-04-16,COMP001,,,,,,,,2326301589.93,,,,,,,,,,,,,,,,,,,,,,,,,,,,,,,,,,,,,,,CASH001,2324946320.58,22028890.1,20673620.75,2276301589.93,50000000.0,2276301589.93
2025-04-17,COMP001,,,,,,,,2254762856.9,,,,,,,,,,,,,,,,,,,,,,,,,,,,,,,,,,,,,,,CASH001,2326301589.93,8607575.32,80146308.35,2204762856.9,50000000.0,2204762856.9
2025-04-18,COMP001,,,,,,,,2282838060.5,,,,,,,,,,,,,,,,,,,,,,,,,,,,,,,,,,,,,,,CASH001,2254762856.9,74346534.46,46271330.86,2232838060.5,50000000.0,2232838060.5
2025-04-19,COMP001,,,,,,,,2359757216.8,,,,,,,,,,,,,,,,,,,,,,,,,,,,,,,,,,,,,,,CASH001,2282838060.5,78453753.22,1534596.92,2309757216.8,50000000.0,2309757216.8
2025-04-20,COMP001,,,,,,,,2297763188.91,,,,,,,,,,,,,,,,,,,,,,,,,,,,,,,,,,,,,,,CASH001,2359757216.8,1361204.91,63355232.8,2247763188.91,50000000.0,2247763188.91
2025-04-21,COMP001,,,,,,,,2335148061.38,,,,,,,,,,,,,,,,,,,,,,,,,,,,,,,,,,,,,,,CASH001,2297763188.91,41181094.46,3796221.99,2285148061.38,50000000.0,2285148061.38
2025-04-22,COMP001,,,,,,,,2368619639.07,,,,,,,,,,,,,,,,,,,,,,,,,,,,,,,,,,,,,,,CASH001,2335148061.38,95427116.16,61955538.47,2318619639.07,50000000.0,2318619639.07
2025-04-23,COMP001,,,,,,,,2330742005.03,,,,,,,,,,,,,,,,,,,,,,,,,,,,,,,,,,,,,,,CASH001,2368619639.07,8540292.38,46417926.42,2280742005.03,50000000.0,2280742005.03
2025-04-24,COMP001,,,,,,,,2526554383.19,,,,,,,,,,,,,,,,,,,,,,,,,,,,,,,,,,,,,,,CASH001,2330742005.03,203238033.11,7425654.95,2476554383.19,50000000.0,2476554383.19
2025-04-25,COMP001,,,,,,,,2596175250.13,,,,,,,,,,,,,,,,,,,,,,,,,,,,,,,,,,,,,,,CASH001,2526554383.19,182982767.03,113361900.09,2546175250.13,50000000.0,2546175250.13
2025-04-26,COMP001,,,,,,,,2596283694.59,,,,,,,,,,,,,,,,,,,,,,,,,,,,,,,,,,,,,,,CASH001,2596175250.13,1777603.96,1669159.5,2546283694.59,50000000.0,2546283694.59
2025-04-27,COMP001,,,,,,,,2634134184.78,,,,,,,,,,,,,,,,,,,,,,,,,,,,,,,,,,,,,,,CASH001,2596283694.59,64821519.49,26971029.3,2584134184.78,50000000.0,2584134184.78
2025-04-28,COMP001,,,,,,,,2628599734.55,,,,,,,,,,,,,,,,,,,,,,,,,,,,,,,,,,,,,,,CASH001,2634134184.78,19877138.96,25411589.19,2578599734.55,50000000.0,2578599734.55
2025-04-29,COMP001,,,,,,,,2566405056.6,,,,,,,,,,,,,,,,,,,,,,,,,,,,,,,,,,,,,,,CASH001,2628599734.55,18591614.26,80786292.21,2516405056.6,50000000.0,2516405056.6
2025-04-30,COMP001,,,,,,,,2623487441.5,,,,,,,,,,,,,,,,,,,,,,,,,,,,,,,,,,,,,,,CASH001,2566405056.6,68058473.77,10976088.87,2573487441.5,50000000.0,2573487441.5
2025-05-01,COMP001,,,,,,,,2651768718.13,,,,,,,,,,,,,,,,,,,,,,,,,,,,,,,,,,,,,,,CASH001,2623487441.5,57772480.82,29491204.19,2601768718.13,50000000.0,2601768718.13
2025-05-02,COMP001,,,,,,,,2632564810.69,,,,,,,,,,,,,,,,,,,,,,,,,,,,,,,,,,,,,,,CASH001,2651768718.13,49539721.04,68743628.48,2582564810.69,50000000.0,2582564810.69
2025-05-03,COMP001,,,,,,,,2646732241.0,,,,,,,,,,,,,,,,,,,,,,,,,,,,,,,,,,,,,,,CASH001,2632564810.69,54806884.54,40639454.23,2596732241.0,50000000.0,2596732241.0
2025-05-04,COMP001,,,,,,,,2677837007.35,,,,,,,,,,,,,,,,,,,,,,,,,,,,,,,,,,,,,,,CASH001,2646732241.0,76920975.53,45816209.18,2627837007.35,50000000.0,2627837007.35
2025-05-05,COMP001,,,,,,,,2660211847.25,,,,,,,,,,,,,,,,,,,,,,,,,,,,,,,,,,,,,,,CASH001,2677837007.35,17046274.37,34671434.47,2610211847.25,50000000.0,2610211847.25
2025-05-06,COMP001,,,,,,,,2708968897.87,,,,,,,,,,,,,,,,,,,,,,,,,,,,,,,,,,,,,,,CASH001,2660211847.25,60852441.01,12095390.39,2658968897.87,50000000.0,2658968897.87
2025-05-07,COMP001,,,,,,,,2726878887.34,,,,,,,,,,,,,,,,,,,,,,,,,,,,,,,,,,,,,,,CASH001,2708968897.87,85089298.24,67179308.77,2676878887.34,50000000.0,2676878887.34
2025-05-08,COMP001,,,,,,,,2789989857.98,,,,,,,,,,,,,,,,,,,,,,,,,,,,,,,,,,,,,,,CASH001,2726878887.34,71620888.17,8509917.53,2739989857.98,50000000.0,2739989857.98
2025-05-09,COMP001,,,,,,,,2849395857.18,,,,,,,,,,,,,,,,,,,,,,,,,,,,,,,,,,,,,,,CASH001,2789989857.98,111495781.35,52089782.15,2799395857.18,50000000.0,2799395857.18
2025-05-10,COMP001,,,,,,,,2788624474.12,,,,,,,,,,,,,,,,,,,,,,,,,,,,,,,,,,,,,,,CASH001,2849395857.18,60330594.25,121101977.31,2738624474.12,50000000.0,2738624474.12
2025-05-11,COMP001,,,,,,,,2820913797.28,,,,,,,,,,,,,,,,,,,,,,,,,,,,,,,,,,,,,,,CASH001,2788624474.12,32935220.34,645897.18,2770913797.28,50000000.0,2770913797.28
2025-05-12,COMP001,,,,,,,,2807699068.59,,,,,,,,,,,,,,,,,,,,,,,,,,,,,,,,,,,,,,,CASH001,2820913797.28,16573304.36,29788033.05,2757699068.59,50000000.0,2757699068.59
2025-05-13,COMP001,,,,,,,,2811413527.18,,,,,,,,,,,,,,,,,,,,,,,,,,,,,,,,,,,,,,,CASH001,2807699068.59,16036169.81,12321711.22,2761413527.18,50000000.0,2761413527.18
2025-05-14,COMP001,,,,,,,,2812988220.34,,,,,,,,,,,,,,,,,,,,,,,,,,,,,,,,,,,,,,,CASH001,2811413527.18,63294261.42,61719568.26,2762988220.34,50000000.0,2762988220.34
2025-05-15,COMP001,,,,,,,,2829131423.97,,,,,,,,,,,,,,,,,,,,,,,,,,,,,,,,,,,,,,,CASH001,2812988220.34,64014732.77,47871529.14,2779131423.97,50000000.0,2779131423.97
2025-05-16,COMP001,,,,,,,,2813224766.33,,,,,,,,,,,,,,,,,,,,,,,,,,,,,,,,,,,,,,,CASH001,2829131423.97,17217386.21,33124043.85,2763224766.33,50000000.0,2763224766.33
2025-05-17,COMP001,,,,,,,,2980445767.89,,,,,,,,,,,,,,,,,,,,,,,,,,,,,,,,,,,,,,,CASH001,2813224766.33,168665731.07,1444729.51,2930445767.89,50000000.0,2930445767.89
2025-05-18,COMP001,,,,,,,,2936251353.29,,,,,,,,,,,,,,,,,,,,,,,,,,,,,,,,,,,,,,,CASH001,2980445767.89,3089082.64,47283497.24,2886251353.29,50000000.0,2886251353.29
2025-05-19,COMP001,,,,,,,,2947507972.82,,,,,,,,,,,,,,,,,,,,,,,,,,,,,,,,,,,,,,,CASH001,2936251353.29,16317997.48,5061377.95,2897507972.82,50000000.0,2897507972.82
2025-05-20,COMP001,,,,,,,,3029971083.58,,,,,,,,,,,,,,,,,,,,,,,,,,,,,,,,,,,,,,,CASH001,2947507972.82,111050862.79,28587752.03,2979971083.58,50000000.0,2979971083.58
2025-05-21,COMP001,,,,,,,,3116014877.84,,,,,,,,,,,,,,,,,,,,,,,,,,,,,,,,,,,,,,,CASH001,3029971083.58,96520685.89,10476891.63,3066014877.84,50000000.0,3066014877.84
2025-05-22,COMP001,,,,,,,,3149029462.33,,,,,,,,,,,,,,,,,,,,,,,,,,,,,,,,,,,,,,,CASH001,3116014877.84,39430429.93,6415845.44,3099029462.33,50000000.0,3099029462.33
2025-05-23,COMP001,,,,,,,,3192037704.11,,,,,,,,,,,,,,,,,,,,,,,,,,,,,,,,,,,,,,,CASH001,3149029462.33,116239007.27,73230765.49,3142037704.11,50000000.0,3142037704.11
2025-05-24,COMP001,,,,,,,,3194001743.91,,,,,,,,,,,,,,,,,,,,,,,,,,,,,,,,,,,,,,,CASH001,3192037704.11,2938870.28,974830.48,3144001743.91,50000000.0,3144001743.91
2025-05-25,COMP001,,,,,,,,3082187812.74,,,,,,,,,,,,,,,,,,,,,,,,,,,,,,,,,,,,,,,CASH001,3194001743.91,2020892.66,113834823.83,3032187812.74,50000000.0,3032187812.74
2025-05-26,COMP001,,,,,,,,3009578164.61,,,,,,,,,,,,,,,,,,,,,,,,,,,,,,,,,,,,,,,CASH001,3082187812.74,19910340.83,92519988.96,2959578164.61,50000000.0,2959578164.61
2025-05-27,COMP001,,,,,,,,2977223524.85,,,,,,,,,,,,,,,,,,,,,,,,,,,,,,,,,,,,,,,CASH001,3009578164.61,22494596.28,54849236.04,2927223524.85,50000000.0,2927223524.85
2025-05-28,COMP001,,,,,,,,2970606943.3,,,,,,,,,,,,,,,,,,,,,,,,,,,,,,,,,,,,,,,CASH001,2977223524.85,10058756.41,16675337.96,2920606943.3,50000000.0,2920606943.3
2025-05-29,COMP001,,,,,,,,3026363697.77,,,,,,,,,,,,,,,,,,,,,,,,,,,,,,,,,,,,,,,CASH001,2970606943.3,85068935.03,29312180.56,2976363697.77,50000000.0,2976363697.77
2025-05-30,COMP001,,,,,,,,3039067263.12,,,,,,,,,,,,,,,,,,,,,,,,,,,,,,,,,,,,,,,CASH001,3026363697.77,65155467.25,52451901.9,2989067263.12,50000000.0,2989067263.12
2025-05-31,COMP001,,,,,,,,3039363653.68,,,,,,,,,,,,,,,,,,,,,,,,,,,,,,,,,,,,,,,CASH001,3039067263.12,2684885.39,2388494.83,2989363653.68,50000000.0,2989363653.68
2025-06-01,COMP001,,,,,,,,2981252483.27,,,,,,,,,,,,,,,,,,,,,,,,,,,,,,,,,,,,,,,CASH001,3039363653.68,121462709.91,179573880.32,2931252483.27,50000000.0,2931252483.27
2025-06-02,COMP001,,,,,,,,3087986089.38,,,,,,,,,,,,,,,,,,,,,,,,,,,,,,,,,,,,,,,CASH001,2981252483.27,121497736.96,14764130.85,3037986089.38,50000000.0,3037986089.38
2025-06-03,COMP001,,,,,,,,3093472810.32,,,,,,,,,,,,,,,,,,,,,,,,,,,,,,,,,,,,,,,CASH001,3087986089.38,65475221.89,59988500.95,3043472810.32,50000000.0,3043472810.32
2025-06-04,COMP001,,,,,,,,3094951296.32,,,,,,,,,,,,,,,,,,,,,,,,,,,,,,,,,,,,,,,CASH001,3093472810.32,34905340.4,33426854.4,3044951296.32,50000000.0,3044951296.32
2025-06-05,COMP001,,,,,,,,3125696607.62,,,,,,,,,,,,,,,,,,,,,,,,,,,,,,,,,,,,,,,CASH001,3094951296.32,132289671.78,101544360.48,3075696607.62,50000000.0,3075696607.62
2025-06-06,COMP001,,,,,,,,3068071976.4,,,,,,,,,,,,,,,,,,,,,,,,,,,,,,,,,,,,,,,CASH001,3125696607.62,27807093.15,85431724.37,3018071976.4,50000000.0,3018071976.4
2025-06-07,COMP001,,,,,,,,3050863763.25,,,,,,,,,,,,,,,,,,,,,,,,,,,,,,,,,,,,,,,CASH001,3068071976.4,18463377.21,35671590.36,3000863763.25,50000000.0,3000863763.25
2025-06-08,COMP001,,,,,,,,3152064416.68,,,,,,,,,,,,,,,,,,,,,,,,,,,,,,,,,,,,,,,CASH001,3050863763.25,125203126.62,24002473.19,3102064416.68,50000000.0,3102064416.68
2025-06-09,COMP001,,,,,,,,3098063492.77,,,,,,,,,,,,,,,,,,,,,,,,,,,,,,,,,,,,,,,CASH001,3152064416.68,19516680.35,73517604.26,3048063492.77,50000000.0,3048063492.77
2025-06-10,COMP001,,,,,,,,3064795752.13,,,,,,,,,,,,,,,,,,,,,,,,,,,,,,,,,,,,,,,CASH001,3098063492.77,27314600.18,60582340.82,3014795752.13,50000000.0,3014795752.13
2025-06-11,COMP001,,,,,,,,3120430367.42,,,,,,,,,,,,,,,,,,,,,,,,,,,,,,,,,,,,,,,CASH001,3064795752.13,77761617.14,22127001.85,3070430367.42,50000000.0,3070430367.42
2025-06-12,COMP001,,,,,,,,3137099541.81,,,,,,,,,,,,,,,,,,,,,,,,,,,,,,,,,,,,,,,CASH001,3120430367.42,37435586.49,20766412.1,3087099541.81,50000000.0,3087099541.81
2025-06-13,COMP001,,,,,,,,3152251902.9,,,,,,,,,,,,,,,,,,,,,,,,,,,,,,,,,,,,,,,CASH001,3137099541.81,20786690.24,5634329.15,3102251902.9,50000000.0,3102251902.9
2025-06-14,COMP001,,,,,,,,3175732149.59,,,,,,,,,,,,,,,,,,,,,,,,,,,,,,,,,,,,,,,CASH001,3152251902.9,93176465.48,69696218.79,3125732149.59,50000000.0,3125732149.59
2025-06-15,COMP001,,,,,,,,3411073903.31,,,,,,,,,,,,,,,,,,,,,,,,,,,,,,,,,,,,,,,CASH001,3175732149.59,248459242.45,13117488.73,3361073903.31,50000000.0,3361073903.31
2025-06-16,COMP001,,,,,,,,3403914206.58,,,,,,,,,,,,,,,,,,,,,,,,,,,,,,,,,,,,,,,CASH001,3411073903.31,15705007.26,22864703.99,3353914206.58,50000000.0,3353914206.58
2025-06-17,COMP001,,,,,,,,3412889232.63,,,,,,,,,,,,,,,,,,,,,,,,,,,,,,,,,,,,,,,CASH001,3403914206.58,17438775.17,8463749.12,3362889232.63,50000000.0,3362889232.63
2025-06-18,COMP001,,,,,,,,3446210888.06,,,,,,,,,,,,,,,,,,,,,,,,,,,,,,,,,,,,,,,CASH001,3412889232.63,110419094.34,77097438.91,3396210888.06,50000000.0,3396210888.06
2025-06-19,COMP001,,,,,,,,3404535559.86,,,,,,,,,,,,,,,,,,,,,,,,,,,,,,,,,,,,,,,CASH001,3446210888.06,89074204.96,130749533.16,3354535559.86,50000000.0,3354535559.86
2025-06-20,COMP001,,,,,,,,3477257853.33,,,,,,,,,,,,,,,,,,,,,,,,,,,,,,,,,,,,,,,CASH001,3404535559.86,135743846.21,63021552.74,3427257853.33,50000000.0,3427257853.33
2025-06-21,COMP001,,,,,,,,3477670192.25,,,,,,,,,,,,,,,,,,,,,,,,,,,,,,,,,,,,,,,CASH001,3477257853.33,2155419.39,1743080.47,3427670192.25,50000000.0,3427670192.25
2025-06-22,COMP001,,,,,,,,3478048819.33,,,,,,,,,,,,,,,,,,,,,,,,,,,,,,,,,,,,,,,CASH001,3477670192.25,1957282.59,1578655.51,3428048819.33,50000000.0,3428048819.33
2025-06-23,COMP001,,,,,,,,3487769333.01,,,,,,,,,,,,,,,,,,,,,,,,,,,,,,,,,,,,,,,CASH001,3478048819.33,19431748.71,9711235.03,3437769333.01,50000000.0,3437769333.01
2025-06-24,COMP001,,,,,,,,3447887087.98,,,,,,,,,,,,,,,,,,,,,,,,,,,,,,,,,,,,,,,CASH001,3487769333.01,31396457.0,71278702.03,3397887087.98,50000000.0,3397887087.98
2025-06-25,COMP001,,,,,,,,3316682611.31,,,,,,,,,,,,,,,,,,,,,,,,,,,,,,,,,,,,,,,CASH001,3447887087.98,21814108.87,153018585.54,3266682611.31,50000000.0,3266682611.31
2025-06-26,COMP001,,,,,,,,3282029245.23,,,,,,,,,,,,,,,,,,,,,,,,,,,,,,,,,,,,,,,CASH001,3316682611.31,27405854.94,62059221.02,3232029245.23,50000000.0,3232029245.23
2025-06-27,COMP001,,,,,,,,3476991524.79,,,,,,,,,,,,,,,,,,,,,,,,,,,,,,,,,,,,,,,CASH001,3282029245.23,199831946.78,4869667.22,3426991524.79,50000000.0,3426991524.79
2025-06-28,COMP001,,,,,,,,3545344978.0,,,,,,,,,,,,,,,,,,,,,,,,,,,,,,,,,,,,,,,CASH001,3476991524.79,69488946.97,1135493.76,3495344978.0,50000000.0,3495344978.0
2025-06-29,COMP001,,,,,,,,3544966084.81,,,,,,,,,,,,,,,,,,,,,,,,,,,,,,,,,,,,,,,CASH001,3545344978.0,1467575.34,1846468.53,3494966084.81,50000000.0,3494966084.81
2025-06-30,COMP001,,,,,,,,3588708473.95,,,,,,,,,,,,,,,,,,,,,,,,,,,,,,,,,,,,,,,CASH001,3544966084.81,99424882.55,55682493.41,3538708473.95,50000000.0,3538708473.95
2025-07-01,COMP001,,,,,,,,3568855157.96,,,,,,,,,,,,,,,,,,,,,,,,,,,,,,,,,,,,,,,CASH001,3588708473.95,19923867.69,39777183.68,3518855157.96,50000000.0,3518855157.96
2025-07-02,COMP001,,,,,,,,3522500854.2,,,,,,,,,,,,,,,,,,,,,,,,,,,,,,,,,,,,,,,CASH001,3568855157.96,15857955.12,62212258.88,3472500854.2,50000000.0,3472500854.2
2025-07-03,COMP001,,,,,,,,3544795937.64,,,,,,,,,,,,,,,,,,,,,,,,,,,,,,,,,,,,,,,CASH001,3522500854.2,31423577.54,9128494.1,3494795937.64,50000000.0,3494795937.64
2025-07-04,COMP001,,,,,,,,3495630462.56,,,,,,,,,,,,,,,,,,,,,,,,,,,,,,,,,,,,,,,CASH001,3544795937.64,31413108.41,80578583.49,3445630462.56,50000000.0,3445630462.56
2025-07-05,COMP001,,,,,,,,3548335373.24,,,,,,,,,,,,,,,,,,,,,,,,,,,,,,,,,,,,,,,CASH001,3495630462.56,54215352.51,1510441.83,3498335373.24,50000000.0,3498335373.24
2025-07-06,COMP001,,,,,,,,3588868510.16,,,,,,,,,,,,,,,,,,,,,,,,,,,,,,,,,,,,,,,CASH001,3548335373.24,65203599.29,24670462.37,3538868510.16,50000000.0,3538868510.16
2025-07-07,COMP001,,,,,,,,3568229179.76,,,,,,,,,,,,,,,,,,,,,,,,,,,,,,,,,,,,,,,CASH001,3588868510.16,18717276.24,39356606.64,3518229179.76,50000000.0,3518229179.76
2025-07-08,COMP001,,,,,,,,3607222193.23,,,,,,,,,,,,,,,,,,,,,,,,,,,,,,,,,,,,,,,CASH001,3568229179.76,127039265.93,88046252.46,3557222193.23,50000000.0,3557222193.23
2025-07-09,COMP001,,,,,,,,3591419429.36,,,,,,,,,,,,,,,,,,,,,,,,,,,,,,,,,,,,,,,CASH001,3607222193.23,8578883.59,24381647.46,3541419429.36,50000000.0,3541419429.36
2025-07-10,COMP001,,,,,,,,3625065525.58,,,,,,,,,,,,,,,,,,,,,,,,,,,,,,,,,,,,,,,CASH001,3591419429.36,40175731.32,6529635.1,3575065525.58,50000000.0,3575065525.58
2025-07-11,COMP001,,,,,,,,3727557438.14,,,,,,,,,,,,,,,,,,,,,,,,,,,,,,,,,,,,,,,CASH001,3625065525.58,108391271.14,5899358.58,3677557438.14,50000000.0,3677557438.14
2025-07-12,COMP001,,,,,,,,3592190509.15,,,,,,,,,,,,,,,,,,,,,,,,,,,,,,,,,,,,,,,CASH001,3727557438.14,2222184.14,137589113.13,3542190509.15,50000000.0,3542190509.15
2025-07-13,COMP001,,,,,,,,3607384663.87,,,,,,,,,,,,,,,,,,,,,,,,,,,,,,,,,,,,,,,CASH001,3592190509.15,27976170.27,12782015.55,3557384663.87,50000000.0,3557384663.87
2025-07-14,COMP001,,,,,,,,3599690266.9,,,,,,,,,,,,,,,,,,,,,,,,,,,,,,,,,,,,,,,CASH001,3607384663.87,53969747.17,61664144.14,3549690266.9,50000000.0,3549690266.9
2025-07-15,COMP001,,,,,,,,3693143307.68,,,,,,,,,,,,,,,,,,,,,,,,,,,,,,,,,,,,,,,CASH001,3599690266.9,103312147.89,9859107.11,3643143307.68,50000000.0,3643143307.68
2025-07-16,COMP001,,,,,,,,3640013554.83,,,,,,,,,,,,,,,,,,,,,,,,,,,,,,,,,,,,,,,CASH001,3693143307.68,10393836.18,63523589.03,3590013554.83,50000000.0,3590013554.83
2025-07-17,COMP001,,,,,,,,3665677152.26,,,,,,,,,,,,,,,,,,,,,,,,,,,,,,,,,,,,,,,CASH001,3640013554.83,133900383.78,108236786.35,3615677152.26,50000000.0,3615677152.26
2025-07-18,COMP001,,,,,,,,3521801083.14,,,,,,,,,,,,,,,,,,,,,,,,,,,,,,,,,,,,,,,CASH001,3665677152.26,26923816.09,170799885.21,3471801083.14,50000000.0,3471801083.14
2025-07-19,COMP001,,,,,,,,3568228732.47,,,,,,,,,,,,,,,,,,,,,,,,,,,,,,,,,,,,,,,CASH001,3521801083.14,47159658.87,732009.54,3518228732.47,50000000.0,3518228732.47
2025-07-20,COMP001,,,,,,,,3609996909.13,,,,,,,,,,,,,,,,,,,,,,,,,,,,,,,,,,,,,,,CASH001,3568228732.47,43319067.88,1550891.22,3559996909.13,50000000.0,3559996909.13
2025-07-21,COMP001,,,,,,,,3592154326.24,,,,,,,,,,,,,,,,,,,,,,,,,,,,,,,,,,,,,,,CASH001,3609996909.13,15456798.04,33299380.93,3542154326.24,50000000.0,3542154326.24
2025-07-22,COMP001,,,,,,,,3522788791.07,,,,,,,,,,,,,,,,,,,,,,,,,,,,,,,,,,,,,,,CASH001,3592154326.24,23877408.27,93242943.44,3472788791.07,50000000.0,3472788791.07
2025-07-23,COMP001,,,,,,,,3510773134.54,,,,,,,,,,,,,,,,,,,,,,,,,,,,,,,,,,,,,,,CASH001,3522788791.07,74209315.93,86224972.46,3460773134.54,50000000.0,3460773134.54
2025-07-24,COMP001,,,,,,,,3589732584.13,,,,,,,,,,,,,,,,,,,,,,,,,,,,,,,,,,,,,,,CASH001,3510773134.54,85219683.43,6260233.84,3539732584.13,50000000.0,3539732584.13
2025-07-25,COMP001,,,,,,,,3594787883.02,,,,,,,,,,,,,,,,,,,,,,,,,,,,,,,,,,,,,,,CASH001,3589732584.13,28563748.43,23508449.54,3544787883.02,50000000.0,3544787883.02
2025-07-26,COMP001,,,,,,,,3585752178.33,,,,,,,,,,,,,,,,,,,,,,,,,,,,,,,,,,,,,,,CASH001,3594787883.02,6580317.59,15616022.28,3535752178.33,50000000.0,3535752178.33
2025-07-27,COMP001,,,,,,,,3500783508.47,,,,,,,,,,,,,,,,,,,,,,,,,,,,,,,,,,,,,,,CASH001,3585752178.33,3728351.56,88697021.42,3450783508.47,50000000.0,3450783508.47
2025-07-28,COMP001,,,,,,,,3515361599.82,,,,,,,,,,,,,,,,,,,,,,,,,,,,,,,,,,,,,,,CASH001,3500783508.47,27198551.92,12620460.57,3465361599.82,50000000.0,3465361599.82
2025-07-29,COMP001,,,,,,,,3515576845.47,,,,,,,,,,,,,,,,,,,,,,,,,,,,,,,,,,,,,,,CASH001,3515361599.82,22495295.88,22280050.23,3465576845.47,50000000.0,3465576845.47
2025-07-30,COMP001,,,,,,,,3537776631.26,,,,,,,,,,,,,,,,,,,,,,,,,,,,,,,,,,,,,,,CASH001,3515576845.47,30993040.3,8793254.51,3487776631.26,50000000.0,3487776631.26
2025-07-31,COMP001,,,,,,,,3506907344.77,,,,,,,,,,,,,,,,,,,,,,,,,,,,,,,,,,,,,,,CASH001,3537776631.26,11699711.06,42568997.55,3456907344.77,50000000.0,3456907344.77
2025-08-01,COMP001,,,,,,,,3520384073.48,,,,,,,,,,,,,,,,,,,,,,,,,,,,,,,,,,,,,,,CASH001,3506907344.77,81528482.96,68051754.25,3470384073.48,50000000.0,3470384073.48
2025-08-02,COMP001,,,,,,,,3552395048.06,,,,,,,,,,,,,,,,,,,,,,,,,,,,,,,,,,,,,,,CASH001,3520384073.48,39200637.5,7189662.92,3502395048.06,50000000.0,3502395048.06
2025-08-03,COMP001,,,,,,,,3553972097.45,,,,,,,,,,,,,,,,,,,,,,,,,,,,,,,,,,,,,,,CASH001,3552395048.06,2211478.5,634429.11,3503972097.45,50000000.0,3503972097.45
2025-08-04,COMP001,,,,,,,,3666773935.69,,,,,,,,,,,,,,,,,,,,,,,,,,,,,,,,,,,,,,,CASH001,3553972097.45,167497908.49,54696070.25,3616773935.69,50000000.0,3616773935.69
2025-08-05,COMP001,,,,,,,,3661298918.84,,,,,,,,,,,,,,,,,,,,,,,,,,,,,,,,,,,,,,,CASH001,3666773935.69,61000241.28,66475258.13,3611298918.84,50000000.0,3611298918.84
2025-08-06,COMP001,,,,,,,,3609121991.08,,,,,,,,,,,,,,,,,,,,,,,,,,,,,,,,,,,,,,,CASH001,3661298918.84,11594091.08,63771018.84,3559121991.08,50000000.0,3559121991.08
2025-08-07,COMP001,,,,,,,,3661045741.46,,,,,,,,,,,,,,,,,,,,,,,,,,,,,,,,,,,,,,,CASH001,3609121991.08,60627719.34,8703968.96,3611045741.46,50000000.0,3611045741.46
2025-08-08,COMP001,,,,,,,,3649154146.18,,,,,,,,,,,,,,,,,,,,,,,,,,,,,,,,,,,,,,,CASH001,3661045741.46,30852065.49,42743660.77,3599154146.18,50000000.0,3599154146.18
2025-08-09,COMP001,,,,,,,,3600119451.74,,,,,,,,,,,,,,,,,,,,,,,,,,,,,,,,,,,,,,,CASH001,3649154146.18,1936745.39,50971439.83,3550119451.74,50000000.0,3550119451.74
2025-08-10,COMP001,,,,,,,,3442988257.33,,,,,,,,,,,,,,,,,,,,,,,,,,,,,,,,,,,,,,,CASH001,3600119451.74,12995364.18,170126558.59,3392988257.33,50000000.0,3392988257.33
2025-08-11,COMP001,,,,,,,,3388427511.31,,,,,,,,,,,,,,,,,,,,,,,,,,,,,,,,,,,,,,,CASH001,3442988257.33,12588603.94,67149349.96,3338427511.31,50000000.0,3338427511.31
2025-08-12,COMP001,,,,,,,,3364116772.45,,,,,,,,,,,,,,,,,,,,,,,,,,,,,,,,,,,,,,,CASH001,3388427511.31,35849263.96,60160002.82,3314116772.45,50000000.0,3314116772.45
2025-08-13,COMP001,,,,,,,,3308821778.61,,,,,,,,,,,,,,,,,,,,,,,,,,,,,,,,,,,,,,,CASH001,3364116772.45,14519605.18,69814599.02,3258821778.61,50000000.0,3258821778.61
2025-08-14,COMP001,,,,,,,,3172474297.05,,,,,,,,,,,,,,,,,,,,,,,,,,,,,,,,,,,,,,,CASH001,3308821778.61,35437630.53,171785112.09,3122474297.05,50000000.0,3122474297.05
2025-08-15,COMP001,,,,,,,,3178275759.2,,,,,,,,,,,,,,,,,,,,,,,,,,,,,,,,,,,,,,,CASH001,3172474297.05,24990381.0,19188918.85,3128275759.2,50000000.0,3128275759.2
2025-08-16,COMP001,,,,,,,,3175034650.22,,,,,,,,,,,,,,,,,,,,,,,,,,,,,,,,,,,,,,,CASH001,3178275759.2,38689578.55,41930687.53,3125034650.22,50000000.0,3125034650.22
2025-08-17,COMP001,,,,,,,,3194309864.42,,,,,,,,,,,,,,,,,,,,,,,,,,,,,,,,,,,,,,,CASH001,3175034650.22,20764425.1,1489210.9,3144309864.42,50000000.0,3144309864.42
2025-08-18,COMP001,,,,,,,,3154536071.94,,,,,,,,,,,,,,,,,,,,,,,,,,,,,,,,,,,,,,,CASH001,3194309864.42,9903496.3,49677288.78,3104536071.94,50000000.0,3104536071.94
2025-08-19,COMP001,,,,,,,,3129396300.26,,,,,,,,,,,,,,,,,,,,,,,,,,,,,,,,,,,,,,,CASH001,3154536071.94,37068734.57,62208506.25,3079396300.26,50000000.0,3079396300.26
2025-08-20,COMP001,,,,,,,,3236833209.92,,,,,,,,,,,,,,,,,,,,,,,,,,,,,,,,,,,,,,,CASH001,3129396300.26,113755086.49,6318176.83,3186833209.92,50000000.0,3186833209.92
2025-08-21,COMP001,,,,,,,,3203204059.66,,,,,,,,,,,,,,,,,,,,,,,,,,,,,,,,,,,,,,,CASH001,3236833209.92,13125472.14,46754622.4,3153204059.66,50000000.0,3153204059.66
2025-08-22,COMP001,,,,,,,,3181853813.91,,,,,,,,,,,,,,,,,,,,,,,,,,,,,,,,,,,,,,,CASH001,3203204059.66,20647412.77,41997658.52,3131853813.91,50000000.0,3131853813.91
2025-08-23,COMP001,,,,,,,,3245419987.92,,,,,,,,,,,,,,,,,,,,,,,,,,,,,,,,,,,,,,,CASH001,3181853813.91,65238931.1,1672757.09,3195419987.92,50000000.0,3195419987.92
2025-08-24,COMP001,,,,,,,,3285516226.55,,,,,,,,,,,,,,,,,,,,,,,,,,,,,,,,,,,,,,,CASH001,3245419987.92,81230812.52,41134573.89,3235516226.55,50000000.0,3235516226.55
2025-08-25,COMP001,,,,,,,,3267366911.45,,,,,,,,,,,,,,,,,,,,,,,,,,,,,,,,,,,,,,,CASH001,3285516226.55,65963406.6,84112721.7,3217366911.45,50000000.0,3217366911.45
2025-08-26,COMP001,,,,,,,,3268146863.62,,,,,,,,,,,,,,,,,,,,,,,,,,,,,,,,,,,,,,,CASH001,3267366911.45,40480091.52,39700139.35,3218146863.62,50000000.0,3218146863.62
2025-08-27,COMP001,,,,,,,,3162664596.89,,,,,,,,,,,,,,,,,,,,,,,,,,,,,,,,,,,,,,,CASH001,3268146863.62,18866826.81,124349093.54,3112664596.89,50000000.0,3112664596.89
2025-08-28,COMP001,,,,,,,,3156674067.21,,,,,,,,,,,,,,,,,,,,,,,,,,,,,,,,,,,,,,,CASH001,3162664596.89,43401158.01,49391687.69,3106674067.21,50000000.0,3106674067.21
2025-08-29,COMP001,,,,,,,,3149486792.06,,,,,,,,,,,,,,,,,,,,,,,,,,,,,,,,,,,,,,,CASH001,3156674067.21,64364909.05,71552184.2,3099486792.06,50000000.0,3099486792.06
2025-08-30,COMP001,,,,,,,,3120507334.42,,,,,,,,,,,,,,,,,,,,,,,,,,,,,,,,,,,,,,,CASH001,3149486792.06,32539193.64,61518651.28,3070507334.42,50000000.0,3070507334.42
2025-08-31,COMP001,,,,,,,,3125708794.14,,,,,,,,,,,,,,,,,,,,,,,,,,,,,,,,,,,,,,,CASH001,3120507334.42,80644945.28,75443485.56,3075708794.14,50000000.0,3075708794.14
2025-09-01,COMP001,,,,,,,,3111420512.74,,,,,,,,,,,,,,,,,,,,,,,,,,,,,,,,,,,,,,,CASH001,3125708794.14,11383629.04,25671910.44,3061420512.74,50000000.0,3061420512.74
2025-09-02,COMP001,,,,,,,,3048081920.65,,,,,,,,,,,,,,,,,,,,,,,,,,,,,,,,,,,,,,,CASH001,3111420512.74,30249439.07,93588031.16,2998081920.65,50000000.0,2998081920.65
2025-09-03,COMP001,,,,,,,,3010329534.63,,,,,,,,,,,,,,,,,,,,,,,,,,,,,,,,,,,,,,,CASH001,3048081920.65,14303865.09,52056251.11,2960329534.63,50000000.0,2960329534.63
2025-09-04,COMP001,,,,,,,,3058024618.54,,,,,,,,,,,,,,,,,,,,,,,,,,,,,,,,,,,,,,,CASH001,3010329534.63,51763234.07,4068150.16,3008024618.54,50000000.0,3008024618.54
2025-09-05,COMP001,,,,,,,,3049994341.25,,,,,,,,,,,,,,,,,,,,,,,,,,,,,,,,,,,,,,,CASH001,3058024618.54,31056204.98,39086482.27,2999994341.25,50000000.0,2999994341.25
2025-09-06,COMP001,,,,,,,,3051551356.46,,,,,,,,,,,,,,,,,,,,,,,,,,,,,,,,,,,,,,,CASH001,3049994341.25,2154646.74,597631.53,3001551356.46,50000000.0,3001551356.46
2025-09-07,COMP001,,,,,,,,3016366686.26,,,,,,,,,,,,,,,,,,,,,,,,,,,,,,,,,,,,,,,CASH001,3051551356.46,22791878.98,57976549.18,2966366686.26,50000000.0,2966366686.26
2025-09-08,COMP001,,,,,,,,3061701630.6,,,,,,,,,,,,,,,,,,,,,,,,,,,,,,,,,,,,,,,CASH001,3016366686.26,115626268.45,70291324.11,3011701630.6,50000000.0,3011701630.6
2025-09-09,COMP001,,,,,,,,3129219789.92,,,,,,,,,,,,,,,,,,,,,,,,,,,,,,,,,,,,,,,CASH001,3061701630.6,137097605.69,69579446.37,3079219789.92,50000000.0,3079219789.92
2025-09-10,COMP001,,,,,,,,3074085201.84,,,,,,,,,,,,,,,,,,,,,,,,,,,,,,,,,,,,,,,CASH001,3129219789.92,15631967.07,70766555.15,3024085201.84,50000000.0,3024085201.84
2025-09-11,COMP001,,,,,,,,3144423957.82,,,,,,,,,,,,,,,,,,,,,,,,,,,,,,,,,,,,,,,CASH001,3074085201.84,86116253.72,15777497.74,3094423957.82,50000000.0,3094423957.82
2025-09-12,COMP001,,,,,,,,3168011814.31,,,,,,,,,,,,,,,,,,,,,,,,,,,,,,,,,,,,,,,CASH001,3144423957.82,31258199.51,7670343.02,3118011814.31,50000000.0,3118011814.31
2025-09-13,COMP001,,,,,,,,3142667808.0,,,,,,,,,,,,,,,,,,,,,,,,,,,,,,,,,,,,,,,CASH001,3168011814.31,3710559.07,29054565.38,3092667808.0,50000000.0,3092667808.0
2025-09-14,COMP001,,,,,,,,3212877629.49,,,,,,,,,,,,,,,,,,,,,,,,,,,,,,,,,,,,,,,CASH001,3142667808.0,71066162.52,856341.03,3162877629.49,50000000.0,3162877629.49
2025-09-15,COMP001,,,,,,,,3220631644.78,,,,,,,,,,,,,,,,,,,,,,,,,,,,,,,,,,,,,,,CASH001,3212877629.49,12817674.45,5063659.16,3170631644.78,50000000.0,3170631644.78
2025-09-16,COMP001,,,,,,,,3314678231.7,,,,,,,,,,,,,,,,,,,,,,,,,,,,,,,,,,,,,,,CASH001,3220631644.78,175567487.04,81520900.12,3264678231.7,50000000.0,3264678231.7
2025-09-17,COMP001,,,,,,,,3213458968.96,,,,,,,,,,,,,,,,,,,,,,,,,,,,,,,,,,,,,,,CASH001,3314678231.7,14502272.8,115721535.54,3163458968.96,50000000.0,3163458968.96
2025-09-18,COMP001,,,,,,,,3278480881.19,,,,,,,,,,,,,,,,,,,,,,,,,,,,,,,,,,,,,,,CASH001,3213458968.96,69861065.92,4839153.69,3228480881.19,50000000.0,3228480881.19
2025-09-19,COMP001,,,,,,,,3324125584.2,,,,,,,,,,,,,,,,,,,,,,,,,,,,,,,,,,,,,,,CASH001,3278480881.19,67004404.63,21359701.62,3274125584.2,50000000.0,3274125584.2
2025-09-20,COMP001,,,,,,,,3325569045.79,,,,,,,,,,,,,,,,,,,,,,,,,,,,,,,,,,,,,,,CASH001,3324125584.2,3393578.84,1950117.25,3275569045.79,50000000.0,3275569045.79
2025-09-21,COMP001,,,,,,,,3327870696.72,,,,,,,,,,,,,,,,,,,,,,,,,,,,,,,,,,,,,,,CASH001,3325569045.79,3353474.52,1051823.59,3277870696.72,50000000.0,3277870696.72
2025-09-22,COMP001,,,,,,,,3252821741.78,,,,,,,,,,,,,,,,,,,,,,,,,,,,,,,,,,,,,,,CASH001,3327870696.72,9973794.66,85022749.6,3202821741.78,50000000.0,3202821741.78
2025-09-23,COMP001,,,,,,,,3388544831.21,,,,,,,,,,,,,,,,,,,,,,,,,,,,,,,,,,,,,,,CASH001,3252821741.78,177761271.54,42038182.11,3338544831.21,50000000.0,3338544831.21
2025-09-24,COMP001,,,,,,,,3428304289.37,,,,,,,,,,,,,,,,,,,,,,,,,,,,,,,,,,,,,,,CASH001,3388544831.21,96021748.08,56262289.92,3378304289.37,50000000.0,3378304289.37
2025-09-25,COMP001,,,,,,,,3440909351.7,,,,,,,,,,,,,,,,,,,,,,,,,,,,,,,,,,,,,,,CASH001,3428304289.37,15791072.66,3186010.33,3390909351.7,50000000.0,3390909351.7
2025-09-26,COMP001,,,,,,,,3298119806.94,,,,,,,,,,,,,,,,,,,,,,,,,,,,,,,,,,,,,,,CASH001,3440909351.7,31158656.64,173948201.4,3248119806.94,50000000.0,3248119806.94
2025-09-27,COMP001,,,,,,,,3275776229.47,,,,,,,,,,,,,,,,,,,,,,,,,,,,,,,,,,,,,,,CASH001,3298119806.94,21880268.81,44223846.28,3225776229.47,50000000.0,3225776229.47
2025-09-28,COMP001,,,,,,,,3303839462.74,,,,,,,,,,,,,,,,,,,,,,,,,,,,,,,,,,,,,,,CASH001,3275776229.47,44589397.42,16526164.15,3253839462.74,50000000.0,3253839462.74
2025-09-29,COMP001,,,,,,,,3231483370.38,,,,,,,,,,,,,,,,,,,,,,,,,,,,,,,,,,,,,,,CASH001,3303839462.74,12556824.61,84912916.97,3181483370.38,50000000.0,3181483370.38
2025-09-30,COMP001,,,,,,,,3241334773.31,,,,,,,,,,,,,,,,,,,,,,,,,,,,,,,,,,,,,,,CASH001,3231483370.38,63294146.21,53442743.28,3191334773.31,50000000.0,3191334773.31
2025-10-01,COMP001,,,,,,,,3234016070.63,,,,,,,,,,,,,,,,,,,,,,,,,,,,,,,,,,,,,,,CASH001,3241334773.31,17260704.39,24579407.07,3184016070.63,50000000.0,3184016070.63
2025-10-02,COMP001,,,,,,,,3181889489.12,,,,,,,,,,,,,,,,,,,,,,,,,,,,,,,,,,,,,,,CASH001,3234016070.63,9231188.09,61357769.6,3131889489.12,50000000.0,3131889489.12
2025-10-03,COMP001,,,,,,,,3245052838.14,,,,,,,,,,,,,,,,,,,,,,,,,,,,,,,,,,,,,,,CASH001,3181889489.12,110896708.82,47733359.8,3195052838.14,50000000.0,3195052838.14
2025-10-04,COMP001,,,,,,,,3265937360.61,,,,,,,,,,,,,,,,,,,,,,,,,,,,,,,,,,,,,,,CASH001,3245052838.14,80777133.93,59892611.46,3215937360.61,50000000.0,3215937360.61
2025-10-05,COMP001,,,,,,,,3348374236.83,,,,,,,,,,,,,,,,,,,,,,,,,,,,,,,,,,,,,,,CASH001,3265937360.61,96179484.39,13742608.17,3298374236.83,50000000.0,3298374236.83
2025-10-06,COMP001,,,,,,,,3321118886.7,,,,,,,,,,,,,,,,,,,,,,,,,,,,,,,,,,,,,,,CASH001,3348374236.83,17036053.98,44291404.11,3271118886.7,50000000.0,3271118886.7
2025-10-07,COMP001,,,,,,,,3375702760.55,,,,,,,,,,,,,,,,,,,,,,,,,,,,,,,,,,,,,,,CASH001,3321118886.7,107702030.89,53118157.04,3325702760.55,50000000.0,3325702760.55
2025-10-08,COMP001,,,,,,,,3378503537.22,,,,,,,,,,,,,,,,,,,,,,,,,,,,,,,,,,,,,,,CASH001,3375702760.55,10235369.24,7434592.57,3328503537.22,50000000.0,3328503537.22
2025-10-09,COMP001,,,,,,,,3395726995.84,,,,,,,,,,,,,,,,,,,,,,,,,,,,,,,,,,,,,,,CASH001,3378503537.22,20451941.91,3228483.29,3345726995.84,50000000.0,3345726995.84
2025-10-10,COMP001,,,,,,,,3334680045.04,,,,,,,,,,,,,,,,,,,,,,,,,,,,,,,,,,,,,,,CASH001,3395726995.84,95330585.16,156377535.96,3284680045.04,50000000.0,3284680045.04
2025-10-11,COMP001,,,,,,,,3307350439.21,,,,,,,,,,,,,,,,,,,,,,,,,,,,,,,,,,,,,,,CASH001,3334680045.04,28913076.26,56242682.09,3257350439.21,50000000.0,3257350439.21
2025-10-12,COMP001,,,,,,,,3264592018.6,,,,,,,,,,,,,,,,,,,,,,,,,,,,,,,,,,,,,,,CASH001,3307350439.21,2046195.16,44804615.77,3214592018.6,50000000.0,3214592018.6
2025-10-13,COMP001,,,,,,,,3176619060.07,,,,,,,,,,,,,,,,,,,,,,,,,,,,,,,,,,,,,,,CASH001,3264592018.6,41988786.0,129961744.53,3126619060.07,50000000.0,3126619060.07
2025-10-14,COMP001,,,,,,,,3153496993.53,,,,,,,,,,,,,,,,,,,,,,,,,,,,,,,,,,,,,,,CASH001,3176619060.07,30232865.44,53354931.98,3103496993.53,50000000.0,3103496993.53
2025-10-15,COMP001,,,,,,,,3075990934.46,,,,,,,,,,,,,,,,,,,,,,,,,,,,,,,,,,,,,,,CASH001,3153496993.53,13046570.86,90552629.93,3025990934.46,50000000.0,3025990934.46
2025-10-16,COMP001,,,,,,,,3118469792.17,,,,,,,,,,,,,,,,,,,,,,,,,,,,,,,,,,,,,,,CASH001,3075990934.46,88395139.94,45916282.23,3068469792.17,50000000.0,3068469792.17
2025-10-17,COMP001,,,,,,,,3132332756.57,,,,,,,,,,,,,,,,,,,,,,,,,,,,,,,,,,,,,,,CASH001,3118469792.17,21719860.93,7856896.53,3082332756.57,50000000.0,3082332756.57
2025-10-18,COMP001,,,,,,,,3157490709.21,,,,,,,,,,,,,,,,,,,,,,,,,,,,,,,,,,,,,,,CASH001,3132332756.57,41364703.44,16206750.8,3107490709.21,50000000.0,3107490709.21
2025-10-19,COMP001,,,,,,,,3155666450.62,,,,,,,,,,,,,,,,,,,,,,,,,,,,,,,,,,,,,,,CASH001,3157490709.21,31934008.75,33758267.34,3105666450.62,50000000.0,3105666450.62
2025-10-20,COMP001,,,,,,,,3025039223.1,,,,,,,,,,,,,,,,,,,,,,,,,,,,,,,,,,,,,,,CASH001,3155666450.62,17837871.41,148465098.93,2975039223.1,50000000.0,2975039223.1
2025-10-21,COMP001,,,,,,,,3096276543.09,,,,,,,,,,,,,,,,,,,,,,,,,,,,,,,,,,,,,,,CASH001,3025039223.1,79023335.91,7786015.92,3046276543.09,50000000.0,3046276543.09
2025-10-22,COMP001,,,,,,,,3159878075.28,,,,,,,,,,,,,,,,,,,,,,,,,,,,,,,,,,,,,,,CASH001,3096276543.09,70577188.88,6975656.69,3109878075.28,50000000.0,3109878075.28
2025-10-23,COMP001,,,,,,,,3079734595.66,,,,,,,,,,,,,,,,,,,,,,,,,,,,,,,,,,,,,,,CASH001,3159878075.28,27512603.21,107656082.83,3029734595.66,50000000.0,3029734595.66
2025-10-24,COMP001,,,,,,,,3156414045.94,,,,,,,,,,,,,,,,,,,,,,,,,,,,,,,,,,,,,,,CASH001,3079734595.66,84803050.78,8123600.5,3106414045.94,50000000.0,3106414045.94
2025-10-25,COMP001,,,,,,,,3245077695.44,,,,,,,,,,,,,,,,,,,,,,,,,,,,,,,,,,,,,,,CASH001,3156414045.94,89629996.64,966347.14,3195077695.44,50000000.0,3195077695.44
2025-10-26,COMP001,,,,,,,,3242084734.96,,,,,,,,,,,,,,,,,,,,,,,,,,,,,,,,,,,,,,,CASH001,3245077695.44,15030929.75,18023890.23,3192084734.96,50000000.0,3192084734.96
2025-10-27,COMP001,,,,,,,,3245086618.79,,,,,,,,,,,,,,,,,,,,,,,,,,,,,,,,,,,,,,,CASH001,3242084734.96,9455507.56,6453623.73,3195086618.79,50000000.0,3195086618.79
2025-10-28,COMP001,,,,,,,,3274692740.2,,,,,,,,,,,,,,,,,,,,,,,,,,,,,,,,,,,,,,,CASH001,3245086618.79,95953544.94,66347423.53,3224692740.2,50000000.0,3224692740.2
2025-10-29,COMP001,,,,,,,,3220893093.26,,,,,,,,,,,,,,,,,,,,,,,,,,,,,,,,,,,,,,,CASH001,3274692740.2,10272140.26,64071787.2,3170893093.26,50000000.0,3170893093.26
2025-10-30,COMP001,,,,,,,,3353771727.68,,,,,,,,,,,,,,,,,,,,,,,,,,,,,,,,,,,,,,,CASH001,3220893093.26,156467452.89,23588818.47,3303771727.68,50000000.0,3303771727.68
2025-10-31,COMP001,,,,,,,,3448687355.06,,,,,,,,,,,,,,,,,,,,,,,,,,,,,,,,,,,,,,,CASH001,3353771727.68,107293169.89,12377542.51,3398687355.06,50000000.0,3398687355.06
2025-11-01,COMP001,,,,,,,,3396460726.16,,,,,,,,,,,,,,,,,,,,,,,,,,,,,,,,,,,,,,,CASH001,3448687355.06,3159826.15,55386455.05,3346460726.16,50000000.0,3346460726.16
2025-11-02,COMP001,,,,,,,,3373423835.17,,,,,,,,,,,,,,,,,,,,,,,,,,,,,,,,,,,,,,,CASH001,3396460726.16,1517870.45,24554761.44,3323423835.17,50000000.0,3323423835.17
2025-11-03,COMP001,,,,,,,,3328066797.51,,,,,,,,,,,,,,,,,,,,,,,,,,,,,,,,,,,,,,,CASH001,3373423835.17,14978409.1,60335446.76,3278066797.51,50000000.0,3278066797.51
2025-11-04,COMP001,,,,,,,,3454854646.0,,,,,,,,,,,,,,,,,,,,,,,,,,,,,,,,,,,,,,,CASH001,3328066797.51,140651444.03,13863595.54,3404854646.0,50000000.0,3404854646.0
2025-11-05,COMP001,,,,,,,,3466642841.42,,,,,,,,,,,,,,,,,,,,,,,,,,,,,,,,,,,,,,,CASH001,3454854646.0,41257017.83,29468822.41,3416642841.42,50000000.0,3416642841.42
2025-11-06,COMP001,,,,,,,,3473029137.49,,,,,,,,,,,,,,,,,,,,,,,,,,,,,,,,,,,,,,,CASH001,3466642841.42,52242521.67,45856225.6,3423029137.49,50000000.0,3423029137.49
2025-11-07,COMP001,,,,,,,,3476478065.6,,,,,,,,,,,,,,,,,,,,,,,,,,,,,,,,,,,,,,,CASH001,3473029137.49,22931279.15,19482351.04,3426478065.6,50000000.0,3426478065.6
2025-11-08,COMP001,,,,,,,,3473294783.34,,,,,,,,,,,,,,,,,,,,,,,,,,,,,,,,,,,,,,,CASH001,3476478065.6,26250820.38,29434102.64,3423294783.34,50000000.0,3423294783.34
2025-11-09,COMP001,,,,,,,,3433952196.92,,,,,,,,,,,,,,,,,,,,,,,,,,,,,,,,,,,,,,,CASH001,3473294783.34,52443764.8,91786351.22,3383952196.92,50000000.0,3383952196.92
2025-11-10,COMP001,,,,,,,,3436219419.7,,,,,,,,,,,,,,,,,,,,,,,,,,,,,,,,,,,,,,,CASH001,3433952196.92,9188516.77,6921293.99,3386219419.7,50000000.0,3386219419.7
2025-11-11,COMP001,,,,,,,,3448673348.37,,,,,,,,,,,,,,,,,,,,,,,,,,,,,,,,,,,,,,,CASH001,3436219419.7,23718827.18,11264898.51,3398673348.37,50000000.0,3398673348.37
2025-11-12,COMP001,,,,,,,,3570335759.26,,,,,,,,,,,,,,,,,,,,,,,,,,,,,,,,,,,,,,,CASH001,3448673348.37,131586682.02,9924271.13,3520335759.26,50000000.0,3520335759.26
2025-11-13,COMP001,,,,,,,,3547816434.48,,,,,,,,,,,,,,,,,,,,,,,,,,,,,,,,,,,,,,,CASH001,3570335759.26,11906069.57,34425394.35,3497816434.48,50000000.0,3497816434.48
2025-11-14,COMP001,,,,,,,,3551495716.98,,,,,,,,,,,,,,,,,,,,,,,,,,,,,,,,,,,,,,,CASH001,3547816434.48,28910046.87,25230764.37,3501495716.98,50000000.0,3501495716.98
2025-11-15,COMP001,,,,,,,,3561798789.03,,,,,,,,,,,,,,,,,,,,,,,,,,,,,,,,,,,,,,,CASH001,3551495716.98,10872577.02,569504.97,3511798789.03,50000000.0,3511798789.03
2025-11-16,COMP001,,,,,,,,3509931063.42,,,,,,,,,,,,,,,,,,,,,,,,,,,,,,,,,,,,,,,CASH001,3561798789.03,3884038.23,55751763.84,3459931063.42,50000000.0,3459931063.42
2025-11-17,COMP001,,,,,,,,3561396428.52,,,,,,,,,,,,,,,,,,,,,,,,,,,,,,,,,,,,,,,CASH001,3509931063.42,95783491.78,44318126.68,3511396428.52,50000000.0,3511396428.52
2025-11-18,COMP001,,,,,,,,3532733116.84,,,,,,,,,,,,,,,,,,,,,,,,,,,,,,,,,,,,,,,CASH001,3561396428.52,22991046.28,51654357.96,3482733116.84,50000000.0,3482733116.84
2025-11-19,COMP001,,,,,,,,3464918925.06,,,,,,,,,,,,,,,,,,,,,,,,,,,,,,,,,,,,,,,CASH001,3532733116.84,8069682.28,75883874.06,3414918925.06,50000000.0,3414918925.06
2025-11-20,COMP001,,,,,,,,3428644492.3,,,,,,,,,,,,,,,,,,,,,,,,,,,,,,,,,,,,,,,CASH001,3464918925.06,31524724.25,67799157.01,3378644492.3,50000000.0,3378644492.3
2025-11-21,COMP001,,,,,,,,3428173245.44,,,,,,,,,,,,,,,,,,,,,,,,,,,,,,,,,,,,,,,CASH001,3428644492.3,48033126.7,48504373.56,3378173245.44,50000000.0,3378173245.44
2025-11-22,COMP001,,,,,,,,3479770125.24,,,,,,,,,,,,,,,,,,,,,,,,,,,,,,,,,,,,,,,CASH001,3428173245.44,53260790.75,1663910.95,3429770125.24,50000000.0,3429770125.24
2025-11-23,COMP001,,,,,,,,3479369886.7,,,,,,,,,,,,,,,,,,,,,,,,,,,,,,,,,,,,,,,CASH001,3479770125.24,1546893.14,1947131.68,3429369886.7,50000000.0,3429369886.7
2025-11-24,COMP001,,,,,,,,3512201435.75,,,,,,,,,,,,,,,,,,,,,,,,,,,,,,,,,,,,,,,CASH001,3479369886.7,40560410.73,7728861.68,3462201435.75,50000000.0,3462201435.75
2025-11-25,COMP001,,,,,,,,3525144101.84,,,,,,,,,,,,,,,,,,,,,,,,,,,,,,,,,,,,,,,CASH001,3512201435.75,73944069.21,61001403.12,3475144101.84,50000000.0,3475144101.84
2025-11-26,COMP001,,,,,,,,3565416715.83,,,,,,,,,,,,,,,,,,,,,,,,,,,,,,,,,,,,,,,CASH001,3525144101.84,46489687.93,6217073.94,3515416715.83,50000000.0,3515416715.83
2025-11-27,COMP001,,,,,,,,3570587588.81,,,,,,,,,,,,,,,,,,,,,,,,,,,,,,,,,,,,,,,CASH001,3565416715.83,14204009.14,9033136.16,3520587588.81,50000000.0,3520587588.81
2025-11-28,COMP001,,,,,,,,3611548164.69,,,,,,,,,,,,,,,,,,,,,,,,,,,,,,,,,,,,,,,CASH001,3570587588.81,93099225.7,52138649.82,3561548164.69,50000000.0,3561548164.69
2025-11-29,COMP001,,,,,,,,3659485849.99,,,,,,,,,,,,,,,,,,,,,,,,,,,,,,,,,,,,,,,CASH001,3611548164.69,80063564.17,32125878.87,3609485849.99,50000000.0,3609485849.99
2025-11-30,COMP001,,,,,,,,3761221943.21,,,,,,,,,,,,,,,,,,,,,,,,,,,,,,,,,,,,,,,CASH001,3659485849.99,102669181.28,933088.06,3711221943.21,50000000.0,3711221943.21
2025-12-01,COMP001,,,,,,,,3827423903.86,,,,,,,,,,,,,,,,,,,,,,,,,,,,,,,,,,,,,,,CASH001,3761221943.21,71702027.39,5500066.74,3777423903.86,50000000.0,3777423903.86
2025-12-02,COMP001,,,,,,,,3828814192.04,,,,,,,,,,,,,,,,,,,,,,,,,,,,,,,,,,,,,,,CASH001,3827423903.86,27519763.12,26129474.94,3778814192.04,50000000.0,3778814192.04
2025-12-03,COMP001,,,,,,,,3896466456.76,,,,,,,,,,,,,,,,,,,,,,,,,,,,,,,,,,,,,,,CASH001,3828814192.04,152449299.0,84797034.28,3846466456.76,50000000.0,3846466456.76
2025-12-04,COMP001,,,,,,,,3901313462.76,,,,,,,,,,,,,,,,,,,,,,,,,,,,,,,,,,,,,,,CASH001,3896466456.76,21814893.32,16967887.32,3851313462.76,50000000.0,3851313462.76
2025-12-05,COMP001,,,,,,,,3925611937.48,,,,,,,,,,,,,,,,,,,,,,,,,,,,,,,,,,,,,,,CASH001,3901313462.76,29495856.1,5197381.38,3875611937.48,50000000.0,3875611937.48
2025-12-06,COMP001,,,,,,,,3898059869.83,,,,,,,,,,,,,,,,,,,,,,,,,,,,,,,,,,,,,,,CASH001,3925611937.48,3883457.45,31435525.1,3848059869.83,50000000.0,3848059869.83
2025-12-07,COMP001,,,,,,,,3847266938.32,,,,,,,,,,,,,,,,,,,,,,,,,,,,,,,,,,,,,,,CASH001,3898059869.83,25965852.53,76758784.04,3797266938.32,50000000.0,3797266938.32
2025-12-08,COMP001,,,,,,,,3806573484.85,,,,,,,,,,,,,,,,,,,,,,,,,,,,,,,,,,,,,,,CASH001,3847266938.32,9292024.67,49985478.14,3756573484.85,50000000.0,3756573484.85
2025-12-09,COMP001,,,,,,,,3843960475.38,,,,,,,,,,,,,,,,,,,,,,,,,,,,,,,,,,,,,,,CASH001,3806573484.85,60196063.61,22809073.08,3793960475.38,50000000.0,3793960475.38
2025-12-10,COMP001,,,,,,,,3828101977.52,,,,,,,,,,,,,,,,,,,,,,,,,,,,,,,,,,,,,,,CASH001,3843960475.38,67005249.46,82863747.32,3778101977.52,50000000.0,3778101977.52
2025-12-11,COMP001,,,,,,,,3917713316.73,,,,,,,,,,,,,,,,,,,,,,,,,,,,,,,,,,,,,,,CASH001,3828101977.52,145504341.72,55893002.51,3867713316.73,50000000.0,3867713316.73
2025-12-12,COMP001,,,,,,,,3923774099.04,,,,,,,,,,,,,,,,,,,,,,,,,,,,,,,,,,,,,,,CASH001,3917713316.73,17562848.22,11502065.91,3873774099.04,50000000.0,3873774099.04
2025-12-13,COMP001,,,,,,,,4001886446.53,,,,,,,,,,,,,,,,,,,,,,,,,,,,,,,,,,,,,,,CASH001,3923774099.04,93994999.62,15882652.13,3951886446.53,50000000.0,3951886446.53
2025-12-14,COMP001,,,,,,,,4001304892.61,,,,,,,,,,,,,,,,,,,,,,,,,,,,,,,,,,,,,,,CASH001,4001886446.53,1007845.94,1589399.86,3951304892.61,50000000.0,3951304892.61
2025-12-15,COMP001,,,,,,,,3976086743.43,,,,,,,,,,,,,,,,,,,,,,,,,,,,,,,,,,,,,,,CASH001,4001304892.61,14473892.15,39692041.33,3926086743.43,50000000.0,3926086743.43
2025-12-16,COMP001,,,,,,,,3930325975.23,,,,,,,,,,,,,,,,,,,,,,,,,,,,,,,,,,,,,,,CASH001,3976086743.43,16997982.43,62758750.63,3880325975.23,50000000.0,3880325975.23
2025-12-17,COMP001,,,,,,,,3985115949.6,,,,,,,,,,,,,,,,,,,,,,,,,,,,,,,,,,,,,,,CASH001,3930325975.23,85056302.47,30266328.1,3935115949.6,50000000.0,3935115949.6
2025-12-18,COMP001,,,,,,,,4027235828.54,,,,,,,,,,,,,,,,,,,,,,,,,,,,,,,,,,,,,,,CASH001,3985115949.6,116133495.05,74013616.11,3977235828.54,50000000.0,3977235828.54
2025-12-19,COMP001,,,,,,,,4082740252.86,,,,,,,,,,,,,,,,,,,,,,,,,,,,,,,,,,,,,,,CASH001,4027235828.54,123656841.62,68152417.3,4032740252.86,50000000.0,4032740252.86
2025-12-20,COMP001,,,,,,,,4085417818.87,,,,,,,,,,,,,,,,,,,,,,,,,,,,,,,,,,,,,,,CASH001,4082740252.86,3513112.89,835546.88,4035417818.87,50000000.0,4035417818.87
2025-12-21,COMP001,,,,,,,,4244258651.63,,,,,,,,,,,,,,,,,,,,,,,,,,,,,,,,,,,,,,,CASH001,4085417818.87,159465156.57,624323.81,4194258651.63,50000000.0,4194258651.63
2025-12-22,COMP001,,,,,,,,4246711478.09,,,,,,,,,,,,,,,,,,,,,,,,,,,,,,,,,,,,,,,CASH001,4244258651.63,16351205.87,13898379.41,4196711478.09,50000000.0,4196711478.09
2025-12-23,COMP001,,,,,,,,4291542358.54,,,,,,,,,,,,,,,,,,,,,,,,,,,,,,,,,,,,,,,CASH001,4246711478.09,106004565.49,61173685.04,4241542358.54,50000000.0,4241542358.54
2025-12-24,COMP001,,,,,,,,4254187945.75,,,,,,,,,,,,,,,,,,,,,,,,,,,,,,,,,,,,,,,CASH001,4291542358.54,20204443.27,57558856.06,4204187945.75,50000000.0,4204187945.75
2025-12-25,COMP001,,,,,,,,4262995416.66,,,,,,,,,,,,,,,,,,,,,,,,,,,,,,,,,,,,,,,CASH001,4254187945.75,13865970.01,5058499.1,4212995416.66,50000000.0,4212995416.66
2025-12-26,COMP001,,,,,,,,4274486422.84,,,,,,,,,,,,,,,,,,,,,,,,,,,,,,,,,,,,,,,CASH001,4262995416.66,20193093.68,8702087.5,4224486422.84,50000000.0,4224486422.84
2025-12-27,COMP001,,,,,,,,4257868676.39,,,,,,,,,,,,,,,,,,,,,,,,,,,,,,,,,,,,,,,CASH001,4274486422.84,32576854.0,49194600.45,4207868676.39,50000000.0,4207868676.39
2025-12-28,COMP001,,,,,,,,4298872431.71,,,,,,,,,,,,,,,,,,,,,,,,,,,,,,,,,,,,,,,CASH001,4257868676.39,43449959.46,2446204.14,4248872431.71,50000000.0,4248872431.71
2025-12-29,COMP001,,,,,,,,4387502958.41,,,,,,,,,,,,,,,,,,,,,,,,,,,,,,,,,,,,,,,CASH001,4298872431.71,96848544.57,8218017.87,4337502958.41,50000000.0,4337502958.41
2025-12-30,COMP001,,,,,,,,4386879786.37,,,,,,,,,,,,,,,,,,,,,,,,,,,,,,,,,,,,,,,CASH001,4387502958.41,18299882.81,18923054.85,4336879786.37,50000000.0,4336879786.37
2025-12-31,COMP001,,,,,,,,4338265186.18,,,,,,,,,,,,,,,,,,,,,,,,,,,,,,,,,,,,,,,CASH001,4386879786.37,20006944.15,68621544.34,4288265186.18,50000000.0,4288265186.18
