transaction_id,company_id,type,amount,date,category,description,reference_type,reference_id,status
TXNBECD3764,COMP001,CUSTOMER_PAYMENT,14677659.15,2025-01-01,SALES_RECEIPTS,Daily dealership & fleet sales collection,COMPANY,COMP001,COMPLETED
TXNBAAE260A,COMP001,OPERATING_EXPENSE,-6335202.08,2025-01-01,OPEX,Daily operating expenses,COMPANY,COMP001,COMPLETED
TXN29B1C3D8,COMP001,OPERATING_EXPENSE,-6920809.05,2025-01-02,OPEX,Daily operating expenses,COMPANY,COMP001,COMPLETED
TXN1D0E256A,COMP001,CUSTOMER_PAYMENT,9933010.63,2025-01-02,SALES_RECEIPTS,Daily dealership & fleet sales collection,COMPANY,COMP001,COMPLETED
TXNEF54C379,COMP001,CUSTOMER_PAYMENT,20072575.37,2025-01-03,SALES_RECEIPTS,Daily dealership & fleet sales collection,COMPANY,COMP001,COMPLETED
TXN9EB80FDB,COMP001,OPERATING_EXPENSE,-8008116.96,2025-01-03,OPEX,Daily operating expenses,COMPANY,COMP001,COMPLETED
TXN1AE1DE0C,COMP001,CUSTOMER_PAYMENT,2733656.0,2025-01-04,SALES_RECEIPTS,Daily dealership & fleet sales collection,COMPANY,COMP001,COMPLETED
TXNDFD28EE3,COMP001,OPERATING_EXPENSE,-611918.73,2025-01-04,OPEX,Daily operating expenses,COMPANY,COMP001,COMPLETED
TXNED36FADD,COMP001,CUSTOMER_PAYMENT,1400325.88,2025-01-05,SALES_RECEIPTS,Daily dealership & fleet sales collection,COMPANY,COMP001,COMPLETED
TXN472C12A1,COMP001,OPERATING_EXPENSE,-1094509.47,2025-01-05,OPEX,Daily operating expenses,COMPANY,COMP001,COMPLETED
TXN0F226690,COMP001,CUSTOMER_PAYMENT,15844889.37,2025-01-06,SALES_RECEIPTS,Daily dealership & fleet sales collection,COMPANY,COMP001,COMPLETED
TXN33A4927A,COMP001,OPERATING_EXPENSE,-6108985.69,2025-01-06,OPEX,Daily operating expenses,COMPANY,COMP001,COMPLETED
TXNDDB0F30B,COMP001,CUSTOMER_PAYMENT,20461371.58,2025-01-07,SALES_RECEIPTS,Daily dealership & fleet sales collection,COMPANY,COMP001,COMPLETED
TXN094AE23B,COMP001,OPERATING_EXPENSE,-4017356.71,2025-01-07,OPEX,Daily operating expenses,COMPANY,COMP001,COMPLETED
TXN11FBC755,COMP001,OPERATING_EXPENSE,-4157276.18,2025-01-08,OPEX,Daily operating expenses,COMPANY,COMP001,COMPLETED
TXN4A10C13A,COMP001,CUSTOMER_PAYMENT,19266747.48,2025-01-08,SALES_RECEIPTS,Daily dealership & fleet sales collection,COMPANY,COMP001,COMPLETED
TXND5C5F87D,COMP001,CUSTOMER_PAYMENT,16877313.81,2025-01-09,SALES_RECEIPTS,Daily dealership & fleet sales collection,COMPANY,COMP001,COMPLETED
TXNF2418619,COMP001,OPERATING_EXPENSE,-8189898.79,2025-01-09,OPEX,Daily operating expenses,COMPANY,COMP001,COMPLETED
TXN8475AE76,COMP001,CUSTOMER_PAYMENT,24308525.73,2025-01-10,SALES_RECEIPTS,Daily dealership & fleet sales collection,COMPANY,COMP001,COMPLETED
TXN72BF174D,COMP001,OPERATING_EXPENSE,-7209882.58,2025-01-10,OPEX,Daily operating expenses,COMPANY,COMP001,COMPLETED
TXNE0E46808,COMP001,OPERATING_EXPENSE,-1136133.97,2025-01-11,OPEX,Daily operating expenses,COMPANY,COMP001,COMPLETED
TXN9D4BCD17,COMP001,CUSTOMER_PAYMENT,3544813.15,2025-01-11,SALES_RECEIPTS,Daily dealership & fleet sales collection,COMPANY,COMP001,COMPLETED
TXN79B5CD55,COMP001,OPERATING_EXPENSE,-1101199.78,2025-01-12,OPEX,Daily operating expenses,COMPANY,COMP001,COMPLETED
TXNC1818E24,COMP001,CUSTOMER_PAYMENT,1204410.31,2025-01-12,SALES_RECEIPTS,Daily dealership & fleet sales collection,COMPANY,COMP001,COMPLETED
TXN46694599,COMP001,CUSTOMER_PAYMENT,18420810.84,2025-01-13,SALES_RECEIPTS,Daily dealership & fleet sales collection,COMPANY,COMP001,COMPLETED
TXN9970408C,COMP001,OPERATING_EXPENSE,-6052614.75,2025-01-13,OPEX,Daily operating expenses,COMPANY,COMP001,COMPLETED
TXNF3A03307,COMP001,OPERATING_EXPENSE,-6076985.82,2025-01-14,OPEX,Daily operating expenses,COMPANY,COMP001,COMPLETED
TXN8B58E980,COMP001,CUSTOMER_PAYMENT,25028520.56,2025-01-14,SALES_RECEIPTS,Daily dealership & fleet sales collection,COMPANY,COMP001,COMPLETED
TXN423C79EA,COMP001,OPERATING_EXPENSE,-5080130.31,2025-01-15,OPEX,Daily operating expenses,COMPANY,COMP001,COMPLETED
TXN970AA59E,COMP001,CUSTOMER_PAYMENT,13146837.8,2025-01-15,SALES_RECEIPTS,Daily dealership & fleet sales collection,COMPANY,COMP001,COMPLETED
TXN2F4B1337,COMP001,OPERATING_EXPENSE,-3091713.65,2025-01-16,OPEX,Daily operating expenses,COMPANY,COMP001,COMPLETED
TXNA052E140,COMP001,CUSTOMER_PAYMENT,15323931.83,2025-01-16,SALES_RECEIPTS,Daily dealership & fleet sales collection,COMPANY,COMP001,COMPLETED
TXN44E192F9,COMP001,CUSTOMER_PAYMENT,24892988.65,2025-01-17,SALES_RECEIPTS,Daily dealership & fleet sales collection,COMPANY,COMP001,COMPLETED
TXN3BCFA0D6,COMP001,OPERATING_EXPENSE,-7700446.63,2025-01-17,OPEX,Daily operating expenses,COMPANY,COMP001,COMPLETED
TXN57179EF7,COMP001,CUSTOMER_PAYMENT,39838682.04,2025-01-18,RECEIVABLE,Collection from CUST021 – RCV00262,RECEIVABLE,RCV00262,COMPLETED
TXNCC3F50BF,COMP001,CUSTOMER_PAYMENT,3260789.13,2025-01-18,SALES_RECEIPTS,Daily dealership & fleet sales collection,COMPANY,COMP001,COMPLETED
TXNC7A5A741,COMP001,OPERATING_EXPENSE,-1920605.43,2025-01-18,OPEX,Daily operating expenses,COMPANY,COMP001,COMPLETED
TXN4B073106,COMP001,OPERATING_EXPENSE,-693618.65,2025-01-19,OPEX,Daily operating expenses,COMPANY,COMP001,COMPLETED
TXNDAF20033,COMP001,CUSTOMER_PAYMENT,3747510.29,2025-01-19,SALES_RECEIPTS,Daily dealership & fleet sales collection,COMPANY,COMP001,COMPLETED
TXN828B16DC,COMP001,CUSTOMER_PAYMENT,13056662.5,2025-01-20,SALES_RECEIPTS,Daily dealership & fleet sales collection,COMPANY,COMP001,COMPLETED
TXN08CCA238,COMP001,OPERATING_EXPENSE,-9426309.86,2025-01-20,OPEX,Daily operating expenses,COMPANY,COMP001,COMPLETED
TXN088D4FB6,COMP001,OPERATING_EXPENSE,-5764781.25,2025-01-21,OPEX,Daily operating expenses,COMPANY,COMP001,COMPLETED
TXN11FEBE14,COMP001,CUSTOMER_PAYMENT,23998733.76,2025-01-21,SALES_RECEIPTS,Daily dealership & fleet sales collection,COMPANY,COMP001,COMPLETED
TXND4654179,COMP001,CUSTOMER_PAYMENT,16939534.16,2025-01-22,SALES_RECEIPTS,Daily dealership & fleet sales collection,COMPANY,COMP001,COMPLETED
TXNFD9779E6,COMP001,OPERATING_EXPENSE,-6587261.09,2025-01-22,OPEX,Daily operating expenses,COMPANY,COMP001,COMPLETED
TXN2D4E4DB7,COMP001,OPERATING_EXPENSE,-6061609.69,2025-01-23,OPEX,Daily operating expenses,COMPANY,COMP001,COMPLETED
TXN3368878F,COMP001,CUSTOMER_PAYMENT,10583714.7,2025-01-23,SALES_RECEIPTS,Daily dealership & fleet sales collection,COMPANY,COMP001,COMPLETED
TXNB3CFE033,COMP001,OPERATING_EXPENSE,-8974671.85,2025-01-24,OPEX,Daily operating expenses,COMPANY,COMP001,COMPLETED
TXNCE0BAC8F,COMP001,CUSTOMER_PAYMENT,71572312.14,2025-01-24,RECEIVABLE,Collection from CUST001 – RCV00298,RECEIVABLE,RCV00298,COMPLETED
TXNB0E086D9,COMP001,CUSTOMER_PAYMENT,22623782.19,2025-01-24,SALES_RECEIPTS,Daily dealership & fleet sales collection,COMPANY,COMP001,COMPLETED
TXN50FA0286,COMP001,CUSTOMER_PAYMENT,1770617.28,2025-01-25,SALES_RECEIPTS,Daily dealership & fleet sales collection,COMPANY,COMP001,COMPLETED
TXN0EACAD8B,COMP001,OPERATING_EXPENSE,-1090536.32,2025-01-25,OPEX,Daily operating expenses,COMPANY,COMP001,COMPLETED
TXN13583B7E,COMP001,OPERATING_EXPENSE,-1733547.63,2025-01-26,OPEX,Daily operating expenses,COMPANY,COMP001,COMPLETED
TXNF2E82078,COMP001,CUSTOMER_PAYMENT,2235351.39,2025-01-26,SALES_RECEIPTS,Daily dealership & fleet sales collection,COMPANY,COMP001,COMPLETED
TXND82B5630,COMP001,OPERATING_EXPENSE,-7760876.89,2025-01-27,OPEX,Daily operating expenses,COMPANY,COMP001,COMPLETED
TXN8FF711DB,COMP001,CUSTOMER_PAYMENT,18578174.29,2025-01-27,SALES_RECEIPTS,Daily dealership & fleet sales collection,COMPANY,COMP001,COMPLETED
TXNA6AE05FD,COMP001,SUPPLIER_PAYMENT,-12972774.34,2025-01-28,PAYABLE,Payment to SUP003 – INV00309,INVOICE,INV00309,COMPLETED
TXN4D60FAB4,COMP001,OPERATING_EXPENSE,-12437466.92,2025-01-28,OPEX,Daily operating expenses,COMPANY,COMP001,COMPLETED
TXN5223685D,COMP001,CUSTOMER_PAYMENT,18561777.64,2025-01-28,SALES_RECEIPTS,Daily dealership & fleet sales collection,COMPANY,COMP001,COMPLETED
TXN97002B65,COMP001,CUSTOMER_PAYMENT,13165799.13,2025-01-29,SALES_RECEIPTS,Daily dealership & fleet sales collection,COMPANY,COMP001,COMPLETED
TXNF13E18B9,COMP001,SUPPLIER_PAYMENT,-59001510.19,2025-01-29,PAYABLE,Payment to SUP001 – INV00197,INVOICE,INV00197,COMPLETED
TXNB1A56465,COMP001,OPERATING_EXPENSE,-8714365.12,2025-01-29,OPEX,Daily operating expenses,COMPANY,COMP001,COMPLETED
TXN1B3A8D4E,COMP001,CUSTOMER_PAYMENT,8512031.03,2025-01-30,SALES_RECEIPTS,Daily dealership & fleet sales collection,COMPANY,COMP001,COMPLETED
TXNF134EA53,COMP001,OPERATING_EXPENSE,-13651846.88,2025-01-30,OPEX,Daily operating expenses,COMPANY,COMP001,COMPLETED
TXN0DCCA55F,COMP001,OPERATING_EXPENSE,-4489932.0,2025-01-31,OPEX,Daily operating expenses,COMPANY,COMP001,COMPLETED
TXNEB8C41EF,COMP001,CUSTOMER_PAYMENT,16404715.07,2025-01-31,SALES_RECEIPTS,Daily dealership & fleet sales collection,COMPANY,COMP001,COMPLETED
TXN439DCD16,COMP001,OPERATING_EXPENSE,-1678377.08,2025-02-01,OPEX,Daily operating expenses,COMPANY,COMP001,COMPLETED
TXNC36B1A80,COMP001,CUSTOMER_PAYMENT,2718594.43,2025-02-01,SALES_RECEIPTS,Daily dealership & fleet sales collection,COMPANY,COMP001,COMPLETED
TXN170DC009,COMP001,CUSTOMER_PAYMENT,34405804.22,2025-02-01,RECEIVABLE,Collection from CUST013 – RCV00014,RECEIVABLE,RCV00014,COMPLETED
TXN04DAA0B1,COMP001,CUSTOMER_PAYMENT,2319686.66,2025-02-02,SALES_RECEIPTS,Daily dealership & fleet sales collection,COMPANY,COMP001,COMPLETED
TXN0BB44D89,COMP001,OPERATING_EXPENSE,-872018.16,2025-02-02,OPEX,Daily operating expenses,COMPANY,COMP001,COMPLETED
TXNCF2DB6E7,COMP001,SUPPLIER_PAYMENT,-23632960.26,2025-02-02,PAYABLE,Payment to SUP002 – INV00443,INVOICE,INV00443,COMPLETED
TXNDD8EF766,COMP001,CUSTOMER_PAYMENT,24186464.48,2025-02-03,RECEIVABLE,Collection from CUST023 – RCV00015,RECEIVABLE,RCV00015,COMPLETED
TXNE3D2A261,COMP001,OPERATING_EXPENSE,-4068721.7,2025-02-03,OPEX,Daily operating expenses,COMPANY,COMP001,COMPLETED
TXN4ECFFD9B,COMP001,CUSTOMER_PAYMENT,10475074.56,2025-02-03,SALES_RECEIPTS,Daily dealership & fleet sales collection,COMPANY,COMP001,COMPLETED
TXN95792EE7,COMP001,CUSTOMER_PAYMENT,69499378.79,2025-02-03,RECEIVABLE,Collection from CUST013 – RCV00178,RECEIVABLE,RCV00178,COMPLETED
TXN2C790E15,COMP001,CUSTOMER_PAYMENT,19800878.22,2025-02-04,SALES_RECEIPTS,Daily dealership & fleet sales collection,COMPANY,COMP001,COMPLETED
TXN6492AB6E,COMP001,OPERATING_EXPENSE,-4773556.82,2025-02-04,OPEX,Daily operating expenses,COMPANY,COMP001,COMPLETED
TXN250D6B53,COMP001,CUSTOMER_PAYMENT,18279249.5,2025-02-05,SALES_RECEIPTS,Daily dealership & fleet sales collection,COMPANY,COMP001,COMPLETED
TXNA2BDBEAC,COMP001,OPERATING_EXPENSE,-4708381.89,2025-02-05,OPEX,Daily operating expenses,COMPANY,COMP001,COMPLETED
TXN5F6A27DF,COMP001,CUSTOMER_PAYMENT,10091333.19,2025-02-06,SALES_RECEIPTS,Daily dealership & fleet sales collection,COMPANY,COMP001,COMPLETED
TXN6559F8F6,COMP001,SUPPLIER_PAYMENT,-9704618.89,2025-02-06,PAYABLE,Payment to SUP002 – INV00335,INVOICE,INV00335,COMPLETED
TXNC0A7DF93,COMP001,OPERATING_EXPENSE,-6789665.5,2025-02-06,OPEX,Daily operating expenses,COMPANY,COMP001,COMPLETED
TXN24ECEE11,COMP001,OPERATING_EXPENSE,-4347703.03,2025-02-07,OPEX,Daily operating expenses,COMPANY,COMP001,COMPLETED
TXNAF764F46,COMP001,CUSTOMER_PAYMENT,18490951.17,2025-02-07,SALES_RECEIPTS,Daily dealership & fleet sales collection,COMPANY,COMP001,COMPLETED
TXN73DE04E5,COMP001,CUSTOMER_PAYMENT,3920045.21,2025-02-08,SALES_RECEIPTS,Daily dealership & fleet sales collection,COMPANY,COMP001,COMPLETED
TXN9C8EB377,COMP001,OPERATING_EXPENSE,-1905446.0,2025-02-08,OPEX,Daily operating expenses,COMPANY,COMP001,COMPLETED
TXN1BAA9613,COMP001,CUSTOMER_PAYMENT,48131737.88,2025-02-08,RECEIVABLE,Collection from CUST014 – RCV00226,RECEIVABLE,RCV00226,COMPLETED
TXNE80D7F24,COMP001,OPERATING_EXPENSE,-1873905.76,2025-02-09,OPEX,Daily operating expenses,COMPANY,COMP001,COMPLETED
TXN3A19D212,COMP001,SUPPLIER_PAYMENT,-19807644.24,2025-02-09,PAYABLE,Payment to SUP004 – INV00265,INVOICE,INV00265,COMPLETED
TXN1BD10342,COMP001,CUSTOMER_PAYMENT,3365938.83,2025-02-09,SALES_RECEIPTS,Daily dealership & fleet sales collection,COMPANY,COMP001,COMPLETED
TXN29D9DB7D,COMP001,OPERATING_EXPENSE,-5347195.4,2025-02-10,OPEX,Daily operating expenses,COMPANY,COMP001,COMPLETED
TXNB132E5AC,COMP001,CUSTOMER_PAYMENT,9073123.41,2025-02-10,SALES_RECEIPTS,Daily dealership & fleet sales collection,COMPANY,COMP001,COMPLETED
TXNA7F58959,COMP001,CUSTOMER_PAYMENT,31052891.78,2025-02-11,RECEIVABLE,Collection from CUST003 – RCV00158,RECEIVABLE,RCV00158,COMPLETED
TXNE7F743D6,COMP001,OPERATING_EXPENSE,-7482298.99,2025-02-11,OPEX,Daily operating expenses,COMPANY,COMP001,COMPLETED
TXNB1A4623F,COMP001,SUPPLIER_PAYMENT,-56074243.96,2025-02-11,PAYABLE,Payment to SUP001 – INV00426,INVOICE,INV00426,COMPLETED
TXN3EFFF2FA,COMP001,CUSTOMER_PAYMENT,29245719.86,2025-02-11,SALES_RECEIPTS,Daily dealership & fleet sales collection,COMPANY,COMP001,COMPLETED
TXNB732C1D7,COMP001,OPERATING_EXPENSE,-3894697.15,2025-02-12,OPEX,Daily operating expenses,COMPANY,COMP001,COMPLETED
TXN2B5A04A6,COMP001,CUSTOMER_PAYMENT,20617024.26,2025-02-12,SALES_RECEIPTS,Daily dealership & fleet sales collection,COMPANY,COMP001,COMPLETED
TXNE69FF50A,COMP001,SUPPLIER_PAYMENT,-32309796.92,2025-02-12,PAYABLE,Payment to SUP005 – INV00414,INVOICE,INV00414,COMPLETED
TXNDEC4411C,COMP001,OPERATING_EXPENSE,-7172598.2,2025-02-13,OPEX,Daily operating expenses,COMPANY,COMP001,COMPLETED
TXNEDCB4B60,COMP001,CUSTOMER_PAYMENT,16297628.46,2025-02-13,SALES_RECEIPTS,Daily dealership & fleet sales collection,COMPANY,COMP001,COMPLETED
TXN1763C5D5,COMP001,SUPPLIER_PAYMENT,-9214229.01,2025-02-14,PAYABLE,Payment to SUP014 – INV00213,INVOICE,INV00213,COMPLETED
TXN96FDA85A,COMP001,CUSTOMER_PAYMENT,31552125.32,2025-02-14,SALES_RECEIPTS,Daily dealership & fleet sales collection,COMPANY,COMP001,COMPLETED
TXN22DF203F,COMP001,SUPPLIER_PAYMENT,-36684794.95,2025-02-14,PAYABLE,Payment to SUP003 – INV00420,INVOICE,INV00420,COMPLETED
TXN6A04E6E0,COMP001,CUSTOMER_PAYMENT,14917858.7,2025-02-14,RECEIVABLE,Collection from CUST014 – RCV00107,RECEIVABLE,RCV00107,COMPLETED
TXN3470C04F,COMP001,OPERATING_EXPENSE,-4157206.51,2025-02-14,OPEX,Daily operating expenses,COMPANY,COMP001,COMPLETED
TXNAE71A4BB,COMP001,CUSTOMER_PAYMENT,6695164.57,2025-02-15,RECEIVABLE,Collection from CUST012 – RCV00259,RECEIVABLE,RCV00259,COMPLETED
TXN9C577739,COMP001,SUPPLIER_PAYMENT,-5138927.5,2025-02-15,PAYABLE,Payment to SUP007 – INV00371,INVOICE,INV00371,COMPLETED
TXN791538E2,COMP001,CUSTOMER_PAYMENT,39163448.01,2025-02-15,RECEIVABLE,Collection from CUST012 – RCV00147,RECEIVABLE,RCV00147,COMPLETED
TXN1272C6E9,COMP001,OPERATING_EXPENSE,-1511649.53,2025-02-15,OPEX,Daily operating expenses,COMPANY,COMP001,COMPLETED
TXN269646EE,COMP001,CUSTOMER_PAYMENT,2822428.55,2025-02-15,SALES_RECEIPTS,Daily dealership & fleet sales collection,COMPANY,COMP001,COMPLETED
TXNA47279C0,COMP001,OPERATING_EXPENSE,-1092648.84,2025-02-16,OPEX,Daily operating expenses,COMPANY,COMP001,COMPLETED
TXN394B5594,COMP001,CUSTOMER_PAYMENT,22957251.35,2025-02-16,RECEIVABLE,Collection from CUST004 – RCV00316,RECEIVABLE,RCV00316,COMPLETED
TXNF92EE968,COMP001,CUSTOMER_PAYMENT,1980210.31,2025-02-16,SALES_RECEIPTS,Daily dealership & fleet sales collection,COMPANY,COMP001,COMPLETED
TXN23AC7A73,COMP001,CUSTOMER_PAYMENT,17330106.7,2025-02-16,RECEIVABLE,Collection from CUST011 – RCV00016,RECEIVABLE,RCV00016,COMPLETED
TXN1C23E34C,COMP001,OPERATING_EXPENSE,-7415509.75,2025-02-17,OPEX,Daily operating expenses,COMPANY,COMP001,COMPLETED
TXN9F9C4D34,COMP001,CUSTOMER_PAYMENT,16424221.14,2025-02-17,SALES_RECEIPTS,Daily dealership & fleet sales collection,COMPANY,COMP001,COMPLETED
TXNF94BB255,COMP001,OPERATING_EXPENSE,-9401627.08,2025-02-18,OPEX,Daily operating expenses,COMPANY,COMP001,COMPLETED
TXN0F1BA5A1,COMP001,CUSTOMER_PAYMENT,41961522.26,2025-02-18,RECEIVABLE,Collection from CUST001 – RCV00255,RECEIVABLE,RCV00255,COMPLETED
TXN05A1228F,COMP001,CUSTOMER_PAYMENT,2132853.37,2025-02-18,RECEIVABLE,Collection from CUST005 – RCV00305,RECEIVABLE,RCV00305,COMPLETED
TXN1CE2B90C,COMP001,CUSTOMER_PAYMENT,29647674.67,2025-02-18,SALES_RECEIPTS,Daily dealership & fleet sales collection,COMPANY,COMP001,COMPLETED
TXN9E953891,COMP001,CUSTOMER_PAYMENT,48375829.98,2025-02-18,RECEIVABLE,Collection from CUST021 – RCV00196,RECEIVABLE,RCV00196,COMPLETED
TXN6DE91158,COMP001,OPERATING_EXPENSE,-9233297.3,2025-02-19,OPEX,Daily operating expenses,COMPANY,COMP001,COMPLETED
TXN8487F21C,COMP001,CUSTOMER_PAYMENT,4487116.29,2025-02-19,RECEIVABLE,Collection from CUST004 – RCV00128,RECEIVABLE,RCV00128,COMPLETED
TXN5107B9BB,COMP001,CUSTOMER_PAYMENT,17277977.28,2025-02-19,SALES_RECEIPTS,Daily dealership & fleet sales collection,COMPANY,COMP001,COMPLETED
TXN442EABFB,COMP001,SUPPLIER_PAYMENT,-54792408.89,2025-02-20,PAYABLE,Payment to SUP008 – INV00406,INVOICE,INV00406,COMPLETED
TXN2F98E9C8,COMP001,CUSTOMER_PAYMENT,4110408.93,2025-02-20,RECEIVABLE,Collection from CUST012 – RCV00190,RECEIVABLE,RCV00190,COMPLETED
TXN5915A658,COMP001,CUSTOMER_PAYMENT,21208047.95,2025-02-20,SALES_RECEIPTS,Daily dealership & fleet sales collection,COMPANY,COMP001,COMPLETED
TXN1E6CBD91,COMP001,OPERATING_EXPENSE,-8307745.99,2025-02-20,OPEX,Daily operating expenses,COMPANY,COMP001,COMPLETED
TXN53BF2048,COMP001,SUPPLIER_PAYMENT,-16952316.97,2025-02-21,PAYABLE,Payment to SUP003 – INV00164,INVOICE,INV00164,COMPLETED
TXNB42B93DB,COMP001,CUSTOMER_PAYMENT,24103693.44,2025-02-21,SALES_RECEIPTS,Daily dealership & fleet sales collection,COMPANY,COMP001,COMPLETED
TXNBBDFFF47,COMP001,OPERATING_EXPENSE,-7370428.99,2025-02-21,OPEX,Daily operating expenses,COMPANY,COMP001,COMPLETED
TXN4C7AE3EC,COMP001,OPERATING_EXPENSE,-1755921.63,2025-02-22,OPEX,Daily operating expenses,COMPANY,COMP001,COMPLETED
TXNF1311554,COMP001,CUSTOMER_PAYMENT,3655548.88,2025-02-22,SALES_RECEIPTS,Daily dealership & fleet sales collection,COMPANY,COMP001,COMPLETED
TXN0E090761,COMP001,SUPPLIER_PAYMENT,-19153086.91,2025-02-22,PAYABLE,Payment to SUP005 – INV00352,INVOICE,INV00352,COMPLETED
TXN242832E6,COMP001,OPERATING_EXPENSE,-1515691.55,2025-02-23,OPEX,Daily operating expenses,COMPANY,COMP001,COMPLETED
TXN21B759CE,COMP001,CUSTOMER_PAYMENT,3388457.04,2025-02-23,SALES_RECEIPTS,Daily dealership & fleet sales collection,COMPANY,COMP001,COMPLETED
TXN2A368562,COMP001,CUSTOMER_PAYMENT,14452260.91,2025-02-24,SALES_RECEIPTS,Daily dealership & fleet sales collection,COMPANY,COMP001,COMPLETED
TXN14C167FA,COMP001,OPERATING_EXPENSE,-9017008.98,2025-02-24,OPEX,Daily operating expenses,COMPANY,COMP001,COMPLETED
TXN6AC32F43,COMP001,CUSTOMER_PAYMENT,25995506.71,2025-02-25,SALES_RECEIPTS,Daily dealership & fleet sales collection,COMPANY,COMP001,COMPLETED
TXNB7A615BE,COMP001,OPERATING_EXPENSE,-7027072.18,2025-02-25,OPEX,Daily operating expenses,COMPANY,COMP001,COMPLETED
TXN95D02F3F,COMP001,CUSTOMER_PAYMENT,11095893.41,2025-02-26,SALES_RECEIPTS,Daily dealership & fleet sales collection,COMPANY,COMP001,COMPLETED
TXN22CDBCB5,COMP001,OPERATING_EXPENSE,-4069771.47,2025-02-26,OPEX,Daily operating expenses,COMPANY,COMP001,COMPLETED
TXN47AB2407,COMP001,CUSTOMER_PAYMENT,19373153.0,2025-02-27,RECEIVABLE,Collection from CUST008 – RCV00337,RECEIVABLE,RCV00337,COMPLETED
TXNE97800F5,COMP001,OPERATING_EXPENSE,-5966101.17,2025-02-27,OPEX,Daily operating expenses,COMPANY,COMP001,COMPLETED
TXN76D99327,COMP001,CUSTOMER_PAYMENT,14996911.2,2025-02-27,SALES_RECEIPTS,Daily dealership & fleet sales collection,COMPANY,COMP001,COMPLETED
TXNCA705989,COMP001,SUPPLIER_PAYMENT,-30414319.76,2025-02-27,PAYABLE,Payment to SUP004 – INV00239,INVOICE,INV00239,COMPLETED
TXN08566FBA,COMP001,CUSTOMER_PAYMENT,21448712.64,2025-02-28,SALES_RECEIPTS,Daily dealership & fleet sales collection,COMPANY,COMP001,COMPLETED
TXND8ECD48D,COMP001,OPERATING_EXPENSE,-10505926.62,2025-02-28,OPEX,Daily operating expenses,COMPANY,COMP001,COMPLETED
TXNFF0AC8A4,COMP001,CUSTOMER_PAYMENT,20270503.5,2025-03-01,RECEIVABLE,Collection from CUST004 – RCV00287,RECEIVABLE,RCV00287,COMPLETED
TXN93BDEA62,COMP001,OPERATING_EXPENSE,-1313334.86,2025-03-01,OPEX,Daily operating expenses,COMPANY,COMP001,COMPLETED
TXN81787937,COMP001,CUSTOMER_PAYMENT,3162084.11,2025-03-01,SALES_RECEIPTS,Daily dealership & fleet sales collection,COMPANY,COMP001,COMPLETED
TXN6C899ECE,COMP001,SUPPLIER_PAYMENT,-20965891.37,2025-03-01,PAYABLE,Payment to SUP007 – INV00027,INVOICE,INV00027,COMPLETED
TXNAC57D0D6,COMP001,CUSTOMER_PAYMENT,39175776.24,2025-03-02,RECEIVABLE,Collection from CUST007 – RCV00265,RECEIVABLE,RCV00265,COMPLETED
TXNA001D2B5,COMP001,CUSTOMER_PAYMENT,1915325.63,2025-03-02,SALES_RECEIPTS,Daily dealership & fleet sales collection,COMPANY,COMP001,COMPLETED
TXN985BA9B7,COMP001,SUPPLIER_PAYMENT,-54355670.93,2025-03-02,PAYABLE,Payment to SUP013 – INV00301,INVOICE,INV00301,COMPLETED
TXN93A270E1,COMP001,CUSTOMER_PAYMENT,67055526.41,2025-03-02,RECEIVABLE,Collection from CUST022 – RCV00299,RECEIVABLE,RCV00299,COMPLETED
TXNECEA8A5A,COMP001,OPERATING_EXPENSE,-600845.04,2025-03-02,OPEX,Daily operating expenses,COMPANY,COMP001,COMPLETED
TXN1FAFDDFC,COMP001,CUSTOMER_PAYMENT,15326107.14,2025-03-03,SALES_RECEIPTS,Daily dealership & fleet sales collection,COMPANY,COMP001,COMPLETED
TXNE4108846,COMP001,SUPPLIER_PAYMENT,-45784551.05,2025-03-03,PAYABLE,Payment to SUP002 – INV00377,INVOICE,INV00377,COMPLETED
TXNCF00F3E6,COMP001,SUPPLIER_PAYMENT,-8101130.34,2025-03-03,PAYABLE,Payment to SUP004 – INV00083,INVOICE,INV00083,COMPLETED
TXN2708552B,COMP001,OPERATING_EXPENSE,-9867067.65,2025-03-03,OPEX,Daily operating expenses,COMPANY,COMP001,COMPLETED
TXN2F8799CB,COMP001,CUSTOMER_PAYMENT,8195784.24,2025-03-04,RECEIVABLE,Collection from CUST016 – RCV00319,RECEIVABLE,RCV00319,COMPLETED
TXN5D6E6FE8,COMP001,CUSTOMER_PAYMENT,18292027.26,2025-03-04,RECEIVABLE,Collection from CUST018 – RCV00326,RECEIVABLE,RCV00326,COMPLETED
TXNE3259DC6,COMP001,CUSTOMER_PAYMENT,28032300.36,2025-03-04,SALES_RECEIPTS,Daily dealership & fleet sales collection,COMPANY,COMP001,COMPLETED
TXN6692DE11,COMP001,CUSTOMER_PAYMENT,26250276.95,2025-03-04,RECEIVABLE,Collection from CUST020 – RCV00059,RECEIVABLE,RCV00059,COMPLETED
TXN33FF8F73,COMP001,OPERATING_EXPENSE,-4131512.55,2025-03-04,OPEX,Daily operating expenses,COMPANY,COMP001,COMPLETED
TXNDB092A93,COMP001,OPERATING_EXPENSE,-4666388.43,2025-03-05,OPEX,Daily operating expenses,COMPANY,COMP001,COMPLETED
TXN2B8E99B9,COMP001,CUSTOMER_PAYMENT,73217220.65,2025-03-05,RECEIVABLE,Collection from CUST006 – RCV00339,RECEIVABLE,RCV00339,COMPLETED
TXN950A04FB,COMP001,CUSTOMER_PAYMENT,15032699.11,2025-03-05,SALES_RECEIPTS,Daily dealership & fleet sales collection,COMPANY,COMP001,COMPLETED
TXN41CA0F81,COMP001,CUSTOMER_PAYMENT,49607607.1,2025-03-05,RECEIVABLE,Collection from CUST022 – RCV00269,RECEIVABLE,RCV00269,COMPLETED
TXN9EF4C053,COMP001,OPERATING_EXPENSE,-4966264.87,2025-03-06,OPEX,Daily operating expenses,COMPANY,COMP001,COMPLETED
TXN32D0F0FA,COMP001,UNEXPECTED_EXPENSE,-39196415.81,2025-03-06,EXCEPTIONAL,Regulatory fine,COMPANY,COMP001,COMPLETED
TXN7F6AD50A,COMP001,CUSTOMER_PAYMENT,11476891.34,2025-03-06,SALES_RECEIPTS,Daily dealership & fleet sales collection,COMPANY,COMP001,COMPLETED
TXN2D8D677C,COMP001,OPERATING_EXPENSE,-9800865.54,2025-03-07,OPEX,Daily operating expenses,COMPANY,COMP001,COMPLETED
TXN41AE66E9,COMP001,CUSTOMER_PAYMENT,21284842.17,2025-03-07,SALES_RECEIPTS,Daily dealership & fleet sales collection,COMPANY,COMP001,COMPLETED
TXNFDD5C3A9,COMP001,CUSTOMER_PAYMENT,25187691.59,2025-03-07,RECEIVABLE,Collection from CUST022 – RCV00109,RECEIVABLE,RCV00109,COMPLETED
TXN9B8899B5,COMP001,SUPPLIER_PAYMENT,-32466236.25,2025-03-07,PAYABLE,Payment to SUP005 – INV00329,INVOICE,INV00329,COMPLETED
TXN309CB11C,COMP001,SUPPLIER_PAYMENT,-9160209.29,2025-03-08,PAYABLE,Payment to SUP003 – INV00348,INVOICE,INV00348,COMPLETED
TXN8337E762,COMP001,SUPPLIER_PAYMENT,-5772139.02,2025-03-08,PAYABLE,Payment to SUP001 – INV00200,INVOICE,INV00200,COMPLETED
TXN0E77057D,COMP001,CUSTOMER_PAYMENT,2199192.18,2025-03-08,SALES_RECEIPTS,Daily dealership & fleet sales collection,COMPANY,COMP001,COMPLETED
TXNF734DC45,COMP001,OPERATING_EXPENSE,-1602414.85,2025-03-08,OPEX,Daily operating expenses,COMPANY,COMP001,COMPLETED
TXND2400AF8,COMP001,SUPPLIER_PAYMENT,-17145619.92,2025-03-09,PAYABLE,Payment to SUP004 – INV00147,INVOICE,INV00147,COMPLETED
TXND87280A1,COMP001,SUPPLIER_PAYMENT,-23451569.7,2025-03-09,PAYABLE,Payment to SUP004 – INV00429,INVOICE,INV00429,COMPLETED
TXN4DD7262E,COMP001,CUSTOMER_PAYMENT,22880783.63,2025-03-09,RECEIVABLE,Collection from CUST012 – RCV00275,RECEIVABLE,RCV00275,COMPLETED
TXNDB86858B,COMP001,SUPPLIER_PAYMENT,-28709129.31,2025-03-09,PAYABLE,Payment to SUP012 – INV00070,INVOICE,INV00070,COMPLETED
TXN43194395,COMP001,CUSTOMER_PAYMENT,2551300.96,2025-03-09,SALES_RECEIPTS,Daily dealership & fleet sales collection,COMPANY,COMP001,COMPLETED
TXN6596F696,COMP001,SUPPLIER_PAYMENT,-54311340.47,2025-03-09,PAYABLE,Payment to SUP001 – INV00284,INVOICE,INV00284,COMPLETED
TXNB5831ACE,COMP001,OPERATING_EXPENSE,-1960884.54,2025-03-09,OPEX,Daily operating expenses,COMPANY,COMP001,COMPLETED
TXN2998BBE3,COMP001,SUPPLIER_PAYMENT,-7501360.09,2025-03-10,PAYABLE,Payment to SUP002 – INV00114,INVOICE,INV00114,COMPLETED
TXN6DCFC61E,COMP001,SUPPLIER_PAYMENT,-21490334.58,2025-03-10,PAYABLE,Payment to SUP012 – INV00174,INVOICE,INV00174,COMPLETED
TXN9BD25277,COMP001,CUSTOMER_PAYMENT,32787272.34,2025-03-10,RECEIVABLE,Collection from CUST015 – RCV00253,RECEIVABLE,RCV00253,COMPLETED
TXN36E5301A,COMP001,OPERATING_EXPENSE,-8582488.2,2025-03-10,OPEX,Daily operating expenses,COMPANY,COMP001,COMPLETED
TXND23F0EB6,COMP001,CUSTOMER_PAYMENT,14424848.46,2025-03-10,SALES_RECEIPTS,Daily dealership & fleet sales collection,COMPANY,COMP001,COMPLETED
TXNE99E8FF5,COMP001,CUSTOMER_PAYMENT,50537630.38,2025-03-11,RECEIVABLE,Collection from CUST021 – RCV00056,RECEIVABLE,RCV00056,COMPLETED
TXNAF7FE79D,COMP001,OPERATING_EXPENSE,-8273884.64,2025-03-11,OPEX,Daily operating expenses,COMPANY,COMP001,COMPLETED
TXN880A0647,COMP001,CUSTOMER_PAYMENT,17096645.0,2025-03-11,SALES_RECEIPTS,Daily dealership & fleet sales collection,COMPANY,COMP001,COMPLETED
TXN8FC47E62,COMP001,CUSTOMER_PAYMENT,11848311.06,2025-03-11,RECEIVABLE,Collection from CUST001 – RCV00008,RECEIVABLE,RCV00008,COMPLETED
TXN655C46FA,COMP001,OPERATING_EXPENSE,-9177328.4,2025-03-12,OPEX,Daily operating expenses,COMPANY,COMP001,COMPLETED
TXNEE6E6909,COMP001,CUSTOMER_PAYMENT,19022743.39,2025-03-12,SALES_RECEIPTS,Daily dealership & fleet sales collection,COMPANY,COMP001,COMPLETED
TXNAB9745F1,COMP001,CUSTOMER_PAYMENT,62306730.82,2025-03-12,RECEIVABLE,Collection from CUST023 – RCV00355,RECEIVABLE,RCV00355,COMPLETED
TXN5D1CFFA2,COMP001,CUSTOMER_PAYMENT,4147402.67,2025-03-12,RECEIVABLE,Collection from CUST004 – RCV00333,RECEIVABLE,RCV00333,COMPLETED
TXN8A66AFCE,COMP001,CUSTOMER_PAYMENT,3717500.28,2025-03-12,RECEIVABLE,Collection from CUST012 – RCV00179,RECEIVABLE,RCV00179,COMPLETED
TXN6B641121,COMP001,CUSTOMER_PAYMENT,12873451.83,2025-03-13,SALES_RECEIPTS,Daily dealership & fleet sales collection,COMPANY,COMP001,COMPLETED
TXNFED6CD30,COMP001,OPERATING_EXPENSE,-4896517.34,2025-03-13,OPEX,Daily operating expenses,COMPANY,COMP001,COMPLETED
TXN0D8A5C73,COMP001,CUSTOMER_PAYMENT,52685689.76,2025-03-13,RECEIVABLE,Collection from CUST024 – RCV00046,RECEIVABLE,RCV00046,COMPLETED
TXN634C69F9,COMP001,OPERATING_EXPENSE,-9594285.01,2025-03-14,OPEX,Daily operating expenses,COMPANY,COMP001,COMPLETED
TXN050F0D01,COMP001,SUPPLIER_PAYMENT,-15149695.73,2025-03-14,PAYABLE,Payment to SUP007 – INV00167,INVOICE,INV00167,COMPLETED
TXNCF975361,COMP001,CUSTOMER_PAYMENT,31433276.23,2025-03-14,RECEIVABLE,Collection from CUST014 – RCV00095,RECEIVABLE,RCV00095,COMPLETED
TXN50A9288F,COMP001,CUSTOMER_PAYMENT,27209022.8,2025-03-14,SALES_RECEIPTS,Daily dealership & fleet sales collection,COMPANY,COMP001,COMPLETED
TXNF378C689,COMP001,SUPPLIER_PAYMENT,-34242370.49,2025-03-14,PAYABLE,Payment to SUP011 – INV00065,INVOICE,INV00065,COMPLETED
TXN1A5611AF,COMP001,CUSTOMER_PAYMENT,3412985.77,2025-03-15,SALES_RECEIPTS,Daily dealership & fleet sales collection,COMPANY,COMP001,COMPLETED
TXN8F048ECD,COMP001,SUPPLIER_PAYMENT,-47270989.44,2025-03-15,PAYABLE,Payment to SUP004 – INV00051,INVOICE,INV00051,COMPLETED
TXN488BAFAA,COMP001,CUSTOMER_PAYMENT,10744149.37,2025-03-15,RECEIVABLE,Collection from CUST008 – RCV00205,RECEIVABLE,RCV00205,COMPLETED
TXNF1F7E54C,COMP001,OPERATING_EXPENSE,-670798.97,2025-03-15,OPEX,Daily operating expenses,COMPANY,COMP001,COMPLETED
TXN7CB560E1,COMP001,SUPPLIER_PAYMENT,-41445522.24,2025-03-15,PAYABLE,Payment to SUP009 – INV00146,INVOICE,INV00146,COMPLETED
TXNA916B6DA,COMP001,CUSTOMER_PAYMENT,3728836.97,2025-03-16,SALES_RECEIPTS,Daily dealership & fleet sales collection,COMPANY,COMP001,COMPLETED
TXN1D73D4F2,COMP001,SUPPLIER_PAYMENT,-43034507.6,2025-03-16,PAYABLE,Payment to SUP013 – INV00077,INVOICE,INV00077,COMPLETED
TXN05BC1403,COMP001,OPERATING_EXPENSE,-1325431.34,2025-03-16,OPEX,Daily operating expenses,COMPANY,COMP001,COMPLETED
TXNA9B19B62,COMP001,CUSTOMER_PAYMENT,23893536.75,2025-03-16,RECEIVABLE,Collection from CUST008 – RCV00017,RECEIVABLE,RCV00017,COMPLETED
TXNE4A9AC67,COMP001,CUSTOMER_PAYMENT,21253736.15,2025-03-17,SALES_RECEIPTS,Daily dealership & fleet sales collection,COMPANY,COMP001,COMPLETED
TXN1C03A81E,COMP001,OPERATING_EXPENSE,-6778283.82,2025-03-17,OPEX,Daily operating expenses,COMPANY,COMP001,COMPLETED
TXN6F9250D9,COMP001,CUSTOMER_PAYMENT,63474091.63,2025-03-17,RECEIVABLE,Collection from CUST022 – RCV00187,RECEIVABLE,RCV00187,COMPLETED
TXNA070C348,COMP001,CUSTOMER_PAYMENT,25825955.64,2025-03-17,RECEIVABLE,Collection from CUST021 – RCV00091,RECEIVABLE,RCV00091,COMPLETED
TXN8CEE2C4F,COMP001,CUSTOMER_PAYMENT,31665504.56,2025-03-18,SALES_RECEIPTS,Daily dealership & fleet sales collection,COMPANY,COMP001,COMPLETED
TXN27EC9C06,COMP001,SUPPLIER_PAYMENT,-59212941.81,2025-03-18,PAYABLE,Payment to SUP007 – INV00184,INVOICE,INV00184,COMPLETED
TXN73AD95AE,COMP001,CUSTOMER_PAYMENT,22156068.25,2025-03-18,RECEIVABLE,Collection from CUST015 – RCV00004,RECEIVABLE,RCV00004,COMPLETED
TXN2A3EADAF,COMP001,CUSTOMER_PAYMENT,48951493.56,2025-03-18,RECEIVABLE,Collection from CUST009 – RCV00039,RECEIVABLE,RCV00039,COMPLETED
TXN0139731A,COMP001,OPERATING_EXPENSE,-4882833.14,2025-03-18,OPEX,Daily operating expenses,COMPANY,COMP001,COMPLETED
TXNE00C61B0,COMP001,CUSTOMER_PAYMENT,13951530.56,2025-03-19,SALES_RECEIPTS,Daily dealership & fleet sales collection,COMPANY,COMP001,COMPLETED
TXNB61F0E6C,COMP001,OPERATING_EXPENSE,-9567557.37,2025-03-19,OPEX,Daily operating expenses,COMPANY,COMP001,COMPLETED
TXNBFF31E2D,COMP001,SUPPLIER_PAYMENT,-6838697.27,2025-03-19,PAYABLE,Payment to SUP010 – INV00169,INVOICE,INV00169,COMPLETED
TXN7AF5333A,COMP001,OPERATING_EXPENSE,-5470563.36,2025-03-20,OPEX,Daily operating expenses,COMPANY,COMP001,COMPLETED
TXN165EBD55,COMP001,CUSTOMER_PAYMENT,24890184.39,2025-03-20,RECEIVABLE,Collection from CUST021 – RCV00346,RECEIVABLE,RCV00346,COMPLETED
TXN04FAB194,COMP001,CUSTOMER_PAYMENT,14715041.42,2025-03-20,SALES_RECEIPTS,Daily dealership & fleet sales collection,COMPANY,COMP001,COMPLETED
TXN7FD400AB,COMP001,OPERATING_EXPENSE,-7394268.0,2025-03-21,OPEX,Daily operating expenses,COMPANY,COMP001,COMPLETED
TXN9370B637,COMP001,CUSTOMER_PAYMENT,18027270.8,2025-03-21,SALES_RECEIPTS,Daily dealership & fleet sales collection,COMPANY,COMP001,COMPLETED
TXN31671633,COMP001,CUSTOMER_PAYMENT,31686678.94,2025-03-21,RECEIVABLE,Collection from CUST018 – RCV00241,RECEIVABLE,RCV00241,COMPLETED
TXN59747D04,COMP001,CUSTOMER_PAYMENT,1930792.21,2025-03-22,SALES_RECEIPTS,Daily dealership & fleet sales collection,COMPANY,COMP001,COMPLETED
TXN186DD5C1,COMP001,OPERATING_EXPENSE,-594526.69,2025-03-22,OPEX,Daily operating expenses,COMPANY,COMP001,COMPLETED
TXN5391AAF7,COMP001,SUPPLIER_PAYMENT,-37903576.26,2025-03-22,PAYABLE,Payment to SUP011 – INV00300,INVOICE,INV00300,COMPLETED
TXN63208EBF,COMP001,CUSTOMER_PAYMENT,1382938.64,2025-03-23,SALES_RECEIPTS,Daily dealership & fleet sales collection,COMPANY,COMP001,COMPLETED
TXN080016A0,COMP001,SUPPLIER_PAYMENT,-11321119.71,2025-03-23,PAYABLE,Payment to SUP004 – INV00269,INVOICE,INV00269,COMPLETED
TXND5A364F9,COMP001,OPERATING_EXPENSE,-1970871.65,2025-03-23,OPEX,Daily operating expenses,COMPANY,COMP001,COMPLETED
TXNE9DCC32D,COMP001,CUSTOMER_PAYMENT,57708049.14,2025-03-23,RECEIVABLE,Collection from CUST006 – RCV00006,RECEIVABLE,RCV00006,COMPLETED
TXNBD9A28B7,COMP001,CUSTOMER_PAYMENT,60052361.69,2025-03-24,RECEIVABLE,Collection from CUST021 – RCV00063,RECEIVABLE,RCV00063,COMPLETED
TXN9800464E,COMP001,SUPPLIER_PAYMENT,-29939231.53,2025-03-24,PAYABLE,Payment to SUP012 – INV00153,INVOICE,INV00153,COMPLETED
TXN4E6153D1,COMP001,CUSTOMER_PAYMENT,11757510.91,2025-03-24,SALES_RECEIPTS,Daily dealership & fleet sales collection,COMPANY,COMP001,COMPLETED
TXN2989DE76,COMP001,OPERATING_EXPENSE,-9211121.15,2025-03-24,OPEX,Daily operating expenses,COMPANY,COMP001,COMPLETED
TXN94333927,COMP001,SUPPLIER_PAYMENT,-12441264.31,2025-03-24,PAYABLE,Payment to SUP008 – INV00021,INVOICE,INV00021,COMPLETED
TXNE2E62175,COMP001,SUPPLIER_PAYMENT,-36524146.21,2025-03-25,PAYABLE,Payment to SUP003 – INV00003,INVOICE,INV00003,COMPLETED
TXNE33B11A7,COMP001,OPERATING_EXPENSE,-8080174.86,2025-03-25,OPEX,Daily operating expenses,COMPANY,COMP001,COMPLETED
TXNCD188FA9,COMP001,CUSTOMER_PAYMENT,69421954.01,2025-03-25,RECEIVABLE,Collection from CUST012 – RCV00197,RECEIVABLE,RCV00197,COMPLETED
TXN34DEA2C9,COMP001,SUPPLIER_PAYMENT,-23204982.86,2025-03-25,PAYABLE,Payment to SUP006 – INV00116,INVOICE,INV00116,COMPLETED
TXN40F4D84D,COMP001,CUSTOMER_PAYMENT,22521196.77,2025-03-25,SALES_RECEIPTS,Daily dealership & fleet sales collection,COMPANY,COMP001,COMPLETED
TXN0EE778D4,COMP001,CUSTOMER_PAYMENT,16871398.21,2025-03-26,SALES_RECEIPTS,Daily dealership & fleet sales collection,COMPANY,COMP001,COMPLETED
TXNA6A50311,COMP001,CUSTOMER_PAYMENT,55961964.47,2025-03-26,RECEIVABLE,Collection from CUST005 – RCV00122,RECEIVABLE,RCV00122,COMPLETED
TXNBF854FF9,COMP001,OPERATING_EXPENSE,-3189154.7,2025-03-26,OPEX,Daily operating expenses,COMPANY,COMP001,COMPLETED
TXN385C5FFA,COMP001,CUSTOMER_PAYMENT,6696688.22,2025-03-26,RECEIVABLE,Collection from CUST007 – RCV00267,RECEIVABLE,RCV00267,COMPLETED
TXN74CAAD0B,COMP001,SUPPLIER_PAYMENT,-22184789.5,2025-03-26,PAYABLE,Payment to SUP004 – INV00176,INVOICE,INV00176,COMPLETED
TXN771480A6,COMP001,SUPPLIER_PAYMENT,-25182057.86,2025-03-26,PAYABLE,Payment to SUP008 – INV00076,INVOICE,INV00076,COMPLETED
TXN99AD300D,COMP001,CUSTOMER_PAYMENT,53373358.35,2025-03-26,RECEIVABLE,Collection from CUST022 – RCV00286,RECEIVABLE,RCV00286,COMPLETED
TXNBCBAC391,COMP001,CUSTOMER_PAYMENT,61572796.45,2025-03-27,RECEIVABLE,Collection from CUST004 – RCV00151,RECEIVABLE,RCV00151,COMPLETED
TXNAF1A6180,COMP001,OPERATING_EXPENSE,-6636561.62,2025-03-27,OPEX,Daily operating expenses,COMPANY,COMP001,COMPLETED
TXN8144D775,COMP001,CUSTOMER_PAYMENT,10973159.39,2025-03-27,RECEIVABLE,Collection from CUST009 – RCV00010,RECEIVABLE,RCV00010,COMPLETED
TXNAA9A0D27,COMP001,CUSTOMER_PAYMENT,16581025.32,2025-03-27,SALES_RECEIPTS,Daily dealership & fleet sales collection,COMPANY,COMP001,COMPLETED
TXNB8B2780D,COMP001,SUPPLIER_PAYMENT,-41810715.79,2025-03-27,PAYABLE,Payment to SUP003 – INV00449,INVOICE,INV00449,COMPLETED
TXN6DDFB11A,COMP001,CUSTOMER_PAYMENT,26101703.53,2025-03-28,SALES_RECEIPTS,Daily dealership & fleet sales collection,COMPANY,COMP001,COMPLETED
TXNA9E0125B,COMP001,OPERATING_EXPENSE,-5414206.72,2025-03-28,OPEX,Daily operating expenses,COMPANY,COMP001,COMPLETED
TXN0B9FF7A6,COMP001,CUSTOMER_PAYMENT,2147983.91,2025-03-29,SALES_RECEIPTS,Daily dealership & fleet sales collection,COMPANY,COMP001,COMPLETED
TXN7F2F1EF5,COMP001,OPERATING_EXPENSE,-1428313.84,2025-03-29,OPEX,Daily operating expenses,COMPANY,COMP001,COMPLETED
TXN49581F6E,COMP001,CUSTOMER_PAYMENT,67828081.12,2025-03-29,RECEIVABLE,Collection from CUST021 – RCV00271,RECEIVABLE,RCV00271,COMPLETED
TXN695F64A2,COMP001,CUSTOMER_PAYMENT,48294167.81,2025-03-29,RECEIVABLE,Collection from CUST019 – RCV00215,RECEIVABLE,RCV00215,COMPLETED
TXNFE29AE84,COMP001,CUSTOMER_PAYMENT,2808580.78,2025-03-30,SALES_RECEIPTS,Daily dealership & fleet sales collection,COMPANY,COMP001,COMPLETED
TXNE63C1580,COMP001,CUSTOMER_PAYMENT,63592906.76,2025-03-30,RECEIVABLE,Collection from CUST009 – RCV00090,RECEIVABLE,RCV00090,COMPLETED
TXN4D91CB96,COMP001,OPERATING_EXPENSE,-1755361.19,2025-03-30,OPEX,Daily operating expenses,COMPANY,COMP001,COMPLETED
TXNDC7AD133,COMP001,CUSTOMER_PAYMENT,18365220.67,2025-03-31,SALES_RECEIPTS,Daily dealership & fleet sales collection,COMPANY,COMP001,COMPLETED
TXN832BD31A,COMP001,OPERATING_EXPENSE,-13737951.88,2025-03-31,OPEX,Daily operating expenses,COMPANY,COMP001,COMPLETED
TXNA86FAC0F,COMP001,SUPPLIER_PAYMENT,-38636448.2,2025-03-31,PAYABLE,Payment to SUP005 – INV00073,INVOICE,INV00073,COMPLETED
TXN66AE3D95,COMP001,CUSTOMER_PAYMENT,28369615.49,2025-03-31,RECEIVABLE,Collection from CUST004 – RCV00051,RECEIVABLE,RCV00051,COMPLETED
TXNBFC01E24,COMP001,OPERATING_EXPENSE,-4300953.3,2025-04-01,OPEX,Daily operating expenses,COMPANY,COMP001,COMPLETED
TXN68564E4E,COMP001,INTEREST_PAYMENT,-13142356.94,2025-04-01,FINANCING,Quarterly interest payment,FINANCING_OPTION,FIN001,COMPLETED
TXN02CE5912,COMP001,CUSTOMER_PAYMENT,15358927.74,2025-04-01,SALES_RECEIPTS,Daily dealership & fleet sales collection,COMPANY,COMP001,COMPLETED
TXNF5558541,COMP001,CUSTOMER_PAYMENT,31684885.01,2025-04-01,RECEIVABLE,Collection from CUST017 – RCV00338,RECEIVABLE,RCV00338,COMPLETED
TXN9F28CF11,COMP001,CUSTOMER_PAYMENT,73306718.18,2025-04-02,RECEIVABLE,Collection from CUST020 – RCV00344,RECEIVABLE,RCV00344,COMPLETED
TXNFFB7A350,COMP001,CUSTOMER_PAYMENT,10836936.5,2025-04-02,SALES_RECEIPTS,Daily dealership & fleet sales collection,COMPANY,COMP001,COMPLETED
TXN1A7EE86D,COMP001,OPERATING_EXPENSE,-4091094.58,2025-04-02,OPEX,Daily operating expenses,COMPANY,COMP001,COMPLETED
TXNF667F7D9,COMP001,CUSTOMER_PAYMENT,16462866.11,2025-04-03,SALES_RECEIPTS,Daily dealership & fleet sales collection,COMPANY,COMP001,COMPLETED
TXNA6E260DD,COMP001,OPERATING_EXPENSE,-4895788.19,2025-04-03,OPEX,Daily operating expenses,COMPANY,COMP001,COMPLETED
TXND3750B26,COMP001,CUSTOMER_PAYMENT,79122505.89,2025-04-03,RECEIVABLE,Collection from CUST018 – RCV00352,RECEIVABLE,RCV00352,COMPLETED
TXNB8AAB80C,COMP001,CUSTOMER_PAYMENT,66939971.58,2025-04-03,RECEIVABLE,Collection from CUST010 – RCV00296,RECEIVABLE,RCV00296,COMPLETED
TXNCFDDCFB1,COMP001,CUSTOMER_PAYMENT,39151063.5,2025-04-03,RECEIVABLE,Collection from CUST001 – RCV00180,RECEIVABLE,RCV00180,COMPLETED
TXN6E88010E,COMP001,CUSTOMER_PAYMENT,43040986.27,2025-04-04,RECEIVABLE,Collection from CUST025 – RCV00085,RECEIVABLE,RCV00085,COMPLETED
TXN50E243CE,COMP001,OPERATING_EXPENSE,-6355151.82,2025-04-04,OPEX,Daily operating expenses,COMPANY,COMP001,COMPLETED
TXNF2A227B6,COMP001,CUSTOMER_PAYMENT,49749743.14,2025-04-04,RECEIVABLE,Collection from CUST008 – RCV00261,RECEIVABLE,RCV00261,COMPLETED
TXNF092C03C,COMP001,CUSTOMER_PAYMENT,17327197.57,2025-04-04,SALES_RECEIPTS,Daily dealership & fleet sales collection,COMPANY,COMP001,COMPLETED
TXN28B0ADA2,COMP001,CUSTOMER_PAYMENT,1969984.04,2025-04-05,SALES_RECEIPTS,Daily dealership & fleet sales collection,COMPANY,COMP001,COMPLETED
TXNB6E79BD8,COMP001,SUPPLIER_PAYMENT,-53531723.09,2025-04-05,PAYABLE,Payment to SUP004 – INV00320,INVOICE,INV00320,COMPLETED
TXN6AE3DD7B,COMP001,OPERATING_EXPENSE,-1806417.03,2025-04-05,OPEX,Daily operating expenses,COMPANY,COMP001,COMPLETED
TXN2AEABF0A,COMP001,SUPPLIER_PAYMENT,-15301386.68,2025-04-06,PAYABLE,Payment to SUP006 – INV00394,INVOICE,INV00394,COMPLETED
TXN71C30D38,COMP001,OPERATING_EXPENSE,-1380865.53,2025-04-06,OPEX,Daily operating expenses,COMPANY,COMP001,COMPLETED
TXNAC9416AA,COMP001,CUSTOMER_PAYMENT,2460775.05,2025-04-06,SALES_RECEIPTS,Daily dealership & fleet sales collection,COMPANY,COMP001,COMPLETED
TXNC7408E51,COMP001,SUPPLIER_PAYMENT,-19707219.96,2025-04-06,PAYABLE,Payment to SUP002 – INV00212,INVOICE,INV00212,COMPLETED
TXN21390BE2,COMP001,OPERATING_EXPENSE,-4071510.52,2025-04-07,OPEX,Daily operating expenses,COMPANY,COMP001,COMPLETED
TXNA64B23F1,COMP001,CUSTOMER_PAYMENT,19486923.51,2025-04-07,RECEIVABLE,Collection from CUST013 – RCV00195,RECEIVABLE,RCV00195,COMPLETED
TXN64FAF2FA,COMP001,CUSTOMER_PAYMENT,15642605.15,2025-04-07,SALES_RECEIPTS,Daily dealership & fleet sales collection,COMPANY,COMP001,COMPLETED
TXNA7821FFA,COMP001,OPERATING_EXPENSE,-7428609.21,2025-04-08,OPEX,Daily operating expenses,COMPANY,COMP001,COMPLETED
TXNC7AFFCFA,COMP001,CUSTOMER_PAYMENT,18298567.31,2025-04-08,SALES_RECEIPTS,Daily dealership & fleet sales collection,COMPANY,COMP001,COMPLETED
TXNBD24EB94,COMP001,SUPPLIER_PAYMENT,-47120570.17,2025-04-08,PAYABLE,Payment to SUP003 – INV00012,INVOICE,INV00012,COMPLETED
TXNC6209BA0,COMP001,OPERATING_EXPENSE,-9127942.27,2025-04-09,OPEX,Daily operating expenses,COMPANY,COMP001,COMPLETED
TXNB3E4E7AE,COMP001,SUPPLIER_PAYMENT,-43741954.83,2025-04-09,PAYABLE,Payment to SUP005 – INV00342,INVOICE,INV00342,COMPLETED
TXN6BD52AE6,COMP001,SUPPLIER_PAYMENT,-20169572.05,2025-04-09,PAYABLE,Payment to SUP009 – INV00165,INVOICE,INV00165,COMPLETED
TXN6CC8E1FE,COMP001,CUSTOMER_PAYMENT,14699244.18,2025-04-09,SALES_RECEIPTS,Daily dealership & fleet sales collection,COMPANY,COMP001,COMPLETED
TXN3B613BF5,COMP001,CUSTOMER_PAYMENT,51356220.94,2025-04-09,RECEIVABLE,Collection from CUST020 – RCV00236,RECEIVABLE,RCV00236,COMPLETED
TXNBB8723E8,COMP001,SUPPLIER_PAYMENT,-27428039.96,2025-04-09,PAYABLE,Payment to SUP012 – INV00479,INVOICE,INV00479,COMPLETED
TXN3BBC854D,COMP001,OPERATING_EXPENSE,-5545142.16,2025-04-10,OPEX,Daily operating expenses,COMPANY,COMP001,COMPLETED
TXNA6D52298,COMP001,CUSTOMER_PAYMENT,13841178.42,2025-04-10,SALES_RECEIPTS,Daily dealership & fleet sales collection,COMPANY,COMP001,COMPLETED
TXNFBE3861E,COMP001,OPERATING_EXPENSE,-3530420.7,2025-04-11,OPEX,Daily operating expenses,COMPANY,COMP001,COMPLETED
TXNCDE42B15,COMP001,CUSTOMER_PAYMENT,23676383.96,2025-04-11,SALES_RECEIPTS,Daily dealership & fleet sales collection,COMPANY,COMP001,COMPLETED
TXN1CEFDE0F,COMP001,SUPPLIER_PAYMENT,-11949768.6,2025-04-11,PAYABLE,Payment to SUP002 – INV00274,INVOICE,INV00274,COMPLETED
TXN9FDFC114,COMP001,OPERATING_EXPENSE,-1261696.99,2025-04-12,OPEX,Daily operating expenses,COMPANY,COMP001,COMPLETED
TXN70386793,COMP001,CUSTOMER_PAYMENT,61519968.26,2025-04-12,RECEIVABLE,Collection from CUST009 – RCV00029,RECEIVABLE,RCV00029,COMPLETED
TXN59B2C920,COMP001,CUSTOMER_PAYMENT,2071747.78,2025-04-12,SALES_RECEIPTS,Daily dealership & fleet sales collection,COMPANY,COMP001,COMPLETED
TXN3B9BC41C,COMP001,CUSTOMER_PAYMENT,1029954.99,2025-04-13,SALES_RECEIPTS,Daily dealership & fleet sales collection,COMPANY,COMP001,COMPLETED
TXN314748B1,COMP001,SUPPLIER_PAYMENT,-3600999.38,2025-04-13,PAYABLE,Payment to SUP010 – INV00050,INVOICE,INV00050,COMPLETED
TXN54231BA1,COMP001,SUPPLIER_PAYMENT,-31188745.12,2025-04-13,PAYABLE,Payment to SUP011 – INV00267,INVOICE,INV00267,COMPLETED
TXND7A1AA61,COMP001,OPERATING_EXPENSE,-1928333.59,2025-04-13,OPEX,Daily operating expenses,COMPANY,COMP001,COMPLETED
TXN170A78F3,COMP001,CUSTOMER_PAYMENT,65814219.24,2025-04-13,RECEIVABLE,Collection from CUST013 – RCV00307,RECEIVABLE,RCV00307,COMPLETED
TXN94804B6F,COMP001,CUSTOMER_PAYMENT,13144311.74,2025-04-13,RECEIVABLE,Collection from CUST011 – RCV00053,RECEIVABLE,RCV00053,COMPLETED
TXNE6A6C490,COMP001,CUSTOMER_PAYMENT,10108186.73,2025-04-14,SALES_RECEIPTS,Daily dealership & fleet sales collection,COMPANY,COMP001,COMPLETED
TXN7D4B47CF,COMP001,OPERATING_EXPENSE,-4632300.11,2025-04-14,OPEX,Daily operating expenses,COMPANY,COMP001,COMPLETED
TXNBB17CD92,COMP001,SUPPLIER_PAYMENT,-46399359.6,2025-04-15,PAYABLE,Payment to SUP008 – INV00431,INVOICE,INV00431,COMPLETED
TXN364544EB,COMP001,OPERATING_EXPENSE,-6099635.94,2025-04-15,OPEX,Daily operating expenses,COMPANY,COMP001,COMPLETED
TXN8D79B365,COMP001,CUSTOMER_PAYMENT,30785473.46,2025-04-15,SALES_RECEIPTS,Daily dealership & fleet sales collection,COMPANY,COMP001,COMPLETED
TXN661B7543,COMP001,CUSTOMER_PAYMENT,4385008.92,2025-04-16,RECEIVABLE,Collection from CUST012 – RCV00328,RECEIVABLE,RCV00328,COMPLETED
TXN08AD5433,COMP001,SUPPLIER_PAYMENT,-11463836.4,2025-04-16,PAYABLE,Payment to SUP012 – INV00234,INVOICE,INV00234,COMPLETED
TXN9537E5DC,COMP001,CUSTOMER_PAYMENT,17643881.18,2025-04-16,SALES_RECEIPTS,Daily dealership & fleet sales collection,COMPANY,COMP001,COMPLETED
TXN0B6E457F,COMP001,OPERATING_EXPENSE,-9209784.35,2025-04-16,OPEX,Daily operating expenses,COMPANY,COMP001,COMPLETED
TXNB4555024,COMP001,SUPPLIER_PAYMENT,-38581702.56,2025-04-17,PAYABLE,Payment to SUP002 – INV00381,INVOICE,INV00381,COMPLETED
TXNC7707977,COMP001,SUPPLIER_PAYMENT,-31069272.15,2025-04-17,PAYABLE,Payment to SUP005 – INV00014,INVOICE,INV00014,COMPLETED
TXN38DA3A47,COMP001,OPERATING_EXPENSE,-7445915.41,2025-04-17,OPEX,Daily operating expenses,COMPANY,COMP001,COMPLETED
TXN954F632A,COMP001,CUSTOMER_PAYMENT,8607575.32,2025-04-17,SALES_RECEIPTS,Daily dealership & fleet sales collection,COMPANY,COMP001,COMPLETED
TXN80C8E2F7,COMP001,SUPPLIER_PAYMENT,-3049418.23,2025-04-17,PAYABLE,Payment to SUP014 – INV00171,INVOICE,INV00171,COMPLETED
TXN43FA3233,COMP001,SUPPLIER_PAYMENT,-30582012.26,2025-04-18,PAYABLE,Payment to SUP013 – INV00089,INVOICE,INV00089,COMPLETED
TXN69201B1E,COMP001,OPERATING_EXPENSE,-6644304.93,2025-04-18,OPEX,Daily operating expenses,COMPANY,COMP001,COMPLETED
TXN6E518C0E,COMP001,CUSTOMER_PAYMENT,58240244.36,2025-04-18,RECEIVABLE,Collection from CUST021 – RCV00123,RECEIVABLE,RCV00123,COMPLETED
TXNB8BBDA99,COMP001,SUPPLIER_PAYMENT,-9045013.67,2025-04-18,PAYABLE,Payment to SUP013 – INV00382,INVOICE,INV00382,COMPLETED
TXN8DD0C471,COMP001,CUSTOMER_PAYMENT,16106290.1,2025-04-18,SALES_RECEIPTS,Daily dealership & fleet sales collection,COMPANY,COMP001,COMPLETED
TXNADBA549E,COMP001,OPERATING_EXPENSE,-1534596.92,2025-04-19,OPEX,Daily operating expenses,COMPANY,COMP001,COMPLETED
TXN86AD1CF2,COMP001,CUSTOMER_PAYMENT,14792069.45,2025-04-19,RECEIVABLE,Collection from CUST020 – RCV00230,RECEIVABLE,RCV00230,COMPLETED
TXN4FD7B3C5,COMP001,CUSTOMER_PAYMENT,62542143.39,2025-04-19,RECEIVABLE,Collection from CUST007 – RCV00130,RECEIVABLE,RCV00130,COMPLETED
TXN684724F1,COMP001,CUSTOMER_PAYMENT,1119540.38,2025-04-19,SALES_RECEIPTS,Daily dealership & fleet sales collection,COMPANY,COMP001,COMPLETED
TXNEE32AEB5,COMP001,CUSTOMER_PAYMENT,1361204.91,2025-04-20,SALES_RECEIPTS,Daily dealership & fleet sales collection,COMPANY,COMP001,COMPLETED
TXNE2662BA0,COMP001,OPERATING_EXPENSE,-1554441.0,2025-04-20,OPEX,Daily operating expenses,COMPANY,COMP001,COMPLETED
TXN50FDDB2A,COMP001,SUPPLIER_PAYMENT,-52434196.37,2025-04-20,PAYABLE,Payment to SUP010 – INV00339,INVOICE,INV00339,COMPLETED
TXNAB15A3CB,COMP001,SUPPLIER_PAYMENT,-9366595.43,2025-04-20,PAYABLE,Payment to SUP008 – INV00204,INVOICE,INV00204,COMPLETED
TXN7232B04D,COMP001,OPERATING_EXPENSE,-3796221.99,2025-04-21,OPEX,Daily operating expenses,COMPANY,COMP001,COMPLETED
TXN6CA6E9A1,COMP001,CUSTOMER_PAYMENT,10197324.76,2025-04-21,SALES_RECEIPTS,Daily dealership & fleet sales collection,COMPANY,COMP001,COMPLETED
TXN021486D4,COMP001,CUSTOMER_PAYMENT,30983769.7,2025-04-21,RECEIVABLE,Collection from CUST008 – RCV00162,RECEIVABLE,RCV00162,COMPLETED
TXNB8E1953A,COMP001,CUSTOMER_PAYMENT,68332949.81,2025-04-22,RECEIVABLE,Collection from CUST008 – RCV00172,RECEIVABLE,RCV00172,COMPLETED
TXN65227F7A,COMP001,OPERATING_EXPENSE,-8052590.11,2025-04-22,OPEX,Daily operating expenses,COMPANY,COMP001,COMPLETED
TXN16BFB864,COMP001,SUPPLIER_PAYMENT,-53902948.36,2025-04-22,PAYABLE,Payment to SUP006 – INV00418,INVOICE,INV00418,COMPLETED
TXN5526FF18,COMP001,CUSTOMER_PAYMENT,27094166.35,2025-04-22,SALES_RECEIPTS,Daily dealership & fleet sales collection,COMPANY,COMP001,COMPLETED
TXNAB0BEEEC,COMP001,OPERATING_EXPENSE,-3577443.15,2025-04-23,OPEX,Daily operating expenses,COMPANY,COMP001,COMPLETED
TXN7A148B0F,COMP001,SUPPLIER_PAYMENT,-42840483.27,2025-04-23,PAYABLE,Payment to SUP014 – INV00238,INVOICE,INV00238,COMPLETED
TXND5AF0241,COMP001,CUSTOMER_PAYMENT,8540292.38,2025-04-23,SALES_RECEIPTS,Daily dealership & fleet sales collection,COMPANY,COMP001,COMPLETED
TXN1BA126B7,COMP001,CUSTOMER_PAYMENT,75451023.77,2025-04-24,RECEIVABLE,Collection from CUST025 – RCV00300,RECEIVABLE,RCV00300,COMPLETED
TXNA99170E5,COMP001,CUSTOMER_PAYMENT,17809380.33,2025-04-24,SALES_RECEIPTS,Daily dealership & fleet sales collection,COMPANY,COMP001,COMPLETED
TXN66122FBB,COMP001,CUSTOMER_PAYMENT,72602567.21,2025-04-24,RECEIVABLE,Collection from CUST008 – RCV00067,RECEIVABLE,RCV00067,COMPLETED
TXND9330F1F,COMP001,OPERATING_EXPENSE,-7425654.95,2025-04-24,OPEX,Daily operating expenses,COMPANY,COMP001,COMPLETED
TXN966A5691,COMP001,CUSTOMER_PAYMENT,37375061.8,2025-04-24,RECEIVABLE,Collection from CUST010 – RCV00232,RECEIVABLE,RCV00232,COMPLETED
TXN822D7CD1,COMP001,SUPPLIER_PAYMENT,-58874414.83,2025-04-25,PAYABLE,Payment to SUP008 – INV00457,INVOICE,INV00457,COMPLETED
TXN5A4774D4,COMP001,SUPPLIER_PAYMENT,-18030825.07,2025-04-25,PAYABLE,Payment to SUP011 – INV00384,INVOICE,INV00384,COMPLETED
TXND0146184,COMP001,CUSTOMER_PAYMENT,61865555.75,2025-04-25,RECEIVABLE,Collection from CUST008 – RCV00342,RECEIVABLE,RCV00342,COMPLETED
TXN65D3BF27,COMP001,CUSTOMER_PAYMENT,23403671.92,2025-04-25,RECEIVABLE,Collection from CUST010 – RCV00025,RECEIVABLE,RCV00025,COMPLETED
TXN47488392,COMP001,CUSTOMER_PAYMENT,75477601.06,2025-04-25,RECEIVABLE,Collection from CUST001 – RCV00058,RECEIVABLE,RCV00058,COMPLETED
TXNDED648F7,COMP001,CUSTOMER_PAYMENT,22235938.3,2025-04-25,SALES_RECEIPTS,Daily dealership & fleet sales collection,COMPANY,COMP001,COMPLETED
TXNEDC6EDCF,COMP001,SUPPLIER_PAYMENT,-28651573.91,2025-04-25,PAYABLE,Payment to SUP002 – INV00441,INVOICE,INV00441,COMPLETED
TXNDAFCEB93,COMP001,OPERATING_EXPENSE,-7805086.28,2025-04-25,OPEX,Daily operating expenses,COMPANY,COMP001,COMPLETED
TXN5DB8AF09,COMP001,CUSTOMER_PAYMENT,1777603.96,2025-04-26,SALES_RECEIPTS,Daily dealership & fleet sales collection,COMPANY,COMP001,COMPLETED
TXNB9EDF37C,COMP001,OPERATING_EXPENSE,-1669159.5,2025-04-26,OPEX,Daily operating expenses,COMPANY,COMP001,COMPLETED
TXNE2A4E4AC,COMP001,SUPPLIER_PAYMENT,-25024810.43,2025-04-27,PAYABLE,Payment to SUP012 – INV00405,INVOICE,INV00405,COMPLETED
TXND45FFCB2,COMP001,CUSTOMER_PAYMENT,2743809.92,2025-04-27,SALES_RECEIPTS,Daily dealership & fleet sales collection,COMPANY,COMP001,COMPLETED
TXNB7BD1750,COMP001,CUSTOMER_PAYMENT,62077709.57,2025-04-27,RECEIVABLE,Collection from CUST007 – RCV00161,RECEIVABLE,RCV00161,COMPLETED
TXN8A35F50A,COMP001,OPERATING_EXPENSE,-1946218.87,2025-04-27,OPEX,Daily operating expenses,COMPANY,COMP001,COMPLETED
TXN0F1945BF,COMP001,SUPPLIER_PAYMENT,-6349123.43,2025-04-28,PAYABLE,Payment to SUP014 – INV00375,INVOICE,INV00375,COMPLETED
TXN5625E973,COMP001,SUPPLIER_PAYMENT,-14353734.99,2025-04-28,PAYABLE,Payment to SUP010 – INV00344,INVOICE,INV00344,COMPLETED
TXN5B5DC541,COMP001,OPERATING_EXPENSE,-4708730.77,2025-04-28,OPEX,Daily operating expenses,COMPANY,COMP001,COMPLETED
TXNDD5C4BF8,COMP001,CUSTOMER_PAYMENT,19877138.96,2025-04-28,SALES_RECEIPTS,Daily dealership & fleet sales collection,COMPANY,COMP001,COMPLETED
TXN3FC812BF,COMP001,OPERATING_EXPENSE,-4046328.24,2025-04-29,OPEX,Daily operating expenses,COMPANY,COMP001,COMPLETED
TXN506C12AF,COMP001,SUPPLIER_PAYMENT,-29532749.24,2025-04-29,PAYABLE,Payment to SUP010 – INV00421,INVOICE,INV00421,COMPLETED
TXN3F7D8D3A,COMP001,SUPPLIER_PAYMENT,-5660649.9,2025-04-29,PAYABLE,Payment to SUP001 – INV00474,INVOICE,INV00474,COMPLETED
TXNFED5E264,COMP001,UNEXPECTED_EXPENSE,-41546564.83,2025-04-29,EXCEPTIONAL,Regulatory fine,COMPANY,COMP001,COMPLETED
TXNBA1A80AF,COMP001,CUSTOMER_PAYMENT,18591614.26,2025-04-29,SALES_RECEIPTS,Daily dealership & fleet sales collection,COMPANY,COMP001,COMPLETED
TXN3AFBE5A6,COMP001,OPERATING_EXPENSE,-10976088.87,2025-04-30,OPEX,Daily operating expenses,COMPANY,COMP001,COMPLETED
TXNEC6CC5E8,COMP001,CUSTOMER_PAYMENT,47843568.0,2025-04-30,RECEIVABLE,Collection from CUST019 – RCV00207,RECEIVABLE,RCV00207,COMPLETED
TXNB413FF84,COMP001,CUSTOMER_PAYMENT,20214905.77,2025-04-30,SALES_RECEIPTS,Daily dealership & fleet sales collection,COMPANY,COMP001,COMPLETED
TXNFFD204CB,COMP001,CUSTOMER_PAYMENT,9878597.46,2025-05-01,SALES_RECEIPTS,Daily dealership & fleet sales collection,COMPANY,COMP001,COMPLETED
TXN007FDBAE,COMP001,CUSTOMER_PAYMENT,47893883.36,2025-05-01,RECEIVABLE,Collection from CUST019 – RCV00313,RECEIVABLE,RCV00313,COMPLETED
TXN4D9E610A,COMP001,OPERATING_EXPENSE,-6826974.81,2025-05-01,OPEX,Daily operating expenses,COMPANY,COMP001,COMPLETED
TXN839237B6,COMP001,SUPPLIER_PAYMENT,-22664229.38,2025-05-01,PAYABLE,Payment to SUP013 – INV00162,INVOICE,INV00162,COMPLETED
TXN979190A6,COMP001,OPERATING_EXPENSE,-8942431.93,2025-05-02,OPEX,Daily operating expenses,COMPANY,COMP001,COMPLETED
TXNA8463782,COMP001,SUPPLIER_PAYMENT,-50029147.26,2025-05-02,PAYABLE,Payment to SUP012 – INV00007,INVOICE,INV00007,COMPLETED
TXN45BF5A34,COMP001,CUSTOMER_PAYMENT,18050451.63,2025-05-02,SALES_RECEIPTS,Daily dealership & fleet sales collection,COMPANY,COMP001,COMPLETED
TXN4F7F3D9F,COMP001,CUSTOMER_PAYMENT,31489269.41,2025-05-02,RECEIVABLE,Collection from CUST018 – RCV00220,RECEIVABLE,RCV00220,COMPLETED
TXN5957EA74,COMP001,SUPPLIER_PAYMENT,-9772049.29,2025-05-02,PAYABLE,Payment to SUP006 – INV00324,INVOICE,INV00324,COMPLETED
TXN8478EAB8,COMP001,SUPPLIER_PAYMENT,-39850709.23,2025-05-03,PAYABLE,Payment to SUP015 – INV00364,INVOICE,INV00364,COMPLETED
TXN236105F1,COMP001,CUSTOMER_PAYMENT,29555302.85,2025-05-03,RECEIVABLE,Collection from CUST015 – RCV00027,RECEIVABLE,RCV00027,COMPLETED
TXN3A0259BF,COMP001,OPERATING_EXPENSE,-788745.0,2025-05-03,OPEX,Daily operating expenses,COMPANY,COMP001,COMPLETED
TXN7C8FC01C,COMP001,CUSTOMER_PAYMENT,1766837.15,2025-05-03,SALES_RECEIPTS,Daily dealership & fleet sales collection,COMPANY,COMP001,COMPLETED
TXN613FD1CA,COMP001,CUSTOMER_PAYMENT,23484744.54,2025-05-03,RECEIVABLE,Collection from CUST002 – RCV00251,RECEIVABLE,RCV00251,COMPLETED
TXNAB9A61E3,COMP001,CUSTOMER_PAYMENT,3017787.43,2025-05-04,SALES_RECEIPTS,Daily dealership & fleet sales collection,COMPANY,COMP001,COMPLETED
TXN97B3D18E,COMP001,SUPPLIER_PAYMENT,-21158221.35,2025-05-04,PAYABLE,Payment to SUP013 – INV00160,INVOICE,INV00160,COMPLETED
TXN3BB160B1,COMP001,CUSTOMER_PAYMENT,73903188.1,2025-05-04,RECEIVABLE,Collection from CUST005 – RCV00113,RECEIVABLE,RCV00113,COMPLETED
TXN6F6E4B19,COMP001,SUPPLIER_PAYMENT,-23086404.14,2025-05-04,PAYABLE,Payment to SUP015 – INV00330,INVOICE,INV00330,COMPLETED
TXND7223C11,COMP001,OPERATING_EXPENSE,-1571583.69,2025-05-04,OPEX,Daily operating expenses,COMPANY,COMP001,COMPLETED
TXN74F01699,COMP001,SUPPLIER_PAYMENT,-26744604.15,2025-05-05,PAYABLE,Payment to SUP014 – INV00455,INVOICE,INV00455,COMPLETED
TXNDE3E2827,COMP001,OPERATING_EXPENSE,-7926830.32,2025-05-05,OPEX,Daily operating expenses,COMPANY,COMP001,COMPLETED
TXN69DCD486,COMP001,CUSTOMER_PAYMENT,17046274.37,2025-05-05,SALES_RECEIPTS,Daily dealership & fleet sales collection,COMPANY,COMP001,COMPLETED
TXN209C2808,COMP001,SUPPLIER_PAYMENT,-6046468.77,2025-05-06,PAYABLE,Payment to SUP013 – INV00228,INVOICE,INV00228,COMPLETED
TXN41FA0E8D,COMP001,CUSTOMER_PAYMENT,2746088.74,2025-05-06,RECEIVABLE,Collection from CUST002 – RCV00144,RECEIVABLE,RCV00144,COMPLETED
TXN9E4AA276,COMP001,CUSTOMER_PAYMENT,35265610.6,2025-05-06,RECEIVABLE,Collection from CUST016 – RCV00289,RECEIVABLE,RCV00289,COMPLETED
TXNF20E7F6F,COMP001,OPERATING_EXPENSE,-6048921.62,2025-05-06,OPEX,Daily operating expenses,COMPANY,COMP001,COMPLETED
TXN3B68DF48,COMP001,CUSTOMER_PAYMENT,22840741.67,2025-05-06,SALES_RECEIPTS,Daily dealership & fleet sales collection,COMPANY,COMP001,COMPLETED
TXN097A923E,COMP001,OPERATING_EXPENSE,-4716206.34,2025-05-07,OPEX,Daily operating expenses,COMPANY,COMP001,COMPLETED
TXN712BF5C9,COMP001,CUSTOMER_PAYMENT,16317545.43,2025-05-07,SALES_RECEIPTS,Daily dealership & fleet sales collection,COMPANY,COMP001,COMPLETED
TXNBE07C5F8,COMP001,SUPPLIER_PAYMENT,-3344718.31,2025-05-07,PAYABLE,Payment to SUP006 – INV00079,INVOICE,INV00079,COMPLETED
TXN9588FF0D,COMP001,CUSTOMER_PAYMENT,68771752.81,2025-05-07,RECEIVABLE,Collection from CUST021 – RCV00111,RECEIVABLE,RCV00111,COMPLETED
TXN38F7A9DC,COMP001,SUPPLIER_PAYMENT,-59118384.12,2025-05-07,PAYABLE,Payment to SUP007 – INV00205,INVOICE,INV00205,COMPLETED
TXN9CB566B1,COMP001,CUSTOMER_PAYMENT,12093053.36,2025-05-08,SALES_RECEIPTS,Daily dealership & fleet sales collection,COMPANY,COMP001,COMPLETED
TXNC95EFF36,COMP001,CUSTOMER_PAYMENT,44173442.02,2025-05-08,RECEIVABLE,Collection from CUST011 – RCV00064,RECEIVABLE,RCV00064,COMPLETED
TXN0A5E2621,COMP001,CUSTOMER_PAYMENT,15354392.79,2025-05-08,RECEIVABLE,Collection from CUST001 – RCV00277,RECEIVABLE,RCV00277,COMPLETED
TXNA2EF46E5,COMP001,OPERATING_EXPENSE,-8509917.53,2025-05-08,OPEX,Daily operating expenses,COMPANY,COMP001,COMPLETED
TXND57E0F94,COMP001,CUSTOMER_PAYMENT,11856934.22,2025-05-09,RECEIVABLE,Collection from CUST003 – RCV00302,RECEIVABLE,RCV00302,COMPLETED
TXN2969D84E,COMP001,SUPPLIER_PAYMENT,-46969708.86,2025-05-09,PAYABLE,Payment to SUP003 – INV00092,INVOICE,INV00092,COMPLETED
TXNB50C27C5,COMP001,CUSTOMER_PAYMENT,71064127.47,2025-05-09,RECEIVABLE,Collection from CUST007 – RCV00340,RECEIVABLE,RCV00340,COMPLETED
TXN6BE9F5EF,COMP001,OPERATING_EXPENSE,-5120073.29,2025-05-09,OPEX,Daily operating expenses,COMPANY,COMP001,COMPLETED
TXN2B730DC7,COMP001,CUSTOMER_PAYMENT,28574719.66,2025-05-09,SALES_RECEIPTS,Daily dealership & fleet sales collection,COMPANY,COMP001,COMPLETED
TXN815A4651,COMP001,CUSTOMER_PAYMENT,2920108.05,2025-05-10,SALES_RECEIPTS,Daily dealership & fleet sales collection,COMPANY,COMP001,COMPLETED
TXN71EEBDF9,COMP001,OPERATING_EXPENSE,-983590.87,2025-05-10,OPEX,Daily operating expenses,COMPANY,COMP001,COMPLETED
TXN0BC6A30C,COMP001,SUPPLIER_PAYMENT,-48519338.88,2025-05-10,PAYABLE,Payment to SUP005 – INV00196,INVOICE,INV00196,COMPLETED
TXN5F44C572,COMP001,SUPPLIER_PAYMENT,-25682013.21,2025-05-10,PAYABLE,Payment to SUP003 – INV00472,INVOICE,INV00472,COMPLETED
TXNCEBD58F4,COMP001,CUSTOMER_PAYMENT,57410486.2,2025-05-10,RECEIVABLE,Collection from CUST006 – RCV00357,RECEIVABLE,RCV00357,COMPLETED
TXND270B452,COMP001,SUPPLIER_PAYMENT,-45917034.35,2025-05-10,PAYABLE,Payment to SUP005 – INV00045,INVOICE,INV00045,COMPLETED
TXN31ED02CA,COMP001,CUSTOMER_PAYMENT,1892417.64,2025-05-11,SALES_RECEIPTS,Daily dealership & fleet sales collection,COMPANY,COMP001,COMPLETED
TXN9E9DA5C2,COMP001,OPERATING_EXPENSE,-645897.18,2025-05-11,OPEX,Daily operating expenses,COMPANY,COMP001,COMPLETED
TXN69C38871,COMP001,CUSTOMER_PAYMENT,31042802.7,2025-05-11,RECEIVABLE,Collection from CUST007 – RCV00263,RECEIVABLE,RCV00263,COMPLETED
TXN8CECBABB,COMP001,CUSTOMER_PAYMENT,16573304.36,2025-05-12,SALES_RECEIPTS,Daily dealership & fleet sales collection,COMPANY,COMP001,COMPLETED
TXN1C51839D,COMP001,SUPPLIER_PAYMENT,-15257690.11,2025-05-12,PAYABLE,Payment to SUP015 – INV00130,INVOICE,INV00130,COMPLETED
TXNF409677D,COMP001,SUPPLIER_PAYMENT,-10744152.07,2025-05-12,PAYABLE,Payment to SUP011 – INV00350,INVOICE,INV00350,COMPLETED
TXNC5771408,COMP001,OPERATING_EXPENSE,-3786190.87,2025-05-12,OPEX,Daily operating expenses,COMPANY,COMP001,COMPLETED
TXN6144CB15,COMP001,OPERATING_EXPENSE,-7099962.85,2025-05-13,OPEX,Daily operating expenses,COMPANY,COMP001,COMPLETED
TXNA0E45FE0,COMP001,CUSTOMER_PAYMENT,16036169.81,2025-05-13,SALES_RECEIPTS,Daily dealership & fleet sales collection,COMPANY,COMP001,COMPLETED
TXN0154B9A2,COMP001,SUPPLIER_PAYMENT,-5221748.37,2025-05-13,PAYABLE,Payment to SUP001 – INV00093,INVOICE,INV00093,COMPLETED
TXNC5DC2AB3,COMP001,CUSTOMER_PAYMENT,12955242.14,2025-05-14,RECEIVABLE,Collection from CUST017 – RCV00069,RECEIVABLE,RCV00069,COMPLETED
TXN04884C29,COMP001,CUSTOMER_PAYMENT,28445007.54,2025-05-14,RECEIVABLE,Collection from CUST023 – RCV00045,RECEIVABLE,RCV00045,COMPLETED
TXND0624508,COMP001,OPERATING_EXPENSE,-4298197.37,2025-05-14,OPEX,Daily operating expenses,COMPANY,COMP001,COMPLETED
TXN5498E416,COMP001,SUPPLIER_PAYMENT,-57421370.89,2025-05-14,PAYABLE,Payment to SUP004 – INV00469,INVOICE,INV00469,COMPLETED
TXNC2531475,COMP001,CUSTOMER_PAYMENT,21894011.74,2025-05-14,SALES_RECEIPTS,Daily dealership & fleet sales collection,COMPANY,COMP001,COMPLETED
TXN7156850C,COMP001,CUSTOMER_PAYMENT,9716920.24,2025-05-15,SALES_RECEIPTS,Daily dealership & fleet sales collection,COMPANY,COMP001,COMPLETED
TXNEDFC578D,COMP001,SUPPLIER_PAYMENT,-38867845.39,2025-05-15,PAYABLE,Payment to SUP015 – INV00019,INVOICE,INV00019,COMPLETED
TXNF13A270D,COMP001,OPERATING_EXPENSE,-9003683.75,2025-05-15,OPEX,Daily operating expenses,COMPANY,COMP001,COMPLETED
TXNB5FD79C5,COMP001,CUSTOMER_PAYMENT,54297812.53,2025-05-15,RECEIVABLE,Collection from CUST013 – RCV00218,RECEIVABLE,RCV00218,COMPLETED
TXN9A3507D4,COMP001,SUPPLIER_PAYMENT,-28914358.47,2025-05-16,PAYABLE,Payment to SUP008 – INV00088,INVOICE,INV00088,COMPLETED
TXNF754C0EB,COMP001,CUSTOMER_PAYMENT,17217386.21,2025-05-16,SALES_RECEIPTS,Daily dealership & fleet sales collection,COMPANY,COMP001,COMPLETED
TXN0C8F73D1,COMP001,OPERATING_EXPENSE,-4209685.38,2025-05-16,OPEX,Daily operating expenses,COMPANY,COMP001,COMPLETED
TXNA85EDBF2,COMP001,CUSTOMER_PAYMENT,57678686.48,2025-05-17,RECEIVABLE,Collection from CUST011 – RCV00183,RECEIVABLE,RCV00183,COMPLETED
TXNE7FFE56B,COMP001,CUSTOMER_PAYMENT,42472425.62,2025-05-17,RECEIVABLE,Collection from CUST011 – RCV00290,RECEIVABLE,RCV00290,COMPLETED
TXNA658BB88,COMP001,OPERATING_EXPENSE,-1444729.51,2025-05-17,OPEX,Daily operating expenses,COMPANY,COMP001,COMPLETED
TXN96D617F9,COMP001,CUSTOMER_PAYMENT,1809405.51,2025-05-17,SALES_RECEIPTS,Daily dealership & fleet sales collection,COMPANY,COMP001,COMPLETED
TXN008B179E,COMP001,CUSTOMER_PAYMENT,66705213.46,2025-05-17,RECEIVABLE,Collection from CUST013 – RCV00240,RECEIVABLE,RCV00240,COMPLETED
TXN6FB10D3E,COMP001,SUPPLIER_PAYMENT,-45850148.1,2025-05-18,PAYABLE,Payment to SUP005 – INV00044,INVOICE,INV00044,COMPLETED
TXN8A1ABF99,COMP001,CUSTOMER_PAYMENT,3089082.64,2025-05-18,SALES_RECEIPTS,Daily dealership & fleet sales collection,COMPANY,COMP001,COMPLETED
TXN6BB6E300,COMP001,OPERATING_EXPENSE,-1433349.14,2025-05-18,OPEX,Daily operating expenses,COMPANY,COMP001,COMPLETED
TXNA322D9EE,COMP001,CUSTOMER_PAYMENT,16317997.48,2025-05-19,SALES_RECEIPTS,Daily dealership & fleet sales collection,COMPANY,COMP001,COMPLETED
TXNE6BB643B,COMP001,OPERATING_EXPENSE,-5061377.95,2025-05-19,OPEX,Daily operating expenses,COMPANY,COMP001,COMPLETED
TXN5450FE06,COMP001,CUSTOMER_PAYMENT,78738212.54,2025-05-20,RECEIVABLE,Collection from CUST009 – RCV00131,RECEIVABLE,RCV00131,COMPLETED
TXN2A18E2F2,COMP001,CUSTOMER_PAYMENT,23467850.83,2025-05-20,SALES_RECEIPTS,Daily dealership & fleet sales collection,COMPANY,COMP001,COMPLETED
TXN10684394,COMP001,OPERATING_EXPENSE,-8614790.45,2025-05-20,OPEX,Daily operating expenses,COMPANY,COMP001,COMPLETED
TXNBBE4F688,COMP001,SUPPLIER_PAYMENT,-19972961.58,2025-05-20,PAYABLE,Payment to SUP001 – INV00053,INVOICE,INV00053,COMPLETED
TXNE91939B4,COMP001,CUSTOMER_PAYMENT,8844799.42,2025-05-20,RECEIVABLE,Collection from CUST003 – RCV00097,RECEIVABLE,RCV00097,COMPLETED
TXN9FFC5260,COMP001,OPERATING_EXPENSE,-4037938.77,2025-05-21,OPEX,Daily operating expenses,COMPANY,COMP001,COMPLETED
TXN5A07AD46,COMP001,CUSTOMER_PAYMENT,15207046.12,2025-05-21,RECEIVABLE,Collection from CUST023 – RCV00308,RECEIVABLE,RCV00308,COMPLETED
TXN3E1D5906,COMP001,SUPPLIER_PAYMENT,-6438952.86,2025-05-21,PAYABLE,Payment to SUP008 – INV00467,INVOICE,INV00467,COMPLETED
TXN714DDF0D,COMP001,CUSTOMER_PAYMENT,59358879.7,2025-05-21,RECEIVABLE,Collection from CUST010 – RCV00254,RECEIVABLE,RCV00254,COMPLETED
TXN282B10BE,COMP001,CUSTOMER_PAYMENT,21954760.07,2025-05-21,SALES_RECEIPTS,Daily dealership & fleet sales collection,COMPANY,COMP001,COMPLETED
TXN83DC22A4,COMP001,OPERATING_EXPENSE,-6415845.44,2025-05-22,OPEX,Daily operating expenses,COMPANY,COMP001,COMPLETED
TXNB74FE377,COMP001,CUSTOMER_PAYMENT,20237134.1,2025-05-22,SALES_RECEIPTS,Daily dealership & fleet sales collection,COMPANY,COMP001,COMPLETED
TXN9E5DE07D,COMP001,CUSTOMER_PAYMENT,19193295.83,2025-05-22,RECEIVABLE,Collection from CUST017 – RCV00117,RECEIVABLE,RCV00117,COMPLETED
TXNCCCF247C,COMP001,SUPPLIER_PAYMENT,-50760615.05,2025-05-23,PAYABLE,Payment to SUP005 – INV00043,INVOICE,INV00043,COMPLETED
TXN3CD1026E,COMP001,OPERATING_EXPENSE,-3764223.22,2025-05-23,OPEX,Daily operating expenses,COMPANY,COMP001,COMPLETED
TXNDDACA05B,COMP001,SUPPLIER_PAYMENT,-18705927.22,2025-05-23,PAYABLE,Payment to SUP007 – INV00447,INVOICE,INV00447,COMPLETED
TXN5202798C,COMP001,CUSTOMER_PAYMENT,37065735.41,2025-05-23,RECEIVABLE,Collection from CUST021 – RCV00210,RECEIVABLE,RCV00210,COMPLETED
TXN934C2525,COMP001,CUSTOMER_PAYMENT,56405066.04,2025-05-23,RECEIVABLE,Collection from CUST024 – RCV00168,RECEIVABLE,RCV00168,COMPLETED
TXN953F843C,COMP001,CUSTOMER_PAYMENT,22768205.82,2025-05-23,SALES_RECEIPTS,Daily dealership & fleet sales collection,COMPANY,COMP001,COMPLETED
TXN24DBC944,COMP001,CUSTOMER_PAYMENT,2938870.28,2025-05-24,SALES_RECEIPTS,Daily dealership & fleet sales collection,COMPANY,COMP001,COMPLETED
TXN6ACA35B2,COMP001,OPERATING_EXPENSE,-974830.48,2025-05-24,OPEX,Daily operating expenses,COMPANY,COMP001,COMPLETED
TXN9A260B79,COMP001,SUPPLIER_PAYMENT,-42012904.61,2025-05-25,PAYABLE,Payment to SUP011 – INV00383,INVOICE,INV00383,COMPLETED
TXNDC5483A5,COMP001,OPERATING_EXPENSE,-1850369.26,2025-05-25,OPEX,Daily operating expenses,COMPANY,COMP001,COMPLETED
TXN1FC81182,COMP001,CUSTOMER_PAYMENT,2020892.66,2025-05-25,SALES_RECEIPTS,Daily dealership & fleet sales collection,COMPANY,COMP001,COMPLETED
TXN7C3BB59A,COMP001,SUPPLIER_PAYMENT,-35274439.15,2025-05-25,PAYABLE,Payment to SUP004 – INV00137,INVOICE,INV00137,COMPLETED
TXNFE947B0F,COMP001,SUPPLIER_PAYMENT,-34697110.81,2025-05-25,PAYABLE,Payment to SUP008 – INV00266,INVOICE,INV00266,COMPLETED
TXNA0E40E21,COMP001,OPERATING_EXPENSE,-8313220.09,2025-05-26,OPEX,Daily operating expenses,COMPANY,COMP001,COMPLETED
TXND4F6744E,COMP001,SUPPLIER_PAYMENT,-34761151.86,2025-05-26,PAYABLE,Payment to SUP013 – INV00259,INVOICE,INV00259,COMPLETED
TXN789890B3,COMP001,SUPPLIER_PAYMENT,-49445617.01,2025-05-26,PAYABLE,Payment to SUP007 – INV00157,INVOICE,INV00157,COMPLETED
TXND2B646E6,COMP001,CUSTOMER_PAYMENT,19910340.83,2025-05-26,SALES_RECEIPTS,Daily dealership & fleet sales collection,COMPANY,COMP001,COMPLETED
TXNF053ED16,COMP001,OPERATING_EXPENSE,-8226146.05,2025-05-27,OPEX,Daily operating expenses,COMPANY,COMP001,COMPLETED
TXN720D54AA,COMP001,SUPPLIER_PAYMENT,-46623089.99,2025-05-27,PAYABLE,Payment to SUP005 – INV00208,INVOICE,INV00208,COMPLETED
TXNE597F9F8,COMP001,CUSTOMER_PAYMENT,22494596.28,2025-05-27,SALES_RECEIPTS,Daily dealership & fleet sales collection,COMPANY,COMP001,COMPLETED
TXN002BCD18,COMP001,CUSTOMER_PAYMENT,10058756.41,2025-05-28,SALES_RECEIPTS,Daily dealership & fleet sales collection,COMPANY,COMP001,COMPLETED
TXNED90433F,COMP001,OPERATING_EXPENSE,-5384424.68,2025-05-28,OPEX,Daily operating expenses,COMPANY,COMP001,COMPLETED
TXNAA9CB4F8,COMP001,SUPPLIER_PAYMENT,-11290913.28,2025-05-28,PAYABLE,Payment to SUP010 – INV00386,INVOICE,INV00386,COMPLETED
TXNEC7953D8,COMP001,OPERATING_EXPENSE,-10110806.52,2025-05-29,OPEX,Daily operating expenses,COMPANY,COMP001,COMPLETED
TXN3C5BD41F,COMP001,CUSTOMER_PAYMENT,21323236.26,2025-05-29,SALES_RECEIPTS,Daily dealership & fleet sales collection,COMPANY,COMP001,COMPLETED
TXNB5368362,COMP001,SUPPLIER_PAYMENT,-19201374.04,2025-05-29,PAYABLE,Payment to SUP013 – INV00074,INVOICE,INV00074,COMPLETED
TXNE2D7FCAB,COMP001,CUSTOMER_PAYMENT,63745698.77,2025-05-29,RECEIVABLE,Collection from CUST013 – RCV00320,RECEIVABLE,RCV00320,COMPLETED
TXN78245A81,COMP001,CUSTOMER_PAYMENT,28715012.03,2025-05-30,RECEIVABLE,Collection from CUST018 – RCV00030,RECEIVABLE,RCV00030,COMPLETED
TXNC046B863,COMP001,OPERATING_EXPENSE,-11389201.13,2025-05-30,OPEX,Daily operating expenses,COMPANY,COMP001,COMPLETED
TXN9697BB59,COMP001,CUSTOMER_PAYMENT,15832611.58,2025-05-30,RECEIVABLE,Collection from CUST015 – RCV00159,RECEIVABLE,RCV00159,COMPLETED
TXN080BB82B,COMP001,CUSTOMER_PAYMENT,20607843.64,2025-05-30,SALES_RECEIPTS,Daily dealership & fleet sales collection,COMPANY,COMP001,COMPLETED
TXN32238FEA,COMP001,SUPPLIER_PAYMENT,-41062700.77,2025-05-30,PAYABLE,Payment to SUP004 – INV00042,INVOICE,INV00042,COMPLETED
TXN4EB597BF,COMP001,OPERATING_EXPENSE,-2388494.83,2025-05-31,OPEX,Daily operating expenses,COMPANY,COMP001,COMPLETED
TXNDA8E935C,COMP001,CUSTOMER_PAYMENT,2684885.39,2025-05-31,SALES_RECEIPTS,Daily dealership & fleet sales collection,COMPANY,COMP001,COMPLETED
TXN517CCC84,COMP001,SUPPLIER_PAYMENT,-15864788.66,2025-06-01,PAYABLE,Payment to SUP004 – INV00366,INVOICE,INV00366,COMPLETED
TXN3C6C0104,COMP001,SUPPLIER_PAYMENT,-48510195.02,2025-06-01,PAYABLE,Payment to SUP014 – INV00096,INVOICE,INV00096,COMPLETED
TXN0AD56B5C,COMP001,CUSTOMER_PAYMENT,60321485.91,2025-06-01,RECEIVABLE,Collection from CUST025 – RCV00206,RECEIVABLE,RCV00206,COMPLETED
TXNE9145AC7,COMP001,SUPPLIER_PAYMENT,-17914376.92,2025-06-01,PAYABLE,Payment to SUP005 – INV00379,INVOICE,INV00379,COMPLETED
TXN250D50F1,COMP001,OPERATING_EXPENSE,-1736581.16,2025-06-01,OPEX,Daily operating expenses,COMPANY,COMP001,COMPLETED
TXN97BB8729,COMP001,SUPPLIER_PAYMENT,-43697613.1,2025-06-01,PAYABLE,Payment to SUP002 – INV00221,INVOICE,INV00221,COMPLETED
TXN3908050B,COMP001,CUSTOMER_PAYMENT,2963587.9,2025-06-01,SALES_RECEIPTS,Daily dealership & fleet sales collection,COMPANY,COMP001,COMPLETED
TXNEB6C0B4F,COMP001,CUSTOMER_PAYMENT,29811902.77,2025-06-01,RECEIVABLE,Collection from CUST016 – RCV00310,RECEIVABLE,RCV00310,COMPLETED
TXN10B67AFE,COMP001,SUPPLIER_PAYMENT,-14499968.93,2025-06-01,PAYABLE,Payment to SUP013 – INV00119,INVOICE,INV00119,COMPLETED
TXND4C300AC,COMP001,SUPPLIER_PAYMENT,-37350356.53,2025-06-01,PAYABLE,Payment to SUP003 – INV00476,INVOICE,INV00476,COMPLETED
TXNA55B44FA,COMP001,CUSTOMER_PAYMENT,28365733.33,2025-06-01,RECEIVABLE,Collection from CUST013 – RCV00070,RECEIVABLE,RCV00070,COMPLETED
TXN601D104D,COMP001,SUPPLIER_PAYMENT,-10218123.69,2025-06-02,PAYABLE,Payment to SUP011 – INV00434,INVOICE,INV00434,COMPLETED
TXNA501E8E6,COMP001,CUSTOMER_PAYMENT,78982129.07,2025-06-02,RECEIVABLE,Collection from CUST011 – RCV00157,RECEIVABLE,RCV00157,COMPLETED
TXNB693CB9B,COMP001,CUSTOMER_PAYMENT,15451245.86,2025-06-02,SALES_RECEIPTS,Daily dealership & fleet sales collection,COMPANY,COMP001,COMPLETED
TXNDA720691,COMP001,CUSTOMER_PAYMENT,27064362.03,2025-06-02,RECEIVABLE,Collection from CUST012 – RCV00285,RECEIVABLE,RCV00285,COMPLETED
TXN3DF7C01A,COMP001,OPERATING_EXPENSE,-4546007.16,2025-06-02,OPEX,Daily operating expenses,COMPANY,COMP001,COMPLETED
TXN2B2A7935,COMP001,CUSTOMER_PAYMENT,12012579.11,2025-06-03,RECEIVABLE,Collection from CUST001 – RCV00035,RECEIVABLE,RCV00035,COMPLETED
TXND5F906DC,COMP001,CUSTOMER_PAYMENT,30408377.24,2025-06-03,SALES_RECEIPTS,Daily dealership & fleet sales collection,COMPANY,COMP001,COMPLETED
TXN79F57AB0,COMP001,SUPPLIER_PAYMENT,-54827715.33,2025-06-03,PAYABLE,Payment to SUP012 – INV00218,INVOICE,INV00218,COMPLETED
TXN056F2A0D,COMP001,CUSTOMER_PAYMENT,23054265.54,2025-06-03,RECEIVABLE,Collection from CUST021 – RCV00193,RECEIVABLE,RCV00193,COMPLETED
TXN3E57F4E1,COMP001,OPERATING_EXPENSE,-5160785.62,2025-06-03,OPEX,Daily operating expenses,COMPANY,COMP001,COMPLETED
TXN1D8ABC68,COMP001,SUPPLIER_PAYMENT,-26568657.48,2025-06-04,PAYABLE,Payment to SUP004 – INV00480,INVOICE,INV00480,COMPLETED
TXN64B671A5,COMP001,CUSTOMER_PAYMENT,20516222.09,2025-06-04,SALES_RECEIPTS,Daily dealership & fleet sales collection,COMPANY,COMP001,COMPLETED
TXN27A0E763,COMP001,OPERATING_EXPENSE,-6858196.92,2025-06-04,OPEX,Daily operating expenses,COMPANY,COMP001,COMPLETED
TXN5D498C35,COMP001,CUSTOMER_PAYMENT,14389118.31,2025-06-04,RECEIVABLE,Collection from CUST011 – RCV00235,RECEIVABLE,RCV00235,COMPLETED
TXND09DA9D7,COMP001,CUSTOMER_PAYMENT,46826659.17,2025-06-05,RECEIVABLE,Collection from CUST003 – RCV00198,RECEIVABLE,RCV00198,COMPLETED
TXND7B0E5F9,COMP001,SUPPLIER_PAYMENT,-39097656.97,2025-06-05,PAYABLE,Payment to SUP015 – INV00404,INVOICE,INV00404,COMPLETED
TXN2C0AF492,COMP001,SUPPLIER_PAYMENT,-13166187.21,2025-06-05,PAYABLE,Payment to SUP003 – INV00410,INVOICE,INV00410,COMPLETED
TXNB474377F,COMP001,CUSTOMER_PAYMENT,15861203.47,2025-06-05,SALES_RECEIPTS,Daily dealership & fleet sales collection,COMPANY,COMP001,COMPLETED
TXNC87F569B,COMP001,CUSTOMER_PAYMENT,69601809.14,2025-06-05,RECEIVABLE,Collection from CUST022 – RCV00256,RECEIVABLE,RCV00256,COMPLETED
TXNB1087D8E,COMP001,SUPPLIER_PAYMENT,-45235935.9,2025-06-05,PAYABLE,Payment to SUP007 – INV00220,INVOICE,INV00220,COMPLETED
TXN7EA7F13B,COMP001,OPERATING_EXPENSE,-4044580.4,2025-06-05,OPEX,Daily operating expenses,COMPANY,COMP001,COMPLETED
TXN2DE37135,COMP001,SUPPLIER_PAYMENT,-19861367.29,2025-06-06,PAYABLE,Payment to SUP014 – INV00241,INVOICE,INV00241,COMPLETED
TXNC7D6D86F,COMP001,CUSTOMER_PAYMENT,27807093.15,2025-06-06,SALES_RECEIPTS,Daily dealership & fleet sales collection,COMPANY,COMP001,COMPLETED
TXN05A648DB,COMP001,OPERATING_EXPENSE,-4160629.01,2025-06-06,OPEX,Daily operating expenses,COMPANY,COMP001,COMPLETED
TXN65FE18EE,COMP001,SUPPLIER_PAYMENT,-12659738.83,2025-06-06,PAYABLE,Payment to SUP012 – INV00105,INVOICE,INV00105,COMPLETED
TXNB234B01B,COMP001,SUPPLIER_PAYMENT,-48749989.24,2025-06-06,PAYABLE,Payment to SUP004 – INV00254,INVOICE,INV00254,COMPLETED
TXN28825A98,COMP001,CUSTOMER_PAYMENT,3771068.21,2025-06-07,SALES_RECEIPTS,Daily dealership & fleet sales collection,COMPANY,COMP001,COMPLETED
TXND9801244,COMP001,CUSTOMER_PAYMENT,14692309.0,2025-06-07,RECEIVABLE,Collection from CUST019 – RCV00043,RECEIVABLE,RCV00043,COMPLETED
TXN280A7C05,COMP001,SUPPLIER_PAYMENT,-34012388.6,2025-06-07,PAYABLE,Payment to SUP003 – INV00481,INVOICE,INV00481,COMPLETED
TXN262FA6A2,COMP001,OPERATING_EXPENSE,-1659201.76,2025-06-07,OPEX,Daily operating expenses,COMPANY,COMP001,COMPLETED
TXNCDD44808,COMP001,SUPPLIER_PAYMENT,-22681849.41,2025-06-08,PAYABLE,Payment to SUP013 – INV00248,INVOICE,INV00248,COMPLETED
TXN058791B8,COMP001,CUSTOMER_PAYMENT,57303111.3,2025-06-08,RECEIVABLE,Collection from CUST005 – RCV00115,RECEIVABLE,RCV00115,COMPLETED
TXN7562C25A,COMP001,OPERATING_EXPENSE,-1320623.78,2025-06-08,OPEX,Daily operating expenses,COMPANY,COMP001,COMPLETED
TXND7A5D5ED,COMP001,CUSTOMER_PAYMENT,2915427.67,2025-06-08,SALES_RECEIPTS,Daily dealership & fleet sales collection,COMPANY,COMP001,COMPLETED
TXN0F26AC35,COMP001,CUSTOMER_PAYMENT,64984587.65,2025-06-08,RECEIVABLE,Collection from CUST008 – RCV00002,RECEIVABLE,RCV00002,COMPLETED
TXN300D1A3E,COMP001,OPERATING_EXPENSE,-5073210.14,2025-06-09,OPEX,Daily operating expenses,COMPANY,COMP001,COMPLETED
TXNA4D61D50,COMP001,CUSTOMER_PAYMENT,19516680.35,2025-06-09,SALES_RECEIPTS,Daily dealership & fleet sales collection,COMPANY,COMP001,COMPLETED
TXN5B40F409,COMP001,SUPPLIER_PAYMENT,-13353019.27,2025-06-09,PAYABLE,Payment to SUP010 – INV00173,INVOICE,INV00173,COMPLETED
TXN2BB4EFBA,COMP001,SUPPLIER_PAYMENT,-42164561.89,2025-06-09,PAYABLE,Payment to SUP009 – INV00025,INVOICE,INV00025,COMPLETED
TXN6ED23619,COMP001,SUPPLIER_PAYMENT,-12926812.96,2025-06-09,PAYABLE,Payment to SUP009 – INV00017,INVOICE,INV00017,COMPLETED
TXNC40284FB,COMP001,OPERATING_EXPENSE,-8292119.8,2025-06-10,OPEX,Daily operating expenses,COMPANY,COMP001,COMPLETED
TXN88CEE04B,COMP001,SUPPLIER_PAYMENT,-52290221.02,2025-06-10,PAYABLE,Payment to SUP009 – INV00435,INVOICE,INV00435,COMPLETED
TXN48374DEC,COMP001,CUSTOMER_PAYMENT,27314600.18,2025-06-10,SALES_RECEIPTS,Daily dealership & fleet sales collection,COMPANY,COMP001,COMPLETED
TXN8174457E,COMP001,CUSTOMER_PAYMENT,20665377.21,2025-06-11,SALES_RECEIPTS,Daily dealership & fleet sales collection,COMPANY,COMP001,COMPLETED
TXN2BCEDF25,COMP001,SUPPLIER_PAYMENT,-14905740.33,2025-06-11,PAYABLE,Payment to SUP002 – INV00120,INVOICE,INV00120,COMPLETED
TXN21D94C8A,COMP001,OPERATING_EXPENSE,-7221261.52,2025-06-11,OPEX,Daily operating expenses,COMPANY,COMP001,COMPLETED
TXN471A23D0,COMP001,CUSTOMER_PAYMENT,57096239.93,2025-06-11,RECEIVABLE,Collection from CUST011 – RCV00164,RECEIVABLE,RCV00164,COMPLETED
TXNCA5E5C7D,COMP001,SUPPLIER_PAYMENT,-5538653.83,2025-06-12,PAYABLE,Payment to SUP011 – INV00117,INVOICE,INV00117,COMPLETED
TXN2C2F3515,COMP001,OPERATING_EXPENSE,-9166213.67,2025-06-12,OPEX,Daily operating expenses,COMPANY,COMP001,COMPLETED
TXN9E40E9C2,COMP001,CUSTOMER_PAYMENT,25122943.82,2025-06-12,RECEIVABLE,Collection from CUST024 – RCV00301,RECEIVABLE,RCV00301,COMPLETED
TXN3E23523C,COMP001,SUPPLIER_PAYMENT,-6061544.6,2025-06-12,PAYABLE,Payment to SUP004 – INV00103,INVOICE,INV00103,COMPLETED
TXN2DA7CBD7,COMP001,CUSTOMER_PAYMENT,12312642.67,2025-06-12,SALES_RECEIPTS,Daily dealership & fleet sales collection,COMPANY,COMP001,COMPLETED
TXNB578E977,COMP001,OPERATING_EXPENSE,-5634329.15,2025-06-13,OPEX,Daily operating expenses,COMPANY,COMP001,COMPLETED
TXN73B9BE06,COMP001,CUSTOMER_PAYMENT,20786690.24,2025-06-13,SALES_RECEIPTS,Daily dealership & fleet sales collection,COMPANY,COMP001,COMPLETED
TXNC4642936,COMP001,CUSTOMER_PAYMENT,15734498.85,2025-06-14,RECEIVABLE,Collection from CUST013 – RCV00194,RECEIVABLE,RCV00194,COMPLETED
TXN24957AF9,COMP001,CUSTOMER_PAYMENT,74594141.13,2025-06-14,RECEIVABLE,Collection from CUST024 – RCV00100,RECEIVABLE,RCV00100,COMPLETED
TXN5369AB2A,COMP001,SUPPLIER_PAYMENT,-8725523.77,2025-06-14,PAYABLE,Payment to SUP013 – INV00112,INVOICE,INV00112,COMPLETED
TXNDF767342,COMP001,SUPPLIER_PAYMENT,-59230492.6,2025-06-14,PAYABLE,Payment to SUP009 – INV00451,INVOICE,INV00451,COMPLETED
TXN0C83D203,COMP001,OPERATING_EXPENSE,-1740202.42,2025-06-14,OPEX,Daily operating expenses,COMPANY,COMP001,COMPLETED
TXN848411A4,COMP001,CUSTOMER_PAYMENT,2847825.5,2025-06-14,SALES_RECEIPTS,Daily dealership & fleet sales collection,COMPANY,COMP001,COMPLETED
TXN238CEF79,COMP001,SUPPLIER_PAYMENT,-11805059.78,2025-06-15,PAYABLE,Payment to SUP008 – INV00337,INVOICE,INV00337,COMPLETED
TXNFDC5583C,COMP001,CUSTOMER_PAYMENT,1396542.6,2025-06-15,SALES_RECEIPTS,Daily dealership & fleet sales collection,COMPANY,COMP001,COMPLETED
TXN7958F1DD,COMP001,LOAN_DRAW,247062699.85,2025-06-15,FINANCING,Loan drawdown from ICICI Bank,FINANCING_OPTION,FIN003,COMPLETED
TXN3223DEA2,COMP001,OPERATING_EXPENSE,-1312428.95,2025-06-15,OPEX,Daily operating expenses,COMPANY,COMP001,COMPLETED
TXN6CAF8A05,COMP001,CUSTOMER_PAYMENT,15705007.26,2025-06-16,SALES_RECEIPTS,Daily dealership & fleet sales collection,COMPANY,COMP001,COMPLETED
TXN0EDE522C,COMP001,OPERATING_EXPENSE,-6192151.11,2025-06-16,OPEX,Daily operating expenses,COMPANY,COMP001,COMPLETED
TXN99080F0D,COMP001,SUPPLIER_PAYMENT,-16672552.88,2025-06-16,PAYABLE,Payment to SUP009 – INV00226,INVOICE,INV00226,COMPLETED
TXN1DE05450,COMP001,OPERATING_EXPENSE,-8463749.12,2025-06-17,OPEX,Daily operating expenses,COMPANY,COMP001,COMPLETED
TXNB018848A,COMP001,CUSTOMER_PAYMENT,17438775.17,2025-06-17,SALES_RECEIPTS,Daily dealership & fleet sales collection,COMPANY,COMP001,COMPLETED
TXN682B08A0,COMP001,CUSTOMER_PAYMENT,20449586.59,2025-06-18,RECEIVABLE,Collection from CUST015 – RCV00089,RECEIVABLE,RCV00089,COMPLETED
TXN8B610621,COMP001,CUSTOMER_PAYMENT,75620855.82,2025-06-18,RECEIVABLE,Collection from CUST021 – RCV00293,RECEIVABLE,RCV00293,COMPLETED
TXND50E803C,COMP001,SUPPLIER_PAYMENT,-20733261.71,2025-06-18,PAYABLE,Payment to SUP012 – INV00367,INVOICE,INV00367,COMPLETED
TXN6975875E,COMP001,SUPPLIER_PAYMENT,-50187759.65,2025-06-18,PAYABLE,Payment to SUP005 – INV00297,INVOICE,INV00297,COMPLETED
TXN2AF8A7DA,COMP001,CUSTOMER_PAYMENT,14348651.93,2025-06-18,SALES_RECEIPTS,Daily dealership & fleet sales collection,COMPANY,COMP001,COMPLETED
TXNE8E3E91F,COMP001,OPERATING_EXPENSE,-6176417.55,2025-06-18,OPEX,Daily operating expenses,COMPANY,COMP001,COMPLETED
TXNECFA1A09,COMP001,SUPPLIER_PAYMENT,-50997373.5,2025-06-19,PAYABLE,Payment to SUP002 – INV00224,INVOICE,INV00224,COMPLETED
TXNB32C42F3,COMP001,OPERATING_EXPENSE,-3036132.08,2025-06-19,OPEX,Daily operating expenses,COMPANY,COMP001,COMPLETED
TXN2FA9E6A7,COMP001,CUSTOMER_PAYMENT,72358441.88,2025-06-19,RECEIVABLE,Collection from CUST013 – RCV00156,RECEIVABLE,RCV00156,COMPLETED
TXN03C95EB1,COMP001,CUSTOMER_PAYMENT,16715763.08,2025-06-19,SALES_RECEIPTS,Daily dealership & fleet sales collection,COMPANY,COMP001,COMPLETED
TXN43A66C98,COMP001,SUPPLIER_PAYMENT,-57056547.69,2025-06-19,PAYABLE,Payment to SUP011 – INV00427,INVOICE,INV00427,COMPLETED
TXNBE98A6F0,COMP001,SUPPLIER_PAYMENT,-19659479.89,2025-06-19,PAYABLE,Payment to SUP006 – INV00095,INVOICE,INV00095,COMPLETED
TXN1E4FFB58,COMP001,SUPPLIER_PAYMENT,-53031295.7,2025-06-20,PAYABLE,Payment to SUP011 – INV00424,INVOICE,INV00424,COMPLETED
TXN25127576,COMP001,CUSTOMER_PAYMENT,24173761.05,2025-06-20,SALES_RECEIPTS,Daily dealership & fleet sales collection,COMPANY,COMP001,COMPLETED
TXN4841873A,COMP001,CUSTOMER_PAYMENT,29007209.0,2025-06-20,RECEIVABLE,Collection from CUST015 – RCV00186,RECEIVABLE,RCV00186,COMPLETED
TXN1F0A598B,COMP001,OPERATING_EXPENSE,-9990257.04,2025-06-20,OPEX,Daily operating expenses,COMPANY,COMP001,COMPLETED
TXN69F7D326,COMP001,CUSTOMER_PAYMENT,11460930.72,2025-06-20,RECEIVABLE,Collection from CUST015 – RCV00322,RECEIVABLE,RCV00322,COMPLETED
TXN9B01563D,COMP001,CUSTOMER_PAYMENT,71101945.44,2025-06-20,RECEIVABLE,Collection from CUST015 – RCV00223,RECEIVABLE,RCV00223,COMPLETED
TXN28F9D993,COMP001,CUSTOMER_PAYMENT,2155419.39,2025-06-21,SALES_RECEIPTS,Daily dealership & fleet sales collection,COMPANY,COMP001,COMPLETED
TXNAF8B77E3,COMP001,OPERATING_EXPENSE,-1743080.47,2025-06-21,OPEX,Daily operating expenses,COMPANY,COMP001,COMPLETED
TXN27E5A711,COMP001,CUSTOMER_PAYMENT,1957282.59,2025-06-22,SALES_RECEIPTS,Daily dealership & fleet sales collection,COMPANY,COMP001,COMPLETED
TXN6D6732BD,COMP001,OPERATING_EXPENSE,-1578655.51,2025-06-22,OPEX,Daily operating expenses,COMPANY,COMP001,COMPLETED
TXN75768381,COMP001,CUSTOMER_PAYMENT,19431748.71,2025-06-23,SALES_RECEIPTS,Daily dealership & fleet sales collection,COMPANY,COMP001,COMPLETED
TXN97EBD182,COMP001,OPERATING_EXPENSE,-9711235.03,2025-06-23,OPEX,Daily operating expenses,COMPANY,COMP001,COMPLETED
TXNEBC1C615,COMP001,CUSTOMER_PAYMENT,31396457.0,2025-06-24,SALES_RECEIPTS,Daily dealership & fleet sales collection,COMPANY,COMP001,COMPLETED
TXN34D2E1A4,COMP001,SUPPLIER_PAYMENT,-53285675.08,2025-06-24,PAYABLE,Payment to SUP008 – INV00144,INVOICE,INV00144,COMPLETED
TXN714C1045,COMP001,SUPPLIER_PAYMENT,-12215145.37,2025-06-24,PAYABLE,Payment to SUP007 – INV00470,INVOICE,INV00470,COMPLETED
TXN46E59AB4,COMP001,OPERATING_EXPENSE,-5777881.58,2025-06-24,OPEX,Daily operating expenses,COMPANY,COMP001,COMPLETED
TXN68F74647,COMP001,OPERATING_EXPENSE,-8813756.77,2025-06-25,OPEX,Daily operating expenses,COMPANY,COMP001,COMPLETED
TXNEEE4A20A,COMP001,CUSTOMER_PAYMENT,10767736.28,2025-06-25,RECEIVABLE,Collection from CUST011 – RCV00221,RECEIVABLE,RCV00221,COMPLETED
TXN6C87EF1D,COMP001,SUPPLIER_PAYMENT,-52301825.59,2025-06-25,PAYABLE,Payment to SUP015 – INV00257,INVOICE,INV00257,COMPLETED
TXND531C076,COMP001,CUSTOMER_PAYMENT,11046372.59,2025-06-25,SALES_RECEIPTS,Daily dealership & fleet sales collection,COMPANY,COMP001,COMPLETED
TXN5B48B945,COMP001,SUPPLIER_PAYMENT,-55115633.89,2025-06-25,PAYABLE,Payment to SUP014 – INV00138,INVOICE,INV00138,COMPLETED
TXNF1899B11,COMP001,SUPPLIER_PAYMENT,-36787369.29,2025-06-25,PAYABLE,Payment to SUP006 – INV00376,INVOICE,INV00376,COMPLETED
TXN10DF644E,COMP001,OPERATING_EXPENSE,-8086128.07,2025-06-26,OPEX,Daily operating expenses,COMPANY,COMP001,COMPLETED
TXN4D8204A6,COMP001,CUSTOMER_PAYMENT,11802104.41,2025-06-26,RECEIVABLE,Collection from CUST024 – RCV00139,RECEIVABLE,RCV00139,COMPLETED
TXNFB3161FB,COMP001,SUPPLIER_PAYMENT,-53973092.95,2025-06-26,PAYABLE,Payment to SUP014 – INV00236,INVOICE,INV00236,COMPLETED
TXN7786B814,COMP001,CUSTOMER_PAYMENT,15603750.53,2025-06-26,SALES_RECEIPTS,Daily dealership & fleet sales collection,COMPANY,COMP001,COMPLETED
TXN6E9C2D70,COMP001,CUSTOMER_PAYMENT,23436751.63,2025-06-27,SALES_RECEIPTS,Daily dealership & fleet sales collection,COMPANY,COMP001,COMPLETED
TXNFBEF2211,COMP001,CUSTOMER_PAYMENT,32446752.05,2025-06-27,RECEIVABLE,Collection from CUST002 – RCV00327,RECEIVABLE,RCV00327,COMPLETED
TXN5A83455E,COMP001,CUSTOMER_PAYMENT,19548157.43,2025-06-27,RECEIVABLE,Collection from CUST023 – RCV00050,RECEIVABLE,RCV00050,COMPLETED
TXNEA2A65BE,COMP001,CUSTOMER_PAYMENT,75853466.16,2025-06-27,RECEIVABLE,Collection from CUST009 – RCV00094,RECEIVABLE,RCV00094,COMPLETED
TXNEF34DD2E,COMP001,OPERATING_EXPENSE,-4869667.22,2025-06-27,OPEX,Daily operating expenses,COMPANY,COMP001,COMPLETED
TXN1B3D4063,COMP001,CUSTOMER_PAYMENT,48546819.51,2025-06-27,RECEIVABLE,Collection from CUST021 – RCV00083,RECEIVABLE,RCV00083,COMPLETED
TXNAABDBC42,COMP001,OPERATING_EXPENSE,-1135493.76,2025-06-28,OPEX,Daily operating expenses,COMPANY,COMP001,COMPLETED
TXNCB04381C,COMP001,CUSTOMER_PAYMENT,65877028.78,2025-06-28,RECEIVABLE,Collection from CUST023 – RCV00234,RECEIVABLE,RCV00234,COMPLETED
TXN0A0A7675,COMP001,CUSTOMER_PAYMENT,3611918.19,2025-06-28,SALES_RECEIPTS,Daily dealership & fleet sales collection,COMPANY,COMP001,COMPLETED
TXN9A707A67,COMP001,OPERATING_EXPENSE,-1846468.53,2025-06-29,OPEX,Daily operating expenses,COMPANY,COMP001,COMPLETED
TXN21D315E1,COMP001,CUSTOMER_PAYMENT,1467575.34,2025-06-29,SALES_RECEIPTS,Daily dealership & fleet sales collection,COMPANY,COMP001,COMPLETED
TXN58DF6BB9,COMP001,SUPPLIER_PAYMENT,-36835476.8,2025-06-30,PAYABLE,Payment to SUP010 – INV00063,INVOICE,INV00063,COMPLETED
TXND6A268CA,COMP001,CUSTOMER_PAYMENT,57082629.06,2025-06-30,RECEIVABLE,Collection from CUST008 – RCV00273,RECEIVABLE,RCV00273,COMPLETED
TXN9998266D,COMP001,CUSTOMER_PAYMENT,8539075.46,2025-06-30,SALES_RECEIPTS,Daily dealership & fleet sales collection,COMPANY,COMP001,COMPLETED
TXN91195DD1,COMP001,CUSTOMER_PAYMENT,33803178.03,2025-06-30,RECEIVABLE,Collection from CUST017 – RCV00182,RECEIVABLE,RCV00182,COMPLETED
TXN3FF1213F,COMP001,INTEREST_PAYMENT,-12875030.16,2025-06-30,FINANCING,Quarterly interest payment,FINANCING_OPTION,FIN001,COMPLETED
TXND4B2B576,COMP001,OPERATING_EXPENSE,-5971986.45,2025-06-30,OPEX,Daily operating expenses,COMPANY,COMP001,COMPLETED
TXN3C7FDF8E,COMP001,CUSTOMER_PAYMENT,3709463.32,2025-07-01,RECEIVABLE,Collection from CUST016 – RCV00188,RECEIVABLE,RCV00188,COMPLETED
TXNF045C56D,COMP001,OPERATING_EXPENSE,-7112504.64,2025-07-01,OPEX,Daily operating expenses,COMPANY,COMP001,COMPLETED
TXN320A8F36,COMP001,CUSTOMER_PAYMENT,16214404.37,2025-07-01,SALES_RECEIPTS,Daily dealership & fleet sales collection,COMPANY,COMP001,COMPLETED
TXN5D363282,COMP001,SUPPLIER_PAYMENT,-32664679.04,2025-07-01,PAYABLE,Payment to SUP001 – INV00246,INVOICE,INV00246,COMPLETED
TXN7839184B,COMP001,SUPPLIER_PAYMENT,-8298993.25,2025-07-02,PAYABLE,Payment to SUP011 – INV00243,INVOICE,INV00243,COMPLETED
TXN1B0E0A4F,COMP001,CUSTOMER_PAYMENT,15857955.12,2025-07-02,SALES_RECEIPTS,Daily dealership & fleet sales collection,COMPANY,COMP001,COMPLETED
TXNA4A815C8,COMP001,SUPPLIER_PAYMENT,-49130824.51,2025-07-02,PAYABLE,Payment to SUP007 – INV00411,INVOICE,INV00411,COMPLETED
TXNAC3BD548,COMP001,OPERATING_EXPENSE,-4782441.12,2025-07-02,OPEX,Daily operating expenses,COMPANY,COMP001,COMPLETED
TXN4CD734D2,COMP001,CUSTOMER_PAYMENT,11163601.43,2025-07-03,SALES_RECEIPTS,Daily dealership & fleet sales collection,COMPANY,COMP001,COMPLETED
TXN2CCDFE7C,COMP001,CUSTOMER_PAYMENT,6915175.95,2025-07-03,RECEIVABLE,Collection from CUST012 – RCV00009,RECEIVABLE,RCV00009,COMPLETED
TXNA02F5AF4,COMP001,OPERATING_EXPENSE,-9128494.1,2025-07-03,OPEX,Daily operating expenses,COMPANY,COMP001,COMPLETED
TXN797F3CB3,COMP001,CUSTOMER_PAYMENT,13344800.16,2025-07-03,RECEIVABLE,Collection from CUST018 – RCV00284,RECEIVABLE,RCV00284,COMPLETED
TXNC1A1109B,COMP001,SUPPLIER_PAYMENT,-10541347.45,2025-07-04,PAYABLE,Payment to SUP002 – INV00356,INVOICE,INV00356,COMPLETED
TXN494492B1,COMP001,SUPPLIER_PAYMENT,-6130619.04,2025-07-04,PAYABLE,Payment to SUP010 – INV00374,INVOICE,INV00374,COMPLETED
TXNDAD7D57F,COMP001,OPERATING_EXPENSE,-4643928.28,2025-07-04,OPEX,Daily operating expenses,COMPANY,COMP001,COMPLETED
TXN48A199E7,COMP001,CUSTOMER_PAYMENT,31413108.41,2025-07-04,SALES_RECEIPTS,Daily dealership & fleet sales collection,COMPANY,COMP001,COMPLETED
TXN575E52C2,COMP001,SUPPLIER_PAYMENT,-59262688.72,2025-07-04,PAYABLE,Payment to SUP001 – INV00106,INVOICE,INV00106,COMPLETED
TXN554C13EC,COMP001,OPERATING_EXPENSE,-1510441.83,2025-07-05,OPEX,Daily operating expenses,COMPANY,COMP001,COMPLETED
TXN843522C2,COMP001,CUSTOMER_PAYMENT,52183330.49,2025-07-05,RECEIVABLE,Collection from CUST011 – RCV00121,RECEIVABLE,RCV00121,COMPLETED
TXN916D97A3,COMP001,CUSTOMER_PAYMENT,2032022.02,2025-07-05,SALES_RECEIPTS,Daily dealership & fleet sales collection,COMPANY,COMP001,COMPLETED
TXN9EB73B2B,COMP001,CUSTOMER_PAYMENT,26391244.08,2025-07-06,RECEIVABLE,Collection from CUST007 – RCV00057,RECEIVABLE,RCV00057,COMPLETED
TXNF7E82675,COMP001,SUPPLIER_PAYMENT,-22904550.26,2025-07-06,PAYABLE,Payment to SUP012 – INV00178,INVOICE,INV00178,COMPLETED
TXNC3725111,COMP001,CUSTOMER_PAYMENT,16497519.56,2025-07-06,RECEIVABLE,Collection from CUST002 – RCV00072,RECEIVABLE,RCV00072,COMPLETED
TXN21D9D08F,COMP001,CUSTOMER_PAYMENT,2745149.89,2025-07-06,SALES_RECEIPTS,Daily dealership & fleet sales collection,COMPANY,COMP001,COMPLETED
TXNC021F8D5,COMP001,CUSTOMER_PAYMENT,19569685.76,2025-07-06,RECEIVABLE,Collection from CUST014 – RCV00140,RECEIVABLE,RCV00140,COMPLETED
TXN71147225,COMP001,OPERATING_EXPENSE,-1765912.11,2025-07-06,OPEX,Daily operating expenses,COMPANY,COMP001,COMPLETED
TXNB536CDF8,COMP001,SUPPLIER_PAYMENT,-7272370.73,2025-07-07,PAYABLE,Payment to SUP002 – INV00378,INVOICE,INV00378,COMPLETED
TXN8C6EEE8F,COMP001,OPERATING_EXPENSE,-8227729.17,2025-07-07,OPEX,Daily operating expenses,COMPANY,COMP001,COMPLETED
TXN5DC3807E,COMP001,SUPPLIER_PAYMENT,-23856506.74,2025-07-07,PAYABLE,Payment to SUP010 – INV00439,INVOICE,INV00439,COMPLETED
TXNB6444A3D,COMP001,CUSTOMER_PAYMENT,18717276.24,2025-07-07,SALES_RECEIPTS,Daily dealership & fleet sales collection,COMPANY,COMP001,COMPLETED
TXN1E069E39,COMP001,SUPPLIER_PAYMENT,-57069623.87,2025-07-08,PAYABLE,Payment to SUP001 – INV00013,INVOICE,INV00013,COMPLETED
TXN4A50E186,COMP001,CUSTOMER_PAYMENT,52167921.58,2025-07-08,RECEIVABLE,Collection from CUST008 – RCV00191,RECEIVABLE,RCV00191,COMPLETED
TXN5CDD81C5,COMP001,OPERATING_EXPENSE,-5269185.48,2025-07-08,OPEX,Daily operating expenses,COMPANY,COMP001,COMPLETED
TXNA6ED655D,COMP001,CUSTOMER_PAYMENT,23095662.45,2025-07-08,SALES_RECEIPTS,Daily dealership & fleet sales collection,COMPANY,COMP001,COMPLETED
TXNDC89640D,COMP001,CUSTOMER_PAYMENT,51775681.9,2025-07-08,RECEIVABLE,Collection from CUST012 – RCV00166,RECEIVABLE,RCV00166,COMPLETED
TXNBFABE604,COMP001,SUPPLIER_PAYMENT,-25707443.11,2025-07-08,PAYABLE,Payment to SUP015 – INV00039,INVOICE,INV00039,COMPLETED
TXNFB2CE8BD,COMP001,CUSTOMER_PAYMENT,8578883.59,2025-07-09,SALES_RECEIPTS,Daily dealership & fleet sales collection,COMPANY,COMP001,COMPLETED
TXNF8F7B3F1,COMP001,SUPPLIER_PAYMENT,-10608770.95,2025-07-09,PAYABLE,Payment to SUP006 – INV00264,INVOICE,INV00264,COMPLETED
TXN0E7D64EF,COMP001,SUPPLIER_PAYMENT,-8522364.74,2025-07-09,PAYABLE,Payment to SUP011 – INV00219,INVOICE,INV00219,COMPLETED
TXN3345BB9C,COMP001,OPERATING_EXPENSE,-5250511.77,2025-07-09,OPEX,Daily operating expenses,COMPANY,COMP001,COMPLETED
TXNEFBA3DDC,COMP001,CUSTOMER_PAYMENT,23323726.52,2025-07-10,RECEIVABLE,Collection from CUST017 – RCV00068,RECEIVABLE,RCV00068,COMPLETED
TXN1E448532,COMP001,OPERATING_EXPENSE,-6529635.1,2025-07-10,OPEX,Daily operating expenses,COMPANY,COMP001,COMPLETED
TXN718B2EAC,COMP001,CUSTOMER_PAYMENT,16852004.8,2025-07-10,SALES_RECEIPTS,Daily dealership & fleet sales collection,COMPANY,COMP001,COMPLETED
TXN5C1FE973,COMP001,CUSTOMER_PAYMENT,32340132.46,2025-07-11,RECEIVABLE,Collection from CUST011 – RCV00132,RECEIVABLE,RCV00132,COMPLETED
TXN93A68F03,COMP001,CUSTOMER_PAYMENT,10763382.18,2025-07-11,RECEIVABLE,Collection from CUST011 – RCV00209,RECEIVABLE,RCV00209,COMPLETED
TXN1E07EFD2,COMP001,OPERATING_EXPENSE,-5899358.58,2025-07-11,OPEX,Daily operating expenses,COMPANY,COMP001,COMPLETED
TXN91A2398A,COMP001,CUSTOMER_PAYMENT,46308355.26,2025-07-11,RECEIVABLE,Collection from CUST007 – RCV00150,RECEIVABLE,RCV00150,COMPLETED
TXN75B1C3F2,COMP001,CUSTOMER_PAYMENT,18979401.24,2025-07-11,SALES_RECEIPTS,Daily dealership & fleet sales collection,COMPANY,COMP001,COMPLETED
TXNA4A91F42,COMP001,SUPPLIER_PAYMENT,-17093060.62,2025-07-12,PAYABLE,Payment to SUP010 – INV00107,INVOICE,INV00107,COMPLETED
TXNC0FD556B,COMP001,SUPPLIER_PAYMENT,-34206937.4,2025-07-12,PAYABLE,Payment to SUP001 – INV00393,INVOICE,INV00393,COMPLETED
TXN491D4394,COMP001,CUSTOMER_PAYMENT,2222184.14,2025-07-12,SALES_RECEIPTS,Daily dealership & fleet sales collection,COMPANY,COMP001,COMPLETED
TXNA48FA51D,COMP001,SUPPLIER_PAYMENT,-40264157.71,2025-07-12,PAYABLE,Payment to SUP011 – INV00292,INVOICE,INV00292,COMPLETED
TXN89A2F678,COMP001,SUPPLIER_PAYMENT,-44640959.01,2025-07-12,PAYABLE,Payment to SUP008 – INV00278,INVOICE,INV00278,COMPLETED
TXN9DBAC2B8,COMP001,OPERATING_EXPENSE,-1383998.39,2025-07-12,OPEX,Daily operating expenses,COMPANY,COMP001,COMPLETED
TXN36DC4BB9,COMP001,OPERATING_EXPENSE,-746561.73,2025-07-13,OPEX,Daily operating expenses,COMPANY,COMP001,COMPLETED
TXND48B52E5,COMP001,CUSTOMER_PAYMENT,24194088.84,2025-07-13,RECEIVABLE,Collection from CUST017 – RCV00120,RECEIVABLE,RCV00120,COMPLETED
TXN806F8FEC,COMP001,CUSTOMER_PAYMENT,3782081.43,2025-07-13,SALES_RECEIPTS,Daily dealership & fleet sales collection,COMPANY,COMP001,COMPLETED
TXN385E9685,COMP001,SUPPLIER_PAYMENT,-12035453.82,2025-07-13,PAYABLE,Payment to SUP009 – INV00004,INVOICE,INV00004,COMPLETED
TXN324BC228,COMP001,CUSTOMER_PAYMENT,38293128.54,2025-07-14,RECEIVABLE,Collection from CUST007 – RCV00258,RECEIVABLE,RCV00258,COMPLETED
TXN1AA07DD7,COMP001,CUSTOMER_PAYMENT,15676618.63,2025-07-14,SALES_RECEIPTS,Daily dealership & fleet sales collection,COMPANY,COMP001,COMPLETED
TXNE2BAEF8D,COMP001,OPERATING_EXPENSE,-9772338.18,2025-07-14,OPEX,Daily operating expenses,COMPANY,COMP001,COMPLETED
TXN05F2F9EC,COMP001,SUPPLIER_PAYMENT,-51891805.96,2025-07-14,PAYABLE,Payment to SUP006 – INV00270,INVOICE,INV00270,COMPLETED
TXN4E4275EC,COMP001,OPERATING_EXPENSE,-9859107.11,2025-07-15,OPEX,Daily operating expenses,COMPANY,COMP001,COMPLETED
TXN1ED93DA2,COMP001,CUSTOMER_PAYMENT,26001861.95,2025-07-15,SALES_RECEIPTS,Daily dealership & fleet sales collection,COMPANY,COMP001,COMPLETED
TXNE11169DB,COMP001,CUSTOMER_PAYMENT,77310285.94,2025-07-15,RECEIVABLE,Collection from CUST022 – RCV00126,RECEIVABLE,RCV00126,COMPLETED
TXNE47FC32D,COMP001,OPERATING_EXPENSE,-6744697.38,2025-07-16,OPEX,Daily operating expenses,COMPANY,COMP001,COMPLETED
TXNEAF8CB53,COMP001,CUSTOMER_PAYMENT,10393836.18,2025-07-16,SALES_RECEIPTS,Daily dealership & fleet sales collection,COMPANY,COMP001,COMPLETED
TXNC846705A,COMP001,SUPPLIER_PAYMENT,-52639713.58,2025-07-16,PAYABLE,Payment to SUP003 – INV00008,INVOICE,INV00008,COMPLETED
TXN6C57BAE0,COMP001,SUPPLIER_PAYMENT,-4139178.07,2025-07-16,PAYABLE,Payment to SUP003 – INV00422,INVOICE,INV00422,COMPLETED
TXN8C055BEC,COMP001,SUPPLIER_PAYMENT,-39267007.7,2025-07-17,PAYABLE,Payment to SUP003 – INV00203,INVOICE,INV00203,COMPLETED
TXN3F90730C,COMP001,OPERATING_EXPENSE,-5630992.29,2025-07-17,OPEX,Daily operating expenses,COMPANY,COMP001,COMPLETED
TXN31925760,COMP001,SUPPLIER_PAYMENT,-27750119.94,2025-07-17,PAYABLE,Payment to SUP005 – INV00066,INVOICE,INV00066,COMPLETED
TXN12970622,COMP001,SUPPLIER_PAYMENT,-35588666.42,2025-07-17,PAYABLE,Payment to SUP011 – INV00154,INVOICE,INV00154,COMPLETED
TXNCDBF2B83,COMP001,CUSTOMER_PAYMENT,55063942.08,2025-07-17,RECEIVABLE,Collection from CUST004 – RCV00335,RECEIVABLE,RCV00335,COMPLETED
TXN69A5BA1B,COMP001,CUSTOMER_PAYMENT,14701919.81,2025-07-17,SALES_RECEIPTS,Daily dealership & fleet sales collection,COMPANY,COMP001,COMPLETED
TXN959EEFBB,COMP001,CUSTOMER_PAYMENT,64134521.89,2025-07-17,RECEIVABLE,Collection from CUST004 – RCV00040,RECEIVABLE,RCV00040,COMPLETED
TXN402DF122,COMP001,SUPPLIER_PAYMENT,-26068721.99,2025-07-18,PAYABLE,Payment to SUP015 – INV00430,INVOICE,INV00430,COMPLETED
TXN79E0545B,COMP001,SUPPLIER_PAYMENT,-42167735.21,2025-07-18,PAYABLE,Payment to SUP007 – INV00453,INVOICE,INV00453,COMPLETED
TXNCD9FB264,COMP001,OPERATING_EXPENSE,-7713196.32,2025-07-18,OPEX,Daily operating expenses,COMPANY,COMP001,COMPLETED
TXNB679967E,COMP001,SUPPLIER_PAYMENT,-44311823.48,2025-07-18,PAYABLE,Payment to SUP005 – INV00172,INVOICE,INV00172,COMPLETED
TXN31E0CB61,COMP001,CUSTOMER_PAYMENT,26923816.09,2025-07-18,SALES_RECEIPTS,Daily dealership & fleet sales collection,COMPANY,COMP001,COMPLETED
TXN44C44279,COMP001,SUPPLIER_PAYMENT,-50538408.21,2025-07-18,PAYABLE,Payment to SUP009 – INV00058,INVOICE,INV00058,COMPLETED
TXN33118B4B,COMP001,CUSTOMER_PAYMENT,45869919.57,2025-07-19,RECEIVABLE,Collection from CUST016 – RCV00274,RECEIVABLE,RCV00274,COMPLETED
TXN24BE098D,COMP001,CUSTOMER_PAYMENT,1289739.3,2025-07-19,SALES_RECEIPTS,Daily dealership & fleet sales collection,COMPANY,COMP001,COMPLETED
TXN7B878F17,COMP001,OPERATING_EXPENSE,-732009.54,2025-07-19,OPEX,Daily operating expenses,COMPANY,COMP001,COMPLETED
TXN1AE13A16,COMP001,CUSTOMER_PAYMENT,40701274.68,2025-07-20,RECEIVABLE,Collection from CUST001 – RCV00163,RECEIVABLE,RCV00163,COMPLETED
TXN69FE27D6,COMP001,OPERATING_EXPENSE,-1550891.22,2025-07-20,OPEX,Daily operating expenses,COMPANY,COMP001,COMPLETED
TXN81C641EA,COMP001,CUSTOMER_PAYMENT,2617793.2,2025-07-20,SALES_RECEIPTS,Daily dealership & fleet sales collection,COMPANY,COMP001,COMPLETED
TXN6AE4F025,COMP001,OPERATING_EXPENSE,-8471011.15,2025-07-21,OPEX,Daily operating expenses,COMPANY,COMP001,COMPLETED
TXNA95C6098,COMP001,CUSTOMER_PAYMENT,15456798.04,2025-07-21,SALES_RECEIPTS,Daily dealership & fleet sales collection,COMPANY,COMP001,COMPLETED
TXND47024E2,COMP001,SUPPLIER_PAYMENT,-24828369.78,2025-07-21,PAYABLE,Payment to SUP008 – INV00179,INVOICE,INV00179,COMPLETED
TXN1BC6533C,COMP001,SUPPLIER_PAYMENT,-38381645.65,2025-07-22,PAYABLE,Payment to SUP004 – INV00032,INVOICE,INV00032,COMPLETED
TXNB41F9356,COMP001,OPERATING_EXPENSE,-5709615.89,2025-07-22,OPEX,Daily operating expenses,COMPANY,COMP001,COMPLETED
TXNB6385CBA,COMP001,CUSTOMER_PAYMENT,23877408.27,2025-07-22,SALES_RECEIPTS,Daily dealership & fleet sales collection,COMPANY,COMP001,COMPLETED
TXN5B2138B8,COMP001,SUPPLIER_PAYMENT,-49151681.9,2025-07-22,PAYABLE,Payment to SUP015 – INV00140,INVOICE,INV00140,COMPLETED
TXN894C071A,COMP001,OPERATING_EXPENSE,-3314231.26,2025-07-23,OPEX,Daily operating expenses,COMPANY,COMP001,COMPLETED
TXN6CDB74D2,COMP001,CUSTOMER_PAYMENT,10529165.73,2025-07-23,SALES_RECEIPTS,Daily dealership & fleet sales collection,COMPANY,COMP001,COMPLETED
TXN5BB1CE3A,COMP001,UNEXPECTED_EXPENSE,-82910741.2,2025-07-23,EXCEPTIONAL,Regulatory fine,COMPANY,COMP001,COMPLETED
TXN7828B1E6,COMP001,CUSTOMER_PAYMENT,46957391.6,2025-07-23,RECEIVABLE,Collection from CUST020 – RCV00001,RECEIVABLE,RCV00001,COMPLETED
TXN6C6545DD,COMP001,CUSTOMER_PAYMENT,16722758.6,2025-07-23,RECEIVABLE,Collection from CUST001 – RCV00005,RECEIVABLE,RCV00005,COMPLETED
TXNF3A32FB4,COMP001,CUSTOMER_PAYMENT,12958669.86,2025-07-24,SALES_RECEIPTS,Daily dealership & fleet sales collection,COMPANY,COMP001,COMPLETED
TXN349D0E9D,COMP001,CUSTOMER_PAYMENT,42608007.7,2025-07-24,RECEIVABLE,Collection from CUST017 – RCV00242,RECEIVABLE,RCV00242,COMPLETED
TXN1ED6B3AD,COMP001,CUSTOMER_PAYMENT,29653005.87,2025-07-24,RECEIVABLE,Collection from CUST012 – RCV00350,RECEIVABLE,RCV00350,COMPLETED
TXN5F5F078F,COMP001,OPERATING_EXPENSE,-6260233.84,2025-07-24,OPEX,Daily operating expenses,COMPANY,COMP001,COMPLETED
TXN2844AED0,COMP001,CUSTOMER_PAYMENT,28563748.43,2025-07-25,SALES_RECEIPTS,Daily dealership & fleet sales collection,COMPANY,COMP001,COMPLETED
TXNEE4C0437,COMP001,SUPPLIER_PAYMENT,-18102669.41,2025-07-25,PAYABLE,Payment to SUP011 – INV00397,INVOICE,INV00397,COMPLETED
TXN18BCEBD2,COMP001,OPERATING_EXPENSE,-5405780.13,2025-07-25,OPEX,Daily operating expenses,COMPANY,COMP001,COMPLETED
TXN258D3421,COMP001,CUSTOMER_PAYMENT,1933029.34,2025-07-26,SALES_RECEIPTS,Daily dealership & fleet sales collection,COMPANY,COMP001,COMPLETED
TXN333DB83A,COMP001,SUPPLIER_PAYMENT,-14111910.56,2025-07-26,PAYABLE,Payment to SUP009 – INV00150,INVOICE,INV00150,COMPLETED
TXN69438454,COMP001,OPERATING_EXPENSE,-1504111.72,2025-07-26,OPEX,Daily operating expenses,COMPANY,COMP001,COMPLETED
TXNA9327494,COMP001,CUSTOMER_PAYMENT,4647288.25,2025-07-26,RECEIVABLE,Collection from CUST016 – RCV00175,RECEIVABLE,RCV00175,COMPLETED
TXN5835E28B,COMP001,OPERATING_EXPENSE,-768000.72,2025-07-27,OPEX,Daily operating expenses,COMPANY,COMP001,COMPLETED
TXN260D7B77,COMP001,CUSTOMER_PAYMENT,3728351.56,2025-07-27,SALES_RECEIPTS,Daily dealership & fleet sales collection,COMPANY,COMP001,COMPLETED
TXN3A6097EB,COMP001,SUPPLIER_PAYMENT,-37882349.86,2025-07-27,PAYABLE,Payment to SUP006 – INV00225,INVOICE,INV00225,COMPLETED
TXN4506D3EA,COMP001,SUPPLIER_PAYMENT,-50046670.84,2025-07-27,PAYABLE,Payment to SUP002 – INV00249,INVOICE,INV00249,COMPLETED
TXN6FDC9943,COMP001,CUSTOMER_PAYMENT,10203880.78,2025-07-28,SALES_RECEIPTS,Daily dealership & fleet sales collection,COMPANY,COMP001,COMPLETED
TXND41A5D23,COMP001,OPERATING_EXPENSE,-7600401.95,2025-07-28,OPEX,Daily operating expenses,COMPANY,COMP001,COMPLETED
TXN57548192,COMP001,CUSTOMER_PAYMENT,16994671.14,2025-07-28,RECEIVABLE,Collection from CUST008 – RCV00103,RECEIVABLE,RCV00103,COMPLETED
TXN6462EB5A,COMP001,SUPPLIER_PAYMENT,-5020058.62,2025-07-28,PAYABLE,Payment to SUP008 – INV00271,INVOICE,INV00271,COMPLETED
TXN9E1AFF60,COMP001,OPERATING_EXPENSE,-6078860.28,2025-07-29,OPEX,Daily operating expenses,COMPANY,COMP001,COMPLETED
TXN2F4AC7AF,COMP001,SUPPLIER_PAYMENT,-16201189.95,2025-07-29,PAYABLE,Payment to SUP001 – INV00030,INVOICE,INV00030,COMPLETED
TXN46526EB1,COMP001,CUSTOMER_PAYMENT,22495295.88,2025-07-29,SALES_RECEIPTS,Daily dealership & fleet sales collection,COMPANY,COMP001,COMPLETED
TXND4BF8139,COMP001,CUSTOMER_PAYMENT,10438328.57,2025-07-30,RECEIVABLE,Collection from CUST014 – RCV00086,RECEIVABLE,RCV00086,COMPLETED
TXN0E8AF9A3,COMP001,OPERATING_EXPENSE,-8793254.51,2025-07-30,OPEX,Daily operating expenses,COMPANY,COMP001,COMPLETED
TXN3EDA17EB,COMP001,CUSTOMER_PAYMENT,20554711.73,2025-07-30,SALES_RECEIPTS,Daily dealership & fleet sales collection,COMPANY,COMP001,COMPLETED
TXN4472520B,COMP001,OPERATING_EXPENSE,-13561560.56,2025-07-31,OPEX,Daily operating expenses,COMPANY,COMP001,COMPLETED
TXN7F595ECC,COMP001,SUPPLIER_PAYMENT,-29007436.99,2025-07-31,PAYABLE,Payment to SUP006 – INV00482,INVOICE,INV00482,COMPLETED
TXNB42CD3BA,COMP001,CUSTOMER_PAYMENT,11699711.06,2025-07-31,SALES_RECEIPTS,Daily dealership & fleet sales collection,COMPANY,COMP001,COMPLETED
TXN162C0B66,COMP001,CUSTOMER_PAYMENT,51642572.02,2025-08-01,RECEIVABLE,Collection from CUST022 – RCV00177,RECEIVABLE,RCV00177,COMPLETED
TXNBD50AD52,COMP001,SUPPLIER_PAYMENT,-19149019.32,2025-08-01,PAYABLE,Payment to SUP006 – INV00319,INVOICE,INV00319,COMPLETED
TXNAB8E4762,COMP001,SUPPLIER_PAYMENT,-40334192.99,2025-08-01,PAYABLE,Payment to SUP013 – INV00250,INVOICE,INV00250,COMPLETED
TXNA1BF30E7,COMP001,CUSTOMER_PAYMENT,8853570.01,2025-08-01,RECEIVABLE,Collection from CUST024 – RCV00351,RECEIVABLE,RCV00351,COMPLETED
TXN71C49625,COMP001,OPERATING_EXPENSE,-8568541.94,2025-08-01,OPEX,Daily operating expenses,COMPANY,COMP001,COMPLETED
TXN2A4E8B05,COMP001,CUSTOMER_PAYMENT,21032340.93,2025-08-01,SALES_RECEIPTS,Daily dealership & fleet sales collection,COMPANY,COMP001,COMPLETED
TXNBAB5CD88,COMP001,CUSTOMER_PAYMENT,36713034.01,2025-08-02,RECEIVABLE,Collection from CUST022 – RCV00112,RECEIVABLE,RCV00112,COMPLETED
TXN3CE0D676,COMP001,CUSTOMER_PAYMENT,2487603.49,2025-08-02,SALES_RECEIPTS,Daily dealership & fleet sales collection,COMPANY,COMP001,COMPLETED
TXN693E10BA,COMP001,OPERATING_EXPENSE,-1911946.99,2025-08-02,OPEX,Daily operating expenses,COMPANY,COMP001,COMPLETED
TXN08BF8A82,COMP001,SUPPLIER_PAYMENT,-5277715.93,2025-08-02,PAYABLE,Payment to SUP001 – INV00380,INVOICE,INV00380,COMPLETED
TXN4E0C9F52,COMP001,OPERATING_EXPENSE,-634429.11,2025-08-03,OPEX,Daily operating expenses,COMPANY,COMP001,COMPLETED
TXNE6A24329,COMP001,CUSTOMER_PAYMENT,2211478.5,2025-08-03,SALES_RECEIPTS,Daily dealership & fleet sales collection,COMPANY,COMP001,COMPLETED
TXN8B1013CA,COMP001,SUPPLIER_PAYMENT,-47435785.77,2025-08-04,PAYABLE,Payment to SUP009 – INV00347,INVOICE,INV00347,COMPLETED
TXNBCA3A435,COMP001,CUSTOMER_PAYMENT,42663093.93,2025-08-04,RECEIVABLE,Collection from CUST011 – RCV00280,RECEIVABLE,RCV00280,COMPLETED
TXN7FA18D99,COMP001,CUSTOMER_PAYMENT,11747840.19,2025-08-04,SALES_RECEIPTS,Daily dealership & fleet sales collection,COMPANY,COMP001,COMPLETED
TXN8A70CE7C,COMP001,SUPPLIER_PAYMENT,-3812834.0,2025-08-04,PAYABLE,Payment to SUP001 – INV00131,INVOICE,INV00131,COMPLETED
TXND6923174,COMP001,CUSTOMER_PAYMENT,74802744.61,2025-08-04,RECEIVABLE,Collection from CUST017 – RCV00011,RECEIVABLE,RCV00011,COMPLETED
TXN20E53F6C,COMP001,OPERATING_EXPENSE,-3447450.48,2025-08-04,OPEX,Daily operating expenses,COMPANY,COMP001,COMPLETED
TXN6C65D050,COMP001,CUSTOMER_PAYMENT,38284229.76,2025-08-04,RECEIVABLE,Collection from CUST014 – RCV00332,RECEIVABLE,RCV00332,COMPLETED
TXN4FA2F992,COMP001,OPERATING_EXPENSE,-4548920.82,2025-08-05,OPEX,Daily operating expenses,COMPANY,COMP001,COMPLETED
TXNDFD023B3,COMP001,CUSTOMER_PAYMENT,36318888.63,2025-08-05,RECEIVABLE,Collection from CUST012 – RCV00353,RECEIVABLE,RCV00353,COMPLETED
TXN9B5E769F,COMP001,SUPPLIER_PAYMENT,-3523050.71,2025-08-05,PAYABLE,Payment to SUP011 – INV00351,INVOICE,INV00351,COMPLETED
TXN44AA93A2,COMP001,SUPPLIER_PAYMENT,-12874275.97,2025-08-05,PAYABLE,Payment to SUP012 – INV00052,INVOICE,INV00052,COMPLETED
TXN6B2233A1,COMP001,SUPPLIER_PAYMENT,-45529010.63,2025-08-05,PAYABLE,Payment to SUP004 – INV00346,INVOICE,INV00346,COMPLETED
TXN001362F4,COMP001,CUSTOMER_PAYMENT,24681352.65,2025-08-05,SALES_RECEIPTS,Daily dealership & fleet sales collection,COMPANY,COMP001,COMPLETED
TXNDB3655A1,COMP001,OPERATING_EXPENSE,-9444957.08,2025-08-06,OPEX,Daily operating expenses,COMPANY,COMP001,COMPLETED
TXN3C661FEF,COMP001,SUPPLIER_PAYMENT,-54326061.76,2025-08-06,PAYABLE,Payment to SUP008 – INV00372,INVOICE,INV00372,COMPLETED
TXNEB4B0458,COMP001,CUSTOMER_PAYMENT,11594091.08,2025-08-06,SALES_RECEIPTS,Daily dealership & fleet sales collection,COMPANY,COMP001,COMPLETED
TXN2ACCA325,COMP001,CUSTOMER_PAYMENT,41946659.28,2025-08-07,RECEIVABLE,Collection from CUST024 – RCV00208,RECEIVABLE,RCV00208,COMPLETED
TXNC6745EE7,COMP001,OPERATING_EXPENSE,-8703968.96,2025-08-07,OPEX,Daily operating expenses,COMPANY,COMP001,COMPLETED
TXNA69C0AED,COMP001,CUSTOMER_PAYMENT,18681060.06,2025-08-07,SALES_RECEIPTS,Daily dealership & fleet sales collection,COMPANY,COMP001,COMPLETED
TXN46E0554A,COMP001,SUPPLIER_PAYMENT,-38416832.5,2025-08-08,PAYABLE,Payment to SUP005 – INV00036,INVOICE,INV00036,COMPLETED
TXN8906D2EE,COMP001,CUSTOMER_PAYMENT,30852065.49,2025-08-08,SALES_RECEIPTS,Daily dealership & fleet sales collection,COMPANY,COMP001,COMPLETED
TXN118E0270,COMP001,OPERATING_EXPENSE,-4326828.27,2025-08-08,OPEX,Daily operating expenses,COMPANY,COMP001,COMPLETED
TXNA8195499,COMP001,CUSTOMER_PAYMENT,1936745.39,2025-08-09,SALES_RECEIPTS,Daily dealership & fleet sales collection,COMPANY,COMP001,COMPLETED
TXND3AE5068,COMP001,OPERATING_EXPENSE,-1834037.68,2025-08-09,OPEX,Daily operating expenses,COMPANY,COMP001,COMPLETED
TXN7A921BC7,COMP001,SUPPLIER_PAYMENT,-49137402.15,2025-08-09,PAYABLE,Payment to SUP015 – INV00009,INVOICE,INV00009,COMPLETED
TXNCE117352,COMP001,SUPPLIER_PAYMENT,-59124520.0,2025-08-10,PAYABLE,Payment to SUP007 – INV00483,INVOICE,INV00483,COMPLETED
TXN9D320CA4,COMP001,SUPPLIER_PAYMENT,-16565231.22,2025-08-10,PAYABLE,Payment to SUP015 – INV00262,INVOICE,INV00262,COMPLETED
TXN28BD0F9A,COMP001,CUSTOMER_PAYMENT,3822437.18,2025-08-10,SALES_RECEIPTS,Daily dealership & fleet sales collection,COMPANY,COMP001,COMPLETED
TXN1F460268,COMP001,OPERATING_EXPENSE,-1542197.07,2025-08-10,OPEX,Daily operating expenses,COMPANY,COMP001,COMPLETED
TXN547E001E,COMP001,SUPPLIER_PAYMENT,-42289437.85,2025-08-10,PAYABLE,Payment to SUP003 – INV00343,INVOICE,INV00343,COMPLETED
TXN2E6064FC,COMP001,CUSTOMER_PAYMENT,9172927.0,2025-08-10,RECEIVABLE,Collection from CUST001 – RCV00154,RECEIVABLE,RCV00154,COMPLETED
TXNDF5A9744,COMP001,SUPPLIER_PAYMENT,-50605172.45,2025-08-10,PAYABLE,Payment to SUP011 – INV00101,INVOICE,INV00101,COMPLETED
TXN893B26B8,COMP001,OPERATING_EXPENSE,-7608037.25,2025-08-11,OPEX,Daily operating expenses,COMPANY,COMP001,COMPLETED
TXN9900BA93,COMP001,SUPPLIER_PAYMENT,-46045526.75,2025-08-11,PAYABLE,Payment to SUP009 – INV00473,INVOICE,INV00473,COMPLETED
TXNA70F735F,COMP001,SUPPLIER_PAYMENT,-13495785.96,2025-08-11,PAYABLE,Payment to SUP002 – INV00139,INVOICE,INV00139,COMPLETED
TXNB69233BB,COMP001,CUSTOMER_PAYMENT,12588603.94,2025-08-11,SALES_RECEIPTS,Daily dealership & fleet sales collection,COMPANY,COMP001,COMPLETED
TXN33AA81D3,COMP001,CUSTOMER_PAYMENT,9933398.98,2025-08-12,RECEIVABLE,Collection from CUST004 – RCV00071,RECEIVABLE,RCV00071,COMPLETED
TXNBB80FB05,COMP001,SUPPLIER_PAYMENT,-10907101.14,2025-08-12,PAYABLE,Payment to SUP014 – INV00193,INVOICE,INV00193,COMPLETED
TXN3B006A24,COMP001,CUSTOMER_PAYMENT,25915864.98,2025-08-12,SALES_RECEIPTS,Daily dealership & fleet sales collection,COMPANY,COMP001,COMPLETED
TXN591C4322,COMP001,SUPPLIER_PAYMENT,-44742748.6,2025-08-12,PAYABLE,Payment to SUP010 – INV00143,INVOICE,INV00143,COMPLETED
TXN92A1C053,COMP001,OPERATING_EXPENSE,-4510153.08,2025-08-12,OPEX,Daily operating expenses,COMPANY,COMP001,COMPLETED
TXNF9176FE7,COMP001,OPERATING_EXPENSE,-6573005.62,2025-08-13,OPEX,Daily operating expenses,COMPANY,COMP001,COMPLETED
TXNB0D4C5C4,COMP001,CUSTOMER_PAYMENT,14519605.18,2025-08-13,SALES_RECEIPTS,Daily dealership & fleet sales collection,COMPANY,COMP001,COMPLETED
TXN349764FD,COMP001,SUPPLIER_PAYMENT,-35102588.15,2025-08-13,PAYABLE,Payment to SUP015 – INV00398,INVOICE,INV00398,COMPLETED
TXNA4E74D79,COMP001,SUPPLIER_PAYMENT,-28139005.25,2025-08-13,PAYABLE,Payment to SUP013 – INV00313,INVOICE,INV00313,COMPLETED
TXN64793793,COMP001,LOAN_REPAYMENT,-48495396.28,2025-08-14,FINANCING,Repayment to State Bank of India,FINANCING_OPTION,FIN001,COMPLETED
TXNCAFE33C4,COMP001,CUSTOMER_PAYMENT,27426621.47,2025-08-14,RECEIVABLE,Collection from CUST018 – RCV00007,RECEIVABLE,RCV00007,COMPLETED
TXND686F046,COMP001,SUPPLIER_PAYMENT,-47219422.93,2025-08-14,PAYABLE,Payment to SUP015 – INV00069,INVOICE,INV00069,COMPLETED
TXNC4532E3E,COMP001,OPERATING_EXPENSE,-3523519.05,2025-08-14,OPEX,Daily operating expenses,COMPANY,COMP001,COMPLETED
TXND24EB8B0,COMP001,CUSTOMER_PAYMENT,8011009.06,2025-08-14,SALES_RECEIPTS,Daily dealership & fleet sales collection,COMPANY,COMP001,COMPLETED
TXN6DB98D3D,COMP001,SUPPLIER_PAYMENT,-27850283.64,2025-08-14,PAYABLE,Payment to SUP001 – INV00090,INVOICE,INV00090,COMPLETED
TXNB95D624D,COMP001,SUPPLIER_PAYMENT,-44696490.19,2025-08-14,PAYABLE,Payment to SUP011 – INV00080,INVOICE,INV00080,COMPLETED
TXN5F085C32,COMP001,OPERATING_EXPENSE,-4611331.81,2025-08-15,OPEX,Daily operating expenses,COMPANY,COMP001,COMPLETED
TXNBC4F11A5,COMP001,SUPPLIER_PAYMENT,-14577587.04,2025-08-15,PAYABLE,Payment to SUP005 – INV00182,INVOICE,INV00182,COMPLETED
TXN70C120AA,COMP001,CUSTOMER_PAYMENT,24990381.0,2025-08-15,SALES_RECEIPTS,Daily dealership & fleet sales collection,COMPANY,COMP001,COMPLETED
TXN758BFD79,COMP001,CUSTOMER_PAYMENT,35478730.91,2025-08-16,RECEIVABLE,Collection from CUST005 – RCV00173,RECEIVABLE,RCV00173,COMPLETED
TXN7B5ADA77,COMP001,CUSTOMER_PAYMENT,3210847.64,2025-08-16,SALES_RECEIPTS,Daily dealership & fleet sales collection,COMPANY,COMP001,COMPLETED
TXNAE4236B8,COMP001,SUPPLIER_PAYMENT,-40515769.14,2025-08-16,PAYABLE,Payment to SUP010 – INV00198,INVOICE,INV00198,COMPLETED
TXN025F26F3,COMP001,OPERATING_EXPENSE,-1414918.39,2025-08-16,OPEX,Daily operating expenses,COMPANY,COMP001,COMPLETED
TXN31206DBC,COMP001,CUSTOMER_PAYMENT,3711890.44,2025-08-17,SALES_RECEIPTS,Daily dealership & fleet sales collection,COMPANY,COMP001,COMPLETED
TXN5E4BD959,COMP001,CUSTOMER_PAYMENT,17052534.66,2025-08-17,RECEIVABLE,Collection from CUST004 – RCV00201,RECEIVABLE,RCV00201,COMPLETED
TXN677D7996,COMP001,OPERATING_EXPENSE,-1489210.9,2025-08-17,OPEX,Daily operating expenses,COMPANY,COMP001,COMPLETED
TXN1AD1D441,COMP001,OPERATING_EXPENSE,-9424588.13,2025-08-18,OPEX,Daily operating expenses,COMPANY,COMP001,COMPLETED
TXN7211D21F,COMP001,CUSTOMER_PAYMENT,9903496.3,2025-08-18,SALES_RECEIPTS,Daily dealership & fleet sales collection,COMPANY,COMP001,COMPLETED
TXN5112FA81,COMP001,SUPPLIER_PAYMENT,-40252700.65,2025-08-18,PAYABLE,Payment to SUP003 – INV00227,INVOICE,INV00227,COMPLETED
TXN785D2EF8,COMP001,SUPPLIER_PAYMENT,-16894007.97,2025-08-19,PAYABLE,Payment to SUP008 – INV00217,INVOICE,INV00217,COMPLETED
TXN317A89FC,COMP001,OPERATING_EXPENSE,-3193241.02,2025-08-19,OPEX,Daily operating expenses,COMPANY,COMP001,COMPLETED
TXN36197F74,COMP001,CUSTOMER_PAYMENT,30069344.63,2025-08-19,SALES_RECEIPTS,Daily dealership & fleet sales collection,COMPANY,COMP001,COMPLETED
TXN40F50450,COMP001,SUPPLIER_PAYMENT,-34837993.69,2025-08-19,PAYABLE,Payment to SUP001 – INV00211,INVOICE,INV00211,COMPLETED
TXN4B73899E,COMP001,CUSTOMER_PAYMENT,6999389.94,2025-08-19,RECEIVABLE,Collection from CUST003 – RCV00264,RECEIVABLE,RCV00264,COMPLETED
TXN89972D89,COMP001,SUPPLIER_PAYMENT,-7283263.57,2025-08-19,PAYABLE,Payment to SUP014 – INV00288,INVOICE,INV00288,COMPLETED
TXN1FCF667D,COMP001,CUSTOMER_PAYMENT,30459020.7,2025-08-20,RECEIVABLE,Collection from CUST013 – RCV00224,RECEIVABLE,RCV00224,COMPLETED
TXN2905CDC9,COMP001,CUSTOMER_PAYMENT,9244778.15,2025-08-20,SALES_RECEIPTS,Daily dealership & fleet sales collection,COMPANY,COMP001,COMPLETED
TXN24AEEC25,COMP001,CUSTOMER_PAYMENT,74051287.64,2025-08-20,RECEIVABLE,Collection from CUST010 – RCV00349,RECEIVABLE,RCV00349,COMPLETED
TXNE5B47BA2,COMP001,OPERATING_EXPENSE,-6318176.83,2025-08-20,OPEX,Daily operating expenses,COMPANY,COMP001,COMPLETED
TXN77780DF9,COMP001,SUPPLIER_PAYMENT,-41424310.62,2025-08-21,PAYABLE,Payment to SUP010 – INV00100,INVOICE,INV00100,COMPLETED
TXNC05A03AE,COMP001,OPERATING_EXPENSE,-5330311.78,2025-08-21,OPEX,Daily operating expenses,COMPANY,COMP001,COMPLETED
TXN20F3D5B9,COMP001,CUSTOMER_PAYMENT,13125472.14,2025-08-21,SALES_RECEIPTS,Daily dealership & fleet sales collection,COMPANY,COMP001,COMPLETED
TXNBF707EBA,COMP001,CUSTOMER_PAYMENT,20647412.77,2025-08-22,SALES_RECEIPTS,Daily dealership & fleet sales collection,COMPANY,COMP001,COMPLETED
TXN6582C14A,COMP001,OPERATING_EXPENSE,-8430219.75,2025-08-22,OPEX,Daily operating expenses,COMPANY,COMP001,COMPLETED
TXN2126E9CE,COMP001,SUPPLIER_PAYMENT,-33567438.77,2025-08-22,PAYABLE,Payment to SUP014 – INV00075,INVOICE,INV00075,COMPLETED
TXN83C186ED,COMP001,OPERATING_EXPENSE,-1672757.09,2025-08-23,OPEX,Daily operating expenses,COMPANY,COMP001,COMPLETED
TXN197B1FB5,COMP001,CUSTOMER_PAYMENT,63188798.97,2025-08-23,RECEIVABLE,Collection from CUST013 – RCV00279,RECEIVABLE,RCV00279,COMPLETED
TXN5A37186B,COMP001,CUSTOMER_PAYMENT,2050132.13,2025-08-23,SALES_RECEIPTS,Daily dealership & fleet sales collection,COMPANY,COMP001,COMPLETED
TXN4C92EC34,COMP001,CUSTOMER_PAYMENT,56602885.87,2025-08-24,RECEIVABLE,Collection from CUST022 – RCV00233,RECEIVABLE,RCV00233,COMPLETED
TXN9AA08B39,COMP001,OPERATING_EXPENSE,-623252.66,2025-08-24,OPEX,Daily operating expenses,COMPANY,COMP001,COMPLETED
TXNC68F8281,COMP001,CUSTOMER_PAYMENT,3774010.77,2025-08-24,SALES_RECEIPTS,Daily dealership & fleet sales collection,COMPANY,COMP001,COMPLETED
TXN5A60055B,COMP001,CUSTOMER_PAYMENT,20853915.88,2025-08-24,RECEIVABLE,Collection from CUST001 – RCV00171,RECEIVABLE,RCV00171,COMPLETED
TXNEFCC3F70,COMP001,SUPPLIER_PAYMENT,-34770833.25,2025-08-24,PAYABLE,Payment to SUP010 – INV00056,INVOICE,INV00056,COMPLETED
TXNDBEFEC40,COMP001,SUPPLIER_PAYMENT,-5740487.98,2025-08-24,PAYABLE,Payment to SUP012 – INV00464,INVOICE,INV00464,COMPLETED
TXN79A8107F,COMP001,CUSTOMER_PAYMENT,50826205.32,2025-08-25,RECEIVABLE,Collection from CUST022 – RCV00291,RECEIVABLE,RCV00291,COMPLETED
TXNE1454AFF,COMP001,SUPPLIER_PAYMENT,-11560634.11,2025-08-25,PAYABLE,Payment to SUP012 – INV00189,INVOICE,INV00189,COMPLETED
TXND52B813D,COMP001,OPERATING_EXPENSE,-5448970.42,2025-08-25,OPEX,Daily operating expenses,COMPANY,COMP001,COMPLETED
TXN4D9BD55F,COMP001,SUPPLIER_PAYMENT,-40847477.19,2025-08-25,PAYABLE,Payment to SUP014 – INV00015,INVOICE,INV00015,COMPLETED
TXND135F10D,COMP001,CUSTOMER_PAYMENT,15137201.28,2025-08-25,SALES_RECEIPTS,Daily dealership & fleet sales collection,COMPANY,COMP001,COMPLETED
TXN7A11BFB8,COMP001,SUPPLIER_PAYMENT,-9293077.16,2025-08-25,PAYABLE,Payment to SUP004 – INV00235,INVOICE,INV00235,COMPLETED
TXN87DCE648,COMP001,SUPPLIER_PAYMENT,-16962562.82,2025-08-25,PAYABLE,Payment to SUP015 – INV00031,INVOICE,INV00031,COMPLETED
TXN0B70F36E,COMP001,CUSTOMER_PAYMENT,20778670.62,2025-08-26,RECEIVABLE,Collection from CUST006 – RCV00294,RECEIVABLE,RCV00294,COMPLETED
TXN84EB5FD6,COMP001,OPERATING_EXPENSE,-4190066.59,2025-08-26,OPEX,Daily operating expenses,COMPANY,COMP001,COMPLETED
TXN455A8E43,COMP001,CUSTOMER_PAYMENT,19701420.9,2025-08-26,SALES_RECEIPTS,Daily dealership & fleet sales collection,COMPANY,COMP001,COMPLETED
TXNC6F3FE60,COMP001,SUPPLIER_PAYMENT,-35510072.76,2025-08-26,PAYABLE,Payment to SUP010 – INV00305,INVOICE,INV00305,COMPLETED
TXNFBEA7E58,COMP001,CUSTOMER_PAYMENT,18866826.81,2025-08-27,SALES_RECEIPTS,Daily dealership & fleet sales collection,COMPANY,COMP001,COMPLETED
TXNAE504620,COMP001,SUPPLIER_PAYMENT,-40060907.41,2025-08-27,PAYABLE,Payment to SUP006 – INV00148,INVOICE,INV00148,COMPLETED
TXN5BFE79C1,COMP001,OPERATING_EXPENSE,-5044474.64,2025-08-27,OPEX,Daily operating expenses,COMPANY,COMP001,COMPLETED
TXN52AE7849,COMP001,SUPPLIER_PAYMENT,-24239668.61,2025-08-27,PAYABLE,Payment to SUP009 – INV00061,INVOICE,INV00061,COMPLETED
TXNBC0F02D5,COMP001,SUPPLIER_PAYMENT,-44331047.08,2025-08-27,PAYABLE,Payment to SUP005 – INV00444,INVOICE,INV00444,COMPLETED
TXNB92B4002,COMP001,SUPPLIER_PAYMENT,-10672995.8,2025-08-27,PAYABLE,Payment to SUP013 – INV00062,INVOICE,INV00062,COMPLETED
TXN4EAD0F27,COMP001,OPERATING_EXPENSE,-12218655.81,2025-08-28,OPEX,Daily operating expenses,COMPANY,COMP001,COMPLETED
TXNCEF7F380,COMP001,SUPPLIER_PAYMENT,-37173031.88,2025-08-28,PAYABLE,Payment to SUP008 – INV00115,INVOICE,INV00115,COMPLETED
TXND888A290,COMP001,CUSTOMER_PAYMENT,25562665.28,2025-08-28,RECEIVABLE,Collection from CUST020 – RCV00073,RECEIVABLE,RCV00073,COMPLETED
TXNE408C175,COMP001,CUSTOMER_PAYMENT,17838492.73,2025-08-28,SALES_RECEIPTS,Daily dealership & fleet sales collection,COMPANY,COMP001,COMPLETED
TXNCCE317C5,COMP001,SUPPLIER_PAYMENT,-53213449.1,2025-08-29,PAYABLE,Payment to SUP015 – INV00312,INVOICE,INV00312,COMPLETED
TXN741FAE8B,COMP001,SUPPLIER_PAYMENT,-6157066.36,2025-08-29,PAYABLE,Payment to SUP001 – INV00291,INVOICE,INV00291,COMPLETED
TXNAB6D0D77,COMP001,CUSTOMER_PAYMENT,28452486.66,2025-08-29,SALES_RECEIPTS,Daily dealership & fleet sales collection,COMPANY,COMP001,COMPLETED
TXN8CB57D46,COMP001,OPERATING_EXPENSE,-12181668.74,2025-08-29,OPEX,Daily operating expenses,COMPANY,COMP001,COMPLETED
TXNFD102119,COMP001,CUSTOMER_PAYMENT,35912422.39,2025-08-29,RECEIVABLE,Collection from CUST022 – RCV00047,RECEIVABLE,RCV00047,COMPLETED
TXN4264FCC6,COMP001,SUPPLIER_PAYMENT,-46757435.6,2025-08-30,PAYABLE,Payment to SUP015 – INV00034,INVOICE,INV00034,COMPLETED
TXN2A680956,COMP001,SUPPLIER_PAYMENT,-13687929.93,2025-08-30,PAYABLE,Payment to SUP010 – INV00293,INVOICE,INV00293,COMPLETED
TXN483EE698,COMP001,OPERATING_EXPENSE,-1073285.75,2025-08-30,OPEX,Daily operating expenses,COMPANY,COMP001,COMPLETED
TXN1C5A45EE,COMP001,CUSTOMER_PAYMENT,3145495.85,2025-08-30,SALES_RECEIPTS,Daily dealership & fleet sales collection,COMPANY,COMP001,COMPLETED
TXN67B19EB3,COMP001,CUSTOMER_PAYMENT,29393697.79,2025-08-30,RECEIVABLE,Collection from CUST021 – RCV00288,RECEIVABLE,RCV00288,COMPLETED
TXN2F101D0C,COMP001,CUSTOMER_PAYMENT,16117213.35,2025-08-31,RECEIVABLE,Collection from CUST009 – RCV00044,RECEIVABLE,RCV00044,COMPLETED
TXN94AD0DCB,COMP001,OPERATING_EXPENSE,-1073800.97,2025-08-31,OPEX,Daily operating expenses,COMPANY,COMP001,COMPLETED
TXN8DF5B3C6,COMP001,CUSTOMER_PAYMENT,12944768.18,2025-08-31,RECEIVABLE,Collection from CUST008 – RCV00136,RECEIVABLE,RCV00136,COMPLETED
TXNDF521FAC,COMP001,CUSTOMER_PAYMENT,50014381.7,2025-08-31,RECEIVABLE,Collection from CUST018 – RCV00174,RECEIVABLE,RCV00174,COMPLETED
TXN03F505A1,COMP001,CUSTOMER_PAYMENT,1568582.05,2025-08-31,SALES_RECEIPTS,Daily dealership & fleet sales collection,COMPANY,COMP001,COMPLETED
TXNE09D121E,COMP001,UNEXPECTED_EXPENSE,-74369684.59,2025-08-31,EXCEPTIONAL,Regulatory fine,COMPANY,COMP001,COMPLETED
TXND2EE813F,COMP001,SUPPLIER_PAYMENT,-20705555.34,2025-09-01,PAYABLE,Payment to SUP001 – INV00323,INVOICE,INV00323,COMPLETED
TXN48546073,COMP001,CUSTOMER_PAYMENT,11383629.04,2025-09-01,SALES_RECEIPTS,Daily dealership & fleet sales collection,COMPANY,COMP001,COMPLETED
TXNA9D7CF44,COMP001,OPERATING_EXPENSE,-4966355.1,2025-09-01,OPEX,Daily operating expenses,COMPANY,COMP001,COMPLETED
TXN47007043,COMP001,CUSTOMER_PAYMENT,30249439.07,2025-09-02,SALES_RECEIPTS,Daily dealership & fleet sales collection,COMPANY,COMP001,COMPLETED
TXN3F389E4D,COMP001,SUPPLIER_PAYMENT,-34248309.57,2025-09-02,PAYABLE,Payment to SUP006 – INV00283,INVOICE,INV00283,COMPLETED
TXND76A5A3C,COMP001,SUPPLIER_PAYMENT,-53341948.69,2025-09-02,PAYABLE,Payment to SUP004 – INV00041,INVOICE,INV00041,COMPLETED
TXND98AA4F4,COMP001,OPERATING_EXPENSE,-5997772.9,2025-09-02,OPEX,Daily operating expenses,COMPANY,COMP001,COMPLETED
TXN13BB758A,COMP001,OPERATING_EXPENSE,-8487399.73,2025-09-03,OPEX,Daily operating expenses,COMPANY,COMP001,COMPLETED
TXN2CEFBC0C,COMP001,SUPPLIER_PAYMENT,-43568851.38,2025-09-03,PAYABLE,Payment to SUP001 – INV00099,INVOICE,INV00099,COMPLETED
TXN7709B9BB,COMP001,CUSTOMER_PAYMENT,14303865.09,2025-09-03,SALES_RECEIPTS,Daily dealership & fleet sales collection,COMPANY,COMP001,COMPLETED
TXN205DEF66,COMP001,CUSTOMER_PAYMENT,18299208.25,2025-09-04,SALES_RECEIPTS,Daily dealership & fleet sales collection,COMPANY,COMP001,COMPLETED
TXNCD866835,COMP001,OPERATING_EXPENSE,-4068150.16,2025-09-04,OPEX,Daily operating expenses,COMPANY,COMP001,COMPLETED
TXN7259B55C,COMP001,CUSTOMER_PAYMENT,33464025.82,2025-09-04,RECEIVABLE,Collection from CUST017 – RCV00052,RECEIVABLE,RCV00052,COMPLETED
TXNC186579A,COMP001,OPERATING_EXPENSE,-4245513.59,2025-09-05,OPEX,Daily operating expenses,COMPANY,COMP001,COMPLETED
TXN144293C5,COMP001,CUSTOMER_PAYMENT,31056204.98,2025-09-05,SALES_RECEIPTS,Daily dealership & fleet sales collection,COMPANY,COMP001,COMPLETED
TXNC5832646,COMP001,SUPPLIER_PAYMENT,-34840968.68,2025-09-05,PAYABLE,Payment to SUP011 – INV00306,INVOICE,INV00306,COMPLETED
TXN72C00E08,COMP001,CUSTOMER_PAYMENT,2154646.74,2025-09-06,SALES_RECEIPTS,Daily dealership & fleet sales collection,COMPANY,COMP001,COMPLETED
TXN7C7846EB,COMP001,OPERATING_EXPENSE,-597631.53,2025-09-06,OPEX,Daily operating expenses,COMPANY,COMP001,COMPLETED
TXN7BF09461,COMP001,CUSTOMER_PAYMENT,3746127.31,2025-09-07,SALES_RECEIPTS,Daily dealership & fleet sales collection,COMPANY,COMP001,COMPLETED
TXN53D5E873,COMP001,SUPPLIER_PAYMENT,-34620205.16,2025-09-07,PAYABLE,Payment to SUP009 – INV00081,INVOICE,INV00081,COMPLETED
TXNF2873328,COMP001,SUPPLIER_PAYMENT,-22501357.65,2025-09-07,PAYABLE,Payment to SUP003 – INV00353,INVOICE,INV00353,COMPLETED
TXN624A144C,COMP001,OPERATING_EXPENSE,-854986.37,2025-09-07,OPEX,Daily operating expenses,COMPANY,COMP001,COMPLETED
TXN7ACD9B15,COMP001,CUSTOMER_PAYMENT,19045751.67,2025-09-07,RECEIVABLE,Collection from CUST008 – RCV00127,RECEIVABLE,RCV00127,COMPLETED
TXN4BD100BB,COMP001,CUSTOMER_PAYMENT,11816738.22,2025-09-08,SALES_RECEIPTS,Daily dealership & fleet sales collection,COMPANY,COMP001,COMPLETED
TXN362A04A2,COMP001,SUPPLIER_PAYMENT,-23310648.38,2025-09-08,PAYABLE,Payment to SUP010 – INV00222,INVOICE,INV00222,COMPLETED
TXNEA4152AB,COMP001,SUPPLIER_PAYMENT,-42218532.81,2025-09-08,PAYABLE,Payment to SUP008 – INV00273,INVOICE,INV00273,COMPLETED
TXNB5E508E9,COMP001,CUSTOMER_PAYMENT,43403373.29,2025-09-08,RECEIVABLE,Collection from CUST011 – RCV00034,RECEIVABLE,RCV00034,COMPLETED
TXN28590122,COMP001,OPERATING_EXPENSE,-4762142.92,2025-09-08,OPEX,Daily operating expenses,COMPANY,COMP001,COMPLETED
TXNCE2DC2BE,COMP001,CUSTOMER_PAYMENT,60406156.94,2025-09-08,RECEIVABLE,Collection from CUST011 – RCV00176,RECEIVABLE,RCV00176,COMPLETED
TXNBC1B5954,COMP001,CUSTOMER_PAYMENT,23839110.31,2025-09-09,RECEIVABLE,Collection from CUST022 – RCV00106,RECEIVABLE,RCV00106,COMPLETED
TXN8E056698,COMP001,CUSTOMER_PAYMENT,26126479.64,2025-09-09,SALES_RECEIPTS,Daily dealership & fleet sales collection,COMPANY,COMP001,COMPLETED
TXNAC980ECB,COMP001,CUSTOMER_PAYMENT,54878147.72,2025-09-09,RECEIVABLE,Collection from CUST011 – RCV00108,RECEIVABLE,RCV00108,COMPLETED
TXN1C68C1AD,COMP001,CUSTOMER_PAYMENT,32253868.02,2025-09-09,RECEIVABLE,Collection from CUST010 – RCV00036,RECEIVABLE,RCV00036,COMPLETED
TXN6B5EFC65,COMP001,OPERATING_EXPENSE,-9620178.46,2025-09-09,OPEX,Daily operating expenses,COMPANY,COMP001,COMPLETED
TXN6F148365,COMP001,SUPPLIER_PAYMENT,-59959267.91,2025-09-09,PAYABLE,Payment to SUP007 – INV00392,INVOICE,INV00392,COMPLETED
TXN1C59554A,COMP001,CUSTOMER_PAYMENT,15631967.07,2025-09-10,SALES_RECEIPTS,Daily dealership & fleet sales collection,COMPANY,COMP001,COMPLETED
TXNEA5DF231,COMP001,SUPPLIER_PAYMENT,-13818086.85,2025-09-10,PAYABLE,Payment to SUP005 – INV00216,INVOICE,INV00216,COMPLETED
TXNB9DEA691,COMP001,OPERATING_EXPENSE,-7492515.35,2025-09-10,OPEX,Daily operating expenses,COMPANY,COMP001,COMPLETED
TXN03813EAA,COMP001,SUPPLIER_PAYMENT,-49455952.95,2025-09-10,PAYABLE,Payment to SUP012 – INV00415,INVOICE,INV00415,COMPLETED
TXN6D566F3E,COMP001,SUPPLIER_PAYMENT,-12758403.4,2025-09-11,PAYABLE,Payment to SUP002 – INV00298,INVOICE,INV00298,COMPLETED
TXN0DF0CE98,COMP001,OPERATING_EXPENSE,-3019094.34,2025-09-11,OPEX,Daily operating expenses,COMPANY,COMP001,COMPLETED
TXN4A3C1860,COMP001,CUSTOMER_PAYMENT,20261072.73,2025-09-11,SALES_RECEIPTS,Daily dealership & fleet sales collection,COMPANY,COMP001,COMPLETED
TXN7171B492,COMP001,CUSTOMER_PAYMENT,65855180.99,2025-09-11,RECEIVABLE,Collection from CUST010 – RCV00098,RECEIVABLE,RCV00098,COMPLETED
TXN4E5A0F8B,COMP001,CUSTOMER_PAYMENT,31258199.51,2025-09-12,SALES_RECEIPTS,Daily dealership & fleet sales collection,COMPANY,COMP001,COMPLETED
TXN1080B212,COMP001,OPERATING_EXPENSE,-7670343.02,2025-09-12,OPEX,Daily operating expenses,COMPANY,COMP001,COMPLETED
TXN9EC99228,COMP001,OPERATING_EXPENSE,-1886171.08,2025-09-13,OPEX,Daily operating expenses,COMPANY,COMP001,COMPLETED
TXNFFA5DF7F,COMP001,SUPPLIER_PAYMENT,-18887407.96,2025-09-13,PAYABLE,Payment to SUP013 – INV00333,INVOICE,INV00333,COMPLETED
TXNAA419AA9,COMP001,SUPPLIER_PAYMENT,-8280986.34,2025-09-13,PAYABLE,Payment to SUP014 – INV00318,INVOICE,INV00318,COMPLETED
TXN43358EEE,COMP001,CUSTOMER_PAYMENT,3710559.07,2025-09-13,SALES_RECEIPTS,Daily dealership & fleet sales collection,COMPANY,COMP001,COMPLETED
TXNE716A167,COMP001,OPERATING_EXPENSE,-856341.03,2025-09-14,OPEX,Daily operating expenses,COMPANY,COMP001,COMPLETED
TXNDDC678D6,COMP001,CUSTOMER_PAYMENT,67979238.45,2025-09-14,RECEIVABLE,Collection from CUST001 – RCV00066,RECEIVABLE,RCV00066,COMPLETED
TXNBF096250,COMP001,CUSTOMER_PAYMENT,3086924.07,2025-09-14,SALES_RECEIPTS,Daily dealership & fleet sales collection,COMPANY,COMP001,COMPLETED
TXN263366E1,COMP001,OPERATING_EXPENSE,-5063659.16,2025-09-15,OPEX,Daily operating expenses,COMPANY,COMP001,COMPLETED
TXN2167D0E9,COMP001,CUSTOMER_PAYMENT,12817674.45,2025-09-15,SALES_RECEIPTS,Daily dealership & fleet sales collection,COMPANY,COMP001,COMPLETED
TXN579FF24F,COMP001,CUSTOMER_PAYMENT,9996071.33,2025-09-16,RECEIVABLE,Collection from CUST013 – RCV00266,RECEIVABLE,RCV00266,COMPLETED
TXNBF26F088,COMP001,SUPPLIER_PAYMENT,-29941666.32,2025-09-16,PAYABLE,Payment to SUP003 – INV00194,INVOICE,INV00194,COMPLETED
TXN7431D005,COMP001,CUSTOMER_PAYMENT,78726947.47,2025-09-16,RECEIVABLE,Collection from CUST002 – RCV00003,RECEIVABLE,RCV00003,COMPLETED
TXN7C13FB69,COMP001,SUPPLIER_PAYMENT,-4433867.0,2025-09-16,PAYABLE,Payment to SUP014 – INV00230,INVOICE,INV00230,COMPLETED
TXN2140F257,COMP001,OPERATING_EXPENSE,-4783942.12,2025-09-16,OPEX,Daily operating expenses,COMPANY,COMP001,COMPLETED
TXN0CD53E7B,COMP001,CUSTOMER_PAYMENT,18217438.82,2025-09-16,RECEIVABLE,Collection from CUST004 – RCV00334,RECEIVABLE,RCV00334,COMPLETED
TXN91205A2E,COMP001,SUPPLIER_PAYMENT,-11074337.92,2025-09-16,PAYABLE,Payment to SUP015 – INV00401,INVOICE,INV00401,COMPLETED
TXN97BDCD41,COMP001,SUPPLIER_PAYMENT,-31287086.76,2025-09-16,PAYABLE,Payment to SUP001 – INV00332,INVOICE,INV00332,COMPLETED
TXN4D1DA722,COMP001,CUSTOMER_PAYMENT,26976988.04,2025-09-16,SALES_RECEIPTS,Daily dealership & fleet sales collection,COMPANY,COMP001,COMPLETED
TXN362630F8,COMP001,CUSTOMER_PAYMENT,41650041.38,2025-09-16,RECEIVABLE,Collection from CUST011 – RCV00295,RECEIVABLE,RCV00295,COMPLETED
TXNEC972AAD,COMP001,SUPPLIER_PAYMENT,-15137166.71,2025-09-17,PAYABLE,Payment to SUP007 – INV00199,INVOICE,INV00199,COMPLETED
TXNFACCECDD,COMP001,CUSTOMER_PAYMENT,14502272.8,2025-09-17,SALES_RECEIPTS,Daily dealership & fleet sales collection,COMPANY,COMP001,COMPLETED
TXN8CC7F999,COMP001,SUPPLIER_PAYMENT,-40814430.41,2025-09-17,PAYABLE,Payment to SUP013 – INV00477,INVOICE,INV00477,COMPLETED
TXN6ECBD3D6,COMP001,OPERATING_EXPENSE,-7718868.76,2025-09-17,OPEX,Daily operating expenses,COMPANY,COMP001,COMPLETED
TXN1BFE69C3,COMP001,SUPPLIER_PAYMENT,-52051069.66,2025-09-17,PAYABLE,Payment to SUP011 – INV00294,INVOICE,INV00294,COMPLETED
TXN1CF2FA5C,COMP001,CUSTOMER_PAYMENT,52979552.92,2025-09-18,RECEIVABLE,Collection from CUST005 – RCV00142,RECEIVABLE,RCV00142,COMPLETED
TXNA56AA3BD,COMP001,OPERATING_EXPENSE,-4839153.69,2025-09-18,OPEX,Daily operating expenses,COMPANY,COMP001,COMPLETED
TXN0CA6A67B,COMP001,CUSTOMER_PAYMENT,16881513.0,2025-09-18,SALES_RECEIPTS,Daily dealership & fleet sales collection,COMPANY,COMP001,COMPLETED
TXN0A0B8D20,COMP001,OPERATING_EXPENSE,-6695405.62,2025-09-19,OPEX,Daily operating expenses,COMPANY,COMP001,COMPLETED
TXN2DFDD8E3,COMP001,CUSTOMER_PAYMENT,39469573.86,2025-09-19,RECEIVABLE,Collection from CUST012 – RCV00247,RECEIVABLE,RCV00247,COMPLETED
TXN007507CB,COMP001,CUSTOMER_PAYMENT,27534830.77,2025-09-19,SALES_RECEIPTS,Daily dealership & fleet sales collection,COMPANY,COMP001,COMPLETED
TXNAFC115D1,COMP001,SUPPLIER_PAYMENT,-14664296.0,2025-09-19,PAYABLE,Payment to SUP008 – INV00340,INVOICE,INV00340,COMPLETED
TXN4B871CAC,COMP001,OPERATING_EXPENSE,-1950117.25,2025-09-20,OPEX,Daily operating expenses,COMPANY,COMP001,COMPLETED
TXN0D442C41,COMP001,CUSTOMER_PAYMENT,3393578.84,2025-09-20,SALES_RECEIPTS,Daily dealership & fleet sales collection,COMPANY,COMP001,COMPLETED
TXN99605BA6,COMP001,CUSTOMER_PAYMENT,3353474.52,2025-09-21,SALES_RECEIPTS,Daily dealership & fleet sales collection,COMPANY,COMP001,COMPLETED
TXN29F06556,COMP001,OPERATING_EXPENSE,-1051823.59,2025-09-21,OPEX,Daily operating expenses,COMPANY,COMP001,COMPLETED
TXN95D0F4AC,COMP001,SUPPLIER_PAYMENT,-53379126.99,2025-09-22,PAYABLE,Payment to SUP006 – INV00334,INVOICE,INV00334,COMPLETED
TXNBC1C157F,COMP001,SUPPLIER_PAYMENT,-25309766.19,2025-09-22,PAYABLE,Payment to SUP010 – INV00232,INVOICE,INV00232,COMPLETED
TXN4AB561FB,COMP001,OPERATING_EXPENSE,-6333856.42,2025-09-22,OPEX,Daily operating expenses,COMPANY,COMP001,COMPLETED
TXNFC14F617,COMP001,CUSTOMER_PAYMENT,9973794.66,2025-09-22,SALES_RECEIPTS,Daily dealership & fleet sales collection,COMPANY,COMP001,COMPLETED
TXNBF33E462,COMP001,OPERATING_EXPENSE,-9217211.71,2025-09-23,OPEX,Daily operating expenses,COMPANY,COMP001,COMPLETED
TXN1182ACE9,COMP001,CUSTOMER_PAYMENT,45081442.16,2025-09-23,RECEIVABLE,Collection from CUST015 – RCV00023,RECEIVABLE,RCV00023,COMPLETED
TXND84BA646,COMP001,CUSTOMER_PAYMENT,27760388.16,2025-09-23,SALES_RECEIPTS,Daily dealership & fleet sales collection,COMPANY,COMP001,COMPLETED
TXN60FF413A,COMP001,SUPPLIER_PAYMENT,-32820970.4,2025-09-23,PAYABLE,Payment to SUP004 – INV00001,INVOICE,INV00001,COMPLETED
TXN9178A209,COMP001,CUSTOMER_PAYMENT,75217657.69,2025-09-23,RECEIVABLE,Collection from CUST009 – RCV00318,RECEIVABLE,RCV00318,COMPLETED
TXN3F183D64,COMP001,CUSTOMER_PAYMENT,29701783.53,2025-09-23,RECEIVABLE,Collection from CUST014 – RCV00076,RECEIVABLE,RCV00076,COMPLETED
TXN43A3F2B2,COMP001,CUSTOMER_PAYMENT,17273127.26,2025-09-24,SALES_RECEIPTS,Daily dealership & fleet sales collection,COMPANY,COMP001,COMPLETED
TXNF0F09EF6,COMP001,SUPPLIER_PAYMENT,-8882679.34,2025-09-24,PAYABLE,Payment to SUP003 – INV00428,INVOICE,INV00428,COMPLETED
TXND632D7F2,COMP001,CUSTOMER_PAYMENT,45868029.63,2025-09-24,RECEIVABLE,Collection from CUST016 – RCV00276,RECEIVABLE,RCV00276,COMPLETED
TXN25725001,COMP001,CUSTOMER_PAYMENT,32880591.19,2025-09-24,RECEIVABLE,Collection from CUST019 – RCV00219,RECEIVABLE,RCV00219,COMPLETED
TXNF1E11D0A,COMP001,SUPPLIER_PAYMENT,-42169554.55,2025-09-24,PAYABLE,Payment to SUP006 – INV00233,INVOICE,INV00233,COMPLETED
TXN7EFC81AB,COMP001,OPERATING_EXPENSE,-5210056.03,2025-09-24,OPEX,Daily operating expenses,COMPANY,COMP001,COMPLETED
TXN7C5415B7,COMP001,CUSTOMER_PAYMENT,15791072.66,2025-09-25,SALES_RECEIPTS,Daily dealership & fleet sales collection,COMPANY,COMP001,COMPLETED
TXN5E72031E,COMP001,OPERATING_EXPENSE,-3186010.33,2025-09-25,OPEX,Daily operating expenses,COMPANY,COMP001,COMPLETED
TXN519578FD,COMP001,OPERATING_EXPENSE,-4756996.81,2025-09-26,OPEX,Daily operating expenses,COMPANY,COMP001,COMPLETED
TXNE9BBE2DE,COMP001,SUPPLIER_PAYMENT,-57681582.35,2025-09-26,PAYABLE,Payment to SUP012 – INV00084,INVOICE,INV00084,COMPLETED
TXN01D02E78,COMP001,SUPPLIER_PAYMENT,-57567663.92,2025-09-26,PAYABLE,Payment to SUP006 – INV00263,INVOICE,INV00263,COMPLETED
TXN3675AC1F,COMP001,SUPPLIER_PAYMENT,-3841663.74,2025-09-26,PAYABLE,Payment to SUP005 – INV00113,INVOICE,INV00113,COMPLETED
TXNA216495B,COMP001,CUSTOMER_PAYMENT,31158656.64,2025-09-26,SALES_RECEIPTS,Daily dealership & fleet sales collection,COMPANY,COMP001,COMPLETED
TXN1D29805B,COMP001,SUPPLIER_PAYMENT,-50100294.58,2025-09-26,PAYABLE,Payment to SUP012 – INV00362,INVOICE,INV00362,COMPLETED
TXNC205C219,COMP001,CUSTOMER_PAYMENT,20638266.62,2025-09-27,RECEIVABLE,Collection from CUST020 – RCV00192,RECEIVABLE,RCV00192,COMPLETED
TXN0860900C,COMP001,OPERATING_EXPENSE,-1086341.38,2025-09-27,OPEX,Daily operating expenses,COMPANY,COMP001,COMPLETED
TXN5FD73430,COMP001,SUPPLIER_PAYMENT,-39645345.71,2025-09-27,PAYABLE,Payment to SUP003 – INV00010,INVOICE,INV00010,COMPLETED
TXN7FDD5513,COMP001,SUPPLIER_PAYMENT,-3492159.19,2025-09-27,PAYABLE,Payment to SUP014 – INV00255,INVOICE,INV00255,COMPLETED
TXN7FDA951D,COMP001,CUSTOMER_PAYMENT,1242002.19,2025-09-27,SALES_RECEIPTS,Daily dealership & fleet sales collection,COMPANY,COMP001,COMPLETED
TXNB75A28C3,COMP001,CUSTOMER_PAYMENT,42882370.21,2025-09-28,RECEIVABLE,Collection from CUST010 – RCV00084,RECEIVABLE,RCV00084,COMPLETED
TXN5A889106,COMP001,CUSTOMER_PAYMENT,1707027.21,2025-09-28,SALES_RECEIPTS,Daily dealership & fleet sales collection,COMPANY,COMP001,COMPLETED
TXN8F055FDA,COMP001,INTEREST_PAYMENT,-14532480.46,2025-09-28,FINANCING,Quarterly interest payment,FINANCING_OPTION,FIN001,COMPLETED
TXNC8DC8563,COMP001,OPERATING_EXPENSE,-1993683.69,2025-09-28,OPEX,Daily operating expenses,COMPANY,COMP001,COMPLETED
TXN120171A4,COMP001,SUPPLIER_PAYMENT,-19445433.02,2025-09-29,PAYABLE,Payment to SUP007 – INV00252,INVOICE,INV00252,COMPLETED
TXNAAC115CF,COMP001,CUSTOMER_PAYMENT,12556824.61,2025-09-29,SALES_RECEIPTS,Daily dealership & fleet sales collection,COMPANY,COMP001,COMPLETED
TXN3EF31498,COMP001,SUPPLIER_PAYMENT,-33675048.95,2025-09-29,PAYABLE,Payment to SUP007 – INV00315,INVOICE,INV00315,COMPLETED
TXNDE775D5E,COMP001,SUPPLIER_PAYMENT,-27271686.0,2025-09-29,PAYABLE,Payment to SUP008 – INV00038,INVOICE,INV00038,COMPLETED
TXN074414BD,COMP001,OPERATING_EXPENSE,-4520749.0,2025-09-29,OPEX,Daily operating expenses,COMPANY,COMP001,COMPLETED
TXN10A37571,COMP001,SUPPLIER_PAYMENT,-7786933.68,2025-09-30,PAYABLE,Payment to SUP001 – INV00244,INVOICE,INV00244,COMPLETED
TXN765B1AD1,COMP001,CUSTOMER_PAYMENT,25663336.12,2025-09-30,SALES_RECEIPTS,Daily dealership & fleet sales collection,COMPANY,COMP001,COMPLETED
TXND5AE3E47,COMP001,LOAN_REPAYMENT,-34685592.3,2025-09-30,FINANCING,Repayment to ICICI Bank,FINANCING_OPTION,FIN003,COMPLETED
TXN2E1AC62A,COMP001,OPERATING_EXPENSE,-10970217.3,2025-09-30,OPEX,Daily operating expenses,COMPANY,COMP001,COMPLETED
TXN90F88DA2,COMP001,CUSTOMER_PAYMENT,37630810.09,2025-09-30,RECEIVABLE,Collection from CUST021 – RCV00343,RECEIVABLE,RCV00343,COMPLETED
TXNFA587D0D,COMP001,SUPPLIER_PAYMENT,-17380113.34,2025-10-01,PAYABLE,Payment to SUP014 – INV00047,INVOICE,INV00047,COMPLETED
TXN68BF3067,COMP001,OPERATING_EXPENSE,-7199293.73,2025-10-01,OPEX,Daily operating expenses,COMPANY,COMP001,COMPLETED
TXN4590EBC6,COMP001,CUSTOMER_PAYMENT,17260704.39,2025-10-01,SALES_RECEIPTS,Daily dealership & fleet sales collection,COMPANY,COMP001,COMPLETED
TXNF0558A86,COMP001,SUPPLIER_PAYMENT,-51449229.97,2025-10-02,PAYABLE,Payment to SUP001 – INV00462,INVOICE,INV00462,COMPLETED
TXNDE4DDB31,COMP001,OPERATING_EXPENSE,-9908539.63,2025-10-02,OPEX,Daily operating expenses,COMPANY,COMP001,COMPLETED
TXNCDBF37B6,COMP001,CUSTOMER_PAYMENT,9231188.09,2025-10-02,SALES_RECEIPTS,Daily dealership & fleet sales collection,COMPANY,COMP001,COMPLETED
TXN73ED064C,COMP001,SUPPLIER_PAYMENT,-40120095.59,2025-10-03,PAYABLE,Payment to SUP004 – INV00067,INVOICE,INV00067,COMPLETED
TXNAC49C589,COMP001,CUSTOMER_PAYMENT,25719298.46,2025-10-03,SALES_RECEIPTS,Daily dealership & fleet sales collection,COMPANY,COMP001,COMPLETED
TXN37FA1482,COMP001,CUSTOMER_PAYMENT,6971468.91,2025-10-03,RECEIVABLE,Collection from CUST011 – RCV00227,RECEIVABLE,RCV00227,COMPLETED
TXN4027B9C6,COMP001,OPERATING_EXPENSE,-7613264.21,2025-10-03,OPEX,Daily operating expenses,COMPANY,COMP001,COMPLETED
TXN12D731E2,COMP001,CUSTOMER_PAYMENT,78205941.45,2025-10-03,RECEIVABLE,Collection from CUST019 – RCV00189,RECEIVABLE,RCV00189,COMPLETED
TXNB2911896,COMP001,SUPPLIER_PAYMENT,-58531351.73,2025-10-04,PAYABLE,Payment to SUP008 – INV00369,INVOICE,INV00369,COMPLETED
TXN1A80E423,COMP001,OPERATING_EXPENSE,-1361259.73,2025-10-04,OPEX,Daily operating expenses,COMPANY,COMP001,COMPLETED
TXN11E5C26B,COMP001,CUSTOMER_PAYMENT,3986930.39,2025-10-04,SALES_RECEIPTS,Daily dealership & fleet sales collection,COMPANY,COMP001,COMPLETED
TXN3AF2B426,COMP001,CUSTOMER_PAYMENT,76790203.54,2025-10-04,RECEIVABLE,Collection from CUST011 – RCV00268,RECEIVABLE,RCV00268,COMPLETED
TXN937A2619,COMP001,CUSTOMER_PAYMENT,3132224.21,2025-10-05,SALES_RECEIPTS,Daily dealership & fleet sales collection,COMPANY,COMP001,COMPLETED
TXNE7080EC6,COMP001,OPERATING_EXPENSE,-947904.46,2025-10-05,OPEX,Daily operating expenses,COMPANY,COMP001,COMPLETED
TXN6D9F4BC6,COMP001,CUSTOMER_PAYMENT,18570985.9,2025-10-05,RECEIVABLE,Collection from CUST023 – RCV00257,RECEIVABLE,RCV00257,COMPLETED
TXN4C41D88A,COMP001,SUPPLIER_PAYMENT,-12794703.71,2025-10-05,PAYABLE,Payment to SUP002 – INV00005,INVOICE,INV00005,COMPLETED
TXN51CE1833,COMP001,CUSTOMER_PAYMENT,74476274.28,2025-10-05,RECEIVABLE,Collection from CUST007 – RCV00077,RECEIVABLE,RCV00077,COMPLETED
TXN420989F5,COMP001,OPERATING_EXPENSE,-6116142.82,2025-10-06,OPEX,Daily operating expenses,COMPANY,COMP001,COMPLETED
TXN1CE5ECE8,COMP001,SUPPLIER_PAYMENT,-38175261.29,2025-10-06,PAYABLE,Payment to SUP002 – INV00456,INVOICE,INV00456,COMPLETED
TXN7337AC10,COMP001,CUSTOMER_PAYMENT,17036053.98,2025-10-06,SALES_RECEIPTS,Daily dealership & fleet sales collection,COMPANY,COMP001,COMPLETED
TXN5E6B882D,COMP001,SUPPLIER_PAYMENT,-47544705.26,2025-10-07,PAYABLE,Payment to SUP010 – INV00206,INVOICE,INV00206,COMPLETED
TXN5BC0E86F,COMP001,CUSTOMER_PAYMENT,73017100.02,2025-10-07,RECEIVABLE,Collection from CUST011 – RCV00211,RECEIVABLE,RCV00211,COMPLETED
TXN0B1507DF,COMP001,CUSTOMER_PAYMENT,10795626.05,2025-10-07,RECEIVABLE,Collection from CUST022 – RCV00324,RECEIVABLE,RCV00324,COMPLETED
TXNE19D933F,COMP001,OPERATING_EXPENSE,-5573451.78,2025-10-07,OPEX,Daily operating expenses,COMPANY,COMP001,COMPLETED
TXN7EEB6E2D,COMP001,CUSTOMER_PAYMENT,23889304.82,2025-10-07,SALES_RECEIPTS,Daily dealership & fleet sales collection,COMPANY,COMP001,COMPLETED
TXN7CD47030,COMP001,CUSTOMER_PAYMENT,10235369.24,2025-10-08,SALES_RECEIPTS,Daily dealership & fleet sales collection,COMPANY,COMP001,COMPLETED
TXN9580DFD6,COMP001,OPERATING_EXPENSE,-7434592.57,2025-10-08,OPEX,Daily operating expenses,COMPANY,COMP001,COMPLETED
TXNF4F7CED6,COMP001,CUSTOMER_PAYMENT,20451941.91,2025-10-09,SALES_RECEIPTS,Daily dealership & fleet sales collection,COMPANY,COMP001,COMPLETED
TXN485E5555,COMP001,OPERATING_EXPENSE,-3228483.29,2025-10-09,OPEX,Daily operating expenses,COMPANY,COMP001,COMPLETED
TXNBD81294D,COMP001,CUSTOMER_PAYMENT,21679100.06,2025-10-10,SALES_RECEIPTS,Daily dealership & fleet sales collection,COMPANY,COMP001,COMPLETED
TXN1A1F4B6D,COMP001,OPERATING_EXPENSE,-8853720.0,2025-10-10,OPEX,Daily operating expenses,COMPANY,COMP001,COMPLETED
TXNA6F4072D,COMP001,CUSTOMER_PAYMENT,73651485.1,2025-10-10,RECEIVABLE,Collection from CUST017 – RCV00347,RECEIVABLE,RCV00347,COMPLETED
TXNF483D11B,COMP001,SUPPLIER_PAYMENT,-49071133.15,2025-10-10,PAYABLE,Payment to SUP006 – INV00158,INVOICE,INV00158,COMPLETED
TXNAD4F960D,COMP001,SUPPLIER_PAYMENT,-56016883.69,2025-10-10,PAYABLE,Payment to SUP008 – INV00461,INVOICE,INV00461,COMPLETED
TXN04168E67,COMP001,SUPPLIER_PAYMENT,-42435799.12,2025-10-10,PAYABLE,Payment to SUP001 – INV00279,INVOICE,INV00279,COMPLETED
TXNF16FAD65,COMP001,CUSTOMER_PAYMENT,2894782.91,2025-10-11,SALES_RECEIPTS,Daily dealership & fleet sales collection,COMPANY,COMP001,COMPLETED
TXN5091D343,COMP001,SUPPLIER_PAYMENT,-55158720.89,2025-10-11,PAYABLE,Payment to SUP001 – INV00402,INVOICE,INV00402,COMPLETED
TXNFCCB38FC,COMP001,CUSTOMER_PAYMENT,26018293.35,2025-10-11,RECEIVABLE,Collection from CUST003 – RCV00249,RECEIVABLE,RCV00249,COMPLETED
TXN2B9938FA,COMP001,OPERATING_EXPENSE,-1083961.2,2025-10-11,OPEX,Daily operating expenses,COMPANY,COMP001,COMPLETED
TXNF8C2E107,COMP001,OPERATING_EXPENSE,-1692562.01,2025-10-12,OPEX,Daily operating expenses,COMPANY,COMP001,COMPLETED
TXN09ECDC0B,COMP001,CUSTOMER_PAYMENT,2046195.16,2025-10-12,SALES_RECEIPTS,Daily dealership & fleet sales collection,COMPANY,COMP001,COMPLETED
TXN3972FC3A,COMP001,SUPPLIER_PAYMENT,-43112053.76,2025-10-12,PAYABLE,Payment to SUP005 – INV00437,INVOICE,INV00437,COMPLETED
TXN4DFCDB9D,COMP001,CUSTOMER_PAYMENT,27248561.03,2025-10-13,RECEIVABLE,Collection from CUST022 – RCV00102,RECEIVABLE,RCV00102,COMPLETED
TXN13AC8A46,COMP001,CUSTOMER_PAYMENT,14740224.97,2025-10-13,SALES_RECEIPTS,Daily dealership & fleet sales collection,COMPANY,COMP001,COMPLETED
TXN9066241F,COMP001,SUPPLIER_PAYMENT,-55932202.74,2025-10-13,PAYABLE,Payment to SUP004 – INV00141,INVOICE,INV00141,COMPLETED
TXNF870E31A,COMP001,OPERATING_EXPENSE,-7234997.23,2025-10-13,OPEX,Daily operating expenses,COMPANY,COMP001,COMPLETED
TXNCD2955A9,COMP001,SUPPLIER_PAYMENT,-13024326.86,2025-10-13,PAYABLE,Payment to SUP012 – INV00170,INVOICE,INV00170,COMPLETED
TXN21E8CCD2,COMP001,SUPPLIER_PAYMENT,-25295955.07,2025-10-13,PAYABLE,Payment to SUP005 – INV00046,INVOICE,INV00046,COMPLETED
TXN1100E18D,COMP001,SUPPLIER_PAYMENT,-28474262.63,2025-10-13,PAYABLE,Payment to SUP012 – INV00223,INVOICE,INV00223,COMPLETED
TXN90A6BDDB,COMP001,SUPPLIER_PAYMENT,-47549832.46,2025-10-14,PAYABLE,Payment to SUP004 – INV00242,INVOICE,INV00242,COMPLETED
TXN5BF1910A,COMP001,OPERATING_EXPENSE,-5805099.52,2025-10-14,OPEX,Daily operating expenses,COMPANY,COMP001,COMPLETED
TXN701C1BCB,COMP001,CUSTOMER_PAYMENT,30232865.44,2025-10-14,SALES_RECEIPTS,Daily dealership & fleet sales collection,COMPANY,COMP001,COMPLETED
TXN000F7AC8,COMP001,SUPPLIER_PAYMENT,-54001688.96,2025-10-15,PAYABLE,Payment to SUP014 – INV00450,INVOICE,INV00450,COMPLETED
TXN50D8B071,COMP001,OPERATING_EXPENSE,-7839458.52,2025-10-15,OPEX,Daily operating expenses,COMPANY,COMP001,COMPLETED
TXNF7122B25,COMP001,CUSTOMER_PAYMENT,13046570.86,2025-10-15,SALES_RECEIPTS,Daily dealership & fleet sales collection,COMPANY,COMP001,COMPLETED
TXNB9FCB832,COMP001,SUPPLIER_PAYMENT,-28711482.45,2025-10-15,PAYABLE,Payment to SUP013 – INV00365,INVOICE,INV00365,COMPLETED
TXN31DA7015,COMP001,OPERATING_EXPENSE,-3641783.62,2025-10-16,OPEX,Daily operating expenses,COMPANY,COMP001,COMPLETED
TXND739AC8A,COMP001,SUPPLIER_PAYMENT,-32630588.22,2025-10-16,PAYABLE,Payment to SUP004 – INV00145,INVOICE,INV00145,COMPLETED
TXN5E0E80F4,COMP001,CUSTOMER_PAYMENT,20830055.43,2025-10-16,SALES_RECEIPTS,Daily dealership & fleet sales collection,COMPANY,COMP001,COMPLETED
TXN62BE2016,COMP001,SUPPLIER_PAYMENT,-9643910.39,2025-10-16,PAYABLE,Payment to SUP006 – INV00287,INVOICE,INV00287,COMPLETED
TXNAAF322D9,COMP001,CUSTOMER_PAYMENT,67565084.51,2025-10-16,RECEIVABLE,Collection from CUST018 – RCV00078,RECEIVABLE,RCV00078,COMPLETED
TXNBB3F220C,COMP001,OPERATING_EXPENSE,-7856896.53,2025-10-17,OPEX,Daily operating expenses,COMPANY,COMP001,COMPLETED
TXN1FEC093D,COMP001,CUSTOMER_PAYMENT,21719860.93,2025-10-17,SALES_RECEIPTS,Daily dealership & fleet sales collection,COMPANY,COMP001,COMPLETED
TXN5C27B8DD,COMP001,CUSTOMER_PAYMENT,39655326.7,2025-10-18,RECEIVABLE,Collection from CUST012 – RCV00037,RECEIVABLE,RCV00037,COMPLETED
TXN3A914782,COMP001,OPERATING_EXPENSE,-1789261.99,2025-10-18,OPEX,Daily operating expenses,COMPANY,COMP001,COMPLETED
TXNE1EF5D29,COMP001,SUPPLIER_PAYMENT,-14417488.81,2025-10-18,PAYABLE,Payment to SUP013 – INV00310,INVOICE,INV00310,COMPLETED
TXNF153BA75,COMP001,CUSTOMER_PAYMENT,1709376.74,2025-10-18,SALES_RECEIPTS,Daily dealership & fleet sales collection,COMPANY,COMP001,COMPLETED
TXNA0FD33DA,COMP001,OPERATING_EXPENSE,-1370184.91,2025-10-19,OPEX,Daily operating expenses,COMPANY,COMP001,COMPLETED
TXNFC331909,COMP001,CUSTOMER_PAYMENT,29625023.49,2025-10-19,RECEIVABLE,Collection from CUST023 – RCV00199,RECEIVABLE,RCV00199,COMPLETED
TXN3BD96135,COMP001,SUPPLIER_PAYMENT,-4699102.99,2025-10-19,PAYABLE,Payment to SUP008 – INV00373,INVOICE,INV00373,COMPLETED
TXN6460D4B4,COMP001,SUPPLIER_PAYMENT,-27688979.44,2025-10-19,PAYABLE,Payment to SUP015 – INV00336,INVOICE,INV00336,COMPLETED
TXN34C4F705,COMP001,CUSTOMER_PAYMENT,2308985.26,2025-10-19,SALES_RECEIPTS,Daily dealership & fleet sales collection,COMPANY,COMP001,COMPLETED
TXNFA924F05,COMP001,SUPPLIER_PAYMENT,-51219082.72,2025-10-20,PAYABLE,Payment to SUP007 – INV00132,INVOICE,INV00132,COMPLETED
TXN55750823,COMP001,SUPPLIER_PAYMENT,-24914661.1,2025-10-20,PAYABLE,Payment to SUP006 – INV00109,INVOICE,INV00109,COMPLETED
TXN79AD5065,COMP001,SUPPLIER_PAYMENT,-11942035.75,2025-10-20,PAYABLE,Payment to SUP007 – INV00361,INVOICE,INV00361,COMPLETED
TXN77AFCE90,COMP001,OPERATING_EXPENSE,-6078813.22,2025-10-20,OPEX,Daily operating expenses,COMPANY,COMP001,COMPLETED
TXNDAD2F688,COMP001,SUPPLIER_PAYMENT,-54310506.14,2025-10-20,PAYABLE,Payment to SUP015 – INV00302,INVOICE,INV00302,COMPLETED
TXNBF9DCAB8,COMP001,CUSTOMER_PAYMENT,17837871.41,2025-10-20,SALES_RECEIPTS,Daily dealership & fleet sales collection,COMPANY,COMP001,COMPLETED
TXN5A35D809,COMP001,CUSTOMER_PAYMENT,56882007.59,2025-10-21,RECEIVABLE,Collection from CUST019 – RCV00028,RECEIVABLE,RCV00028,COMPLETED
TXN78ACDC14,COMP001,CUSTOMER_PAYMENT,22141328.32,2025-10-21,SALES_RECEIPTS,Daily dealership & fleet sales collection,COMPANY,COMP001,COMPLETED
TXNF7C0B8F2,COMP001,OPERATING_EXPENSE,-7786015.92,2025-10-21,OPEX,Daily operating expenses,COMPANY,COMP001,COMPLETED
TXN42CA8CDA,COMP001,CUSTOMER_PAYMENT,11511893.74,2025-10-22,SALES_RECEIPTS,Daily dealership & fleet sales collection,COMPANY,COMP001,COMPLETED
TXN1543F96A,COMP001,OPERATING_EXPENSE,-6975656.69,2025-10-22,OPEX,Daily operating expenses,COMPANY,COMP001,COMPLETED
TXNC9C017C6,COMP001,CUSTOMER_PAYMENT,59065295.14,2025-10-22,RECEIVABLE,Collection from CUST008 – RCV00203,RECEIVABLE,RCV00203,COMPLETED
TXN2D914DA9,COMP001,OPERATING_EXPENSE,-8157089.33,2025-10-23,OPEX,Daily operating expenses,COMPANY,COMP001,COMPLETED
TXN52F0CB54,COMP001,SUPPLIER_PAYMENT,-30402516.87,2025-10-23,PAYABLE,Payment to SUP008 – INV00419,INVOICE,INV00419,COMPLETED
TXN94B6ABC9,COMP001,SUPPLIER_PAYMENT,-44036807.24,2025-10-23,PAYABLE,Payment to SUP009 – INV00385,INVOICE,INV00385,COMPLETED
TXN68C807FE,COMP001,SUPPLIER_PAYMENT,-25059669.39,2025-10-23,PAYABLE,Payment to SUP001 – INV00400,INVOICE,INV00400,COMPLETED
TXN9BBCF4F5,COMP001,CUSTOMER_PAYMENT,12920381.77,2025-10-23,RECEIVABLE,Collection from CUST017 – RCV00270,RECEIVABLE,RCV00270,COMPLETED
TXN0248E2C4,COMP001,CUSTOMER_PAYMENT,14592221.44,2025-10-23,SALES_RECEIPTS,Daily dealership & fleet sales collection,COMPANY,COMP001,COMPLETED
TXN837ADB60,COMP001,OPERATING_EXPENSE,-8123600.5,2025-10-24,OPEX,Daily operating expenses,COMPANY,COMP001,COMPLETED
TXN97C32581,COMP001,CUSTOMER_PAYMENT,30486763.16,2025-10-24,SALES_RECEIPTS,Daily dealership & fleet sales collection,COMPANY,COMP001,COMPLETED
TXN7C770CB1,COMP001,CUSTOMER_PAYMENT,25954066.14,2025-10-24,RECEIVABLE,Collection from CUST010 – RCV00214,RECEIVABLE,RCV00214,COMPLETED
TXNB41A614D,COMP001,CUSTOMER_PAYMENT,28362221.48,2025-10-24,RECEIVABLE,Collection from CUST002 – RCV00042,RECEIVABLE,RCV00042,COMPLETED
TXN8319F704,COMP001,CUSTOMER_PAYMENT,64015763.59,2025-10-25,RECEIVABLE,Collection from CUST025 – RCV00272,RECEIVABLE,RCV00272,COMPLETED
TXN2CD89F31,COMP001,CUSTOMER_PAYMENT,2014516.39,2025-10-25,SALES_RECEIPTS,Daily dealership & fleet sales collection,COMPANY,COMP001,COMPLETED
TXNB66777B9,COMP001,OPERATING_EXPENSE,-966347.14,2025-10-25,OPEX,Daily operating expenses,COMPANY,COMP001,COMPLETED
TXN2BCE457C,COMP001,CUSTOMER_PAYMENT,23599716.66,2025-10-25,RECEIVABLE,Collection from CUST013 – RCV00225,RECEIVABLE,RCV00225,COMPLETED
TXNCAF9DB78,COMP001,CUSTOMER_PAYMENT,2162005.51,2025-10-26,SALES_RECEIPTS,Daily dealership & fleet sales collection,COMPANY,COMP001,COMPLETED
TXN870FB650,COMP001,OPERATING_EXPENSE,-795259.59,2025-10-26,OPEX,Daily operating expenses,COMPANY,COMP001,COMPLETED
TXND6891C03,COMP001,SUPPLIER_PAYMENT,-17228630.64,2025-10-26,PAYABLE,Payment to SUP006 – INV00478,INVOICE,INV00478,COMPLETED
TXN5007A379,COMP001,CUSTOMER_PAYMENT,12868924.24,2025-10-26,RECEIVABLE,Collection from CUST003 – RCV00222,RECEIVABLE,RCV00222,COMPLETED
TXND7D8565F,COMP001,CUSTOMER_PAYMENT,9455507.56,2025-10-27,SALES_RECEIPTS,Daily dealership & fleet sales collection,COMPANY,COMP001,COMPLETED
TXN6B7BF0CA,COMP001,OPERATING_EXPENSE,-6453623.73,2025-10-27,OPEX,Daily operating expenses,COMPANY,COMP001,COMPLETED
TXNE05AB462,COMP001,CUSTOMER_PAYMENT,18173634.71,2025-10-28,SALES_RECEIPTS,Daily dealership & fleet sales collection,COMPANY,COMP001,COMPLETED
TXN6AFADEAF,COMP001,LOAN_DRAW,77779910.23,2025-10-28,FINANCING,Loan drawdown from Tata Capital Financial Svc,FINANCING_OPTION,FIN005,COMPLETED
TXN3A75E3E6,COMP001,SUPPLIER_PAYMENT,-59820417.88,2025-10-28,PAYABLE,Payment to SUP010 – INV00391,INVOICE,INV00391,COMPLETED
TXN09C8CB19,COMP001,OPERATING_EXPENSE,-6527005.65,2025-10-28,OPEX,Daily operating expenses,COMPANY,COMP001,COMPLETED
TXN3C4BE4CC,COMP001,SUPPLIER_PAYMENT,-56710986.15,2025-10-29,PAYABLE,Payment to SUP008 – INV00210,INVOICE,INV00210,COMPLETED
TXN84A112BE,COMP001,CUSTOMER_PAYMENT,10272140.26,2025-10-29,SALES_RECEIPTS,Daily dealership & fleet sales collection,COMPANY,COMP001,COMPLETED
TXN17C3D21B,COMP001,OPERATING_EXPENSE,-7360801.05,2025-10-29,OPEX,Daily operating expenses,COMPANY,COMP001,COMPLETED
TXN56301101,COMP001,OPERATING_EXPENSE,-11475730.72,2025-10-30,OPEX,Daily operating expenses,COMPANY,COMP001,COMPLETED
TXN18E7D8EF,COMP001,CUSTOMER_PAYMENT,65192638.74,2025-10-30,RECEIVABLE,Collection from CUST022 – RCV00024,RECEIVABLE,RCV00024,COMPLETED
TXN7EF050FB,COMP001,SUPPLIER_PAYMENT,-12113087.75,2025-10-30,PAYABLE,Payment to SUP006 – INV00022,INVOICE,INV00022,COMPLETED
TXN8C3EB48B,COMP001,CUSTOMER_PAYMENT,78710136.39,2025-10-30,RECEIVABLE,Collection from CUST003 – RCV00306,RECEIVABLE,RCV00306,COMPLETED
TXN78F870F8,COMP001,CUSTOMER_PAYMENT,12564677.76,2025-10-30,SALES_RECEIPTS,Daily dealership & fleet sales collection,COMPANY,COMP001,COMPLETED
TXN1583C149,COMP001,OPERATING_EXPENSE,-12377542.51,2025-10-31,OPEX,Daily operating expenses,COMPANY,COMP001,COMPLETED
TXN67418861,COMP001,CUSTOMER_PAYMENT,36013000.03,2025-10-31,RECEIVABLE,Collection from CUST018 – RCV00074,RECEIVABLE,RCV00074,COMPLETED
TXN6ADF30E3,COMP001,CUSTOMER_PAYMENT,50192456.36,2025-10-31,RECEIVABLE,Collection from CUST009 – RCV00129,RECEIVABLE,RCV00129,COMPLETED
TXN90E0F392,COMP001,CUSTOMER_PAYMENT,21087713.5,2025-10-31,SALES_RECEIPTS,Daily dealership & fleet sales collection,COMPANY,COMP001,COMPLETED
TXNCBB69D82,COMP001,CUSTOMER_PAYMENT,3159826.15,2025-11-01,SALES_RECEIPTS,Daily dealership & fleet sales collection,COMPANY,COMP001,COMPLETED
TXN40B8C74C,COMP001,OPERATING_EXPENSE,-723492.53,2025-11-01,OPEX,Daily operating expenses,COMPANY,COMP001,COMPLETED
TXN4A2BDA93,COMP001,SUPPLIER_PAYMENT,-54662962.52,2025-11-01,PAYABLE,Payment to SUP015 – INV00214,INVOICE,INV00214,COMPLETED
TXND34897C4,COMP001,CUSTOMER_PAYMENT,1517870.45,2025-11-02,SALES_RECEIPTS,Daily dealership & fleet sales collection,COMPANY,COMP001,COMPLETED
TXN8694683C,COMP001,SUPPLIER_PAYMENT,-22892784.05,2025-11-02,PAYABLE,Payment to SUP011 – INV00127,INVOICE,INV00127,COMPLETED
TXNCD49764D,COMP001,OPERATING_EXPENSE,-1661977.39,2025-11-02,OPEX,Daily operating expenses,COMPANY,COMP001,COMPLETED
TXNCD58C3BA,COMP001,SUPPLIER_PAYMENT,-42812191.69,2025-11-03,PAYABLE,Payment to SUP012 – INV00180,INVOICE,INV00180,COMPLETED
TXN442EF671,COMP001,OPERATING_EXPENSE,-7184420.42,2025-11-03,OPEX,Daily operating expenses,COMPANY,COMP001,COMPLETED
TXN3CE58456,COMP001,SUPPLIER_PAYMENT,-10338834.65,2025-11-03,PAYABLE,Payment to SUP006 – INV00048,INVOICE,INV00048,COMPLETED
TXN878DA83C,COMP001,CUSTOMER_PAYMENT,14978409.1,2025-11-03,SALES_RECEIPTS,Daily dealership & fleet sales collection,COMPANY,COMP001,COMPLETED
TXN6C254D2C,COMP001,CUSTOMER_PAYMENT,54165519.76,2025-11-04,RECEIVABLE,Collection from CUST006 – RCV00246,RECEIVABLE,RCV00246,COMPLETED
TXNB45BBF70,COMP001,CUSTOMER_PAYMENT,25304938.09,2025-11-04,SALES_RECEIPTS,Daily dealership & fleet sales collection,COMPANY,COMP001,COMPLETED
TXNA8B1EDBB,COMP001,OPERATING_EXPENSE,-5508074.84,2025-11-04,OPEX,Daily operating expenses,COMPANY,COMP001,COMPLETED
TXN00DC92F4,COMP001,CUSTOMER_PAYMENT,61180986.18,2025-11-04,RECEIVABLE,Collection from CUST007 – RCV00304,RECEIVABLE,RCV00304,COMPLETED
TXNC8DB0001,COMP001,SUPPLIER_PAYMENT,-8355520.7,2025-11-04,PAYABLE,Payment to SUP003 – INV00018,INVOICE,INV00018,COMPLETED
TXNB9F03E01,COMP001,CUSTOMER_PAYMENT,23982856.33,2025-11-05,RECEIVABLE,Collection from CUST017 – RCV00239,RECEIVABLE,RCV00239,COMPLETED
TXNC74CBE08,COMP001,SUPPLIER_PAYMENT,-22333814.42,2025-11-05,PAYABLE,Payment to SUP005 – INV00468,INVOICE,INV00468,COMPLETED
TXN86CD4643,COMP001,OPERATING_EXPENSE,-7135007.99,2025-11-05,OPEX,Daily operating expenses,COMPANY,COMP001,COMPLETED
TXNE0F46029,COMP001,CUSTOMER_PAYMENT,17274161.5,2025-11-05,SALES_RECEIPTS,Daily dealership & fleet sales collection,COMPANY,COMP001,COMPLETED
TXN76D7AD94,COMP001,SUPPLIER_PAYMENT,-38564840.99,2025-11-06,PAYABLE,Payment to SUP003 – INV00295,INVOICE,INV00295,COMPLETED
TXN59FE181E,COMP001,OPERATING_EXPENSE,-7291384.61,2025-11-06,OPEX,Daily operating expenses,COMPANY,COMP001,COMPLETED
TXND1B96922,COMP001,CUSTOMER_PAYMENT,42425360.14,2025-11-06,RECEIVABLE,Collection from CUST008 – RCV00329,RECEIVABLE,RCV00329,COMPLETED
TXNF095080F,COMP001,CUSTOMER_PAYMENT,9817161.53,2025-11-06,SALES_RECEIPTS,Daily dealership & fleet sales collection,COMPANY,COMP001,COMPLETED
TXN4697A1DF,COMP001,CUSTOMER_PAYMENT,22931279.15,2025-11-07,SALES_RECEIPTS,Daily dealership & fleet sales collection,COMPANY,COMP001,COMPLETED
TXNE1C01972,COMP001,OPERATING_EXPENSE,-4544438.94,2025-11-07,OPEX,Daily operating expenses,COMPANY,COMP001,COMPLETED
TXNCAFC528B,COMP001,SUPPLIER_PAYMENT,-14937912.1,2025-11-07,PAYABLE,Payment to SUP009 – INV00358,INVOICE,INV00358,COMPLETED
TXN468C2DEF,COMP001,OPERATING_EXPENSE,-1637780.98,2025-11-08,OPEX,Daily operating expenses,COMPANY,COMP001,COMPLETED
TXNE3816F3C,COMP001,CUSTOMER_PAYMENT,3283103.2,2025-11-08,SALES_RECEIPTS,Daily dealership & fleet sales collection,COMPANY,COMP001,COMPLETED
TXND55E1817,COMP001,SUPPLIER_PAYMENT,-27796321.66,2025-11-08,PAYABLE,Payment to SUP004 – INV00049,INVOICE,INV00049,COMPLETED
TXN9614FE63,COMP001,CUSTOMER_PAYMENT,22967717.18,2025-11-08,RECEIVABLE,Collection from CUST012 – RCV00152,RECEIVABLE,RCV00152,COMPLETED
TXN59CB9C20,COMP001,OPERATING_EXPENSE,-1937975.11,2025-11-09,OPEX,Daily operating expenses,COMPANY,COMP001,COMPLETED
TXN8E664B85,COMP001,SUPPLIER_PAYMENT,-59748587.5,2025-11-09,PAYABLE,Payment to SUP007 – INV00412,INVOICE,INV00412,COMPLETED
TXNA67011C1,COMP001,SUPPLIER_PAYMENT,-13955924.63,2025-11-09,PAYABLE,Payment to SUP004 – INV00188,INVOICE,INV00188,COMPLETED
TXN3730B535,COMP001,SUPPLIER_PAYMENT,-16143863.98,2025-11-09,PAYABLE,Payment to SUP012 – INV00370,INVOICE,INV00370,COMPLETED
TXN0D9AA0BB,COMP001,CUSTOMER_PAYMENT,48842441.79,2025-11-09,RECEIVABLE,Collection from CUST013 – RCV00331,RECEIVABLE,RCV00331,COMPLETED
TXN13380FF0,COMP001,CUSTOMER_PAYMENT,3601323.01,2025-11-09,SALES_RECEIPTS,Daily dealership & fleet sales collection,COMPANY,COMP001,COMPLETED
TXN9F59F014,COMP001,CUSTOMER_PAYMENT,9188516.77,2025-11-10,SALES_RECEIPTS,Daily dealership & fleet sales collection,COMPANY,COMP001,COMPLETED
TXN8AC0D2C3,COMP001,OPERATING_EXPENSE,-6921293.99,2025-11-10,OPEX,Daily operating expenses,COMPANY,COMP001,COMPLETED
TXN1055D279,COMP001,OPERATING_EXPENSE,-8092343.51,2025-11-11,OPEX,Daily operating expenses,COMPANY,COMP001,COMPLETED
TXN04F2D1D7,COMP001,SUPPLIER_PAYMENT,-3172555.0,2025-11-11,PAYABLE,Payment to SUP015 – INV00327,INVOICE,INV00327,COMPLETED
TXNFE3A8528,COMP001,CUSTOMER_PAYMENT,23718827.18,2025-11-11,SALES_RECEIPTS,Daily dealership & fleet sales collection,COMPANY,COMP001,COMPLETED
TXN94C7CAEF,COMP001,CUSTOMER_PAYMENT,17159475.95,2025-11-12,SALES_RECEIPTS,Daily dealership & fleet sales collection,COMPANY,COMP001,COMPLETED
TXN44B71C14,COMP001,OPERATING_EXPENSE,-9924271.13,2025-11-12,OPEX,Daily operating expenses,COMPANY,COMP001,COMPLETED
TXNBB7F201F,COMP001,CUSTOMER_PAYMENT,46413843.12,2025-11-12,RECEIVABLE,Collection from CUST017 – RCV00228,RECEIVABLE,RCV00228,COMPLETED
TXNE25428AA,COMP001,CUSTOMER_PAYMENT,68013362.95,2025-11-12,RECEIVABLE,Collection from CUST019 – RCV00217,RECEIVABLE,RCV00217,COMPLETED
TXNE1CFB416,COMP001,OPERATING_EXPENSE,-5792437.47,2025-11-13,OPEX,Daily operating expenses,COMPANY,COMP001,COMPLETED
TXN8328D8F9,COMP001,SUPPLIER_PAYMENT,-11754884.54,2025-11-13,PAYABLE,Payment to SUP008 – INV00155,INVOICE,INV00155,COMPLETED
TXNEB780B02,COMP001,CUSTOMER_PAYMENT,11906069.57,2025-11-13,SALES_RECEIPTS,Daily dealership & fleet sales collection,COMPANY,COMP001,COMPLETED
TXN41A202A6,COMP001,SUPPLIER_PAYMENT,-16878072.34,2025-11-13,PAYABLE,Payment to SUP005 – INV00035,INVOICE,INV00035,COMPLETED
TXND0B56435,COMP001,SUPPLIER_PAYMENT,-11592591.68,2025-11-14,PAYABLE,Payment to SUP004 – INV00016,INVOICE,INV00016,COMPLETED
TXN283BF270,COMP001,CUSTOMER_PAYMENT,28910046.87,2025-11-14,SALES_RECEIPTS,Daily dealership & fleet sales collection,COMPANY,COMP001,COMPLETED
TXNA8FC1466,COMP001,SUPPLIER_PAYMENT,-9138125.19,2025-11-14,PAYABLE,Payment to SUP015 – INV00317,INVOICE,INV00317,COMPLETED
TXNE859900D,COMP001,OPERATING_EXPENSE,-4500047.5,2025-11-14,OPEX,Daily operating expenses,COMPANY,COMP001,COMPLETED
TXNA9B5300A,COMP001,CUSTOMER_PAYMENT,9784107.31,2025-11-15,RECEIVABLE,Collection from CUST024 – RCV00054,RECEIVABLE,RCV00054,COMPLETED
TXN9A5273BE,COMP001,CUSTOMER_PAYMENT,1088469.71,2025-11-15,SALES_RECEIPTS,Daily dealership & fleet sales collection,COMPANY,COMP001,COMPLETED
TXNAE5CDE67,COMP001,OPERATING_EXPENSE,-569504.97,2025-11-15,OPEX,Daily operating expenses,COMPANY,COMP001,COMPLETED
TXN2FBF4647,COMP001,SUPPLIER_PAYMENT,-8868624.11,2025-11-16,PAYABLE,Payment to SUP013 – INV00133,INVOICE,INV00133,COMPLETED
TXN18DFA53C,COMP001,SUPPLIER_PAYMENT,-20737969.59,2025-11-16,PAYABLE,Payment to SUP011 – INV00440,INVOICE,INV00440,COMPLETED
TXN0F2C178E,COMP001,SUPPLIER_PAYMENT,-24636891.68,2025-11-16,PAYABLE,Payment to SUP014 – INV00258,INVOICE,INV00258,COMPLETED
TXN0266A0D0,COMP001,OPERATING_EXPENSE,-1508278.46,2025-11-16,OPEX,Daily operating expenses,COMPANY,COMP001,COMPLETED
TXN25389F37,COMP001,CUSTOMER_PAYMENT,3884038.23,2025-11-16,SALES_RECEIPTS,Daily dealership & fleet sales collection,COMPANY,COMP001,COMPLETED
TXN901DDD00,COMP001,SUPPLIER_PAYMENT,-38143020.93,2025-11-17,PAYABLE,Payment to SUP008 – INV00054,INVOICE,INV00054,COMPLETED
TXND8670F9E,COMP001,CUSTOMER_PAYMENT,16565345.16,2025-11-17,SALES_RECEIPTS,Daily dealership & fleet sales collection,COMPANY,COMP001,COMPLETED
TXN47C8A243,COMP001,OPERATING_EXPENSE,-6175105.75,2025-11-17,OPEX,Daily operating expenses,COMPANY,COMP001,COMPLETED
TXN1266BC06,COMP001,CUSTOMER_PAYMENT,79218146.62,2025-11-17,RECEIVABLE,Collection from CUST021 – RCV00075,RECEIVABLE,RCV00075,COMPLETED
TXN8DF58DDC,COMP001,CUSTOMER_PAYMENT,5186969.42,2025-11-18,RECEIVABLE,Collection from CUST005 – RCV00292,RECEIVABLE,RCV00292,COMPLETED
TXN7C208336,COMP001,SUPPLIER_PAYMENT,-44240335.43,2025-11-18,PAYABLE,Payment to SUP014 – INV00321,INVOICE,INV00321,COMPLETED
TXN60FA2D7E,COMP001,CUSTOMER_PAYMENT,17804076.86,2025-11-18,SALES_RECEIPTS,Daily dealership & fleet sales collection,COMPANY,COMP001,COMPLETED
TXN73BD3BFE,COMP001,OPERATING_EXPENSE,-7414022.53,2025-11-18,OPEX,Daily operating expenses,COMPANY,COMP001,COMPLETED
TXN9EC09C8B,COMP001,CUSTOMER_PAYMENT,8069682.28,2025-11-19,SALES_RECEIPTS,Daily dealership & fleet sales collection,COMPANY,COMP001,COMPLETED
TXN2D0D5CCE,COMP001,SUPPLIER_PAYMENT,-33327953.58,2025-11-19,PAYABLE,Payment to SUP012 – INV00268,INVOICE,INV00268,COMPLETED
TXN745B4ADB,COMP001,SUPPLIER_PAYMENT,-33227923.52,2025-11-19,PAYABLE,Payment to SUP001 – INV00028,INVOICE,INV00028,COMPLETED
TXN898B7AF6,COMP001,OPERATING_EXPENSE,-9327996.96,2025-11-19,OPEX,Daily operating expenses,COMPANY,COMP001,COMPLETED
TXNBECEBF26,COMP001,SUPPLIER_PAYMENT,-19566017.2,2025-11-20,PAYABLE,Payment to SUP007 – INV00359,INVOICE,INV00359,COMPLETED
TXN76763EC2,COMP001,SUPPLIER_PAYMENT,-16200364.13,2025-11-20,PAYABLE,Payment to SUP008 – INV00186,INVOICE,INV00186,COMPLETED
TXNE5B480FF,COMP001,CUSTOMER_PAYMENT,20659185.24,2025-11-20,RECEIVABLE,Collection from CUST010 – RCV00245,RECEIVABLE,RCV00245,COMPLETED
TXN1F86CF72,COMP001,OPERATING_EXPENSE,-6042390.91,2025-11-20,OPEX,Daily operating expenses,COMPANY,COMP001,COMPLETED
TXN2DF05BC5,COMP001,CUSTOMER_PAYMENT,10865539.01,2025-11-20,SALES_RECEIPTS,Daily dealership & fleet sales collection,COMPANY,COMP001,COMPLETED
TXN19C711A5,COMP001,SUPPLIER_PAYMENT,-25990384.77,2025-11-20,PAYABLE,Payment to SUP002 – INV00192,INVOICE,INV00192,COMPLETED
TXNE51EE21D,COMP001,OPERATING_EXPENSE,-6861916.9,2025-11-21,OPEX,Daily operating expenses,COMPANY,COMP001,COMPLETED
TXNDD0621D7,COMP001,SUPPLIER_PAYMENT,-14152507.26,2025-11-21,PAYABLE,Payment to SUP001 – INV00399,INVOICE,INV00399,COMPLETED
TXNDD23E9E9,COMP001,CUSTOMER_PAYMENT,27305691.07,2025-11-21,SALES_RECEIPTS,Daily dealership & fleet sales collection,COMPANY,COMP001,COMPLETED
TXNE71EFEA8,COMP001,CUSTOMER_PAYMENT,20727435.63,2025-11-21,RECEIVABLE,Collection from CUST022 – RCV00303,RECEIVABLE,RCV00303,COMPLETED
TXN4672AC3C,COMP001,SUPPLIER_PAYMENT,-27489949.4,2025-11-21,PAYABLE,Payment to SUP015 – INV00091,INVOICE,INV00091,COMPLETED
TXN1EC9D6E2,COMP001,CUSTOMER_PAYMENT,1128084.07,2025-11-22,SALES_RECEIPTS,Daily dealership & fleet sales collection,COMPANY,COMP001,COMPLETED
TXN5B1B740E,COMP001,CUSTOMER_PAYMENT,52132706.68,2025-11-22,RECEIVABLE,Collection from CUST006 – RCV00093,RECEIVABLE,RCV00093,COMPLETED
TXN87AB391C,COMP001,OPERATING_EXPENSE,-1663910.95,2025-11-22,OPEX,Daily operating expenses,COMPANY,COMP001,COMPLETED
TXN7BC64EBD,COMP001,CUSTOMER_PAYMENT,1546893.14,2025-11-23,SALES_RECEIPTS,Daily dealership & fleet sales collection,COMPANY,COMP001,COMPLETED
TXN60B8E4C8,COMP001,OPERATING_EXPENSE,-1947131.68,2025-11-23,OPEX,Daily operating expenses,COMPANY,COMP001,COMPLETED
TXN29A6F698,COMP001,OPERATING_EXPENSE,-7728861.68,2025-11-24,OPEX,Daily operating expenses,COMPANY,COMP001,COMPLETED
TXN3AFAFF34,COMP001,CUSTOMER_PAYMENT,8613690.86,2025-11-24,SALES_RECEIPTS,Daily dealership & fleet sales collection,COMPANY,COMP001,COMPLETED
TXNDD248944,COMP001,CUSTOMER_PAYMENT,31946719.87,2025-11-24,RECEIVABLE,Collection from CUST001 – RCV00155,RECEIVABLE,RCV00155,COMPLETED
TXN52D252ED,COMP001,SUPPLIER_PAYMENT,-29085572.26,2025-11-25,PAYABLE,Payment to SUP014 – INV00072,INVOICE,INV00072,COMPLETED
TXN0AED2C82,COMP001,OPERATING_EXPENSE,-5185393.71,2025-11-25,OPEX,Daily operating expenses,COMPANY,COMP001,COMPLETED
TXN3F13F964,COMP001,CUSTOMER_PAYMENT,17906137.84,2025-11-25,SALES_RECEIPTS,Daily dealership & fleet sales collection,COMPANY,COMP001,COMPLETED
TXN1A6955C2,COMP001,CUSTOMER_PAYMENT,56037931.37,2025-11-25,RECEIVABLE,Collection from CUST013 – RCV00145,RECEIVABLE,RCV00145,COMPLETED
TXN22ED7BAA,COMP001,SUPPLIER_PAYMENT,-26730437.15,2025-11-25,PAYABLE,Payment to SUP005 – INV00118,INVOICE,INV00118,COMPLETED
TXN9B501B8E,COMP001,CUSTOMER_PAYMENT,35338026.66,2025-11-26,RECEIVABLE,Collection from CUST014 – RCV00104,RECEIVABLE,RCV00104,COMPLETED
TXN5E7AFB71,COMP001,OPERATING_EXPENSE,-6217073.94,2025-11-26,OPEX,Daily operating expenses,COMPANY,COMP001,COMPLETED
TXN39F725F2,COMP001,CUSTOMER_PAYMENT,11151661.27,2025-11-26,SALES_RECEIPTS,Daily dealership & fleet sales collection,COMPANY,COMP001,COMPLETED
TXN9CA5D147,COMP001,CUSTOMER_PAYMENT,14204009.14,2025-11-27,SALES_RECEIPTS,Daily dealership & fleet sales collection,COMPANY,COMP001,COMPLETED
TXNA4559A66,COMP001,OPERATING_EXPENSE,-9033136.16,2025-11-27,OPEX,Daily operating expenses,COMPANY,COMP001,COMPLETED
TXN4FB31C22,COMP001,CUSTOMER_PAYMENT,36572600.13,2025-11-28,RECEIVABLE,Collection from CUST011 – RCV00133,RECEIVABLE,RCV00133,COMPLETED
TXNE4887AF8,COMP001,OPERATING_EXPENSE,-4435481.12,2025-11-28,OPEX,Daily operating expenses,COMPANY,COMP001,COMPLETED
TXN2E16A2EF,COMP001,SUPPLIER_PAYMENT,-47703168.7,2025-11-28,PAYABLE,Payment to SUP004 – INV00471,INVOICE,INV00471,COMPLETED
TXNE48A4D9D,COMP001,CUSTOMER_PAYMENT,36276840.61,2025-11-28,RECEIVABLE,Collection from CUST022 – RCV00200,RECEIVABLE,RCV00200,COMPLETED
TXNBD2BB603,COMP001,CUSTOMER_PAYMENT,20249784.96,2025-11-28,SALES_RECEIPTS,Daily dealership & fleet sales collection,COMPANY,COMP001,COMPLETED
TXN4A5715F3,COMP001,OPERATING_EXPENSE,-2255796.35,2025-11-29,OPEX,Daily operating expenses,COMPANY,COMP001,COMPLETED
TXN07438467,COMP001,CUSTOMER_PAYMENT,77786235.87,2025-11-29,RECEIVABLE,Collection from CUST005 – RCV00118,RECEIVABLE,RCV00118,COMPLETED
TXN68BBD8FF,COMP001,CUSTOMER_PAYMENT,2277328.3,2025-11-29,SALES_RECEIPTS,Daily dealership & fleet sales collection,COMPANY,COMP001,COMPLETED
TXNE4B4B26C,COMP001,SUPPLIER_PAYMENT,-29870082.52,2025-11-29,PAYABLE,Payment to SUP015 – INV00395,INVOICE,INV00395,COMPLETED
TXN526C3B08,COMP001,OPERATING_EXPENSE,-933088.06,2025-11-30,OPEX,Daily operating expenses,COMPANY,COMP001,COMPLETED
TXN5FC71F6A,COMP001,CUSTOMER_PAYMENT,27872238.71,2025-11-30,RECEIVABLE,Collection from CUST021 – RCV00167,RECEIVABLE,RCV00167,COMPLETED
TXN002581BA,COMP001,CUSTOMER_PAYMENT,1982915.99,2025-11-30,SALES_RECEIPTS,Daily dealership & fleet sales collection,COMPANY,COMP001,COMPLETED
TXN1345D5A6,COMP001,CUSTOMER_PAYMENT,72814026.58,2025-11-30,RECEIVABLE,Collection from CUST021 – RCV00062,RECEIVABLE,RCV00062,COMPLETED
TXNF18371E2,COMP001,CUSTOMER_PAYMENT,54743481.66,2025-12-01,RECEIVABLE,Collection from CUST012 – RCV00356,RECEIVABLE,RCV00356,COMPLETED
TXNC450B40F,COMP001,OPERATING_EXPENSE,-5500066.74,2025-12-01,OPEX,Daily operating expenses,COMPANY,COMP001,COMPLETED
TXN62933AF4,COMP001,CUSTOMER_PAYMENT,16958545.73,2025-12-01,SALES_RECEIPTS,Daily dealership & fleet sales collection,COMPANY,COMP001,COMPLETED
TXN5C229E8E,COMP001,CUSTOMER_PAYMENT,21811363.68,2025-12-02,SALES_RECEIPTS,Daily dealership & fleet sales collection,COMPANY,COMP001,COMPLETED
TXN82EDE597,COMP001,CUSTOMER_PAYMENT,5708399.44,2025-12-02,RECEIVABLE,Collection from CUST008 – RCV00087,RECEIVABLE,RCV00087,COMPLETED
TXNC743CC80,COMP001,OPERATING_EXPENSE,-9207615.53,2025-12-02,OPEX,Daily operating expenses,COMPANY,COMP001,COMPLETED
TXN070C30FA,COMP001,SUPPLIER_PAYMENT,-16921859.41,2025-12-02,PAYABLE,Payment to SUP009 – INV00433,INVOICE,INV00433,COMPLETED
TXN5E036510,COMP001,CUSTOMER_PAYMENT,43932969.26,2025-12-03,RECEIVABLE,Collection from CUST019 – RCV00358,RECEIVABLE,RCV00358,COMPLETED
TXN66FB0F8E,COMP001,CUSTOMER_PAYMENT,11450590.75,2025-12-03,RECEIVABLE,Collection from CUST011 – RCV00105,RECEIVABLE,RCV00105,COMPLETED
TXNE653D51A,COMP001,OPERATING_EXPENSE,-6390755.09,2025-12-03,OPEX,Daily operating expenses,COMPANY,COMP001,COMPLETED
TXN0047A446,COMP001,CUSTOMER_PAYMENT,20284400.61,2025-12-03,SALES_RECEIPTS,Daily dealership & fleet sales collection,COMPANY,COMP001,COMPLETED
TXN22D384C5,COMP001,SUPPLIER_PAYMENT,-36383609.38,2025-12-03,PAYABLE,Payment to SUP011 – INV00168,INVOICE,INV00168,COMPLETED
TXN62C4BC40,COMP001,CUSTOMER_PAYMENT,76781338.38,2025-12-03,RECEIVABLE,Collection from CUST024 – RCV00048,RECEIVABLE,RCV00048,COMPLETED
TXN728336EF,COMP001,SUPPLIER_PAYMENT,-42022669.81,2025-12-03,PAYABLE,Payment to SUP010 – INV00185,INVOICE,INV00185,COMPLETED
TXNEF1FDBF0,COMP001,CUSTOMER_PAYMENT,21814893.32,2025-12-04,SALES_RECEIPTS,Daily dealership & fleet sales collection,COMPANY,COMP001,COMPLETED
TXN3C86C892,COMP001,SUPPLIER_PAYMENT,-12104819.62,2025-12-04,PAYABLE,Payment to SUP002 – INV00308,INVOICE,INV00308,COMPLETED
TXN08545817,COMP001,OPERATING_EXPENSE,-4863067.7,2025-12-04,OPEX,Daily operating expenses,COMPANY,COMP001,COMPLETED
TXNFA6DC74E,COMP001,CUSTOMER_PAYMENT,29495856.1,2025-12-05,SALES_RECEIPTS,Daily dealership & fleet sales collection,COMPANY,COMP001,COMPLETED
TXN6E58AE31,COMP001,OPERATING_EXPENSE,-5197381.38,2025-12-05,OPEX,Daily operating expenses,COMPANY,COMP001,COMPLETED
TXN0DA66516,COMP001,CUSTOMER_PAYMENT,3883457.45,2025-12-06,SALES_RECEIPTS,Daily dealership & fleet sales collection,COMPANY,COMP001,COMPLETED
TXN13465C21,COMP001,SUPPLIER_PAYMENT,-30357762.39,2025-12-06,PAYABLE,Payment to SUP004 – INV00458,INVOICE,INV00458,COMPLETED
TXN2D8EC604,COMP001,OPERATING_EXPENSE,-1077762.71,2025-12-06,OPEX,Daily operating expenses,COMPANY,COMP001,COMPLETED
TXNB165251C,COMP001,OPERATING_EXPENSE,-1652219.33,2025-12-07,OPEX,Daily operating expenses,COMPANY,COMP001,COMPLETED
TXN67899904,COMP001,SUPPLIER_PAYMENT,-19848338.16,2025-12-07,PAYABLE,Payment to SUP012 – INV00059,INVOICE,INV00059,COMPLETED
TXNE689671B,COMP001,SUPPLIER_PAYMENT,-55258226.55,2025-12-07,PAYABLE,Payment to SUP006 – INV00396,INVOICE,INV00396,COMPLETED
TXN6B8EB821,COMP001,CUSTOMER_PAYMENT,2641995.46,2025-12-07,SALES_RECEIPTS,Daily dealership & fleet sales collection,COMPANY,COMP001,COMPLETED
TXN4423EE81,COMP001,CUSTOMER_PAYMENT,23323857.07,2025-12-07,RECEIVABLE,Collection from CUST023 – RCV00170,RECEIVABLE,RCV00170,COMPLETED
TXNA86E037B,COMP001,OPERATING_EXPENSE,-6578319.53,2025-12-08,OPEX,Daily operating expenses,COMPANY,COMP001,COMPLETED
TXN5F2F1BA6,COMP001,SUPPLIER_PAYMENT,-43407158.61,2025-12-08,PAYABLE,Payment to SUP011 – INV00260,INVOICE,INV00260,COMPLETED
TXN9156D07E,COMP001,CUSTOMER_PAYMENT,9292024.67,2025-12-08,SALES_RECEIPTS,Daily dealership & fleet sales collection,COMPANY,COMP001,COMPLETED
TXN3C70A90F,COMP001,CUSTOMER_PAYMENT,23247295.95,2025-12-09,SALES_RECEIPTS,Daily dealership & fleet sales collection,COMPANY,COMP001,COMPLETED
TXN3A8C5CAD,COMP001,OPERATING_EXPENSE,-8313535.39,2025-12-09,OPEX,Daily operating expenses,COMPANY,COMP001,COMPLETED
TXN8E477782,COMP001,CUSTOMER_PAYMENT,36948767.66,2025-12-09,RECEIVABLE,Collection from CUST002 – RCV00345,RECEIVABLE,RCV00345,COMPLETED
TXN500D1E5A,COMP001,SUPPLIER_PAYMENT,-14495537.69,2025-12-09,PAYABLE,Payment to SUP007 – INV00023,INVOICE,INV00023,COMPLETED
TXN5A3DB342,COMP001,OPERATING_EXPENSE,-9755522.69,2025-12-10,OPEX,Daily operating expenses,COMPANY,COMP001,COMPLETED
TXN6A6B9CFE,COMP001,SUPPLIER_PAYMENT,-27717060.92,2025-12-10,PAYABLE,Payment to SUP005 – INV00277,INVOICE,INV00277,COMPLETED
TXN016C788E,COMP001,CUSTOMER_PAYMENT,19921771.66,2025-12-10,SALES_RECEIPTS,Daily dealership & fleet sales collection,COMPANY,COMP001,COMPLETED
TXN9BAD7DE2,COMP001,CUSTOMER_PAYMENT,47083477.8,2025-12-10,RECEIVABLE,Collection from CUST010 – RCV00013,RECEIVABLE,RCV00013,COMPLETED
TXN5F2091E8,COMP001,SUPPLIER_PAYMENT,-45391163.71,2025-12-10,PAYABLE,Payment to SUP001 – INV00037,INVOICE,INV00037,COMPLETED
TXNA233B8F5,COMP001,CUSTOMER_PAYMENT,14845108.89,2025-12-11,RECEIVABLE,Collection from CUST003 – RCV00012,RECEIVABLE,RCV00012,COMPLETED
TXN8673554F,COMP001,CUSTOMER_PAYMENT,16656234.7,2025-12-11,SALES_RECEIPTS,Daily dealership & fleet sales collection,COMPANY,COMP001,COMPLETED
TXN397EB729,COMP001,CUSTOMER_PAYMENT,38765585.3,2025-12-11,RECEIVABLE,Collection from CUST016 – RCV00281,RECEIVABLE,RCV00281,COMPLETED
TXN1AF6F1F8,COMP001,OPERATING_EXPENSE,-3099395.87,2025-12-11,OPEX,Daily operating expenses,COMPANY,COMP001,COMPLETED
TXN6EDD76E1,COMP001,CUSTOMER_PAYMENT,75237412.83,2025-12-11,RECEIVABLE,Collection from CUST014 – RCV00238,RECEIVABLE,RCV00238,COMPLETED
TXN2EE1EBBF,COMP001,SUPPLIER_PAYMENT,-52793606.64,2025-12-11,PAYABLE,Payment to SUP006 – INV00465,INVOICE,INV00465,COMPLETED
TXN56BCCA27,COMP001,CUSTOMER_PAYMENT,17562848.22,2025-12-12,SALES_RECEIPTS,Daily dealership & fleet sales collection,COMPANY,COMP001,COMPLETED
TXN4C6665F2,COMP001,SUPPLIER_PAYMENT,-3412503.98,2025-12-12,PAYABLE,Payment to SUP003 – INV00104,INVOICE,INV00104,COMPLETED
TXND2B617F2,COMP001,OPERATING_EXPENSE,-8089561.93,2025-12-12,OPEX,Daily operating expenses,COMPANY,COMP001,COMPLETED
TXN8FEC6E16,COMP001,OPERATING_EXPENSE,-1606260.78,2025-12-13,OPEX,Daily operating expenses,COMPANY,COMP001,COMPLETED
TXN19AAB6CA,COMP001,SUPPLIER_PAYMENT,-7851856.43,2025-12-13,PAYABLE,Payment to SUP006 – INV00040,INVOICE,INV00040,COMPLETED
TXN90435F45,COMP001,CUSTOMER_PAYMENT,56958808.64,2025-12-13,RECEIVABLE,Collection from CUST001 – RCV00237,RECEIVABLE,RCV00237,COMPLETED
TXNAE43A383,COMP001,CUSTOMER_PAYMENT,1601126.1,2025-12-13,SALES_RECEIPTS,Daily dealership & fleet sales collection,COMPANY,COMP001,COMPLETED
TXN7960B610,COMP001,CUSTOMER_PAYMENT,35435064.88,2025-12-13,RECEIVABLE,Collection from CUST004 – RCV00309,RECEIVABLE,RCV00309,COMPLETED
TXN39B4E91B,COMP001,SUPPLIER_PAYMENT,-6424534.92,2025-12-13,PAYABLE,Payment to SUP012 – INV00328,INVOICE,INV00328,COMPLETED
TXN44286200,COMP001,CUSTOMER_PAYMENT,1007845.94,2025-12-14,SALES_RECEIPTS,Daily dealership & fleet sales collection,COMPANY,COMP001,COMPLETED
TXN61757112,COMP001,OPERATING_EXPENSE,-1589399.86,2025-12-14,OPEX,Daily operating expenses,COMPANY,COMP001,COMPLETED
TXN262CCE50,COMP001,SUPPLIER_PAYMENT,-34701476.05,2025-12-15,PAYABLE,Payment to SUP003 – INV00086,INVOICE,INV00086,COMPLETED
TXN2E115086,COMP001,CUSTOMER_PAYMENT,14473892.15,2025-12-15,SALES_RECEIPTS,Daily dealership & fleet sales collection,COMPANY,COMP001,COMPLETED
TXNAEC1A598,COMP001,OPERATING_EXPENSE,-4990565.28,2025-12-15,OPEX,Daily operating expenses,COMPANY,COMP001,COMPLETED
TXN42E1E3CA,COMP001,OPERATING_EXPENSE,-5995044.89,2025-12-16,OPEX,Daily operating expenses,COMPANY,COMP001,COMPLETED
TXNC2ED7EEB,COMP001,SUPPLIER_PAYMENT,-56763705.74,2025-12-16,PAYABLE,Payment to SUP012 – INV00055,INVOICE,INV00055,COMPLETED
TXN18534A83,COMP001,CUSTOMER_PAYMENT,16997982.43,2025-12-16,SALES_RECEIPTS,Daily dealership & fleet sales collection,COMPANY,COMP001,COMPLETED
TXN55D0C9F5,COMP001,CUSTOMER_PAYMENT,70555775.67,2025-12-17,RECEIVABLE,Collection from CUST017 – RCV00038,RECEIVABLE,RCV00038,COMPLETED
TXNA24729C7,COMP001,SUPPLIER_PAYMENT,-7783190.74,2025-12-17,PAYABLE,Payment to SUP014 – INV00108,INVOICE,INV00108,COMPLETED
TXNF7F4EB67,COMP001,SUPPLIER_PAYMENT,-5978315.31,2025-12-17,PAYABLE,Payment to SUP006 – INV00126,INVOICE,INV00126,COMPLETED
TXN7013F874,COMP001,OPERATING_EXPENSE,-3607339.33,2025-12-17,OPEX,Daily operating expenses,COMPANY,COMP001,COMPLETED
TXN1E33B0C6,COMP001,SUPPLIER_PAYMENT,-12897482.72,2025-12-17,PAYABLE,Payment to SUP013 – INV00006,INVOICE,INV00006,COMPLETED
TXN08AD04BF,COMP001,CUSTOMER_PAYMENT,14500526.8,2025-12-17,SALES_RECEIPTS,Daily dealership & fleet sales collection,COMPANY,COMP001,COMPLETED
TXNA83906D9,COMP001,SUPPLIER_PAYMENT,-49401958.53,2025-12-18,PAYABLE,Payment to SUP012 – INV00229,INVOICE,INV00229,COMPLETED
TXN87908E50,COMP001,SUPPLIER_PAYMENT,-15819348.77,2025-12-18,PAYABLE,Payment to SUP008 – INV00448,INVOICE,INV00448,COMPLETED
TXN5539BF62,COMP001,CUSTOMER_PAYMENT,10029119.89,2025-12-18,SALES_RECEIPTS,Daily dealership & fleet sales collection,COMPANY,COMP001,COMPLETED
TXN7807A6E4,COMP001,CUSTOMER_PAYMENT,48280589.73,2025-12-18,RECEIVABLE,Collection from CUST019 – RCV00314,RECEIVABLE,RCV00314,COMPLETED
TXN3E2A726F,COMP001,OPERATING_EXPENSE,-8792308.81,2025-12-18,OPEX,Daily operating expenses,COMPANY,COMP001,COMPLETED
TXN2FA0C78A,COMP001,CUSTOMER_PAYMENT,57823785.43,2025-12-18,RECEIVABLE,Collection from CUST017 – RCV00185,RECEIVABLE,RCV00185,COMPLETED
TXNFD5B742C,COMP001,OPERATING_EXPENSE,-6219820.89,2025-12-19,OPEX,Daily operating expenses,COMPANY,COMP001,COMPLETED
TXNC60B3BE2,COMP001,CUSTOMER_PAYMENT,61570641.27,2025-12-19,RECEIVABLE,Collection from CUST002 – RCV00110,RECEIVABLE,RCV00110,COMPLETED
TXN8F7CEF3B,COMP001,CUSTOMER_PAYMENT,39857821.25,2025-12-19,RECEIVABLE,Collection from CUST003 – RCV00213,RECEIVABLE,RCV00213,COMPLETED
TXND53A6A2E,COMP001,CUSTOMER_PAYMENT,22228379.1,2025-12-19,SALES_RECEIPTS,Daily dealership & fleet sales collection,COMPANY,COMP001,COMPLETED
TXN32CD5905,COMP001,SUPPLIER_PAYMENT,-29831214.31,2025-12-19,PAYABLE,Payment to SUP002 – INV00085,INVOICE,INV00085,COMPLETED
TXN3A4C3EA2,COMP001,SUPPLIER_PAYMENT,-32101382.1,2025-12-19,PAYABLE,Payment to SUP011 – INV00326,INVOICE,INV00326,COMPLETED
TXNF8213AB7,COMP001,OPERATING_EXPENSE,-835546.88,2025-12-20,OPEX,Daily operating expenses,COMPANY,COMP001,COMPLETED
TXN80243237,COMP001,CUSTOMER_PAYMENT,3513112.89,2025-12-20,SALES_RECEIPTS,Daily dealership & fleet sales collection,COMPANY,COMP001,COMPLETED
TXN19E24D70,COMP001,CUSTOMER_PAYMENT,1218105.32,2025-12-21,SALES_RECEIPTS,Daily dealership & fleet sales collection,COMPANY,COMP001,COMPLETED
TXN458E6000,COMP001,OPERATING_EXPENSE,-624323.81,2025-12-21,OPEX,Daily operating expenses,COMPANY,COMP001,COMPLETED
TXN10EDF84F,COMP001,CUSTOMER_PAYMENT,37278636.88,2025-12-21,RECEIVABLE,Collection from CUST003 – RCV00099,RECEIVABLE,RCV00099,COMPLETED
TXN531A8662,COMP001,CUSTOMER_PAYMENT,42380848.78,2025-12-21,RECEIVABLE,Collection from CUST022 – RCV00092,RECEIVABLE,RCV00092,COMPLETED
TXN4DAE2305,COMP001,CUSTOMER_PAYMENT,78587565.59,2025-12-21,RECEIVABLE,Collection from CUST009 – RCV00119,RECEIVABLE,RCV00119,COMPLETED
TXN5BEDB46E,COMP001,SUPPLIER_PAYMENT,-6966562.25,2025-12-22,PAYABLE,Payment to SUP002 – INV00124,INVOICE,INV00124,COMPLETED
TXND33EDE71,COMP001,OPERATING_EXPENSE,-6931817.16,2025-12-22,OPEX,Daily operating expenses,COMPANY,COMP001,COMPLETED
TXN28284050,COMP001,CUSTOMER_PAYMENT,16351205.87,2025-12-22,SALES_RECEIPTS,Daily dealership & fleet sales collection,COMPANY,COMP001,COMPLETED
TXN0810C918,COMP001,CUSTOMER_PAYMENT,42851704.64,2025-12-23,RECEIVABLE,Collection from CUST016 – RCV00325,RECEIVABLE,RCV00325,COMPLETED
TXN386FEACF,COMP001,OPERATING_EXPENSE,-8167693.44,2025-12-23,OPEX,Daily operating expenses,COMPANY,COMP001,COMPLETED
TXNB2E18440,COMP001,CUSTOMER_PAYMENT,44015633.64,2025-12-23,RECEIVABLE,Collection from CUST025 – RCV00148,RECEIVABLE,RCV00148,COMPLETED
TXNA9C2E3A5,COMP001,CUSTOMER_PAYMENT,19137227.21,2025-12-23,SALES_RECEIPTS,Daily dealership & fleet sales collection,COMPANY,COMP001,COMPLETED
TXNBEF3ADC7,COMP001,SUPPLIER_PAYMENT,-53005991.6,2025-12-23,PAYABLE,Payment to SUP013 – INV00134,INVOICE,INV00134,COMPLETED
TXN4784E071,COMP001,OPERATING_EXPENSE,-3288232.01,2025-12-24,OPEX,Daily operating expenses,COMPANY,COMP001,COMPLETED
TXN133870DD,COMP001,SUPPLIER_PAYMENT,-54270624.05,2025-12-24,PAYABLE,Payment to SUP008 – INV00156,INVOICE,INV00156,COMPLETED
TXN79DD942D,COMP001,CUSTOMER_PAYMENT,20204443.27,2025-12-24,SALES_RECEIPTS,Daily dealership & fleet sales collection,COMPANY,COMP001,COMPLETED
TXNE73169E8,COMP001,OPERATING_EXPENSE,-5058499.1,2025-12-25,OPEX,Daily operating expenses,COMPANY,COMP001,COMPLETED
TXNB23E18F5,COMP001,CUSTOMER_PAYMENT,13865970.01,2025-12-25,SALES_RECEIPTS,Daily dealership & fleet sales collection,COMPANY,COMP001,COMPLETED
TXN2DD45FF4,COMP001,OPERATING_EXPENSE,-8702087.5,2025-12-26,OPEX,Daily operating expenses,COMPANY,COMP001,COMPLETED
TXNE2780696,COMP001,CUSTOMER_PAYMENT,20193093.68,2025-12-26,SALES_RECEIPTS,Daily dealership & fleet sales collection,COMPANY,COMP001,COMPLETED
TXN2CCD1AF5,COMP001,INTEREST_PAYMENT,-10567277.66,2025-12-27,FINANCING,Quarterly interest payment,FINANCING_OPTION,FIN001,COMPLETED
TXN1B8F8341,COMP001,OPERATING_EXPENSE,-1623269.63,2025-12-27,OPEX,Daily operating expenses,COMPANY,COMP001,COMPLETED
TXNFA9C838B,COMP001,SUPPLIER_PAYMENT,-37004053.16,2025-12-27,PAYABLE,Payment to SUP010 – INV00135,INVOICE,INV00135,COMPLETED
TXNF499F726,COMP001,CUSTOMER_PAYMENT,29151993.47,2025-12-27,RECEIVABLE,Collection from CUST014 – RCV00031,RECEIVABLE,RCV00031,COMPLETED
TXN7A543416,COMP001,CUSTOMER_PAYMENT,3424860.53,2025-12-27,SALES_RECEIPTS,Daily dealership & fleet sales collection,COMPANY,COMP001,COMPLETED
TXND3DB2C02,COMP001,CUSTOMER_PAYMENT,39689517.8,2025-12-28,RECEIVABLE,Collection from CUST003 – RCV00088,RECEIVABLE,RCV00088,COMPLETED
TXN5B890F23,COMP001,OPERATING_EXPENSE,-2446204.14,2025-12-28,OPEX,Daily operating expenses,COMPANY,COMP001,COMPLETED
TXN465573B7,COMP001,CUSTOMER_PAYMENT,3760441.66,2025-12-28,SALES_RECEIPTS,Daily dealership & fleet sales collection,COMPANY,COMP001,COMPLETED
TXN86A0547D,COMP001,CUSTOMER_PAYMENT,21843906.88,2025-12-29,SALES_RECEIPTS,Daily dealership & fleet sales collection,COMPANY,COMP001,COMPLETED
TXN0F4E365D,COMP001,CUSTOMER_PAYMENT,75004637.69,2025-12-29,RECEIVABLE,Collection from CUST025 – RCV00060,RECEIVABLE,RCV00060,COMPLETED
TXN06B40B99,COMP001,OPERATING_EXPENSE,-8218017.87,2025-12-29,OPEX,Daily operating expenses,COMPANY,COMP001,COMPLETED
TXN2CB19017,COMP001,CUSTOMER_PAYMENT,18299882.81,2025-12-30,SALES_RECEIPTS,Daily dealership & fleet sales collection,COMPANY,COMP001,COMPLETED
TXNCF7E8447,COMP001,OPERATING_EXPENSE,-5523727.8,2025-12-30,OPEX,Daily operating expenses,COMPANY,COMP001,COMPLETED
TXNF9EC6FB6,COMP001,SUPPLIER_PAYMENT,-13399327.05,2025-12-30,PAYABLE,Payment to SUP002 – INV00215,INVOICE,INV00215,COMPLETED
TXN0915E5A6,COMP001,CUSTOMER_PAYMENT,11028230.5,2025-12-31,SALES_RECEIPTS,Daily dealership & fleet sales collection,COMPANY,COMP001,COMPLETED
TXNCFB29840,COMP001,OPERATING_EXPENSE,-9907687.18,2025-12-31,OPEX,Daily operating expenses,COMPANY,COMP001,COMPLETED
TXN5A0927B5,COMP001,CUSTOMER_PAYMENT,8978713.65,2025-12-31,RECEIVABLE,Collection from CUST023 – RCV00125,RECEIVABLE,RCV00125,COMPLETED
TXNEDEA40FA,COMP001,SUPPLIER_PAYMENT,-47910878.63,2025-12-31,PAYABLE,Payment to SUP006 – INV00151,INVOICE,INV00151,COMPLETED
TXNF6F17F41,COMP001,SUPPLIER_PAYMENT,-10802978.53,2025-12-31,PAYABLE,Payment to SUP011 – INV00442,INVOICE,INV00442,COMPLETED
TXNB19F551B,COMP001,CUSTOMER_PAYMENT,67147525.96,2026-01-03,RECEIVABLE,Collection from CUST004 – RCV00312,RECEIVABLE,RCV00312,COMPLETED
TXNFB1DDF0D,COMP001,SUPPLIER_PAYMENT,-14502261.58,2026-01-06,PAYABLE,Payment to SUP015 – INV00338,INVOICE,INV00338,COMPLETED
TXN7D206827,COMP001,CUSTOMER_PAYMENT,65206449.94,2026-01-07,RECEIVABLE,Collection from CUST017 – RCV00135,RECEIVABLE,RCV00135,COMPLETED
